{
    "SiteRep": {
        "Wx": {
            "Param": [
                {
                    "name": "G",
                    "units": "mph",
                    "$": "Wind Gust"
                },
                {
                    "name": "T",
                    "units": "C",
                    "$": "Temperature"
                },
                {
                    "name": "V",
                    "units": "m",
                    "$": "Visibility"
                },
                {
                    "name": "D",
                    "units": "compass",
                    "$": "Wind Direction"
                },
                {
                    "name": "S",
                    "units": "mph",
                    "$": "Wind Speed"
                },
                {
                    "name": "W",
                    "units": "",
                    "$": "Weather Type"
                },
                {
                    "name": "P",
                    "units": "hpa",
                    "$": "Pressure"
                },
                {
                    "name": "Pt",
                    "units": "Pa/s",
                    "$": "Pressure Tendency"
                },
                {
                    "name": "Dp",
                    "units": "C",
                    "$": "Dew Point"
                },
                {
                    "name": "H",
                    "units": "%",
                    "$": "Screen Relative Humidity"
                }
            ]
        },
        "DV": {
            "dataDate": "2025-09-18T16:00:00Z",
            "type": "Obs",
            "Location": {
                "i": "3772",
                "lat": "51.479",
                "lon": "-0.449",
                "name": "HEATHROW",
                "country": "ENGLAND",
                "continent": "EUROPE",
                "elevation": "25.0",
                "Period": [
                    {
                        "type": "Day",
                        "value": "2025-09-17Z",
                        "Rep": [
                            {
                                "D": "SW",
                                "G": "29",
                                "H": "82.1",
                                "P": "1015",
                                "S": "18",
                                "T": "18.6",
                                "V": "45000",
                                "W": "8",
                                "Pt": "R",
                                "Dp": "15.5",
                                "$": "960"
                            },
                            {
                                "D": "SW",
                                "G": "29",
                                "H": "83.1",
                                "P": "1015",
                                "S": "17",
                                "T": "18.5",
                                "V": "45000",
                                "W": "8",
                                "Pt": "R",
                                "Dp": "15.6",
                                "$": "1020"
                            },
                            {
                                "D": "SW",
                                "G": "31",
                                "H": "84.7",
                                "P": "1015",
                                "S": "18",
                                "T": "18.3",
                                "V": "45000",
                                "W": "8",
                                "Pt": "R",
                                "Dp": "15.7",
                                "$": "1080"
                            },
                            {
                                "D": "SW",
                                "G": "26",
                                "H": "84.7",
                                "P": "1016",
                                "S": "15",
                                "T": "18.2",
                                "V": "55000",
                                "W": "8",
                                "Pt": "R",
                                "Dp": "15.6",
                                "$": "1140"
                            },
                            {
                                "D": "SW",
                                "G": "24",
                                "H": "85.8",
                                "P": "1016",
                                "S": "17",
                                "T": "18.1",
                                "V": "55000",
                                "W": "8",
                                "Pt": "R",
                                "Dp": "15.7",
                                "$": "1200"
                            },
                            {
                                "D": "SSW",
                                "G": "25",
                                "H": "85.3",
                                "P": "1016",
                                "S": "17",
                                "T": "18.3",
                                "V": "75000",
                                "W": "8",
                                "Pt": "R",
                                "Dp": "15.8",
                                "$": "1260"
                            },
                            {
                                "D": "SW",
                                "G": "23",
                                "H": "86.3",
                                "P": "1016",
                                "S": "15",
                                "T": "18.1",
                                "V": "75000",
                                "W": "8",
                                "Pt": "R",
                                "Dp": "15.8",
                                "$": "1320"
                            },
                            {
                                "D": "SW",
                                "G": "24",
                                "H": "85.8",
                                "P": "1017",
                                "S": "16",
                                "T": "18.2",
                                "V": "75000",
                                "W": "8",
                                "Pt": "R",
                                "Dp": "15.8",
                                "$": "1380"
                            }
                        ]
                    },
                    {
                        "type": "Day",
                        "value": "2025-09-18Z",
                        "Rep": [
                            {
                                "D": "SW",
                                "G": "23",
                                "H": "85.8",
                                "P": "1016",
                                "S": "13",
                                "T": "18.2",
                                "V": "75000",
                                "W": "8",
                                "Pt": "R",
                                "Dp": "15.8",
                                "$": "0"
                            },
                            {
                                "D": "SW",
                                "G": "21",
                                "H": "87.4",
                                "P": "1017",
                                "S": "14",
                                "T": "18.1",
                                "V": "50000",
                                "W": "8",
                                "Pt": "R",
                                "Dp": "16.0",
                                "$": "60"
                            },
                            {
                                "D": "SW",
                                "G": "19",
                                "H": "86.9",
                                "P": "1016",
                                "S": "13",
                                "T": "18.1",
                                "V": "75000",
                                "W": "8",
                                "Pt": "S",
                                "Dp": "15.9",
                                "$": "120"
                            },
                            {
                                "D": "SW",
                                "G": "16",
                                "H": "86.9",
                                "P": "1017",
                                "S": "10",
                                "T": "18.2",
                                "V": "75000",
                                "W": "8",
                                "Pt": "R",
                                "Dp": "16.0",
                                "$": "180"
                            },
                            {
                                "D": "SW",
                                "G": "19",
                                "H": "87.4",
                                "P": "1016",
                                "S": "11",
                                "T": "18.1",
                                "V": "75000",
                                "W": "8",
                                "Pt": "F",
                                "Dp": "16.0",
                                "$": "240"
                            },
                            {
                                "D": "SW",
                                "G": "19",
                                "H": "87.4",
                                "P": "1017",
                                "S": "10",
                                "T": "18.1",
                                "V": "75000",
                                "W": "8",
                                "Pt": "F",
                                "Dp": "16.0",
                                "$": "300"
                            },
                            {
                                "D": "SSW",
                                "G": "16",
                                "H": "87.5",
                                "P": "1017",
                                "S": "8",
                                "T": "18.3",
                                "V": "75000",
                                "W": "8",
                                "Pt": "R",
                                "Dp": "16.2",
                                "$": "360"
                            },
                            {
                                "D": "SSW",
                                "G": "18",
                                "H": "86.4",
                                "P": "1017",
                                "S": "11",
                                "T": "18.6",
                                "V": "75000",
                                "W": "8",
                                "Pt": "R",
                                "Dp": "16.3",
                                "$": "420"
                            },
                            {
                                "D": "SSW",
                                "G": "19",
                                "H": "83.7",
                                "P": "1018",
                                "S": "13",
                                "T": "19.2",
                                "V": "60000",
                                "W": "8",
                                "Pt": "R",
                                "Dp": "16.4",
                                "$": "480"
                            },
                            {
                                "D": "SW",
                                "G": "23",
                                "H": "81.6",
                                "P": "1018",
                                "S": "15",
                                "T": "19.6",
                                "V": "60000",
                                "W": "8",
                                "Pt": "R",
                                "Dp": "16.4",
                                "$": "540"
                            },
                            {
                                "D": "SW",
                                "G": "25",
                                "H": "79.6",
                                "P": "1019",
                                "S": "17",
                                "T": "19.8",
                                "V": "60000",
                                "W": "8",
                                "Pt": "R",
                                "Dp": "16.2",
                                "$": "600"
                            },
                            {
                                "D": "SSW",
                                "G": "26",
                                "H": "75.7",
                                "P": "1019",
                                "S": "15",
                                "T": "20.4",
                                "V": "50000",
                                "W": "8",
                                "Pt": "R",
                                "Dp": "16.0",
                                "$": "660"
                            },
                            {
                                "D": "SW",
                                "G": "24",
                                "H": "79.2",
                                "P": "1019",
                                "S": "14",
                                "T": "20.1",
                                "V": "50000",
                                "W": "8",
                                "Pt": "R",
                                "Dp": "16.4",
                                "$": "720"
                            },
                            {
                                "D": "SW",
                                "G": "22",
                                "H": "77.7",
                                "P": "1019",
                                "S": "15",
                                "T": "20.8",
                                "V": "45000",
                                "W": "8",
                                "Pt": "R",
                                "Dp": "16.8",
                                "$": "780"
                            },
                            {
                                "D": "SW",
                                "G": "26",
                                "H": "72.1",
                                "P": "1019",
                                "S": "17",
                                "T": "21.8",
                                "V": "50000",
                                "W": "8",
                                "Pt": "R",
                                "Dp": "16.6",
                                "$": "840"
                            },
                            {
                                "D": "SW",
                                "G": "29",
                                "H": "69.3",
                                "P": "1019",
                                "S": "19",
                                "T": "21.1",
                                "V": "75000",
                                "W": "8",
                                "Pt": "R",
                                "Dp": "15.3",
                                "$": "960"
                            }
                        ]
                    }
                ]
            }
        }
    }
}