{
    "SiteRep": {
        "Wx": {
            "Param": [
                {
                    "name": "G",
                    "units": "mph",
                    "$": "Wind Gust"
                },
                {
                    "name": "T",
                    "units": "C",
                    "$": "Temperature"
                },
                {
                    "name": "V",
                    "units": "m",
                    "$": "Visibility"
                },
                {
                    "name": "D",
                    "units": "compass",
                    "$": "Wind Direction"
                },
                {
                    "name": "S",
                    "units": "mph",
                    "$": "Wind Speed"
                },
                {
                    "name": "W",
                    "units": "",
                    "$": "Weather Type"
                },
                {
                    "name": "P",
                    "units": "hpa",
                    "$": "Pressure"
                },
                {
                    "name": "Pt",
                    "units": "Pa/s",
                    "$": "Pressure Tendency"
                },
                {
                    "name": "Dp",
                    "units": "C",
                    "$": "Dew Point"
                },
                {
                    "name": "H",
                    "units": "%",
                    "$": "Screen Relative Humidity"
                }
            ]
        },
        "DV": {
            "dataDate": "2023-11-02T16:00:00Z",
            "type": "Obs",
            "Location": {
                "i": "3772",
                "lat": "51.479",
                "lon": "-0.449",
                "name": "HEATHROW",
                "country": "ENGLAND",
                "continent": "EUROPE",
                "elevation": "25.0",
                "Period": [
                    {
                        "type": "Day",
                        "value": "2023-11-01Z",
                        "Rep": [
                            {
                                "D": "SSW",
                                "G": "24",
                                "H": "67.1",
                                "P": "989",
                                "S": "13",
                                "T": "13.1",
                                "V": "22000",
                                "W": "1",
                                "Pt": "R",
                                "Dp": "7.1",
                                "$": "960"
                            },
                            {
                                "D": "S",
                                "G": "22",
                                "H": "71.6",
                                "P": "989",
                                "S": "10",
                                "T": "11.7",
                                "V": "22000",
                                "W": "2",
                                "Pt": "F",
                                "Dp": "6.7",
                                "$": "1020"
                            },
                            {
                                "D": "S",
                                "G": "33",
                                "H": "78.5",
                                "P": "990",
                                "S": "9",
                                "T": "10.2",
                                "V": "25000",
                                "W": "2",
                                "Pt": "F",
                                "Dp": "6.6",
                                "$": "1080"
                            },
                            {
                                "D": "SE",
                                "G": "15",
                                "H": "83.3",
                                "P": "988",
                                "S": "8",
                                "T": "9.3",
                                "V": "27000",
                                "W": "8",
                                "Pt": "F",
                                "Dp": "6.6",
                                "$": "1140"
                            },
                            {
                                "D": "SE",
                                "G": "16",
                                "H": "85.0",
                                "P": "986",
                                "S": "9",
                                "T": "9.7",
                                "V": "23000",
                                "W": "8",
                                "Pt": "F",
                                "Dp": "7.3",
                                "$": "1200"
                            },
                            {
                                "D": "SE",
                                "G": "23",
                                "H": "86.4",
                                "P": "984",
                                "S": "14",
                                "T": "10.3",
                                "V": "23000",
                                "W": "12",
                                "Pt": "F",
                                "Dp": "8.1",
                                "$": "1260"
                            },
                            {
                                "D": "SSE",
                                "G": "24",
                                "H": "90.5",
                                "P": "981",
                                "S": "14",
                                "T": "10.2",
                                "V": "8000",
                                "W": "12",
                                "Pt": "F",
                                "Dp": "8.7",
                                "$": "1320"
                            },
                            {
                                "D": "SE",
                                "G": "28",
                                "H": "91.7",
                                "P": "978",
                                "S": "17",
                                "T": "9.8",
                                "V": "6000",
                                "W": "12",
                                "Pt": "F",
                                "Dp": "8.5",
                                "$": "1380"
                            }
                        ]
                    },
                    {
                        "type": "Day",
                        "value": "2023-11-02Z",
                        "Rep": [
                            {
                                "D": "ESE",
                                "G": "33",
                                "H": "95.5",
                                "P": "973",
                                "S": "22",
                                "T": "9.9",
                                "V": "4300",
                                "W": "12",
                                "Pt": "F",
                                "Dp": "9.2",
                                "$": "0"
                            },
                            {
                                "D": "SE",
                                "G": "33",
                                "H": "93.6",
                                "P": "970",
                                "S": "21",
                                "T": "11.2",
                                "V": "3300",
                                "W": "12",
                                "Pt": "F",
                                "Dp": "10.2",
                                "$": "60"
                            },
                            {
                                "D": "SSE",
                                "G": "33",
                                "H": "89.5",
                                "P": "968",
                                "S": "19",
                                "T": "12.0",
                                "V": "15000",
                                "W": "12",
                                "Pt": "F",
                                "Dp": "10.3",
                                "$": "120"
                            },
                            {
                                "D": "SSE",
                                "G": "37",
                                "H": "86.0",
                                "P": "966",
                                "S": "19",
                                "T": "11.1",
                                "V": "3100",
                                "W": "12",
                                "Pt": "F",
                                "Dp": "8.8",
                                "$": "180"
                            },
                            {
                                "D": "E",
                                "G": "39",
                                "H": "93.6",
                                "P": "963",
                                "S": "8",
                                "T": "9.1",
                                "V": "15000",
                                "W": "12",
                                "Pt": "F",
                                "Dp": "8.1",
                                "$": "240"
                            },
                            {
                                "D": "E",
                                "G": "23",
                                "H": "94.8",
                                "P": "960",
                                "S": "13",
                                "T": "9.9",
                                "V": "900",
                                "W": "15",
                                "Pt": "F",
                                "Dp": "9.1",
                                "$": "300"
                            },
                            {
                                "D": "E",
                                "G": "19",
                                "H": "95.5",
                                "P": "958",
                                "S": "9",
                                "T": "10.3",
                                "V": "2700",
                                "W": "12",
                                "Pt": "F",
                                "Dp": "9.6",
                                "$": "360"
                            },
                            {
                                "D": "NE",
                                "G": "15",
                                "H": "96.8",
                                "P": "956",
                                "S": "7",
                                "T": "10.3",
                                "V": "1400",
                                "W": "15",
                                "Pt": "F",
                                "Dp": "9.8",
                                "$": "420"
                            },
                            {
                                "D": "N",
                                "G": "14",
                                "H": "97.4",
                                "P": "955",
                                "S": "6",
                                "T": "10.2",
                                "V": "18000",
                                "W": "8",
                                "Pt": "F",
                                "Dp": "9.8",
                                "$": "480"
                            },
                            {
                                "D": "NW",
                                "G": "15",
                                "H": "96.7",
                                "P": "957",
                                "S": "9",
                                "T": "10.6",
                                "V": "24000",
                                "W": "8",
                                "Pt": "F",
                                "Dp": "10.1",
                                "$": "540"
                            },
                            {
                                "D": "W",
                                "G": "22",
                                "S": "13",
                                "$": "600"
                            },
                            {
                                "D": "W",
                                "G": "26",
                                "H": "92.4",
                                "P": "961",
                                "S": "17",
                                "T": "10.5",
                                "V": "3700",
                                "W": "11",
                                "Pt": "R",
                                "Dp": "9.3",
                                "$": "660"
                            },
                            {
                                "D": "W",
                                "G": "30",
                                "H": "91.1",
                                "P": "963",
                                "S": "19",
                                "T": "10.4",
                                "V": "45000",
                                "W": "8",
                                "Pt": "R",
                                "Dp": "9.0",
                                "$": "720"
                            },
                            {
                                "D": "WSW",
                                "G": "29",
                                "H": "87.2",
                                "P": "964",
                                "S": "18",
                                "T": "11.3",
                                "V": "65000",
                                "W": "8",
                                "Pt": "R",
                                "Dp": "9.2",
                                "$": "780"
                            },
                            {
                                "D": "W",
                                "G": "34",
                                "H": "93.6",
                                "P": "965",
                                "S": "18",
                                "T": "9.8",
                                "V": "19000",
                                "W": "12",
                                "Pt": "R",
                                "Dp": "8.8",
                                "$": "840"
                            },
                            {
                                "D": "W",
                                "G": "33",
                                "H": "92.9",
                                "P": "967",
                                "S": "22",
                                "T": "9.6",
                                "V": "3900",
                                "W": "12",
                                "Pt": "R",
                                "Dp": "8.5",
                                "$": "900"
                            },
                            {
                                "D": "W",
                                "G": "34",
                                "H": "85.8",
                                "P": "969",
                                "S": "22",
                                "T": "9.6",
                                "V": "55000",
                                "W": "8",
                                "Pt": "R",
                                "Dp": "7.3",
                                "$": "960"
                            }
                        ]
                    }
                ]
            }
        }
    }
}