{
    "SiteRep": {
        "Wx": {
            "Param": [
                {
                    "name": "G",
                    "units": "mph",
                    "$": "Wind Gust"
                },
                {
                    "name": "T",
                    "units": "C",
                    "$": "Temperature"
                },
                {
                    "name": "V",
                    "units": "m",
                    "$": "Visibility"
                },
                {
                    "name": "D",
                    "units": "compass",
                    "$": "Wind Direction"
                },
                {
                    "name": "S",
                    "units": "mph",
                    "$": "Wind Speed"
                },
                {
                    "name": "W",
                    "units": "",
                    "$": "Weather Type"
                },
                {
                    "name": "P",
                    "units": "hpa",
                    "$": "Pressure"
                },
                {
                    "name": "Pt",
                    "units": "Pa/s",
                    "$": "Pressure Tendency"
                },
                {
                    "name": "Dp",
                    "units": "C",
                    "$": "Dew Point"
                },
                {
                    "name": "H",
                    "units": "%",
                    "$": "Screen Relative Humidity"
                }
            ]
        },
        "DV": {
            "dataDate": "2023-10-04T16:00:00Z",
            "type": "Obs",
            "Location": {
                "i": "3772",
                "lat": "51.479",
                "lon": "-0.449",
                "name": "HEATHROW",
                "country": "ENGLAND",
                "continent": "EUROPE",
                "elevation": "25.0",
                "Period": [
                    {
                        "type": "Day",
                        "value": "2023-10-03Z",
                        "Rep": [
                            {
                                "D": "W",
                                "G": "28",
                                "H": "53.3",
                                "P": "1022",
                                "S": "17",
                                "T": "17.8",
                                "V": "55000",
                                "W": "3",
                                "Pt": "R",
                                "Dp": "8.3",
                                "$": "960"
                            },
                            {
                                "D": "WSW",
                                "G": "25",
                                "H": "58.3",
                                "P": "1023",
                                "S": "15",
                                "T": "16.5",
                                "V": "40000",
                                "W": "1",
                                "Pt": "R",
                                "Dp": "8.4",
                                "$": "1020"
                            },
                            {
                                "D": "WSW",
                                "G": "23",
                                "H": "64.9",
                                "P": "1024",
                                "S": "14",
                                "T": "15.5",
                                "V": "30000",
                                "W": "2",
                                "Pt": "R",
                                "Dp": "9.0",
                                "$": "1080"
                            },
                            {
                                "D": "WSW",
                                "G": "19",
                                "H": "71.7",
                                "P": "1024",
                                "S": "11",
                                "T": "14.7",
                                "V": "30000",
                                "W": "0",
                                "Pt": "R",
                                "Dp": "9.7",
                                "$": "1140"
                            },
                            {
                                "D": "WSW",
                                "G": "21",
                                "H": "78.1",
                                "P": "1025",
                                "S": "11",
                                "T": "13.9",
                                "V": "27000",
                                "W": "0",
                                "Pt": "R",
                                "Dp": "10.2",
                                "$": "1200"
                            },
                            {
                                "D": "W",
                                "G": "18",
                                "H": "81.8",
                                "P": "1026",
                                "S": "10",
                                "T": "13.5",
                                "V": "27000",
                                "W": "8",
                                "Pt": "R",
                                "Dp": "10.5",
                                "$": "1260"
                            },
                            {
                                "D": "WSW",
                                "G": "19",
                                "H": "81.9",
                                "P": "1026",
                                "S": "14",
                                "T": "13.7",
                                "V": "28000",
                                "W": "8",
                                "Pt": "R",
                                "Dp": "10.7",
                                "$": "1320"
                            },
                            {
                                "D": "SW",
                                "G": "19",
                                "H": "83.5",
                                "P": "1026",
                                "S": "9",
                                "T": "13.2",
                                "V": "26000",
                                "W": "8",
                                "Pt": "R",
                                "Dp": "10.5",
                                "$": "1380"
                            }
                        ]
                    },
                    {
                        "type": "Day",
                        "value": "2023-10-04Z",
                        "Rep": [
                            {
                                "D": "WSW",
                                "G": "15",
                                "H": "87.4",
                                "P": "1026",
                                "S": "9",
                                "T": "12.5",
                                "V": "22000",
                                "W": "0",
                                "Pt": "R",
                                "Dp": "10.5",
                                "$": "0"
                            },
                            {
                                "D": "WSW",
                                "G": "15",
                                "H": "90.4",
                                "P": "1026",
                                "S": "9",
                                "T": "12.0",
                                "V": "21000",
                                "W": "0",
                                "Pt": "R",
                                "Dp": "10.5",
                                "$": "60"
                            },
                            {
                                "D": "SW",
                                "G": "15",
                                "H": "91.1",
                                "P": "1026",
                                "S": "8",
                                "T": "11.7",
                                "V": "21000",
                                "W": "0",
                                "Pt": "R",
                                "Dp": "10.3",
                                "$": "120"
                            },
                            {
                                "D": "SW",
                                "G": "16",
                                "H": "92.3",
                                "P": "1026",
                                "S": "10",
                                "T": "11.5",
                                "V": "22000",
                                "W": "0",
                                "Pt": "R",
                                "Dp": "10.3",
                                "$": "180"
                            },
                            {
                                "D": "SW",
                                "G": "15",
                                "H": "92.2",
                                "P": "1026",
                                "S": "9",
                                "T": "11.4",
                                "V": "22000",
                                "W": "7",
                                "Pt": "F",
                                "Dp": "10.2",
                                "$": "240"
                            },
                            {
                                "D": "SSW",
                                "G": "13",
                                "H": "92.9",
                                "P": "1026",
                                "S": "7",
                                "T": "11.3",
                                "V": "23000",
                                "W": "0",
                                "Pt": "F",
                                "Dp": "10.2",
                                "$": "300"
                            },
                            {
                                "D": "SW",
                                "G": "13",
                                "H": "91.0",
                                "P": "1026",
                                "S": "8",
                                "T": "11.4",
                                "V": "22000",
                                "W": "8",
                                "Pt": "R",
                                "Dp": "10.0",
                                "$": "360"
                            },
                            {
                                "D": "SW",
                                "G": "15",
                                "H": "90.4",
                                "P": "1026",
                                "S": "10",
                                "T": "11.5",
                                "V": "24000",
                                "W": "3",
                                "Pt": "R",
                                "Dp": "10.0",
                                "$": "420"
                            },
                            {
                                "D": "WSW",
                                "G": "18",
                                "H": "86.3",
                                "P": "1026",
                                "S": "13",
                                "T": "12.8",
                                "V": "30000",
                                "W": "3",
                                "Pt": "R",
                                "Dp": "10.6",
                                "$": "480"
                            },
                            {
                                "D": "WSW",
                                "G": "21",
                                "H": "77.7",
                                "P": "1026",
                                "S": "13",
                                "T": "14.2",
                                "V": "35000",
                                "W": "3",
                                "Pt": "R",
                                "Dp": "10.4",
                                "$": "540"
                            },
                            {
                                "D": "WSW",
                                "G": "21",
                                "H": "74.3",
                                "P": "1026",
                                "S": "13",
                                "T": "15.5",
                                "V": "30000",
                                "W": "8",
                                "Pt": "F",
                                "Dp": "11.0",
                                "$": "600"
                            },
                            {
                                "D": "W",
                                "G": "28",
                                "H": "57.6",
                                "P": "1026",
                                "S": "18",
                                "T": "17.2",
                                "V": "40000",
                                "W": "8",
                                "Pt": "F",
                                "Dp": "8.9",
                                "$": "660"
                            },
                            {
                                "D": "WSW",
                                "G": "25",
                                "H": "56.3",
                                "P": "1026",
                                "S": "18",
                                "T": "17.9",
                                "V": "45000",
                                "W": "8",
                                "Pt": "F",
                                "Dp": "9.2",
                                "$": "720"
                            },
                            {
                                "D": "WSW",
                                "G": "26",
                                "H": "55.1",
                                "P": "1025",
                                "S": "18",
                                "T": "17.9",
                                "V": "45000",
                                "W": "8",
                                "Pt": "F",
                                "Dp": "8.9",
                                "$": "780"
                            },
                            {
                                "D": "WSW",
                                "G": "28",
                                "H": "55.8",
                                "P": "1025",
                                "S": "17",
                                "T": "17.4",
                                "V": "45000",
                                "W": "8",
                                "Pt": "F",
                                "Dp": "8.6",
                                "$": "840"
                            },
                            {
                                "D": "WSW",
                                "G": "25",
                                "H": "57.0",
                                "P": "1025",
                                "S": "15",
                                "T": "17.7",
                                "V": "45000",
                                "W": "8",
                                "Pt": "F",
                                "Dp": "9.2",
                                "$": "900"
                            },
                            {
                                "D": "SW",
                                "G": "23",
                                "H": "57.0",
                                "P": "1024",
                                "S": "17",
                                "T": "17.6",
                                "V": "45000",
                                "W": "8",
                                "Pt": "F",
                                "Dp": "9.1",
                                "$": "960"
                            }
                        ]
                    }
                ]
            }
        }
    }
}