{
    "SiteRep": {
        "Wx": {
            "Param": [
                {
                    "name": "G",
                    "units": "mph",
                    "$": "Wind Gust"
                },
                {
                    "name": "T",
                    "units": "C",
                    "$": "Temperature"
                },
                {
                    "name": "V",
                    "units": "m",
                    "$": "Visibility"
                },
                {
                    "name": "D",
                    "units": "compass",
                    "$": "Wind Direction"
                },
                {
                    "name": "S",
                    "units": "mph",
                    "$": "Wind Speed"
                },
                {
                    "name": "W",
                    "units": "",
                    "$": "Weather Type"
                },
                {
                    "name": "P",
                    "units": "hpa",
                    "$": "Pressure"
                },
                {
                    "name": "Pt",
                    "units": "Pa/s",
                    "$": "Pressure Tendency"
                },
                {
                    "name": "Dp",
                    "units": "C",
                    "$": "Dew Point"
                },
                {
                    "name": "H",
                    "units": "%",
                    "$": "Screen Relative Humidity"
                }
            ]
        },
        "DV": {
            "dataDate": "2024-05-13T16:00:00Z",
            "type": "Obs",
            "Location": {
                "i": "3772",
                "lat": "51.479",
                "lon": "-0.449",
                "name": "HEATHROW",
                "country": "ENGLAND",
                "continent": "EUROPE",
                "elevation": "25.0",
                "Period": [
                    {
                        "type": "Day",
                        "value": "2024-05-12Z",
                        "Rep": [
                            {
                                "D": "SE",
                                "G": "18",
                                "H": "38.1",
                                "P": "1009",
                                "S": "10",
                                "T": "25.9",
                                "V": "55000",
                                "W": "1",
                                "Pt": "F",
                                "Dp": "10.6",
                                "$": "960"
                            },
                            {
                                "D": "S",
                                "G": "16",
                                "H": "41.4",
                                "P": "1009",
                                "S": "8",
                                "T": "24.6",
                                "V": "55000",
                                "W": "1",
                                "Pt": "F",
                                "Dp": "10.7",
                                "$": "1020"
                            },
                            {
                                "D": "S",
                                "G": "19",
                                "H": "41.8",
                                "P": "1009",
                                "S": "13",
                                "T": "24.0",
                                "V": "60000",
                                "W": "1",
                                "Pt": "F",
                                "Dp": "10.3",
                                "$": "1080"
                            },
                            {
                                "D": "S",
                                "G": "21",
                                "H": "41.8",
                                "P": "1009",
                                "S": "13",
                                "T": "22.9",
                                "V": "45000",
                                "W": "1",
                                "Pt": "F",
                                "Dp": "9.3",
                                "$": "1140"
                            },
                            {
                                "D": "S",
                                "G": "19",
                                "H": "49.4",
                                "P": "1009",
                                "S": "10",
                                "T": "20.4",
                                "V": "55000",
                                "W": "0",
                                "Pt": "R",
                                "Dp": "9.5",
                                "$": "1200"
                            },
                            {
                                "D": "S",
                                "G": "14",
                                "H": "57.3",
                                "P": "1009",
                                "S": "8",
                                "T": "19.2",
                                "V": "45000",
                                "W": "7",
                                "Pt": "R",
                                "Dp": "10.6",
                                "$": "1260"
                            },
                            {
                                "D": "SSW",
                                "G": "17",
                                "H": "65.6",
                                "P": "1009",
                                "S": "9",
                                "T": "18.1",
                                "V": "35000",
                                "W": "0",
                                "Pt": "F",
                                "Dp": "11.6",
                                "$": "1320"
                            },
                            {
                                "D": "SSW",
                                "G": "14",
                                "H": "75.1",
                                "P": "1009",
                                "S": "8",
                                "T": "16.4",
                                "V": "18000",
                                "W": "0",
                                "Pt": "F",
                                "Dp": "12.0",
                                "$": "1380"
                            }
                        ]
                    },
                    {
                        "type": "Day",
                        "value": "2024-05-13Z",
                        "Rep": [
                            {
                                "D": "SSW",
                                "G": "17",
                                "H": "80.1",
                                "P": "1009",
                                "S": "11",
                                "T": "15.2",
                                "V": "11000",
                                "W": "0",
                                "Pt": "R",
                                "Dp": "11.8",
                                "$": "0"
                            },
                            {
                                "D": "SSW",
                                "G": "16",
                                "H": "83.7",
                                "P": "1009",
                                "S": "8",
                                "T": "13.8",
                                "V": "10000",
                                "W": "0",
                                "Pt": "F",
                                "Dp": "11.1",
                                "$": "60"
                            },
                            {
                                "D": "SSW",
                                "G": "18",
                                "H": "87.5",
                                "P": "1009",
                                "S": "13",
                                "T": "12.7",
                                "V": "16000",
                                "W": "7",
                                "Pt": "F",
                                "Dp": "10.7",
                                "$": "120"
                            },
                            {
                                "D": "SSW",
                                "G": "21",
                                "H": "87.0",
                                "P": "1009",
                                "S": "13",
                                "T": "12.6",
                                "V": "35000",
                                "W": "8",
                                "Pt": "F",
                                "Dp": "10.5",
                                "$": "180"
                            },
                            {
                                "D": "SSW",
                                "G": "18",
                                "H": "83.5",
                                "P": "1009",
                                "S": "13",
                                "T": "12.2",
                                "V": "45000",
                                "W": "8",
                                "Pt": "R",
                                "Dp": "9.5",
                                "$": "240"
                            },
                            {
                                "D": "SSW",
                                "G": "18",
                                "H": "81.3",
                                "P": "1009",
                                "S": "11",
                                "T": "12.4",
                                "V": "45000",
                                "W": "8",
                                "Pt": "F",
                                "Dp": "9.3",
                                "$": "300"
                            },
                            {
                                "D": "S",
                                "G": "17",
                                "H": "78.6",
                                "P": "1009",
                                "S": "10",
                                "T": "12.8",
                                "V": "45000",
                                "W": "8",
                                "Pt": "F",
                                "Dp": "9.2",
                                "$": "360"
                            },
                            {
                                "D": "SSW",
                                "G": "17",
                                "H": "74.0",
                                "P": "1009",
                                "S": "11",
                                "T": "13.5",
                                "V": "50000",
                                "W": "8",
                                "Pt": "S",
                                "Dp": "9.0",
                                "$": "420"
                            },
                            {
                                "D": "SSW",
                                "G": "21",
                                "H": "75.1",
                                "P": "1009",
                                "S": "13",
                                "T": "13.9",
                                "V": "55000",
                                "W": "8",
                                "Pt": "S",
                                "Dp": "9.6",
                                "$": "480"
                            },
                            {
                                "D": "S",
                                "G": "19",
                                "H": "76.8",
                                "P": "1008",
                                "S": "11",
                                "T": "14.6",
                                "V": "65000",
                                "W": "8",
                                "Pt": "F",
                                "Dp": "10.6",
                                "$": "540"
                            },
                            {
                                "D": "S",
                                "G": "17",
                                "H": "76.0",
                                "P": "1008",
                                "S": "11",
                                "T": "15.6",
                                "V": "35000",
                                "W": "8",
                                "Pt": "F",
                                "Dp": "11.4",
                                "$": "600"
                            },
                            {
                                "D": "S",
                                "G": "22",
                                "H": "77.0",
                                "P": "1007",
                                "S": "13",
                                "T": "15.8",
                                "V": "30000",
                                "W": "8",
                                "Pt": "F",
                                "Dp": "11.8",
                                "$": "660"
                            },
                            {
                                "D": "SSE",
                                "G": "22",
                                "H": "73.2",
                                "P": "1007",
                                "S": "13",
                                "T": "16.7",
                                "V": "30000",
                                "W": "8",
                                "Pt": "F",
                                "Dp": "11.9",
                                "$": "720"
                            },
                            {
                                "D": "SE",
                                "G": "28",
                                "H": "64.9",
                                "P": "1006",
                                "S": "17",
                                "T": "18.5",
                                "V": "40000",
                                "W": "8",
                                "Pt": "F",
                                "Dp": "11.8",
                                "$": "780"
                            },
                            {
                                "D": "SSE",
                                "G": "26",
                                "H": "67.7",
                                "P": "1006",
                                "S": "16",
                                "T": "17.2",
                                "V": "40000",
                                "W": "8",
                                "Pt": "F",
                                "Dp": "11.2",
                                "$": "840"
                            },
                            {
                                "D": "SSE",
                                "G": "23",
                                "H": "66.9",
                                "P": "1005",
                                "S": "11",
                                "T": "17.3",
                                "V": "50000",
                                "W": "8",
                                "Pt": "F",
                                "Dp": "11.1",
                                "$": "900"
                            },
                            {
                                "D": "SE",
                                "G": "23",
                                "H": "67.7",
                                "P": "1005",
                                "S": "16",
                                "T": "16.9",
                                "V": "45000",
                                "W": "8",
                                "Pt": "F",
                                "Dp": "10.9",
                                "$": "960"
                            }
                        ]
                    }
                ]
            }
        }
    }
}