{
    "SiteRep": {
        "Wx": {
            "Param": [
                {
                    "name": "G",
                    "units": "mph",
                    "$": "Wind Gust"
                },
                {
                    "name": "T",
                    "units": "C",
                    "$": "Temperature"
                },
                {
                    "name": "V",
                    "units": "m",
                    "$": "Visibility"
                },
                {
                    "name": "D",
                    "units": "compass",
                    "$": "Wind Direction"
                },
                {
                    "name": "S",
                    "units": "mph",
                    "$": "Wind Speed"
                },
                {
                    "name": "W",
                    "units": "",
                    "$": "Weather Type"
                },
                {
                    "name": "P",
                    "units": "hpa",
                    "$": "Pressure"
                },
                {
                    "name": "Pt",
                    "units": "Pa/s",
                    "$": "Pressure Tendency"
                },
                {
                    "name": "Dp",
                    "units": "C",
                    "$": "Dew Point"
                },
                {
                    "name": "H",
                    "units": "%",
                    "$": "Screen Relative Humidity"
                }
            ]
        },
        "DV": {
            "dataDate": "2025-01-26T16:00:00Z",
            "type": "Obs",
            "Location": {
                "i": "3772",
                "lat": "51.479",
                "lon": "-0.449",
                "name": "HEATHROW",
                "country": "ENGLAND",
                "continent": "EUROPE",
                "elevation": "25.0",
                "Period": [
                    {
                        "type": "Day",
                        "value": "2025-01-25Z",
                        "Rep": [
                            {
                                "D": "ESE",
                                "G": "5",
                                "H": "51.9",
                                "P": "1006",
                                "S": "2",
                                "T": "6.2",
                                "V": "55000",
                                "W": "8",
                                "Pt": "F",
                                "Dp": "-2.9",
                                "$": "960"
                            },
                            {
                                "D": "SSW",
                                "G": "8",
                                "H": "59.4",
                                "P": "1006",
                                "S": "2",
                                "T": "5.2",
                                "V": "50000",
                                "W": "8",
                                "Pt": "F",
                                "Dp": "-2.0",
                                "$": "1020"
                            },
                            {
                                "D": "SSW",
                                "G": "8",
                                "H": "57.9",
                                "P": "1007",
                                "S": "5",
                                "T": "5.7",
                                "V": "50000",
                                "W": "8",
                                "Pt": "R",
                                "Dp": "-1.9",
                                "$": "1080"
                            },
                            {
                                "D": "S",
                                "G": "9",
                                "H": "55.4",
                                "P": "1008",
                                "S": "5",
                                "T": "6.1",
                                "V": "40000",
                                "W": "8",
                                "Pt": "R",
                                "Dp": "-2.1",
                                "$": "1140"
                            },
                            {
                                "D": "SSW",
                                "G": "10",
                                "H": "63.0",
                                "P": "1008",
                                "S": "5",
                                "T": "4.8",
                                "V": "29000",
                                "W": "8",
                                "Pt": "R",
                                "Dp": "-1.6",
                                "$": "1200"
                            },
                            {
                                "D": "SW",
                                "G": "7",
                                "H": "68.4",
                                "P": "1008",
                                "S": "3",
                                "T": "3.2",
                                "V": "28000",
                                "W": "8",
                                "Pt": "R",
                                "Dp": "-2.0",
                                "$": "1260"
                            },
                            {
                                "D": "S",
                                "G": "5",
                                "H": "74.8",
                                "P": "1008",
                                "S": "3",
                                "T": "2.5",
                                "V": "25000",
                                "W": "7",
                                "Pt": "R",
                                "Dp": "-1.5",
                                "$": "1320"
                            },
                            {
                                "D": "S",
                                "G": "7",
                                "H": "78.0",
                                "P": "1007",
                                "S": "2",
                                "T": "1.4",
                                "V": "20000",
                                "W": "8",
                                "Pt": "F",
                                "Dp": "-2.0",
                                "$": "1380"
                            }
                        ]
                    },
                    {
                        "type": "Day",
                        "value": "2025-01-26Z",
                        "Rep": [
                            {
                                "D": "S",
                                "G": "7",
                                "H": "84.5",
                                "P": "1007",
                                "S": "5",
                                "T": "0.6",
                                "V": "21000",
                                "W": "8",
                                "Pt": "F",
                                "Dp": "-1.5",
                                "$": "0"
                            },
                            {
                                "D": "S",
                                "G": "8",
                                "H": "82.0",
                                "P": "1007",
                                "S": "5",
                                "T": "0.1",
                                "V": "25000",
                                "W": "0",
                                "Pt": "F",
                                "Dp": "-2.3",
                                "$": "60"
                            },
                            {
                                "D": "S",
                                "G": "9",
                                "H": "79.5",
                                "P": "1007",
                                "S": "6",
                                "T": "0.4",
                                "V": "30000",
                                "W": "0",
                                "Pt": "F",
                                "Dp": "-2.4",
                                "$": "120"
                            },
                            {
                                "D": "SSE",
                                "G": "11",
                                "H": "82.8",
                                "P": "1006",
                                "S": "8",
                                "T": "0.4",
                                "V": "35000",
                                "W": "2",
                                "Pt": "F",
                                "Dp": "-1.9",
                                "$": "180"
                            },
                            {
                                "D": "SE",
                                "G": "10",
                                "H": "81.6",
                                "P": "1005",
                                "S": "8",
                                "T": "1.8",
                                "V": "35000",
                                "W": "8",
                                "Pt": "F",
                                "Dp": "-1.0",
                                "$": "240"
                            },
                            {
                                "D": "SE",
                                "G": "13",
                                "H": "85.2",
                                "P": "1005",
                                "S": "8",
                                "T": "2.1",
                                "V": "35000",
                                "W": "2",
                                "Pt": "F",
                                "Dp": "-0.1",
                                "$": "300"
                            },
                            {
                                "D": "SE",
                                "G": "13",
                                "H": "82.9",
                                "P": "1003",
                                "S": "8",
                                "T": "2.9",
                                "V": "40000",
                                "W": "8",
                                "Pt": "F",
                                "Dp": "0.3",
                                "$": "360"
                            },
                            {
                                "D": "SSE",
                                "G": "15",
                                "H": "85.4",
                                "P": "1002",
                                "S": "10",
                                "T": "3.2",
                                "V": "35000",
                                "W": "7",
                                "Pt": "F",
                                "Dp": "1.0",
                                "$": "420"
                            },
                            {
                                "D": "SE",
                                "G": "15",
                                "H": "83.2",
                                "P": "1001",
                                "S": "11",
                                "T": "3.7",
                                "V": "40000",
                                "W": "8",
                                "Pt": "F",
                                "Dp": "1.1",
                                "$": "480"
                            },
                            {
                                "D": "SE",
                                "G": "23",
                                "H": "80.3",
                                "P": "999",
                                "S": "16",
                                "T": "5.1",
                                "V": "35000",
                                "W": "8",
                                "Pt": "F",
                                "Dp": "2.0",
                                "$": "540"
                            },
                            {
                                "D": "SE",
                                "G": "24",
                                "H": "80.5",
                                "P": "998",
                                "S": "17",
                                "T": "5.9",
                                "V": "35000",
                                "W": "8",
                                "Pt": "F",
                                "Dp": "2.8",
                                "$": "600"
                            },
                            {
                                "D": "SE",
                                "G": "28",
                                "H": "79.4",
                                "P": "997",
                                "S": "17",
                                "T": "6.7",
                                "V": "35000",
                                "W": "8",
                                "Pt": "F",
                                "Dp": "3.4",
                                "$": "660"
                            },
                            {
                                "D": "SSE",
                                "G": "33",
                                "H": "86.0",
                                "P": "995",
                                "S": "23",
                                "T": "6.5",
                                "V": "15000",
                                "W": "12",
                                "Pt": "F",
                                "Dp": "4.3",
                                "$": "720"
                            },
                            {
                                "D": "SE",
                                "G": "33",
                                "H": "92.0",
                                "P": "992",
                                "S": "21",
                                "T": "5.3",
                                "V": "7000",
                                "W": "12",
                                "Pt": "F",
                                "Dp": "4.1",
                                "$": "780"
                            },
                            {
                                "D": "SE",
                                "G": "38",
                                "H": "92.6",
                                "P": "989",
                                "S": "21",
                                "T": "5.6",
                                "V": "6000",
                                "W": "12",
                                "Pt": "F",
                                "Dp": "4.5",
                                "$": "840"
                            },
                            {
                                "D": "SE",
                                "G": "34",
                                "H": "93.4",
                                "P": "988",
                                "S": "23",
                                "T": "5.8",
                                "V": "4400",
                                "W": "12",
                                "Pt": "F",
                                "Dp": "4.8",
                                "$": "900"
                            },
                            {
                                "D": "SSE",
                                "G": "31",
                                "H": "93.3",
                                "P": "986",
                                "S": "17",
                                "T": "6.6",
                                "V": "9000",
                                "W": "12",
                                "Pt": "F",
                                "Dp": "5.6",
                                "$": "960"
                            }
                        ]
                    }
                ]
            }
        }
    }
}