{
    "SiteRep": {
        "Wx": {
            "Param": [
                {
                    "name": "G",
                    "units": "mph",
                    "$": "Wind Gust"
                },
                {
                    "name": "T",
                    "units": "C",
                    "$": "Temperature"
                },
                {
                    "name": "V",
                    "units": "m",
                    "$": "Visibility"
                },
                {
                    "name": "D",
                    "units": "compass",
                    "$": "Wind Direction"
                },
                {
                    "name": "S",
                    "units": "mph",
                    "$": "Wind Speed"
                },
                {
                    "name": "W",
                    "units": "",
                    "$": "Weather Type"
                },
                {
                    "name": "P",
                    "units": "hpa",
                    "$": "Pressure"
                },
                {
                    "name": "Pt",
                    "units": "Pa/s",
                    "$": "Pressure Tendency"
                },
                {
                    "name": "Dp",
                    "units": "C",
                    "$": "Dew Point"
                },
                {
                    "name": "H",
                    "units": "%",
                    "$": "Screen Relative Humidity"
                }
            ]
        },
        "DV": {
            "dataDate": "2025-02-20T16:00:00Z",
            "type": "Obs",
            "Location": {
                "i": "3772",
                "lat": "51.479",
                "lon": "-0.449",
                "name": "HEATHROW",
                "country": "ENGLAND",
                "continent": "EUROPE",
                "elevation": "25.0",
                "Period": [
                    {
                        "type": "Day",
                        "value": "2025-02-19Z",
                        "Rep": [
                            {
                                "D": "SE",
                                "G": "11",
                                "H": "74.7",
                                "P": "1015",
                                "S": "8",
                                "T": "8.6",
                                "V": "10000",
                                "W": "8",
                                "Pt": "F",
                                "Dp": "4.4",
                                "$": "960"
                            },
                            {
                                "D": "SE",
                                "G": "15",
                                "H": "76.2",
                                "P": "1015",
                                "S": "9",
                                "T": "8.4",
                                "V": "10000",
                                "W": "8",
                                "Pt": "R",
                                "Dp": "4.5",
                                "$": "1020"
                            },
                            {
                                "D": "SE",
                                "G": "13",
                                "H": "80.6",
                                "P": "1015",
                                "S": "9",
                                "T": "7.9",
                                "V": "9000",
                                "W": "5",
                                "Pt": "R",
                                "Dp": "4.8",
                                "$": "1080"
                            },
                            {
                                "D": "SSE",
                                "G": "13",
                                "H": "84.6",
                                "P": "1016",
                                "S": "6",
                                "T": "7.9",
                                "V": "8000",
                                "W": "5",
                                "Pt": "R",
                                "Dp": "5.5",
                                "$": "1140"
                            },
                            {
                                "D": "SSE",
                                "G": "16",
                                "H": "88.1",
                                "P": "1015",
                                "S": "9",
                                "T": "6.9",
                                "V": "5000",
                                "W": "5",
                                "Pt": "R",
                                "Dp": "5.1",
                                "$": "1200"
                            },
                            {
                                "D": "SSE",
                                "G": "15",
                                "H": "87.6",
                                "P": "1015",
                                "S": "9",
                                "T": "7.7",
                                "V": "5000",
                                "W": "5",
                                "Pt": "R",
                                "Dp": "5.8",
                                "$": "1260"
                            },
                            {
                                "D": "SSE",
                                "G": "14",
                                "H": "88.2",
                                "P": "1016",
                                "S": "8",
                                "T": "7.6",
                                "V": "5000",
                                "W": "5",
                                "Pt": "F",
                                "Dp": "5.8",
                                "$": "1320"
                            },
                            {
                                "D": "SSE",
                                "G": "10",
                                "H": "91.3",
                                "P": "1015",
                                "S": "5",
                                "T": "7.8",
                                "V": "5000",
                                "W": "12",
                                "Pt": "R",
                                "Dp": "6.5",
                                "$": "1380"
                            }
                        ]
                    },
                    {
                        "type": "Day",
                        "value": "2025-02-20Z",
                        "Rep": [
                            {
                                "D": "S",
                                "G": "8",
                                "H": "94.0",
                                "P": "1015",
                                "S": "5",
                                "T": "8.0",
                                "V": "2900",
                                "W": "12",
                                "Pt": "F",
                                "Dp": "7.1",
                                "$": "0"
                            },
                            {
                                "D": "SE",
                                "G": "10",
                                "H": "96.7",
                                "P": "1015",
                                "S": "8",
                                "T": "8.3",
                                "V": "2400",
                                "W": "8",
                                "Pt": "F",
                                "Dp": "7.8",
                                "$": "60"
                            },
                            {
                                "D": "S",
                                "G": "16",
                                "H": "95.3",
                                "P": "1014",
                                "S": "10",
                                "T": "9.4",
                                "V": "5000",
                                "W": "5",
                                "Pt": "F",
                                "Dp": "8.7",
                                "$": "120"
                            },
                            {
                                "D": "S",
                                "G": "16",
                                "H": "94.1",
                                "P": "1014",
                                "S": "10",
                                "T": "9.8",
                                "V": "21000",
                                "W": "8",
                                "Pt": "F",
                                "Dp": "8.9",
                                "$": "180"
                            },
                            {
                                "D": "S",
                                "G": "18",
                                "H": "95.4",
                                "P": "1013",
                                "S": "11",
                                "T": "9.9",
                                "V": "16000",
                                "W": "8",
                                "Pt": "F",
                                "Dp": "9.2",
                                "$": "240"
                            },
                            {
                                "D": "S",
                                "G": "17",
                                "H": "94.8",
                                "P": "1013",
                                "S": "10",
                                "T": "10.2",
                                "V": "40000",
                                "W": "8",
                                "Pt": "F",
                                "Dp": "9.4",
                                "$": "300"
                            },
                            {
                                "D": "S",
                                "G": "18",
                                "H": "94.7",
                                "P": "1013",
                                "S": "11",
                                "T": "10.3",
                                "V": "40000",
                                "W": "8",
                                "Pt": "F",
                                "Dp": "9.5",
                                "$": "360"
                            },
                            {
                                "D": "S",
                                "G": "19",
                                "H": "92.3",
                                "P": "1013",
                                "S": "11",
                                "T": "11.0",
                                "V": "60000",
                                "W": "8",
                                "Pt": "F",
                                "Dp": "9.8",
                                "$": "420"
                            },
                            {
                                "D": "S",
                                "G": "17",
                                "H": "93.5",
                                "P": "1013",
                                "S": "9",
                                "T": "11.2",
                                "V": "55000",
                                "W": "8",
                                "Pt": "F",
                                "Dp": "10.2",
                                "$": "480"
                            },
                            {
                                "D": "S",
                                "G": "22",
                                "H": "93.6",
                                "P": "1013",
                                "S": "11",
                                "T": "11.7",
                                "V": "4700",
                                "W": "11",
                                "Pt": "R",
                                "Dp": "10.7",
                                "$": "540"
                            },
                            {
                                "D": "S",
                                "G": "22",
                                "H": "94.2",
                                "P": "1013",
                                "S": "13",
                                "T": "11.8",
                                "W": "8",
                                "Pt": "R",
                                "Dp": "10.9",
                                "$": "600"
                            },
                            {
                                "D": "S",
                                "G": "25",
                                "H": "89.3",
                                "P": "1014",
                                "S": "17",
                                "T": "12.6",
                                "Pt": "F",
                                "Dp": "10.9",
                                "$": "660"
                            },
                            {
                                "D": "S",
                                "G": "29",
                                "H": "91.8",
                                "P": "1013",
                                "S": "17",
                                "T": "12.7",
                                "Pt": "F",
                                "Dp": "11.4",
                                "$": "720"
                            },
                            {
                                "D": "S",
                                "G": "29",
                                "H": "92.9",
                                "P": "1013",
                                "S": "14",
                                "T": "12.3",
                                "Pt": "F",
                                "Dp": "11.2",
                                "$": "780"
                            },
                            {
                                "D": "SSW",
                                "G": "25",
                                "H": "92.3",
                                "P": "1013",
                                "S": "16",
                                "T": "12.3",
                                "Pt": "F",
                                "Dp": "11.1",
                                "$": "840"
                            },
                            {
                                "D": "S",
                                "G": "24",
                                "H": "92.9",
                                "P": "1012",
                                "S": "14",
                                "T": "12.7",
                                "Pt": "F",
                                "Dp": "11.6",
                                "$": "900"
                            },
                            {
                                "D": "SSW",
                                "G": "28",
                                "H": "93.6",
                                "P": "1013",
                                "S": "18",
                                "T": "12.7",
                                "Pt": "F",
                                "Dp": "11.7",
                                "$": "960"
                            }
                        ]
                    }
                ]
            }
        }
    }
}