{
    "SiteRep": {
        "Wx": {
            "Param": [
                {
                    "name": "G",
                    "units": "mph",
                    "$": "Wind Gust"
                },
                {
                    "name": "T",
                    "units": "C",
                    "$": "Temperature"
                },
                {
                    "name": "V",
                    "units": "m",
                    "$": "Visibility"
                },
                {
                    "name": "D",
                    "units": "compass",
                    "$": "Wind Direction"
                },
                {
                    "name": "S",
                    "units": "mph",
                    "$": "Wind Speed"
                },
                {
                    "name": "W",
                    "units": "",
                    "$": "Weather Type"
                },
                {
                    "name": "P",
                    "units": "hpa",
                    "$": "Pressure"
                },
                {
                    "name": "Pt",
                    "units": "Pa/s",
                    "$": "Pressure Tendency"
                },
                {
                    "name": "Dp",
                    "units": "C",
                    "$": "Dew Point"
                },
                {
                    "name": "H",
                    "units": "%",
                    "$": "Screen Relative Humidity"
                }
            ]
        },
        "DV": {
            "dataDate": "2025-07-29T15:00:00Z",
            "type": "Obs",
            "Location": {
                "i": "3772",
                "lat": "51.479",
                "lon": "-0.449",
                "name": "HEATHROW",
                "country": "ENGLAND",
                "continent": "EUROPE",
                "elevation": "25.0",
                "Period": [
                    {
                        "type": "Day",
                        "value": "2025-07-28Z",
                        "Rep": [
                            {
                                "D": "WNW",
                                "G": "16",
                                "H": "38.6",
                                "P": "1019",
                                "S": "9",
                                "T": "24.0",
                                "V": "45000",
                                "W": "8",
                                "Pt": "F",
                                "Dp": "9.2",
                                "$": "960"
                            },
                            {
                                "D": "NNW",
                                "G": "15",
                                "H": "38.8",
                                "P": "1019",
                                "S": "7",
                                "T": "23.8",
                                "V": "45000",
                                "W": "7",
                                "Pt": "F",
                                "Dp": "9.1",
                                "$": "1020"
                            },
                            {
                                "D": "WNW",
                                "G": "11",
                                "H": "35.9",
                                "P": "1019",
                                "S": "7",
                                "T": "24.6",
                                "V": "45000",
                                "W": "1",
                                "Pt": "F",
                                "Dp": "8.7",
                                "$": "1080"
                            },
                            {
                                "D": "WNW",
                                "G": "13",
                                "H": "38.7",
                                "P": "1019",
                                "S": "7",
                                "T": "23.6",
                                "V": "45000",
                                "W": "1",
                                "Pt": "F",
                                "Dp": "8.9",
                                "$": "1140"
                            },
                            {
                                "D": "NW",
                                "G": "9",
                                "H": "44.8",
                                "P": "1019",
                                "S": "2",
                                "T": "21.8",
                                "V": "40000",
                                "W": "2",
                                "Pt": "R",
                                "Dp": "9.4",
                                "$": "1200"
                            },
                            {
                                "D": "WNW",
                                "G": "5",
                                "H": "47.8",
                                "P": "1019",
                                "S": "2",
                                "T": "21.2",
                                "V": "35000",
                                "W": "7",
                                "Pt": "R",
                                "Dp": "9.8",
                                "$": "1260"
                            },
                            {
                                "D": "W",
                                "G": "6",
                                "H": "52.3",
                                "P": "1019",
                                "S": "3",
                                "T": "20.4",
                                "V": "35000",
                                "W": "2",
                                "Pt": "R",
                                "Dp": "10.4",
                                "$": "1320"
                            },
                            {
                                "D": "WNW",
                                "G": "9",
                                "H": "58.8",
                                "P": "1019",
                                "S": "5",
                                "T": "19.6",
                                "V": "35000",
                                "W": "8",
                                "Pt": "R",
                                "Dp": "11.4",
                                "$": "1380"
                            }
                        ]
                    },
                    {
                        "type": "Day",
                        "value": "2025-07-29Z",
                        "Rep": [
                            {
                                "D": "NW",
                                "G": "9",
                                "H": "60.4",
                                "P": "1020",
                                "S": "6",
                                "T": "18.2",
                                "V": "35000",
                                "W": "0",
                                "Pt": "R",
                                "Dp": "10.5",
                                "$": "0"
                            },
                            {
                                "D": "NNW",
                                "G": "13",
                                "H": "65.8",
                                "P": "1020",
                                "S": "3",
                                "T": "17.4",
                                "V": "45000",
                                "W": "7",
                                "Pt": "R",
                                "Dp": "11.0",
                                "$": "60"
                            },
                            {
                                "D": "WNW",
                                "G": "5",
                                "H": "71.0",
                                "P": "1020",
                                "S": "2",
                                "T": "15.8",
                                "V": "40000",
                                "W": "0",
                                "Pt": "R",
                                "Dp": "10.6",
                                "$": "120"
                            },
                            {
                                "D": "W",
                                "G": "6",
                                "H": "72.3",
                                "P": "1020",
                                "S": "3",
                                "T": "15.3",
                                "V": "45000",
                                "W": "2",
                                "Pt": "S",
                                "Dp": "10.4",
                                "$": "180"
                            },
                            {
                                "D": "WNW",
                                "G": "7",
                                "H": "72.3",
                                "P": "1020",
                                "S": "3",
                                "T": "14.9",
                                "V": "45000",
                                "W": "8",
                                "Pt": "F",
                                "Dp": "10.0",
                                "$": "240"
                            },
                            {
                                "D": "WNW",
                                "G": "7",
                                "H": "70.8",
                                "P": "1020",
                                "S": "2",
                                "T": "15.0",
                                "V": "45000",
                                "W": "8",
                                "Pt": "F",
                                "Dp": "9.8",
                                "$": "300"
                            },
                            {
                                "D": "W",
                                "G": "6",
                                "H": "68.9",
                                "P": "1020",
                                "S": "3",
                                "T": "15.2",
                                "V": "45000",
                                "W": "8",
                                "Pt": "F",
                                "Dp": "9.6",
                                "$": "360"
                            },
                            {
                                "D": "NW",
                                "G": "7",
                                "H": "68.1",
                                "P": "1020",
                                "S": "3",
                                "T": "15.6",
                                "V": "40000",
                                "W": "8",
                                "Pt": "S",
                                "Dp": "9.8",
                                "$": "420"
                            },
                            {
                                "D": "WNW",
                                "G": "7",
                                "H": "66.0",
                                "P": "1020",
                                "S": "5",
                                "T": "16.2",
                                "V": "45000",
                                "W": "8",
                                "Pt": "R",
                                "Dp": "9.9",
                                "$": "480"
                            },
                            {
                                "D": "WNW",
                                "G": "8",
                                "H": "74.3",
                                "P": "1020",
                                "S": "3",
                                "T": "15.8",
                                "V": "5000",
                                "W": "12",
                                "Pt": "S",
                                "Dp": "11.3",
                                "$": "540"
                            },
                            {
                                "D": "WNW",
                                "G": "7",
                                "H": "72.3",
                                "P": "1019",
                                "S": "3",
                                "T": "17.5",
                                "V": "45000",
                                "W": "8",
                                "Pt": "F",
                                "Dp": "12.5",
                                "$": "600"
                            },
                            {
                                "D": "WNW",
                                "G": "9",
                                "H": "66.3",
                                "P": "1019",
                                "S": "5",
                                "T": "18.0",
                                "V": "40000",
                                "W": "8",
                                "Pt": "F",
                                "Dp": "11.7",
                                "$": "660"
                            },
                            {
                                "D": "S",
                                "G": "13",
                                "H": "58.7",
                                "P": "1019",
                                "S": "5",
                                "T": "19.2",
                                "V": "50000",
                                "W": "8",
                                "Pt": "F",
                                "Dp": "11.0",
                                "$": "720"
                            },
                            {
                                "D": "SSW",
                                "G": "14",
                                "H": "62.0",
                                "P": "1018",
                                "S": "7",
                                "T": "19.3",
                                "V": "50000",
                                "W": "8",
                                "Pt": "F",
                                "Dp": "11.9",
                                "$": "780"
                            },
                            {
                                "D": "SW",
                                "G": "13",
                                "H": "62.5",
                                "P": "1018",
                                "S": "6",
                                "T": "19.5",
                                "V": "50000",
                                "W": "8",
                                "Pt": "F",
                                "Dp": "12.2",
                                "$": "840"
                            },
                            {
                                "D": "SW",
                                "G": "16",
                                "H": "71.2",
                                "P": "1018",
                                "S": "11",
                                "T": "18.9",
                                "V": "40000",
                                "W": "8",
                                "Pt": "F",
                                "Dp": "13.6",
                                "$": "900"
                            },
                            {
                                "D": "SSW",
                                "G": "15",
                                "H": "72.5",
                                "P": "1018",
                                "S": "5",
                                "T": "18.6",
                                "V": "35000",
                                "W": "8",
                                "Pt": "F",
                                "Dp": "13.6",
                                "$": "960"
                            }
                        ]
                    }
                ]
            }
        }
    }
}