{
    "SiteRep": {
        "Wx": {
            "Param": [
                {
                    "name": "G",
                    "units": "mph",
                    "$": "Wind Gust"
                },
                {
                    "name": "T",
                    "units": "C",
                    "$": "Temperature"
                },
                {
                    "name": "V",
                    "units": "m",
                    "$": "Visibility"
                },
                {
                    "name": "D",
                    "units": "compass",
                    "$": "Wind Direction"
                },
                {
                    "name": "S",
                    "units": "mph",
                    "$": "Wind Speed"
                },
                {
                    "name": "W",
                    "units": "",
                    "$": "Weather Type"
                },
                {
                    "name": "P",
                    "units": "hpa",
                    "$": "Pressure"
                },
                {
                    "name": "Pt",
                    "units": "Pa/s",
                    "$": "Pressure Tendency"
                },
                {
                    "name": "Dp",
                    "units": "C",
                    "$": "Dew Point"
                },
                {
                    "name": "H",
                    "units": "%",
                    "$": "Screen Relative Humidity"
                }
            ]
        },
        "DV": {
            "dataDate": "2024-01-10T16:00:00Z",
            "type": "Obs",
            "Location": {
                "i": "3772",
                "lat": "51.479",
                "lon": "-0.449",
                "name": "HEATHROW",
                "country": "ENGLAND",
                "continent": "EUROPE",
                "elevation": "25.0",
                "Period": [
                    {
                        "type": "Day",
                        "value": "2024-01-09Z",
                        "Rep": [
                            {
                                "D": "NE",
                                "G": "25",
                                "H": "64.6",
                                "P": "1030",
                                "S": "15",
                                "T": "3.3",
                                "V": "30000",
                                "W": "0",
                                "Pt": "F",
                                "Dp": "-2.6",
                                "$": "960"
                            },
                            {
                                "D": "NE",
                                "G": "21",
                                "H": "63.4",
                                "P": "1030",
                                "S": "10",
                                "T": "2.6",
                                "V": "30000",
                                "W": "0",
                                "Pt": "F",
                                "Dp": "-3.5",
                                "$": "1020"
                            },
                            {
                                "D": "NNE",
                                "G": "23",
                                "H": "64.2",
                                "P": "1030",
                                "S": "13",
                                "T": "2.0",
                                "V": "35000",
                                "W": "0",
                                "Pt": "F",
                                "Dp": "-3.9",
                                "$": "1080"
                            },
                            {
                                "D": "NE",
                                "G": "25",
                                "H": "66.2",
                                "P": "1030",
                                "S": "11",
                                "T": "1.9",
                                "V": "30000",
                                "W": "0",
                                "Pt": "R",
                                "Dp": "-3.6",
                                "$": "1140"
                            },
                            {
                                "D": "NE",
                                "G": "21",
                                "H": "68.7",
                                "P": "1030",
                                "S": "11",
                                "T": "1.8",
                                "V": "30000",
                                "W": "0",
                                "Pt": "F",
                                "Dp": "-3.2",
                                "$": "1200"
                            },
                            {
                                "D": "NE",
                                "G": "25",
                                "H": "71.0",
                                "P": "1030",
                                "S": "13",
                                "T": "1.8",
                                "V": "26000",
                                "W": "0",
                                "Pt": "F",
                                "Dp": "-2.8",
                                "$": "1260"
                            },
                            {
                                "D": "NE",
                                "G": "23",
                                "H": "69.8",
                                "P": "1030",
                                "S": "11",
                                "T": "1.7",
                                "V": "27000",
                                "W": "0",
                                "Pt": "F",
                                "Dp": "-3.1",
                                "$": "1320"
                            },
                            {
                                "D": "NE",
                                "G": "22",
                                "H": "70.8",
                                "P": "1030",
                                "S": "10",
                                "T": "1.6",
                                "V": "26000",
                                "W": "0",
                                "Pt": "S",
                                "Dp": "-3.0",
                                "$": "1380"
                            }
                        ]
                    },
                    {
                        "type": "Day",
                        "value": "2024-01-10Z",
                        "Rep": [
                            {
                                "D": "NE",
                                "G": "19",
                                "H": "72.0",
                                "P": "1030",
                                "S": "10",
                                "T": "1.5",
                                "V": "25000",
                                "W": "8",
                                "Pt": "S",
                                "Dp": "-2.9",
                                "$": "0"
                            },
                            {
                                "D": "NE",
                                "G": "16",
                                "H": "73.1",
                                "P": "1029",
                                "S": "9",
                                "T": "1.4",
                                "V": "30000",
                                "W": "2",
                                "Pt": "F",
                                "Dp": "-2.8",
                                "$": "60"
                            },
                            {
                                "D": "NE",
                                "G": "19",
                                "H": "71.6",
                                "P": "1029",
                                "S": "11",
                                "T": "1.2",
                                "V": "30000",
                                "W": "0",
                                "Pt": "F",
                                "Dp": "-2.9",
                                "$": "120"
                            },
                            {
                                "D": "NE",
                                "G": "18",
                                "H": "72.6",
                                "P": "1029",
                                "S": "10",
                                "T": "1.0",
                                "V": "30000",
                                "W": "0",
                                "Pt": "F",
                                "Dp": "-2.9",
                                "$": "180"
                            },
                            {
                                "D": "NNE",
                                "G": "17",
                                "H": "75.0",
                                "P": "1029",
                                "S": "7",
                                "T": "0.9",
                                "V": "30000",
                                "W": "0",
                                "Pt": "F",
                                "Dp": "-2.6",
                                "$": "240"
                            },
                            {
                                "D": "NNE",
                                "G": "16",
                                "H": "74.1",
                                "P": "1029",
                                "S": "9",
                                "T": "0.0",
                                "V": "30000",
                                "W": "0",
                                "Pt": "F",
                                "Dp": "-3.5",
                                "$": "300"
                            },
                            {
                                "D": "NNE",
                                "G": "15",
                                "H": "71.3",
                                "P": "1029",
                                "S": "8",
                                "T": "0.2",
                                "V": "35000",
                                "W": "0",
                                "Pt": "F",
                                "Dp": "-3.8",
                                "$": "360"
                            },
                            {
                                "D": "NNE",
                                "G": "19",
                                "H": "68.9",
                                "P": "1029",
                                "S": "10",
                                "T": "0.5",
                                "V": "35000",
                                "W": "0",
                                "Pt": "F",
                                "Dp": "-3.9",
                                "$": "420"
                            },
                            {
                                "D": "NNE",
                                "G": "19",
                                "H": "66.1",
                                "P": "1029",
                                "S": "10",
                                "T": "1.0",
                                "V": "35000",
                                "W": "0",
                                "Pt": "R",
                                "Dp": "-4.0",
                                "$": "480"
                            },
                            {
                                "D": "NNE",
                                "G": "19",
                                "H": "67.2",
                                "P": "1029",
                                "S": "13",
                                "T": "1.9",
                                "V": "35000",
                                "W": "1",
                                "Pt": "R",
                                "Dp": "-3.4",
                                "$": "540"
                            },
                            {
                                "D": "NNE",
                                "G": "23",
                                "H": "64.1",
                                "P": "1029",
                                "S": "14",
                                "T": "3.4",
                                "V": "30000",
                                "W": "1",
                                "Pt": "R",
                                "Dp": "-2.6",
                                "$": "600"
                            },
                            {
                                "D": "NE",
                                "G": "24",
                                "H": "61.5",
                                "P": "1029",
                                "S": "14",
                                "T": "4.2",
                                "V": "23000",
                                "W": "1",
                                "Pt": "R",
                                "Dp": "-2.4",
                                "$": "660"
                            },
                            {
                                "D": "NNE",
                                "G": "24",
                                "H": "58.8",
                                "P": "1029",
                                "S": "13",
                                "T": "4.7",
                                "V": "29000",
                                "W": "1",
                                "Pt": "S",
                                "Dp": "-2.5",
                                "$": "720"
                            },
                            {
                                "D": "NNE",
                                "G": "26",
                                "H": "54.0",
                                "P": "1028",
                                "S": "15",
                                "T": "5.4",
                                "V": "30000",
                                "W": "1",
                                "Pt": "F",
                                "Dp": "-3.0",
                                "$": "780"
                            },
                            {
                                "D": "NE",
                                "G": "25",
                                "H": "50.3",
                                "P": "1028",
                                "S": "13",
                                "T": "5.4",
                                "V": "40000",
                                "W": "1",
                                "Pt": "F",
                                "Dp": "-3.9",
                                "$": "840"
                            },
                            {
                                "D": "NNE",
                                "G": "26",
                                "H": "49.0",
                                "P": "1028",
                                "S": "13",
                                "T": "5.3",
                                "V": "45000",
                                "W": "1",
                                "Pt": "F",
                                "Dp": "-4.3",
                                "$": "900"
                            },
                            {
                                "D": "NNE",
                                "G": "22",
                                "H": "52.3",
                                "P": "1028",
                                "S": "11",
                                "T": "4.4",
                                "V": "45000",
                                "W": "0",
                                "Pt": "F",
                                "Dp": "-4.3",
                                "$": "960"
                            }
                        ]
                    }
                ]
            }
        }
    }
}