{
    "SiteRep": {
        "Wx": {
            "Param": [
                {
                    "name": "G",
                    "units": "mph",
                    "$": "Wind Gust"
                },
                {
                    "name": "T",
                    "units": "C",
                    "$": "Temperature"
                },
                {
                    "name": "V",
                    "units": "m",
                    "$": "Visibility"
                },
                {
                    "name": "D",
                    "units": "compass",
                    "$": "Wind Direction"
                },
                {
                    "name": "S",
                    "units": "mph",
                    "$": "Wind Speed"
                },
                {
                    "name": "W",
                    "units": "",
                    "$": "Weather Type"
                },
                {
                    "name": "P",
                    "units": "hpa",
                    "$": "Pressure"
                },
                {
                    "name": "Pt",
                    "units": "Pa/s",
                    "$": "Pressure Tendency"
                },
                {
                    "name": "Dp",
                    "units": "C",
                    "$": "Dew Point"
                },
                {
                    "name": "H",
                    "units": "%",
                    "$": "Screen Relative Humidity"
                }
            ]
        },
        "DV": {
            "dataDate": "2024-04-11T16:00:00Z",
            "type": "Obs",
            "Location": {
                "i": "3772",
                "lat": "51.479",
                "lon": "-0.449",
                "name": "HEATHROW",
                "country": "ENGLAND",
                "continent": "EUROPE",
                "elevation": "25.0",
                "Period": [
                    {
                        "type": "Day",
                        "value": "2024-04-10Z",
                        "Rep": [
                            {
                                "D": "S",
                                "G": "22",
                                "H": "92.8",
                                "P": "1025",
                                "S": "14",
                                "T": "11.0",
                                "V": "6000",
                                "W": "11",
                                "Pt": "F",
                                "Dp": "9.9",
                                "$": "960"
                            },
                            {
                                "D": "SSW",
                                "G": "26",
                                "H": "89.8",
                                "P": "1025",
                                "S": "17",
                                "T": "11.5",
                                "V": "60000",
                                "W": "8",
                                "Pt": "F",
                                "Dp": "9.9",
                                "$": "1020"
                            },
                            {
                                "D": "SSW",
                                "G": "28",
                                "H": "90.5",
                                "P": "1025",
                                "S": "18",
                                "T": "11.7",
                                "V": "45000",
                                "W": "8",
                                "Pt": "F",
                                "Dp": "10.2",
                                "$": "1080"
                            },
                            {
                                "D": "SSW",
                                "G": "26",
                                "H": "92.3",
                                "P": "1024",
                                "S": "15",
                                "T": "11.7",
                                "V": "40000",
                                "W": "8",
                                "Pt": "F",
                                "Dp": "10.5",
                                "$": "1140"
                            },
                            {
                                "D": "SSW",
                                "G": "24",
                                "H": "92.3",
                                "P": "1025",
                                "S": "14",
                                "T": "12.1",
                                "V": "60000",
                                "W": "8",
                                "Pt": "F",
                                "Dp": "10.9",
                                "$": "1200"
                            },
                            {
                                "D": "SSW",
                                "G": "22",
                                "H": "92.2",
                                "P": "1025",
                                "S": "13",
                                "T": "12.3",
                                "V": "30000",
                                "W": "8",
                                "Pt": "R",
                                "Dp": "11.1",
                                "$": "1260"
                            },
                            {
                                "D": "SSW",
                                "G": "23",
                                "H": "91.1",
                                "P": "1025",
                                "S": "16",
                                "T": "12.7",
                                "V": "35000",
                                "W": "8",
                                "Pt": "R",
                                "Dp": "11.3",
                                "$": "1320"
                            },
                            {
                                "D": "SSW",
                                "G": "24",
                                "H": "92.3",
                                "P": "1025",
                                "S": "16",
                                "T": "12.6",
                                "V": "30000",
                                "W": "8",
                                "Pt": "R",
                                "Dp": "11.4",
                                "$": "1380"
                            }
                        ]
                    },
                    {
                        "type": "Day",
                        "value": "2024-04-11Z",
                        "Rep": [
                            {
                                "D": "SW",
                                "G": "23",
                                "H": "92.3",
                                "P": "1026",
                                "S": "13",
                                "T": "12.7",
                                "V": "29000",
                                "W": "8",
                                "Pt": "R",
                                "Dp": "11.5",
                                "$": "0"
                            },
                            {
                                "D": "SSW",
                                "G": "18",
                                "H": "91.1",
                                "P": "1025",
                                "S": "13",
                                "T": "12.9",
                                "V": "30000",
                                "W": "8",
                                "Pt": "R",
                                "Dp": "11.5",
                                "$": "60"
                            },
                            {
                                "D": "SW",
                                "G": "16",
                                "H": "91.1",
                                "P": "1025",
                                "S": "11",
                                "T": "12.8",
                                "V": "40000",
                                "W": "8",
                                "Pt": "R",
                                "Dp": "11.4",
                                "$": "120"
                            },
                            {
                                "D": "SSW",
                                "G": "16",
                                "H": "89.9",
                                "P": "1025",
                                "S": "11",
                                "T": "12.8",
                                "V": "55000",
                                "W": "8",
                                "Pt": "F",
                                "Dp": "11.2",
                                "$": "180"
                            },
                            {
                                "D": "SW",
                                "G": "17",
                                "H": "91.7",
                                "P": "1026",
                                "S": "11",
                                "T": "12.7",
                                "V": "55000",
                                "W": "12",
                                "Pt": "R",
                                "Dp": "11.4",
                                "$": "240"
                            },
                            {
                                "D": "SSW",
                                "G": "19",
                                "H": "91.1",
                                "P": "1026",
                                "S": "11",
                                "T": "12.7",
                                "V": "50000",
                                "W": "8",
                                "Pt": "R",
                                "Dp": "11.3",
                                "$": "300"
                            },
                            {
                                "D": "SW",
                                "G": "19",
                                "H": "89.9",
                                "P": "1027",
                                "S": "13",
                                "T": "13.0",
                                "V": "28000",
                                "W": "8",
                                "Pt": "R",
                                "Dp": "11.4",
                                "$": "360"
                            },
                            {
                                "D": "WSW",
                                "G": "19",
                                "H": "89.9",
                                "P": "1028",
                                "S": "10",
                                "T": "13.3",
                                "V": "55000",
                                "W": "8",
                                "Pt": "R",
                                "Dp": "11.7",
                                "$": "420"
                            },
                            {
                                "D": "SSW",
                                "G": "15",
                                "H": "87.6",
                                "P": "1028",
                                "S": "9",
                                "T": "13.8",
                                "V": "75000",
                                "W": "8",
                                "Pt": "R",
                                "Dp": "11.8",
                                "$": "480"
                            },
                            {
                                "D": "SW",
                                "G": "18",
                                "H": "84.2",
                                "P": "1029",
                                "S": "13",
                                "T": "14.5",
                                "V": "75000",
                                "W": "8",
                                "Pt": "R",
                                "Dp": "11.9",
                                "$": "540"
                            },
                            {
                                "D": "WSW",
                                "G": "19",
                                "H": "81.5",
                                "P": "1030",
                                "S": "10",
                                "T": "15.2",
                                "V": "75000",
                                "W": "8",
                                "Pt": "R",
                                "Dp": "12.1",
                                "$": "600"
                            },
                            {
                                "D": "WSW",
                                "G": "17",
                                "H": "79.4",
                                "P": "1030",
                                "S": "11",
                                "T": "15.6",
                                "V": "75000",
                                "W": "8",
                                "Pt": "R",
                                "Dp": "12.1",
                                "$": "660"
                            },
                            {
                                "D": "SSW",
                                "G": "15",
                                "H": "75.9",
                                "P": "1030",
                                "S": "10",
                                "T": "16.7",
                                "V": "75000",
                                "W": "8",
                                "Pt": "R",
                                "Dp": "12.5",
                                "$": "720"
                            },
                            {
                                "D": "SSW",
                                "G": "16",
                                "H": "71.3",
                                "P": "1030",
                                "S": "8",
                                "T": "18.3",
                                "V": "75000",
                                "W": "8",
                                "Pt": "R",
                                "Dp": "13.1",
                                "$": "780"
                            },
                            {
                                "D": "WSW",
                                "G": "16",
                                "H": "70.8",
                                "P": "1030",
                                "S": "10",
                                "T": "18.1",
                                "V": "75000",
                                "W": "8",
                                "Pt": "F",
                                "Dp": "12.8",
                                "$": "840"
                            },
                            {
                                "D": "SW",
                                "G": "17",
                                "H": "67.7",
                                "P": "1029",
                                "S": "10",
                                "T": "18.7",
                                "V": "75000",
                                "W": "7",
                                "Pt": "F",
                                "Dp": "12.7",
                                "$": "900"
                            }
                        ]
                    }
                ]
            }
        }
    }
}