{
    "SiteRep": {
        "Wx": {
            "Param": [
                {
                    "name": "G",
                    "units": "mph",
                    "$": "Wind Gust"
                },
                {
                    "name": "T",
                    "units": "C",
                    "$": "Temperature"
                },
                {
                    "name": "V",
                    "units": "m",
                    "$": "Visibility"
                },
                {
                    "name": "D",
                    "units": "compass",
                    "$": "Wind Direction"
                },
                {
                    "name": "S",
                    "units": "mph",
                    "$": "Wind Speed"
                },
                {
                    "name": "W",
                    "units": "",
                    "$": "Weather Type"
                },
                {
                    "name": "P",
                    "units": "hpa",
                    "$": "Pressure"
                },
                {
                    "name": "Pt",
                    "units": "Pa/s",
                    "$": "Pressure Tendency"
                },
                {
                    "name": "Dp",
                    "units": "C",
                    "$": "Dew Point"
                },
                {
                    "name": "H",
                    "units": "%",
                    "$": "Screen Relative Humidity"
                }
            ]
        },
        "DV": {
            "dataDate": "2025-06-07T15:00:00Z",
            "type": "Obs",
            "Location": {
                "i": "3772",
                "lat": "51.479",
                "lon": "-0.449",
                "name": "HEATHROW",
                "country": "ENGLAND",
                "continent": "EUROPE",
                "elevation": "25.0",
                "Period": [
                    {
                        "type": "Day",
                        "value": "2025-06-06Z",
                        "Rep": [
                            {
                                "D": "W",
                                "G": "29",
                                "H": "35.8",
                                "P": "1007",
                                "S": "17",
                                "T": "20.5",
                                "V": "75000",
                                "W": "3",
                                "Pt": "R",
                                "Dp": "4.9",
                                "$": "960"
                            },
                            {
                                "D": "W",
                                "G": "26",
                                "H": "40.7",
                                "P": "1007",
                                "S": "16",
                                "T": "19.1",
                                "V": "75000",
                                "W": "8",
                                "Pt": "R",
                                "Dp": "5.5",
                                "$": "1020"
                            },
                            {
                                "D": "W",
                                "G": "24",
                                "H": "44.2",
                                "P": "1007",
                                "S": "17",
                                "T": "17.9",
                                "V": "75000",
                                "W": "8",
                                "Pt": "R",
                                "Dp": "5.6",
                                "$": "1080"
                            },
                            {
                                "D": "W",
                                "G": "22",
                                "H": "49.7",
                                "P": "1008",
                                "S": "11",
                                "T": "16.9",
                                "V": "75000",
                                "W": "8",
                                "Pt": "R",
                                "Dp": "6.4",
                                "$": "1140"
                            },
                            {
                                "D": "WSW",
                                "G": "17",
                                "H": "52.3",
                                "P": "1008",
                                "S": "10",
                                "T": "16.0",
                                "V": "65000",
                                "W": "8",
                                "Pt": "R",
                                "Dp": "6.3",
                                "$": "1200"
                            },
                            {
                                "D": "W",
                                "G": "19",
                                "H": "54.9",
                                "P": "1008",
                                "S": "9",
                                "T": "15.5",
                                "V": "75000",
                                "W": "8",
                                "Pt": "R",
                                "Dp": "6.5",
                                "$": "1260"
                            },
                            {
                                "D": "SW",
                                "G": "18",
                                "H": "66.2",
                                "P": "1008",
                                "S": "13",
                                "T": "14.7",
                                "V": "40000",
                                "W": "8",
                                "Pt": "R",
                                "Dp": "8.5",
                                "$": "1320"
                            },
                            {
                                "D": "SW",
                                "G": "18",
                                "H": "74.1",
                                "P": "1008",
                                "S": "11",
                                "T": "13.6",
                                "V": "35000",
                                "W": "12",
                                "Pt": "R",
                                "Dp": "9.1",
                                "$": "1380"
                            }
                        ]
                    },
                    {
                        "type": "Day",
                        "value": "2025-06-07Z",
                        "Rep": [
                            {
                                "D": "SSW",
                                "G": "14",
                                "H": "81.3",
                                "P": "1007",
                                "S": "9",
                                "T": "12.8",
                                "V": "18000",
                                "W": "12",
                                "Pt": "F",
                                "Dp": "9.7",
                                "$": "0"
                            },
                            {
                                "D": "SSW",
                                "G": "13",
                                "H": "89.9",
                                "P": "1007",
                                "S": "8",
                                "T": "12.3",
                                "V": "12000",
                                "W": "12",
                                "Pt": "F",
                                "Dp": "10.7",
                                "$": "60"
                            },
                            {
                                "D": "S",
                                "G": "10",
                                "H": "92.9",
                                "P": "1007",
                                "S": "6",
                                "T": "12.1",
                                "V": "11000",
                                "W": "12",
                                "Pt": "F",
                                "Dp": "11.0",
                                "$": "120"
                            },
                            {
                                "D": "SSW",
                                "G": "11",
                                "H": "92.9",
                                "P": "1006",
                                "S": "8",
                                "T": "11.8",
                                "V": "14000",
                                "W": "12",
                                "Pt": "F",
                                "Dp": "10.7",
                                "$": "180"
                            },
                            {
                                "D": "SSW",
                                "G": "11",
                                "H": "93.5",
                                "P": "1006",
                                "S": "8",
                                "T": "11.4",
                                "V": "12000",
                                "W": "12",
                                "Pt": "F",
                                "Dp": "10.4",
                                "$": "240"
                            },
                            {
                                "D": "SSW",
                                "G": "10",
                                "H": "94.9",
                                "P": "1005",
                                "S": "7",
                                "T": "11.4",
                                "V": "30000",
                                "W": "12",
                                "Pt": "F",
                                "Dp": "10.6",
                                "$": "300"
                            },
                            {
                                "D": "SSW",
                                "G": "16",
                                "H": "92.3",
                                "P": "1005",
                                "S": "8",
                                "T": "11.9",
                                "V": "60000",
                                "W": "11",
                                "Pt": "F",
                                "Dp": "10.7",
                                "$": "360"
                            },
                            {
                                "D": "SW",
                                "G": "16",
                                "H": "88.1",
                                "P": "1006",
                                "S": "10",
                                "T": "12.5",
                                "V": "75000",
                                "W": "8",
                                "Pt": "F",
                                "Dp": "10.6",
                                "$": "420"
                            },
                            {
                                "D": "WSW",
                                "G": "18",
                                "H": "83.0",
                                "P": "1006",
                                "S": "11",
                                "T": "13.3",
                                "V": "75000",
                                "W": "8",
                                "Pt": "R",
                                "Dp": "10.5",
                                "$": "480"
                            },
                            {
                                "D": "WSW",
                                "G": "19",
                                "H": "75.5",
                                "P": "1006",
                                "S": "14",
                                "T": "15.3",
                                "V": "75000",
                                "W": "8",
                                "Pt": "R",
                                "Dp": "11.0",
                                "$": "540"
                            },
                            {
                                "D": "WSW",
                                "G": "24",
                                "H": "67.4",
                                "P": "1006",
                                "S": "11",
                                "T": "15.7",
                                "V": "75000",
                                "W": "8",
                                "Pt": "R",
                                "Dp": "9.7",
                                "$": "600"
                            },
                            {
                                "D": "WSW",
                                "G": "25",
                                "H": "67.7",
                                "P": "1006",
                                "S": "14",
                                "T": "15.1",
                                "V": "14000",
                                "W": "8",
                                "Pt": "R",
                                "Dp": "9.2",
                                "$": "660"
                            },
                            {
                                "D": "SW",
                                "G": "22",
                                "H": "57.7",
                                "P": "1006",
                                "S": "13",
                                "T": "17.3",
                                "V": "75000",
                                "W": "12",
                                "Pt": "R",
                                "Dp": "8.9",
                                "$": "720"
                            },
                            {
                                "D": "WSW",
                                "G": "22",
                                "H": "59.9",
                                "P": "1006",
                                "S": "13",
                                "T": "16.7",
                                "V": "75000",
                                "W": "8",
                                "Pt": "F",
                                "Dp": "8.9",
                                "$": "780"
                            },
                            {
                                "D": "SW",
                                "G": "18",
                                "H": "63.2",
                                "P": "1005",
                                "S": "10",
                                "T": "16.5",
                                "V": "50000",
                                "W": "11",
                                "Pt": "F",
                                "Dp": "9.5",
                                "$": "840"
                            },
                            {
                                "D": "SSW",
                                "G": "25",
                                "H": "87.2",
                                "P": "1005",
                                "S": "11",
                                "T": "14.8",
                                "V": "16000",
                                "W": "12",
                                "Pt": "F",
                                "Dp": "12.7",
                                "$": "900"
                            },
                            {
                                "D": "SSW",
                                "G": "21",
                                "H": "91.2",
                                "P": "1005",
                                "S": "11",
                                "T": "14.0",
                                "V": "5000",
                                "W": "12",
                                "Pt": "F",
                                "Dp": "12.6",
                                "$": "960"
                            }
                        ]
                    }
                ]
            }
        }
    }
}