{
    "SiteRep": {
        "Wx": {
            "Param": [
                {
                    "name": "G",
                    "units": "mph",
                    "$": "Wind Gust"
                },
                {
                    "name": "T",
                    "units": "C",
                    "$": "Temperature"
                },
                {
                    "name": "V",
                    "units": "m",
                    "$": "Visibility"
                },
                {
                    "name": "D",
                    "units": "compass",
                    "$": "Wind Direction"
                },
                {
                    "name": "S",
                    "units": "mph",
                    "$": "Wind Speed"
                },
                {
                    "name": "W",
                    "units": "",
                    "$": "Weather Type"
                },
                {
                    "name": "P",
                    "units": "hpa",
                    "$": "Pressure"
                },
                {
                    "name": "Pt",
                    "units": "Pa/s",
                    "$": "Pressure Tendency"
                },
                {
                    "name": "Dp",
                    "units": "C",
                    "$": "Dew Point"
                },
                {
                    "name": "H",
                    "units": "%",
                    "$": "Screen Relative Humidity"
                }
            ]
        },
        "DV": {
            "dataDate": "2025-05-30T15:00:00Z",
            "type": "Obs",
            "Location": {
                "i": "3772",
                "lat": "51.479",
                "lon": "-0.449",
                "name": "HEATHROW",
                "country": "ENGLAND",
                "continent": "EUROPE",
                "elevation": "25.0",
                "Period": [
                    {
                        "type": "Day",
                        "value": "2025-05-29Z",
                        "Rep": [
                            {
                                "D": "WSW",
                                "G": "26",
                                "H": "50.6",
                                "P": "1017",
                                "S": "15",
                                "T": "24.2",
                                "V": "75000",
                                "W": "8",
                                "Pt": "F",
                                "Dp": "13.4",
                                "$": "960"
                            },
                            {
                                "D": "SW",
                                "G": "28",
                                "H": "54.2",
                                "P": "1017",
                                "S": "16",
                                "T": "24.7",
                                "V": "50000",
                                "W": "7",
                                "Pt": "F",
                                "Dp": "14.9",
                                "$": "1020"
                            },
                            {
                                "D": "SSW",
                                "G": "26",
                                "H": "63.0",
                                "P": "1017",
                                "S": "14",
                                "T": "21.7",
                                "V": "40000",
                                "W": "7",
                                "Pt": "F",
                                "Dp": "14.4",
                                "$": "1080"
                            },
                            {
                                "D": "SSW",
                                "G": "22",
                                "H": "68.7",
                                "P": "1017",
                                "S": "14",
                                "T": "20.6",
                                "V": "45000",
                                "W": "3",
                                "Pt": "R",
                                "Dp": "14.7",
                                "$": "1140"
                            },
                            {
                                "D": "SSW",
                                "G": "24",
                                "H": "74.9",
                                "P": "1018",
                                "S": "15",
                                "T": "18.7",
                                "V": "35000",
                                "W": "3",
                                "Pt": "R",
                                "Dp": "14.2",
                                "$": "1200"
                            },
                            {
                                "D": "SSW",
                                "G": "22",
                                "H": "80.8",
                                "P": "1019",
                                "S": "13",
                                "T": "17.2",
                                "V": "28000",
                                "W": "0",
                                "Pt": "R",
                                "Dp": "13.9",
                                "$": "1260"
                            },
                            {
                                "D": "SSW",
                                "G": "19",
                                "H": "86.1",
                                "P": "1019",
                                "S": "13",
                                "T": "16.1",
                                "V": "23000",
                                "W": "0",
                                "Pt": "R",
                                "Dp": "13.8",
                                "$": "1320"
                            },
                            {
                                "D": "SW",
                                "G": "18",
                                "H": "87.8",
                                "P": "1019",
                                "S": "10",
                                "T": "15.7",
                                "V": "26000",
                                "W": "7",
                                "Pt": "R",
                                "Dp": "13.7",
                                "$": "1380"
                            }
                        ]
                    },
                    {
                        "type": "Day",
                        "value": "2025-05-30Z",
                        "Rep": [
                            {
                                "D": "SW",
                                "G": "15",
                                "H": "90.6",
                                "P": "1019",
                                "S": "7",
                                "T": "14.9",
                                "V": "27000",
                                "W": "2",
                                "Pt": "R",
                                "Dp": "13.4",
                                "$": "0"
                            },
                            {
                                "D": "SW",
                                "G": "14",
                                "H": "90.1",
                                "P": "1019",
                                "S": "9",
                                "T": "15.6",
                                "V": "35000",
                                "W": "8",
                                "Pt": "R",
                                "Dp": "14.0",
                                "$": "60"
                            },
                            {
                                "D": "SW",
                                "G": "15",
                                "H": "87.8",
                                "P": "1019",
                                "S": "13",
                                "T": "15.7",
                                "V": "40000",
                                "W": "8",
                                "Pt": "F",
                                "Dp": "13.7",
                                "$": "120"
                            },
                            {
                                "D": "WSW",
                                "G": "17",
                                "H": "86.1",
                                "P": "1019",
                                "S": "10",
                                "T": "15.6",
                                "V": "50000",
                                "W": "8",
                                "Pt": "F",
                                "Dp": "13.3",
                                "$": "180"
                            },
                            {
                                "D": "WSW",
                                "G": "17",
                                "H": "85.5",
                                "P": "1019",
                                "S": "13",
                                "T": "15.4",
                                "V": "55000",
                                "W": "8",
                                "Pt": "F",
                                "Dp": "13.0",
                                "$": "240"
                            },
                            {
                                "D": "SW",
                                "G": "16",
                                "H": "85.0",
                                "P": "1019",
                                "S": "11",
                                "T": "15.4",
                                "V": "55000",
                                "W": "8",
                                "Pt": "S",
                                "Dp": "12.9",
                                "$": "300"
                            },
                            {
                                "D": "SW",
                                "G": "21",
                                "H": "84.9",
                                "P": "1019",
                                "S": "14",
                                "T": "15.1",
                                "V": "55000",
                                "W": "8",
                                "Pt": "R",
                                "Dp": "12.6",
                                "$": "360"
                            },
                            {
                                "D": "SW",
                                "G": "18",
                                "H": "80.6",
                                "P": "1019",
                                "S": "11",
                                "T": "15.8",
                                "V": "75000",
                                "W": "8",
                                "Pt": "R",
                                "Dp": "12.5",
                                "$": "420"
                            },
                            {
                                "D": "SW",
                                "G": "17",
                                "H": "75.6",
                                "P": "1019",
                                "S": "10",
                                "T": "17.3",
                                "V": "75000",
                                "W": "8",
                                "Pt": "R",
                                "Dp": "13.0",
                                "$": "480"
                            },
                            {
                                "D": "SSW",
                                "G": "17",
                                "H": "65.0",
                                "P": "1019",
                                "S": "10",
                                "T": "19.5",
                                "V": "75000",
                                "W": "3",
                                "Pt": "R",
                                "Dp": "12.8",
                                "$": "540"
                            },
                            {
                                "D": "WSW",
                                "G": "21",
                                "H": "60.3",
                                "P": "1019",
                                "S": "11",
                                "T": "20.9",
                                "V": "75000",
                                "W": "7",
                                "Pt": "F",
                                "Dp": "13.0",
                                "$": "600"
                            },
                            {
                                "D": "SW",
                                "G": "17",
                                "H": "53.0",
                                "P": "1018",
                                "S": "11",
                                "T": "23.0",
                                "V": "75000",
                                "W": "3",
                                "Pt": "F",
                                "Dp": "13.0",
                                "$": "660"
                            },
                            {
                                "D": "WSW",
                                "G": "19",
                                "H": "50.3",
                                "P": "1018",
                                "S": "13",
                                "T": "24.3",
                                "V": "75000",
                                "W": "7",
                                "Pt": "F",
                                "Dp": "13.4",
                                "$": "720"
                            },
                            {
                                "D": "SW",
                                "G": "17",
                                "H": "45.9",
                                "P": "1018",
                                "S": "11",
                                "T": "24.5",
                                "V": "65000",
                                "W": "3",
                                "Pt": "F",
                                "Dp": "12.2",
                                "$": "780"
                            },
                            {
                                "D": "WSW",
                                "G": "18",
                                "H": "45.7",
                                "P": "1018",
                                "S": "11",
                                "T": "24.0",
                                "V": "65000",
                                "W": "3",
                                "Pt": "F",
                                "Dp": "11.7",
                                "$": "840"
                            },
                            {
                                "D": "SW",
                                "G": "19",
                                "H": "49.2",
                                "P": "1018",
                                "S": "10",
                                "T": "23.8",
                                "V": "75000",
                                "W": "8",
                                "Pt": "F",
                                "Dp": "12.6",
                                "$": "900"
                            },
                            {
                                "D": "WSW",
                                "G": "19",
                                "H": "49.2",
                                "P": "1018",
                                "S": "10",
                                "T": "23.9",
                                "V": "65000",
                                "W": "7",
                                "Pt": "F",
                                "Dp": "12.7",
                                "$": "960"
                            }
                        ]
                    }
                ]
            }
        }
    }
}