{
    "SiteRep": {
        "Wx": {
            "Param": [
                {
                    "name": "G",
                    "units": "mph",
                    "$": "Wind Gust"
                },
                {
                    "name": "T",
                    "units": "C",
                    "$": "Temperature"
                },
                {
                    "name": "V",
                    "units": "m",
                    "$": "Visibility"
                },
                {
                    "name": "D",
                    "units": "compass",
                    "$": "Wind Direction"
                },
                {
                    "name": "S",
                    "units": "mph",
                    "$": "Wind Speed"
                },
                {
                    "name": "W",
                    "units": "",
                    "$": "Weather Type"
                },
                {
                    "name": "P",
                    "units": "hpa",
                    "$": "Pressure"
                },
                {
                    "name": "Pt",
                    "units": "Pa/s",
                    "$": "Pressure Tendency"
                },
                {
                    "name": "Dp",
                    "units": "C",
                    "$": "Dew Point"
                },
                {
                    "name": "H",
                    "units": "%",
                    "$": "Screen Relative Humidity"
                }
            ]
        },
        "DV": {
            "dataDate": "2025-07-25T15:00:00Z",
            "type": "Obs",
            "Location": {
                "i": "3772",
                "lat": "51.479",
                "lon": "-0.449",
                "name": "HEATHROW",
                "country": "ENGLAND",
                "continent": "EUROPE",
                "elevation": "25.0",
                "Period": [
                    {
                        "type": "Day",
                        "value": "2025-07-24Z",
                        "Rep": [
                            {
                                "D": "N",
                                "G": "16",
                                "H": "82.6",
                                "P": "1018",
                                "S": "9",
                                "T": "18.3",
                                "V": "17000",
                                "W": "8",
                                "Pt": "R",
                                "Dp": "15.3",
                                "$": "960"
                            },
                            {
                                "D": "N",
                                "G": "17",
                                "H": "75.5",
                                "P": "1018",
                                "S": "10",
                                "T": "19.3",
                                "V": "17000",
                                "W": "8",
                                "Pt": "R",
                                "Dp": "14.9",
                                "$": "1020"
                            },
                            {
                                "D": "NNW",
                                "G": "16",
                                "H": "72.7",
                                "P": "1018",
                                "S": "7",
                                "T": "19.9",
                                "V": "16000",
                                "W": "8",
                                "Pt": "R",
                                "Dp": "14.9",
                                "$": "1080"
                            },
                            {
                                "D": "NNE",
                                "G": "15",
                                "H": "69.9",
                                "P": "1018",
                                "S": "7",
                                "T": "19.7",
                                "V": "25000",
                                "W": "8",
                                "Pt": "R",
                                "Dp": "14.1",
                                "$": "1140"
                            },
                            {
                                "D": "NNE",
                                "G": "16",
                                "H": "68.9",
                                "P": "1018",
                                "S": "6",
                                "T": "19.4",
                                "V": "30000",
                                "W": "8",
                                "Pt": "R",
                                "Dp": "13.6",
                                "$": "1200"
                            },
                            {
                                "D": "N",
                                "G": "11",
                                "H": "71.6",
                                "P": "1019",
                                "S": "5",
                                "T": "18.9",
                                "V": "30000",
                                "W": "8",
                                "Pt": "R",
                                "Dp": "13.7",
                                "$": "1260"
                            },
                            {
                                "D": "WNW",
                                "G": "11",
                                "H": "73.4",
                                "P": "1019",
                                "S": "3",
                                "T": "18.4",
                                "V": "27000",
                                "W": "8",
                                "Pt": "R",
                                "Dp": "13.6",
                                "$": "1320"
                            },
                            {
                                "D": "NW",
                                "G": "8",
                                "H": "75.2",
                                "P": "1020",
                                "S": "3",
                                "T": "17.7",
                                "V": "27000",
                                "W": "7",
                                "Pt": "R",
                                "Dp": "13.3",
                                "$": "1380"
                            }
                        ]
                    },
                    {
                        "type": "Day",
                        "value": "2025-07-25Z",
                        "Rep": [
                            {
                                "D": "NNE",
                                "G": "6",
                                "H": "73.3",
                                "P": "1020",
                                "S": "3",
                                "T": "17.9",
                                "V": "29000",
                                "W": "8",
                                "Pt": "R",
                                "Dp": "13.1",
                                "$": "0"
                            },
                            {
                                "D": "NNW",
                                "G": "10",
                                "H": "73.2",
                                "P": "1019",
                                "S": "3",
                                "T": "17.7",
                                "V": "30000",
                                "W": "8",
                                "Pt": "S",
                                "Dp": "12.9",
                                "$": "60"
                            },
                            {
                                "D": "N",
                                "G": "10",
                                "H": "76.1",
                                "P": "1019",
                                "S": "3",
                                "T": "17.2",
                                "V": "30000",
                                "W": "8",
                                "Pt": "F",
                                "Dp": "13.0",
                                "$": "120"
                            },
                            {
                                "D": "N",
                                "G": "7",
                                "H": "78.2",
                                "P": "1019",
                                "S": "2",
                                "T": "17.0",
                                "V": "29000",
                                "W": "8",
                                "Pt": "F",
                                "Dp": "13.2",
                                "$": "180"
                            },
                            {
                                "D": "NNW",
                                "G": "7",
                                "H": "78.7",
                                "P": "1019",
                                "S": "5",
                                "T": "17.1",
                                "V": "29000",
                                "W": "8",
                                "Pt": "F",
                                "Dp": "13.4",
                                "$": "240"
                            },
                            {
                                "D": "N",
                                "G": "6",
                                "H": "82.3",
                                "P": "1019",
                                "S": "2",
                                "T": "16.1",
                                "V": "25000",
                                "W": "1",
                                "Pt": "F",
                                "Dp": "13.1",
                                "$": "300"
                            },
                            {
                                "D": "WNW",
                                "G": "3",
                                "H": "80.8",
                                "P": "1019",
                                "S": "1",
                                "T": "17.3",
                                "V": "28000",
                                "W": "1",
                                "Pt": "F",
                                "Dp": "14.0",
                                "$": "360"
                            },
                            {
                                "D": "NNW",
                                "G": "3",
                                "H": "69.8",
                                "P": "1019",
                                "S": "1",
                                "T": "19.4",
                                "V": "30000",
                                "W": "1",
                                "Pt": "R",
                                "Dp": "13.8",
                                "$": "420"
                            },
                            {
                                "D": "WNW",
                                "G": "5",
                                "H": "61.5",
                                "P": "1020",
                                "S": "2",
                                "T": "21.0",
                                "V": "28000",
                                "W": "1",
                                "Pt": "R",
                                "Dp": "13.4",
                                "$": "480"
                            },
                            {
                                "D": "N",
                                "G": "7",
                                "H": "57.9",
                                "P": "1019",
                                "S": "3",
                                "T": "22.2",
                                "V": "28000",
                                "W": "1",
                                "Pt": "R",
                                "Dp": "13.6",
                                "$": "540"
                            },
                            {
                                "D": "N",
                                "G": "11",
                                "H": "53.0",
                                "P": "1019",
                                "S": "5",
                                "T": "24.2",
                                "V": "26000",
                                "W": "1",
                                "Pt": "F",
                                "Dp": "14.1",
                                "$": "600"
                            },
                            {
                                "D": "SW",
                                "G": "13",
                                "H": "51.9",
                                "P": "1019",
                                "S": "8",
                                "T": "23.9",
                                "V": "21000",
                                "W": "7",
                                "Pt": "F",
                                "Dp": "13.5",
                                "$": "660"
                            },
                            {
                                "D": "WSW",
                                "G": "15",
                                "H": "51.4",
                                "P": "1019",
                                "S": "7",
                                "T": "24.7",
                                "V": "22000",
                                "W": "8",
                                "Pt": "F",
                                "Dp": "14.1",
                                "$": "720"
                            },
                            {
                                "D": "WSW",
                                "G": "16",
                                "H": "51.1",
                                "P": "1018",
                                "S": "10",
                                "T": "24.9",
                                "V": "23000",
                                "W": "8",
                                "Pt": "F",
                                "Dp": "14.2",
                                "$": "780"
                            },
                            {
                                "D": "SW",
                                "G": "17",
                                "H": "47.0",
                                "P": "1018",
                                "S": "11",
                                "T": "26.3",
                                "V": "24000",
                                "W": "8",
                                "Pt": "F",
                                "Dp": "14.2",
                                "$": "840"
                            },
                            {
                                "D": "SW",
                                "G": "18",
                                "H": "49.0",
                                "P": "1018",
                                "S": "7",
                                "T": "25.5",
                                "V": "22000",
                                "W": "8",
                                "Pt": "F",
                                "Dp": "14.1",
                                "$": "900"
                            },
                            {
                                "D": "SW",
                                "G": "19",
                                "H": "46.6",
                                "P": "1017",
                                "S": "10",
                                "T": "26.0",
                                "V": "25000",
                                "W": "7",
                                "Pt": "F",
                                "Dp": "13.8",
                                "$": "960"
                            }
                        ]
                    }
                ]
            }
        }
    }
}