{
    "SiteRep": {
        "Wx": {
            "Param": [
                {
                    "name": "G",
                    "units": "mph",
                    "$": "Wind Gust"
                },
                {
                    "name": "T",
                    "units": "C",
                    "$": "Temperature"
                },
                {
                    "name": "V",
                    "units": "m",
                    "$": "Visibility"
                },
                {
                    "name": "D",
                    "units": "compass",
                    "$": "Wind Direction"
                },
                {
                    "name": "S",
                    "units": "mph",
                    "$": "Wind Speed"
                },
                {
                    "name": "W",
                    "units": "",
                    "$": "Weather Type"
                },
                {
                    "name": "P",
                    "units": "hpa",
                    "$": "Pressure"
                },
                {
                    "name": "Pt",
                    "units": "Pa/s",
                    "$": "Pressure Tendency"
                },
                {
                    "name": "Dp",
                    "units": "C",
                    "$": "Dew Point"
                },
                {
                    "name": "H",
                    "units": "%",
                    "$": "Screen Relative Humidity"
                }
            ]
        },
        "DV": {
            "dataDate": "2025-06-02T16:00:00Z",
            "type": "Obs",
            "Location": {
                "i": "3772",
                "lat": "51.479",
                "lon": "-0.449",
                "name": "HEATHROW",
                "country": "ENGLAND",
                "continent": "EUROPE",
                "elevation": "25.0",
                "Period": [
                    {
                        "type": "Day",
                        "value": "2025-06-01Z",
                        "Rep": [
                            {
                                "D": "W",
                                "G": "26",
                                "H": "42.7",
                                "P": "1013",
                                "S": "14",
                                "T": "20.4",
                                "V": "55000",
                                "W": "8",
                                "Pt": "F",
                                "Dp": "7.4",
                                "$": "960"
                            },
                            {
                                "D": "WSW",
                                "G": "21",
                                "H": "44.0",
                                "P": "1012",
                                "S": "13",
                                "T": "19.8",
                                "V": "60000",
                                "W": "8",
                                "Pt": "F",
                                "Dp": "7.3",
                                "$": "1020"
                            },
                            {
                                "D": "WSW",
                                "G": "23",
                                "H": "42.9",
                                "P": "1012",
                                "S": "15",
                                "T": "20.3",
                                "V": "55000",
                                "W": "8",
                                "Pt": "F",
                                "Dp": "7.4",
                                "$": "1080"
                            },
                            {
                                "D": "W",
                                "G": "22",
                                "H": "46.6",
                                "P": "1013",
                                "S": "15",
                                "T": "19.0",
                                "V": "55000",
                                "W": "8",
                                "Pt": "R",
                                "Dp": "7.4",
                                "$": "1140"
                            },
                            {
                                "D": "WSW",
                                "G": "18",
                                "H": "57.2",
                                "P": "1013",
                                "S": "13",
                                "T": "17.7",
                                "V": "45000",
                                "W": "8",
                                "Pt": "R",
                                "Dp": "9.2",
                                "$": "1200"
                            },
                            {
                                "D": "WSW",
                                "G": "18",
                                "H": "63.0",
                                "P": "1014",
                                "S": "10",
                                "T": "16.5",
                                "V": "45000",
                                "W": "8",
                                "Pt": "R",
                                "Dp": "9.5",
                                "$": "1260"
                            },
                            {
                                "D": "SW",
                                "G": "15",
                                "H": "69.5",
                                "P": "1014",
                                "S": "9",
                                "T": "15.3",
                                "V": "45000",
                                "W": "0",
                                "Pt": "R",
                                "Dp": "9.8",
                                "$": "1320"
                            },
                            {
                                "D": "WSW",
                                "G": "15",
                                "H": "72.8",
                                "P": "1014",
                                "S": "8",
                                "T": "15.0",
                                "V": "45000",
                                "W": "8",
                                "Pt": "R",
                                "Dp": "10.2",
                                "$": "1380"
                            }
                        ]
                    },
                    {
                        "type": "Day",
                        "value": "2025-06-02Z",
                        "Rep": [
                            {
                                "D": "WSW",
                                "G": "13",
                                "H": "75.1",
                                "P": "1015",
                                "S": "8",
                                "T": "13.9",
                                "V": "40000",
                                "W": "8",
                                "Pt": "R",
                                "Dp": "9.6",
                                "$": "0"
                            },
                            {
                                "D": "W",
                                "G": "13",
                                "H": "76.6",
                                "P": "1015",
                                "S": "8",
                                "T": "13.7",
                                "W": "8",
                                "Pt": "R",
                                "Dp": "9.7",
                                "$": "60"
                            },
                            {
                                "D": "W",
                                "G": "11",
                                "H": "81.8",
                                "P": "1015",
                                "S": "5",
                                "T": "12.8",
                                "V": "30000",
                                "W": "7",
                                "Pt": "R",
                                "Dp": "9.8",
                                "$": "120"
                            },
                            {
                                "D": "WNW",
                                "G": "9",
                                "H": "82.4",
                                "P": "1015",
                                "S": "5",
                                "T": "12.9",
                                "V": "30000",
                                "W": "7",
                                "Pt": "R",
                                "Dp": "10.0",
                                "$": "180"
                            },
                            {
                                "D": "WNW",
                                "G": "9",
                                "H": "83.5",
                                "P": "1016",
                                "S": "6",
                                "T": "12.4",
                                "V": "35000",
                                "W": "7",
                                "Pt": "R",
                                "Dp": "9.7",
                                "$": "240"
                            },
                            {
                                "D": "WNW",
                                "G": "8",
                                "H": "82.2",
                                "P": "1016",
                                "S": "6",
                                "T": "11.9",
                                "V": "35000",
                                "W": "1",
                                "Pt": "R",
                                "Dp": "9.0",
                                "$": "300"
                            },
                            {
                                "D": "WNW",
                                "G": "10",
                                "H": "71.0",
                                "P": "1017",
                                "S": "6",
                                "T": "13.0",
                                "V": "45000",
                                "W": "1",
                                "Pt": "R",
                                "Dp": "7.9",
                                "$": "360"
                            },
                            {
                                "D": "WNW",
                                "G": "14",
                                "H": "63.4",
                                "P": "1018",
                                "S": "9",
                                "T": "14.4",
                                "V": "45000",
                                "W": "1",
                                "Pt": "R",
                                "Dp": "7.6",
                                "$": "420"
                            },
                            {
                                "D": "NW",
                                "G": "15",
                                "H": "57.0",
                                "P": "1018",
                                "S": "7",
                                "T": "15.6",
                                "V": "50000",
                                "W": "1",
                                "Pt": "R",
                                "Dp": "7.2",
                                "$": "480"
                            },
                            {
                                "D": "NW",
                                "G": "15",
                                "H": "52.4",
                                "P": "1018",
                                "S": "8",
                                "T": "16.7",
                                "V": "50000",
                                "W": "3",
                                "Pt": "R",
                                "Dp": "7.0",
                                "$": "540"
                            },
                            {
                                "D": "W",
                                "G": "16",
                                "H": "46.4",
                                "P": "1018",
                                "S": "7",
                                "T": "17.5",
                                "V": "65000",
                                "W": "3",
                                "Pt": "R",
                                "Dp": "6.0",
                                "$": "600"
                            },
                            {
                                "D": "WNW",
                                "G": "15",
                                "H": "44.0",
                                "P": "1018",
                                "S": "7",
                                "T": "17.2",
                                "V": "50000",
                                "W": "8",
                                "Pt": "S",
                                "Dp": "5.0",
                                "$": "660"
                            },
                            {
                                "D": "W",
                                "G": "16",
                                "H": "34.6",
                                "P": "1018",
                                "S": "9",
                                "T": "17.9",
                                "V": "55000",
                                "W": "8",
                                "Pt": "F",
                                "Dp": "2.3",
                                "$": "720"
                            },
                            {
                                "D": "SW",
                                "G": "17",
                                "H": "30.5",
                                "P": "1017",
                                "S": "9",
                                "T": "19.7",
                                "V": "65000",
                                "W": "7",
                                "Pt": "F",
                                "Dp": "2.1",
                                "$": "780"
                            },
                            {
                                "D": "WSW",
                                "G": "18",
                                "H": "32.3",
                                "P": "1016",
                                "S": "8",
                                "T": "21.0",
                                "V": "60000",
                                "W": "3",
                                "Pt": "F",
                                "Dp": "4.0",
                                "$": "840"
                            },
                            {
                                "D": "WSW",
                                "G": "21",
                                "H": "32.8",
                                "P": "1016",
                                "S": "11",
                                "T": "21.0",
                                "V": "55000",
                                "W": "7",
                                "Pt": "F",
                                "Dp": "4.2",
                                "$": "900"
                            },
                            {
                                "D": "WSW",
                                "G": "18",
                                "H": "29.6",
                                "P": "1015",
                                "S": "13",
                                "T": "21.7",
                                "V": "55000",
                                "W": "7",
                                "Pt": "F",
                                "Dp": "3.4",
                                "$": "960"
                            }
                        ]
                    }
                ]
            }
        }
    }
}