{
    "SiteRep": {
        "Wx": {
            "Param": [
                {
                    "name": "G",
                    "units": "mph",
                    "$": "Wind Gust"
                },
                {
                    "name": "T",
                    "units": "C",
                    "$": "Temperature"
                },
                {
                    "name": "V",
                    "units": "m",
                    "$": "Visibility"
                },
                {
                    "name": "D",
                    "units": "compass",
                    "$": "Wind Direction"
                },
                {
                    "name": "S",
                    "units": "mph",
                    "$": "Wind Speed"
                },
                {
                    "name": "W",
                    "units": "",
                    "$": "Weather Type"
                },
                {
                    "name": "P",
                    "units": "hpa",
                    "$": "Pressure"
                },
                {
                    "name": "Pt",
                    "units": "Pa/s",
                    "$": "Pressure Tendency"
                },
                {
                    "name": "Dp",
                    "units": "C",
                    "$": "Dew Point"
                },
                {
                    "name": "H",
                    "units": "%",
                    "$": "Screen Relative Humidity"
                }
            ]
        },
        "DV": {
            "dataDate": "2025-03-20T16:00:00Z",
            "type": "Obs",
            "Location": {
                "i": "3772",
                "lat": "51.479",
                "lon": "-0.449",
                "name": "HEATHROW",
                "country": "ENGLAND",
                "continent": "EUROPE",
                "elevation": "25.0",
                "Period": [
                    {
                        "type": "Day",
                        "value": "2025-03-19Z",
                        "Rep": [
                            {
                                "D": "S",
                                "G": "17",
                                "H": "51.1",
                                "P": "1019",
                                "S": "7",
                                "T": "16.0",
                                "V": "30000",
                                "W": "7",
                                "Pt": "F",
                                "Dp": "6.0",
                                "$": "960"
                            },
                            {
                                "D": "S",
                                "G": "15",
                                "H": "49.7",
                                "P": "1019",
                                "S": "10",
                                "T": "15.3",
                                "V": "55000",
                                "W": "8",
                                "Pt": "F",
                                "Dp": "5.0",
                                "$": "1020"
                            },
                            {
                                "D": "S",
                                "G": "13",
                                "H": "54.2",
                                "P": "1020",
                                "S": "7",
                                "T": "14.2",
                                "V": "55000",
                                "W": "8",
                                "Pt": "R",
                                "Dp": "5.2",
                                "$": "1080"
                            },
                            {
                                "D": "SSE",
                                "G": "11",
                                "H": "56.7",
                                "P": "1020",
                                "S": "7",
                                "T": "13.3",
                                "V": "55000",
                                "W": "8",
                                "Pt": "R",
                                "Dp": "5.0",
                                "$": "1140"
                            },
                            {
                                "D": "SSE",
                                "G": "11",
                                "H": "57.4",
                                "P": "1020",
                                "S": "6",
                                "T": "13.0",
                                "V": "60000",
                                "W": "8",
                                "Pt": "R",
                                "Dp": "4.9",
                                "$": "1200"
                            },
                            {
                                "D": "SE",
                                "G": "8",
                                "H": "60.6",
                                "P": "1020",
                                "S": "6",
                                "T": "12.4",
                                "V": "55000",
                                "W": "8",
                                "Pt": "R",
                                "Dp": "5.1",
                                "$": "1260"
                            },
                            {
                                "D": "SSE",
                                "G": "8",
                                "H": "62.7",
                                "P": "1020",
                                "S": "3",
                                "T": "12.1",
                                "V": "45000",
                                "W": "8",
                                "Pt": "R",
                                "Dp": "5.3",
                                "$": "1320"
                            },
                            {
                                "D": "ESE",
                                "G": "6",
                                "H": "68.3",
                                "P": "1020",
                                "S": "2",
                                "T": "10.3",
                                "V": "35000",
                                "W": "8",
                                "Pt": "S",
                                "Dp": "4.8",
                                "$": "1380"
                            }
                        ]
                    },
                    {
                        "type": "Day",
                        "value": "2025-03-20Z",
                        "Rep": [
                            {
                                "D": "N",
                                "G": "5",
                                "H": "71.8",
                                "P": "1021",
                                "S": "0",
                                "T": "10.0",
                                "V": "30000",
                                "W": "8",
                                "Pt": "R",
                                "Dp": "5.2",
                                "$": "0"
                            },
                            {
                                "D": "N",
                                "G": "3",
                                "H": "74.7",
                                "P": "1021",
                                "S": "2",
                                "T": "9.1",
                                "V": "24000",
                                "W": "2",
                                "Pt": "S",
                                "Dp": "4.9",
                                "$": "60"
                            },
                            {
                                "D": "NNE",
                                "G": "3",
                                "H": "78.3",
                                "P": "1021",
                                "S": "1",
                                "T": "8.1",
                                "V": "24000",
                                "W": "7",
                                "Pt": "R",
                                "Dp": "4.6",
                                "$": "120"
                            },
                            {
                                "D": "N",
                                "G": "3",
                                "H": "82.8",
                                "P": "1020",
                                "S": "0",
                                "T": "7.2",
                                "V": "24000",
                                "W": "8",
                                "Pt": "F",
                                "Dp": "4.5",
                                "$": "180"
                            },
                            {
                                "D": "N",
                                "G": "3",
                                "H": "81.7",
                                "P": "1020",
                                "S": "0",
                                "T": "7.4",
                                "V": "25000",
                                "W": "8",
                                "Pt": "F",
                                "Dp": "4.5",
                                "$": "240"
                            },
                            {
                                "D": "NE",
                                "G": "2",
                                "H": "83.4",
                                "P": "1020",
                                "S": "1",
                                "T": "7.9",
                                "V": "20000",
                                "W": "8",
                                "Pt": "F",
                                "Dp": "5.3",
                                "$": "300"
                            },
                            {
                                "D": "N",
                                "G": "3",
                                "H": "85.1",
                                "P": "1020",
                                "S": "0",
                                "T": "7.4",
                                "V": "20000",
                                "W": "0",
                                "Pt": "F",
                                "Dp": "5.1",
                                "$": "360"
                            },
                            {
                                "D": "N",
                                "G": "3",
                                "H": "82.2",
                                "P": "1020",
                                "S": "2",
                                "T": "7.8",
                                "V": "19000",
                                "W": "1",
                                "Pt": "F",
                                "Dp": "5.0",
                                "$": "420"
                            },
                            {
                                "D": "E",
                                "G": "3",
                                "H": "73.1",
                                "P": "1020",
                                "S": "2",
                                "T": "11.8",
                                "V": "18000",
                                "W": "1",
                                "Pt": "R",
                                "Dp": "7.2",
                                "$": "480"
                            },
                            {
                                "D": "ESE",
                                "G": "6",
                                "H": "63.7",
                                "P": "1020",
                                "S": "3",
                                "T": "14.2",
                                "V": "21000",
                                "W": "1",
                                "Pt": "R",
                                "Dp": "7.5",
                                "$": "540"
                            },
                            {
                                "D": "ESE",
                                "G": "7",
                                "H": "50.9",
                                "P": "1020",
                                "S": "3",
                                "T": "16.8",
                                "V": "30000",
                                "W": "7",
                                "Pt": "R",
                                "Dp": "6.7",
                                "$": "600"
                            },
                            {
                                "D": "ESE",
                                "G": "9",
                                "H": "48.6",
                                "P": "1020",
                                "S": "3",
                                "T": "18.5",
                                "V": "35000",
                                "W": "1",
                                "Pt": "F",
                                "Dp": "7.6",
                                "$": "660"
                            },
                            {
                                "D": "SE",
                                "G": "17",
                                "H": "45.5",
                                "P": "1019",
                                "S": "7",
                                "T": "19.2",
                                "V": "45000",
                                "W": "1",
                                "Pt": "F",
                                "Dp": "7.3",
                                "$": "720"
                            },
                            {
                                "D": "SSE",
                                "G": "16",
                                "H": "43.4",
                                "P": "1018",
                                "S": "5",
                                "T": "20.0",
                                "V": "55000",
                                "W": "1",
                                "Pt": "F",
                                "Dp": "7.3",
                                "$": "780"
                            },
                            {
                                "D": "E",
                                "G": "15",
                                "H": "44.2",
                                "P": "1018",
                                "S": "7",
                                "T": "19.7",
                                "V": "55000",
                                "W": "7",
                                "Pt": "F",
                                "Dp": "7.3",
                                "$": "840"
                            },
                            {
                                "D": "SSE",
                                "G": "17",
                                "H": "45.6",
                                "P": "1017",
                                "S": "9",
                                "T": "20.3",
                                "V": "50000",
                                "W": "3",
                                "Pt": "F",
                                "Dp": "8.3",
                                "$": "900"
                            },
                            {
                                "D": "S",
                                "G": "18",
                                "H": "44.1",
                                "P": "1017",
                                "S": "10",
                                "T": "19.6",
                                "V": "65000",
                                "W": "7",
                                "Pt": "F",
                                "Dp": "7.2",
                                "$": "960"
                            }
                        ]
                    }
                ]
            }
        }
    }
}