{
    "SiteRep": {
        "Wx": {
            "Param": [
                {
                    "name": "G",
                    "units": "mph",
                    "$": "Wind Gust"
                },
                {
                    "name": "T",
                    "units": "C",
                    "$": "Temperature"
                },
                {
                    "name": "V",
                    "units": "m",
                    "$": "Visibility"
                },
                {
                    "name": "D",
                    "units": "compass",
                    "$": "Wind Direction"
                },
                {
                    "name": "S",
                    "units": "mph",
                    "$": "Wind Speed"
                },
                {
                    "name": "W",
                    "units": "",
                    "$": "Weather Type"
                },
                {
                    "name": "P",
                    "units": "hpa",
                    "$": "Pressure"
                },
                {
                    "name": "Pt",
                    "units": "Pa/s",
                    "$": "Pressure Tendency"
                },
                {
                    "name": "Dp",
                    "units": "C",
                    "$": "Dew Point"
                },
                {
                    "name": "H",
                    "units": "%",
                    "$": "Screen Relative Humidity"
                }
            ]
        },
        "DV": {
            "dataDate": "2024-05-23T16:00:00Z",
            "type": "Obs",
            "Location": {
                "i": "3772",
                "lat": "51.479",
                "lon": "-0.449",
                "name": "HEATHROW",
                "country": "ENGLAND",
                "continent": "EUROPE",
                "elevation": "25.0",
                "Period": [
                    {
                        "type": "Day",
                        "value": "2024-05-22Z",
                        "Rep": [
                            {
                                "D": "SW",
                                "G": "18",
                                "H": "93.1",
                                "P": "1007",
                                "S": "9",
                                "T": "14.1",
                                "V": "3400",
                                "W": "15",
                                "Pt": "R",
                                "Dp": "13.0",
                                "$": "960"
                            },
                            {
                                "D": "SW",
                                "G": "18",
                                "H": "90.7",
                                "P": "1007",
                                "S": "14",
                                "T": "15.3",
                                "V": "18000",
                                "W": "8",
                                "Pt": "R",
                                "Dp": "13.8",
                                "$": "1020"
                            },
                            {
                                "D": "SW",
                                "G": "21",
                                "H": "90.7",
                                "P": "1007",
                                "S": "10",
                                "T": "15.2",
                                "V": "18000",
                                "W": "8",
                                "Pt": "R",
                                "Dp": "13.7",
                                "$": "1080"
                            },
                            {
                                "D": "WSW",
                                "G": "21",
                                "H": "90.1",
                                "P": "1008",
                                "S": "14",
                                "T": "14.9",
                                "V": "6000",
                                "W": "12",
                                "Pt": "R",
                                "Dp": "13.3",
                                "$": "1140"
                            },
                            {
                                "D": "WSW",
                                "G": "22",
                                "H": "90.1",
                                "P": "1008",
                                "S": "15",
                                "T": "14.1",
                                "V": "35000",
                                "W": "8",
                                "Pt": "R",
                                "Dp": "12.5",
                                "$": "1200"
                            },
                            {
                                "D": "WSW",
                                "G": "19",
                                "H": "90.6",
                                "P": "1009",
                                "S": "14",
                                "T": "13.9",
                                "V": "40000",
                                "W": "7",
                                "Pt": "R",
                                "Dp": "12.4",
                                "$": "1260"
                            },
                            {
                                "D": "WSW",
                                "G": "19",
                                "H": "89.3",
                                "P": "1009",
                                "S": "10",
                                "T": "13.3",
                                "V": "35000",
                                "W": "8",
                                "Pt": "R",
                                "Dp": "11.6",
                                "$": "1320"
                            },
                            {
                                "D": "SW",
                                "G": "17",
                                "H": "91.1",
                                "P": "1010",
                                "S": "10",
                                "T": "12.8",
                                "V": "25000",
                                "W": "8",
                                "Pt": "R",
                                "Dp": "11.4",
                                "$": "1380"
                            }
                        ]
                    },
                    {
                        "type": "Day",
                        "value": "2024-05-23Z",
                        "Rep": [
                            {
                                "D": "SW",
                                "G": "17",
                                "H": "93.0",
                                "P": "1010",
                                "S": "10",
                                "T": "12.5",
                                "V": "16000",
                                "W": "8",
                                "Pt": "R",
                                "Dp": "11.4",
                                "$": "0"
                            },
                            {
                                "D": "SW",
                                "G": "15",
                                "H": "92.3",
                                "P": "1010",
                                "S": "10",
                                "T": "12.6",
                                "V": "17000",
                                "W": "8",
                                "Pt": "R",
                                "Dp": "11.4",
                                "$": "60"
                            },
                            {
                                "D": "SW",
                                "G": "13",
                                "H": "93.6",
                                "P": "1011",
                                "S": "8",
                                "T": "12.3",
                                "V": "12000",
                                "W": "8",
                                "Pt": "R",
                                "Dp": "11.3",
                                "$": "120"
                            },
                            {
                                "D": "SW",
                                "G": "11",
                                "H": "94.2",
                                "P": "1011",
                                "S": "8",
                                "T": "12.2",
                                "V": "12000",
                                "W": "2",
                                "Pt": "R",
                                "Dp": "11.3",
                                "$": "180"
                            },
                            {
                                "D": "SW",
                                "G": "16",
                                "H": "91.8",
                                "P": "1011",
                                "S": "11",
                                "T": "12.4",
                                "V": "18000",
                                "W": "8",
                                "Pt": "R",
                                "Dp": "11.1",
                                "$": "240"
                            },
                            {
                                "D": "SSW",
                                "G": "16",
                                "H": "90.5",
                                "P": "1012",
                                "S": "9",
                                "T": "12.8",
                                "V": "21000",
                                "W": "8",
                                "Pt": "R",
                                "Dp": "11.3",
                                "$": "300"
                            },
                            {
                                "D": "W",
                                "G": "21",
                                "H": "84.2",
                                "P": "1012",
                                "S": "14",
                                "T": "13.1",
                                "V": "40000",
                                "W": "8",
                                "Pt": "R",
                                "Dp": "10.5",
                                "$": "360"
                            },
                            {
                                "D": "W",
                                "G": "21",
                                "H": "79.2",
                                "P": "1012",
                                "S": "14",
                                "T": "13.2",
                                "V": "60000",
                                "W": "8",
                                "Pt": "R",
                                "Dp": "9.7",
                                "$": "420"
                            },
                            {
                                "D": "W",
                                "G": "28",
                                "H": "73.0",
                                "P": "1013",
                                "S": "14",
                                "T": "13.4",
                                "V": "75000",
                                "W": "8",
                                "Pt": "R",
                                "Dp": "8.7",
                                "$": "480"
                            },
                            {
                                "D": "W",
                                "G": "23",
                                "H": "72.6",
                                "P": "1013",
                                "S": "16",
                                "T": "13.7",
                                "V": "75000",
                                "W": "8",
                                "Pt": "R",
                                "Dp": "8.9",
                                "$": "540"
                            },
                            {
                                "D": "W",
                                "G": "23",
                                "H": "70.9",
                                "P": "1013",
                                "S": "13",
                                "T": "15.0",
                                "V": "55000",
                                "W": "8",
                                "Pt": "R",
                                "Dp": "9.8",
                                "$": "600"
                            },
                            {
                                "D": "W",
                                "G": "22",
                                "H": "69.1",
                                "P": "1014",
                                "S": "14",
                                "T": "15.5",
                                "V": "75000",
                                "W": "8",
                                "Pt": "R",
                                "Dp": "9.9",
                                "$": "660"
                            },
                            {
                                "D": "WSW",
                                "G": "21",
                                "H": "63.7",
                                "P": "1014",
                                "S": "13",
                                "T": "17.2",
                                "V": "65000",
                                "W": "8",
                                "Pt": "R",
                                "Dp": "10.3",
                                "$": "720"
                            },
                            {
                                "D": "W",
                                "G": "19",
                                "H": "58.0",
                                "P": "1014",
                                "S": "13",
                                "T": "17.5",
                                "V": "55000",
                                "W": "8",
                                "Pt": "R",
                                "Dp": "9.2",
                                "$": "780"
                            },
                            {
                                "D": "W",
                                "G": "22",
                                "H": "56.1",
                                "P": "1014",
                                "S": "11",
                                "T": "17.9",
                                "V": "75000",
                                "W": "3",
                                "Pt": "F",
                                "Dp": "9.1",
                                "$": "840"
                            },
                            {
                                "D": "W",
                                "G": "25",
                                "H": "52.6",
                                "P": "1014",
                                "S": "13",
                                "T": "18.6",
                                "V": "65000",
                                "W": "7",
                                "Pt": "F",
                                "Dp": "8.8",
                                "$": "900"
                            },
                            {
                                "D": "W",
                                "G": "21",
                                "H": "54.4",
                                "P": "1014",
                                "S": "14",
                                "T": "18.6",
                                "V": "50000",
                                "W": "3",
                                "Pt": "F",
                                "Dp": "9.3",
                                "$": "960"
                            }
                        ]
                    }
                ]
            }
        }
    }
}