{
    "SiteRep": {
        "Wx": {
            "Param": [
                {
                    "name": "G",
                    "units": "mph",
                    "$": "Wind Gust"
                },
                {
                    "name": "T",
                    "units": "C",
                    "$": "Temperature"
                },
                {
                    "name": "V",
                    "units": "m",
                    "$": "Visibility"
                },
                {
                    "name": "D",
                    "units": "compass",
                    "$": "Wind Direction"
                },
                {
                    "name": "S",
                    "units": "mph",
                    "$": "Wind Speed"
                },
                {
                    "name": "W",
                    "units": "",
                    "$": "Weather Type"
                },
                {
                    "name": "P",
                    "units": "hpa",
                    "$": "Pressure"
                },
                {
                    "name": "Pt",
                    "units": "Pa/s",
                    "$": "Pressure Tendency"
                },
                {
                    "name": "Dp",
                    "units": "C",
                    "$": "Dew Point"
                },
                {
                    "name": "H",
                    "units": "%",
                    "$": "Screen Relative Humidity"
                }
            ]
        },
        "DV": {
            "dataDate": "2025-03-29T16:00:00Z",
            "type": "Obs",
            "Location": {
                "i": "3772",
                "lat": "51.479",
                "lon": "-0.449",
                "name": "HEATHROW",
                "country": "ENGLAND",
                "continent": "EUROPE",
                "elevation": "25.0",
                "Period": [
                    {
                        "type": "Day",
                        "value": "2025-03-28Z",
                        "Rep": [
                            {
                                "D": "WNW",
                                "G": "24",
                                "H": "33.7",
                                "P": "1011",
                                "S": "14",
                                "T": "13.5",
                                "V": "65000",
                                "W": "1",
                                "Pt": "R",
                                "Dp": "-2.0",
                                "$": "960"
                            },
                            {
                                "D": "NW",
                                "G": "24",
                                "H": "35.5",
                                "P": "1012",
                                "S": "13",
                                "T": "13.4",
                                "V": "60000",
                                "W": "7",
                                "Pt": "R",
                                "Dp": "-1.4",
                                "$": "1020"
                            },
                            {
                                "D": "WNW",
                                "G": "23",
                                "H": "35.2",
                                "P": "1013",
                                "S": "13",
                                "T": "11.8",
                                "V": "65000",
                                "W": "1",
                                "Pt": "R",
                                "Dp": "-2.9",
                                "$": "1080"
                            },
                            {
                                "D": "NW",
                                "G": "18",
                                "H": "42.8",
                                "P": "1014",
                                "S": "9",
                                "T": "10.1",
                                "V": "50000",
                                "W": "0",
                                "Pt": "R",
                                "Dp": "-1.8",
                                "$": "1140"
                            },
                            {
                                "D": "NW",
                                "G": "13",
                                "H": "47.9",
                                "P": "1015",
                                "S": "6",
                                "T": "8.9",
                                "V": "45000",
                                "W": "0",
                                "Pt": "R",
                                "Dp": "-1.4",
                                "$": "1200"
                            },
                            {
                                "D": "WNW",
                                "G": "13",
                                "H": "51.5",
                                "P": "1016",
                                "S": "7",
                                "T": "8.6",
                                "V": "50000",
                                "W": "0",
                                "Pt": "R",
                                "Dp": "-0.7",
                                "$": "1260"
                            },
                            {
                                "D": "WNW",
                                "G": "11",
                                "H": "57.4",
                                "P": "1017",
                                "S": "6",
                                "T": "7.7",
                                "V": "45000",
                                "W": "0",
                                "Pt": "R",
                                "Dp": "-0.1",
                                "$": "1320"
                            },
                            {
                                "D": "NW",
                                "G": "13",
                                "H": "65.2",
                                "P": "1017",
                                "S": "6",
                                "T": "6.9",
                                "V": "40000",
                                "W": "0",
                                "Pt": "R",
                                "Dp": "0.9",
                                "$": "1380"
                            }
                        ]
                    },
                    {
                        "type": "Day",
                        "value": "2025-03-29Z",
                        "Rep": [
                            {
                                "D": "WNW",
                                "G": "9",
                                "H": "70.5",
                                "P": "1018",
                                "S": "6",
                                "T": "6.1",
                                "V": "50000",
                                "W": "0",
                                "Pt": "R",
                                "Dp": "1.2",
                                "$": "0"
                            },
                            {
                                "D": "NW",
                                "G": "9",
                                "H": "73.9",
                                "P": "1018",
                                "S": "6",
                                "T": "5.2",
                                "V": "35000",
                                "W": "0",
                                "Pt": "R",
                                "Dp": "1.0",
                                "$": "60"
                            },
                            {
                                "D": "W",
                                "G": "10",
                                "H": "78.8",
                                "P": "1019",
                                "S": "3",
                                "T": "4.5",
                                "V": "50000",
                                "W": "0",
                                "Pt": "R",
                                "Dp": "1.2",
                                "$": "120"
                            },
                            {
                                "D": "NW",
                                "G": "8",
                                "H": "80.6",
                                "P": "1020",
                                "S": "2",
                                "T": "4.1",
                                "V": "50000",
                                "W": "0",
                                "Pt": "R",
                                "Dp": "1.1",
                                "$": "180"
                            },
                            {
                                "D": "W",
                                "G": "7",
                                "H": "81.2",
                                "P": "1020",
                                "S": "5",
                                "T": "4.1",
                                "V": "50000",
                                "W": "0",
                                "Pt": "R",
                                "Dp": "1.2",
                                "$": "240"
                            },
                            {
                                "D": "W",
                                "G": "9",
                                "H": "82.9",
                                "P": "1020",
                                "S": "7",
                                "T": "4.0",
                                "V": "45000",
                                "W": "0",
                                "Pt": "R",
                                "Dp": "1.4",
                                "$": "300"
                            },
                            {
                                "D": "WSW",
                                "G": "8",
                                "H": "86.5",
                                "P": "1021",
                                "S": "5",
                                "T": "2.8",
                                "V": "40000",
                                "W": "1",
                                "Pt": "R",
                                "Dp": "0.8",
                                "$": "360"
                            },
                            {
                                "D": "W",
                                "G": "8",
                                "H": "89.8",
                                "P": "1022",
                                "S": "7",
                                "T": "3.5",
                                "V": "40000",
                                "W": "1",
                                "Pt": "R",
                                "Dp": "2.0",
                                "$": "420"
                            },
                            {
                                "D": "WNW",
                                "G": "10",
                                "H": "77.0",
                                "P": "1022",
                                "S": "5",
                                "T": "6.8",
                                "V": "40000",
                                "W": "1",
                                "Pt": "R",
                                "Dp": "3.1",
                                "$": "480"
                            },
                            {
                                "D": "W",
                                "G": "13",
                                "H": "71.4",
                                "P": "1023",
                                "S": "8",
                                "T": "8.5",
                                "V": "40000",
                                "W": "1",
                                "Pt": "R",
                                "Dp": "3.7",
                                "$": "540"
                            },
                            {
                                "D": "W",
                                "G": "13",
                                "H": "61.8",
                                "P": "1023",
                                "S": "7",
                                "T": "10.2",
                                "V": "35000",
                                "W": "1",
                                "Pt": "R",
                                "Dp": "3.3",
                                "$": "600"
                            },
                            {
                                "D": "W",
                                "G": "14",
                                "H": "54.0",
                                "P": "1023",
                                "S": "8",
                                "T": "11.2",
                                "V": "55000",
                                "W": "3",
                                "Pt": "R",
                                "Dp": "2.4",
                                "$": "660"
                            },
                            {
                                "D": "WSW",
                                "G": "16",
                                "H": "47.8",
                                "P": "1023",
                                "S": "10",
                                "T": "12.6",
                                "V": "75000",
                                "W": "1",
                                "Pt": "F",
                                "Dp": "2.0",
                                "$": "720"
                            },
                            {
                                "D": "SW",
                                "G": "21",
                                "H": "41.7",
                                "P": "1022",
                                "S": "11",
                                "T": "13.8",
                                "V": "60000",
                                "W": "1",
                                "Pt": "F",
                                "Dp": "1.2",
                                "$": "780"
                            },
                            {
                                "D": "W",
                                "G": "25",
                                "H": "36.4",
                                "P": "1021",
                                "S": "14",
                                "T": "13.7",
                                "V": "65000",
                                "W": "1",
                                "Pt": "F",
                                "Dp": "-0.7",
                                "$": "840"
                            },
                            {
                                "D": "WSW",
                                "G": "24",
                                "H": "40.7",
                                "P": "1021",
                                "S": "14",
                                "T": "14.4",
                                "V": "50000",
                                "W": "1",
                                "Pt": "F",
                                "Dp": "1.4",
                                "$": "900"
                            },
                            {
                                "D": "WSW",
                                "G": "26",
                                "H": "38.9",
                                "P": "1020",
                                "S": "16",
                                "T": "14.5",
                                "V": "55000",
                                "W": "1",
                                "Pt": "F",
                                "Dp": "0.9",
                                "$": "960"
                            }
                        ]
                    }
                ]
            }
        }
    }
}