{
    "SiteRep": {
        "Wx": {
            "Param": [
                {
                    "name": "G",
                    "units": "mph",
                    "$": "Wind Gust"
                },
                {
                    "name": "T",
                    "units": "C",
                    "$": "Temperature"
                },
                {
                    "name": "V",
                    "units": "m",
                    "$": "Visibility"
                },
                {
                    "name": "D",
                    "units": "compass",
                    "$": "Wind Direction"
                },
                {
                    "name": "S",
                    "units": "mph",
                    "$": "Wind Speed"
                },
                {
                    "name": "W",
                    "units": "",
                    "$": "Weather Type"
                },
                {
                    "name": "P",
                    "units": "hpa",
                    "$": "Pressure"
                },
                {
                    "name": "Pt",
                    "units": "Pa/s",
                    "$": "Pressure Tendency"
                },
                {
                    "name": "Dp",
                    "units": "C",
                    "$": "Dew Point"
                },
                {
                    "name": "H",
                    "units": "%",
                    "$": "Screen Relative Humidity"
                }
            ]
        },
        "DV": {
            "dataDate": "2024-09-09T16:00:00Z",
            "type": "Obs",
            "Location": {
                "i": "3772",
                "lat": "51.479",
                "lon": "-0.449",
                "name": "HEATHROW",
                "country": "ENGLAND",
                "continent": "EUROPE",
                "elevation": "25.0",
                "Period": [
                    {
                        "type": "Day",
                        "value": "2024-09-08Z",
                        "Rep": [
                            {
                                "D": "S",
                                "G": "14",
                                "H": "63.1",
                                "P": "1002",
                                "S": "8",
                                "T": "19.4",
                                "V": "55000",
                                "W": "8",
                                "Pt": "F",
                                "Dp": "12.2",
                                "$": "960"
                            },
                            {
                                "D": "SSW",
                                "G": "11",
                                "H": "64.8",
                                "P": "1002",
                                "S": "5",
                                "T": "19.8",
                                "V": "60000",
                                "W": "8",
                                "Pt": "F",
                                "Dp": "13.0",
                                "$": "1020"
                            },
                            {
                                "D": "W",
                                "G": "13",
                                "H": "65.5",
                                "P": "1002",
                                "S": "8",
                                "T": "19.2",
                                "V": "60000",
                                "W": "3",
                                "Pt": "F",
                                "Dp": "12.6",
                                "$": "1080"
                            },
                            {
                                "D": "WNW",
                                "G": "13",
                                "H": "75.4",
                                "P": "1003",
                                "S": "7",
                                "T": "17.8",
                                "V": "35000",
                                "W": "12",
                                "Pt": "R",
                                "Dp": "13.4",
                                "$": "1140"
                            },
                            {
                                "D": "W",
                                "G": "8",
                                "H": "81.5",
                                "P": "1003",
                                "S": "6",
                                "T": "17.3",
                                "V": "40000",
                                "W": "8",
                                "Pt": "R",
                                "Dp": "14.1",
                                "$": "1200"
                            },
                            {
                                "D": "W",
                                "G": "10",
                                "H": "88.4",
                                "P": "1003",
                                "S": "7",
                                "T": "15.8",
                                "V": "45000",
                                "W": "0",
                                "Pt": "R",
                                "Dp": "13.9",
                                "$": "1260"
                            },
                            {
                                "D": "W",
                                "G": "9",
                                "H": "90.8",
                                "P": "1004",
                                "S": "6",
                                "T": "15.7",
                                "V": "40000",
                                "W": "8",
                                "Pt": "R",
                                "Dp": "14.2",
                                "$": "1320"
                            },
                            {
                                "D": "W",
                                "G": "10",
                                "H": "90.8",
                                "P": "1004",
                                "S": "5",
                                "T": "15.9",
                                "V": "40000",
                                "W": "8",
                                "Pt": "R",
                                "Dp": "14.4",
                                "$": "1380"
                            }
                        ]
                    },
                    {
                        "type": "Day",
                        "value": "2024-09-09Z",
                        "Rep": [
                            {
                                "D": "W",
                                "G": "10",
                                "H": "90.8",
                                "P": "1004",
                                "S": "6",
                                "T": "16.4",
                                "V": "29000",
                                "W": "8",
                                "Pt": "R",
                                "Dp": "14.9",
                                "$": "0"
                            },
                            {
                                "D": "WNW",
                                "G": "15",
                                "H": "85.7",
                                "P": "1004",
                                "S": "9",
                                "T": "16.5",
                                "V": "50000",
                                "W": "8",
                                "Pt": "R",
                                "Dp": "14.1",
                                "$": "60"
                            },
                            {
                                "D": "W",
                                "G": "19",
                                "H": "86.2",
                                "P": "1005",
                                "S": "11",
                                "T": "16.1",
                                "V": "30000",
                                "W": "8",
                                "Pt": "R",
                                "Dp": "13.8",
                                "$": "120"
                            },
                            {
                                "D": "W",
                                "G": "19",
                                "H": "94.9",
                                "P": "1005",
                                "S": "9",
                                "T": "15.0",
                                "V": "27000",
                                "W": "11",
                                "Pt": "R",
                                "Dp": "14.2",
                                "$": "180"
                            },
                            {
                                "D": "WNW",
                                "G": "19",
                                "H": "90.7",
                                "P": "1006",
                                "S": "11",
                                "T": "14.7",
                                "V": "30000",
                                "W": "8",
                                "Pt": "R",
                                "Dp": "13.2",
                                "$": "240"
                            },
                            {
                                "D": "WNW",
                                "G": "24",
                                "H": "88.3",
                                "P": "1006",
                                "S": "10",
                                "T": "14.3",
                                "V": "25000",
                                "W": "8",
                                "Pt": "R",
                                "Dp": "12.4",
                                "$": "300"
                            },
                            {
                                "D": "WNW",
                                "G": "26",
                                "H": "86.6",
                                "P": "1007",
                                "S": "10",
                                "T": "14.2",
                                "V": "26000",
                                "W": "8",
                                "Pt": "R",
                                "Dp": "12.0",
                                "$": "360"
                            },
                            {
                                "D": "WNW",
                                "G": "21",
                                "H": "83.2",
                                "P": "1008",
                                "S": "14",
                                "T": "14.2",
                                "V": "24000",
                                "W": "8",
                                "Pt": "R",
                                "Dp": "11.4",
                                "$": "420"
                            },
                            {
                                "D": "WNW",
                                "G": "26",
                                "H": "79.9",
                                "P": "1009",
                                "S": "16",
                                "T": "14.2",
                                "V": "28000",
                                "W": "8",
                                "Pt": "R",
                                "Dp": "10.8",
                                "$": "480"
                            },
                            {
                                "D": "WNW",
                                "G": "25",
                                "H": "77.4",
                                "P": "1010",
                                "S": "13",
                                "T": "14.9",
                                "V": "29000",
                                "W": "8",
                                "Pt": "R",
                                "Dp": "11.0",
                                "$": "540"
                            },
                            {
                                "D": "WNW",
                                "G": "25",
                                "H": "73.8",
                                "P": "1010",
                                "S": "11",
                                "T": "15.1",
                                "V": "30000",
                                "W": "8",
                                "Pt": "R",
                                "Dp": "10.5",
                                "$": "600"
                            },
                            {
                                "D": "NW",
                                "G": "23",
                                "H": "72.4",
                                "P": "1011",
                                "S": "10",
                                "T": "15.3",
                                "V": "35000",
                                "W": "8",
                                "Pt": "R",
                                "Dp": "10.4",
                                "$": "660"
                            },
                            {
                                "D": "WNW",
                                "G": "21",
                                "H": "69.7",
                                "P": "1011",
                                "S": "11",
                                "T": "15.8",
                                "V": "35000",
                                "W": "8",
                                "Pt": "R",
                                "Dp": "10.3",
                                "$": "720"
                            },
                            {
                                "D": "WNW",
                                "G": "18",
                                "H": "65.6",
                                "P": "1012",
                                "S": "11",
                                "T": "16.3",
                                "V": "30000",
                                "W": "8",
                                "Pt": "R",
                                "Dp": "9.9",
                                "$": "780"
                            },
                            {
                                "D": "WNW",
                                "G": "21",
                                "H": "63.5",
                                "P": "1012",
                                "S": "10",
                                "T": "16.6",
                                "V": "30000",
                                "W": "8",
                                "Pt": "R",
                                "Dp": "9.7",
                                "$": "840"
                            },
                            {
                                "D": "WNW",
                                "G": "18",
                                "H": "60.7",
                                "P": "1012",
                                "S": "10",
                                "T": "16.8",
                                "V": "27000",
                                "W": "8",
                                "Pt": "R",
                                "Dp": "9.2",
                                "$": "900"
                            },
                            {
                                "D": "NW",
                                "G": "17",
                                "H": "59.5",
                                "P": "1012",
                                "S": "9",
                                "T": "17.3",
                                "V": "27000",
                                "W": "8",
                                "Pt": "R",
                                "Dp": "9.4",
                                "$": "960"
                            }
                        ]
                    }
                ]
            }
        }
    }
}