{
    "SiteRep": {
        "Wx": {
            "Param": [
                {
                    "name": "G",
                    "units": "mph",
                    "$": "Wind Gust"
                },
                {
                    "name": "T",
                    "units": "C",
                    "$": "Temperature"
                },
                {
                    "name": "V",
                    "units": "m",
                    "$": "Visibility"
                },
                {
                    "name": "D",
                    "units": "compass",
                    "$": "Wind Direction"
                },
                {
                    "name": "S",
                    "units": "mph",
                    "$": "Wind Speed"
                },
                {
                    "name": "W",
                    "units": "",
                    "$": "Weather Type"
                },
                {
                    "name": "P",
                    "units": "hpa",
                    "$": "Pressure"
                },
                {
                    "name": "Pt",
                    "units": "Pa/s",
                    "$": "Pressure Tendency"
                },
                {
                    "name": "Dp",
                    "units": "C",
                    "$": "Dew Point"
                },
                {
                    "name": "H",
                    "units": "%",
                    "$": "Screen Relative Humidity"
                }
            ]
        },
        "DV": {
            "dataDate": "2024-10-08T16:00:00Z",
            "type": "Obs",
            "Location": {
                "i": "3772",
                "lat": "51.479",
                "lon": "-0.449",
                "name": "HEATHROW",
                "country": "ENGLAND",
                "continent": "EUROPE",
                "elevation": "25.0",
                "Period": [
                    {
                        "type": "Day",
                        "value": "2024-10-07Z",
                        "Rep": [
                            {
                                "D": "SSE",
                                "G": "21",
                                "H": "70.1",
                                "P": "996",
                                "S": "13",
                                "T": "17.1",
                                "V": "30000",
                                "W": "1",
                                "Pt": "F",
                                "Dp": "11.6",
                                "$": "960"
                            },
                            {
                                "D": "SSE",
                                "G": "18",
                                "H": "75.7",
                                "P": "996",
                                "S": "9",
                                "T": "15.9",
                                "V": "30000",
                                "W": "3",
                                "Pt": "F",
                                "Dp": "11.6",
                                "$": "1020"
                            },
                            {
                                "D": "SE",
                                "G": "16",
                                "H": "83.4",
                                "P": "996",
                                "S": "9",
                                "T": "15.3",
                                "V": "28000",
                                "W": "8",
                                "Pt": "F",
                                "Dp": "12.5",
                                "$": "1080"
                            },
                            {
                                "D": "SE",
                                "G": "14",
                                "H": "86.1",
                                "P": "995",
                                "S": "9",
                                "T": "14.7",
                                "V": "27000",
                                "W": "8",
                                "Pt": "F",
                                "Dp": "12.4",
                                "$": "1140"
                            },
                            {
                                "D": "ESE",
                                "G": "15",
                                "H": "89.6",
                                "P": "995",
                                "S": "9",
                                "T": "14.6",
                                "V": "27000",
                                "W": "12",
                                "Pt": "F",
                                "Dp": "12.9",
                                "$": "1200"
                            },
                            {
                                "D": "E",
                                "G": "13",
                                "H": "90.1",
                                "P": "995",
                                "S": "8",
                                "T": "14.8",
                                "V": "30000",
                                "W": "8",
                                "Pt": "F",
                                "Dp": "13.2",
                                "$": "1260"
                            },
                            {
                                "D": "E",
                                "G": "14",
                                "H": "96.8",
                                "P": "994",
                                "S": "8",
                                "T": "14.0",
                                "V": "6000",
                                "W": "12",
                                "Pt": "F",
                                "Dp": "13.5",
                                "$": "1320"
                            },
                            {
                                "D": "ESE",
                                "G": "17",
                                "H": "96.3",
                                "P": "993",
                                "S": "7",
                                "T": "13.8",
                                "V": "30000",
                                "W": "8",
                                "Pt": "F",
                                "Dp": "13.2",
                                "$": "1380"
                            }
                        ]
                    },
                    {
                        "type": "Day",
                        "value": "2024-10-08Z",
                        "Rep": [
                            {
                                "D": "ESE",
                                "G": "11",
                                "H": "96.2",
                                "P": "993",
                                "S": "6",
                                "T": "12.9",
                                "V": "28000",
                                "W": "8",
                                "Pt": "F",
                                "Dp": "12.3",
                                "$": "0"
                            },
                            {
                                "D": "SE",
                                "G": "8",
                                "H": "96.2",
                                "P": "993",
                                "S": "6",
                                "T": "13.4",
                                "V": "27000",
                                "W": "12",
                                "Pt": "F",
                                "Dp": "12.8",
                                "$": "60"
                            },
                            {
                                "D": "SSW",
                                "G": "14",
                                "H": "94.9",
                                "P": "993",
                                "S": "9",
                                "T": "13.1",
                                "V": "40000",
                                "W": "0",
                                "Pt": "F",
                                "Dp": "12.3",
                                "$": "120"
                            },
                            {
                                "D": "SSE",
                                "G": "14",
                                "H": "94.3",
                                "P": "993",
                                "S": "6",
                                "T": "12.1",
                                "V": "30000",
                                "W": "0",
                                "Pt": "F",
                                "Dp": "11.2",
                                "$": "180"
                            },
                            {
                                "D": "SE",
                                "G": "7",
                                "H": "96.7",
                                "P": "992",
                                "S": "3",
                                "T": "10.6",
                                "V": "9000",
                                "W": "2",
                                "Pt": "F",
                                "Dp": "10.1",
                                "$": "240"
                            },
                            {
                                "D": "SE",
                                "G": "9",
                                "H": "97.4",
                                "P": "993",
                                "S": "5",
                                "T": "11.3",
                                "V": "20000",
                                "W": "2",
                                "Pt": "F",
                                "Dp": "10.9",
                                "$": "300"
                            },
                            {
                                "D": "SE",
                                "G": "11",
                                "H": "96.8",
                                "P": "992",
                                "S": "8",
                                "T": "12.6",
                                "V": "25000",
                                "W": "8",
                                "Pt": "F",
                                "Dp": "12.1",
                                "$": "360"
                            },
                            {
                                "D": "SE",
                                "G": "14",
                                "H": "95.5",
                                "P": "993",
                                "S": "10",
                                "T": "13.2",
                                "V": "12000",
                                "W": "12",
                                "Pt": "R",
                                "Dp": "12.5",
                                "$": "420"
                            },
                            {
                                "D": "S",
                                "G": "17",
                                "H": "94.9",
                                "P": "993",
                                "S": "11",
                                "T": "13.9",
                                "V": "2400",
                                "W": "12",
                                "Pt": "R",
                                "Dp": "13.1",
                                "$": "480"
                            },
                            {
                                "D": "S",
                                "G": "13",
                                "H": "93.1",
                                "P": "993",
                                "S": "7",
                                "T": "14.3",
                                "V": "12000",
                                "W": "8",
                                "Pt": "R",
                                "Dp": "13.2",
                                "$": "540"
                            },
                            {
                                "D": "SSW",
                                "G": "14",
                                "H": "92.5",
                                "P": "993",
                                "S": "7",
                                "T": "15.2",
                                "V": "29000",
                                "W": "12",
                                "Pt": "F",
                                "Dp": "14.0",
                                "$": "600"
                            },
                            {
                                "D": "S",
                                "G": "23",
                                "H": "83.5",
                                "P": "993",
                                "S": "10",
                                "T": "15.5",
                                "V": "25000",
                                "W": "3",
                                "Pt": "F",
                                "Dp": "12.7",
                                "$": "660"
                            },
                            {
                                "D": "S",
                                "G": "18",
                                "H": "82.5",
                                "P": "993",
                                "S": "9",
                                "T": "16.2",
                                "V": "24000",
                                "W": "7",
                                "Pt": "F",
                                "Dp": "13.2",
                                "$": "720"
                            },
                            {
                                "D": "S",
                                "G": "21",
                                "H": "70.9",
                                "P": "992",
                                "S": "14",
                                "T": "18.6",
                                "V": "27000",
                                "W": "3",
                                "Pt": "F",
                                "Dp": "13.2",
                                "$": "780"
                            },
                            {
                                "D": "S",
                                "G": "26",
                                "H": "75.4",
                                "P": "992",
                                "S": "11",
                                "T": "17.3",
                                "V": "30000",
                                "W": "7",
                                "Pt": "F",
                                "Dp": "12.9",
                                "$": "840"
                            },
                            {
                                "D": "SSE",
                                "G": "22",
                                "H": "80.4",
                                "P": "992",
                                "S": "14",
                                "T": "16.7",
                                "V": "27000",
                                "W": "8",
                                "Pt": "F",
                                "Dp": "13.3",
                                "$": "900"
                            },
                            {
                                "D": "SSE",
                                "G": "21",
                                "H": "84.6",
                                "P": "991",
                                "S": "11",
                                "T": "15.9",
                                "V": "4900",
                                "W": "12",
                                "Pt": "F",
                                "Dp": "13.3",
                                "$": "960"
                            }
                        ]
                    }
                ]
            }
        }
    }
}