{
    "SiteRep": {
        "Wx": {
            "Param": [
                {
                    "name": "G",
                    "units": "mph",
                    "$": "Wind Gust"
                },
                {
                    "name": "T",
                    "units": "C",
                    "$": "Temperature"
                },
                {
                    "name": "V",
                    "units": "m",
                    "$": "Visibility"
                },
                {
                    "name": "D",
                    "units": "compass",
                    "$": "Wind Direction"
                },
                {
                    "name": "S",
                    "units": "mph",
                    "$": "Wind Speed"
                },
                {
                    "name": "W",
                    "units": "",
                    "$": "Weather Type"
                },
                {
                    "name": "P",
                    "units": "hpa",
                    "$": "Pressure"
                },
                {
                    "name": "Pt",
                    "units": "Pa/s",
                    "$": "Pressure Tendency"
                },
                {
                    "name": "Dp",
                    "units": "C",
                    "$": "Dew Point"
                },
                {
                    "name": "H",
                    "units": "%",
                    "$": "Screen Relative Humidity"
                }
            ]
        },
        "DV": {
            "dataDate": "2024-08-31T16:00:00Z",
            "type": "Obs",
            "Location": {
                "i": "3772",
                "lat": "51.479",
                "lon": "-0.449",
                "name": "HEATHROW",
                "country": "ENGLAND",
                "continent": "EUROPE",
                "elevation": "25.0",
                "Period": [
                    {
                        "type": "Day",
                        "value": "2024-08-30Z",
                        "Rep": [
                            {
                                "D": "ENE",
                                "G": "15",
                                "H": "39.0",
                                "P": "1022",
                                "S": "9",
                                "T": "22.9",
                                "V": "24000",
                                "W": "3",
                                "Pt": "F",
                                "Dp": "8.4",
                                "$": "960"
                            },
                            {
                                "D": "E",
                                "G": "16",
                                "H": "49.9",
                                "P": "1022",
                                "S": "11",
                                "T": "21.8",
                                "V": "26000",
                                "W": "3",
                                "Pt": "F",
                                "Dp": "11.0",
                                "$": "1020"
                            },
                            {
                                "D": "ESE",
                                "G": "17",
                                "H": "55.0",
                                "P": "1022",
                                "S": "13",
                                "T": "20.1",
                                "V": "27000",
                                "W": "7",
                                "Pt": "R",
                                "Dp": "10.9",
                                "$": "1080"
                            },
                            {
                                "D": "E",
                                "G": "18",
                                "H": "60.9",
                                "P": "1023",
                                "S": "11",
                                "T": "18.4",
                                "V": "28000",
                                "W": "0",
                                "Pt": "R",
                                "Dp": "10.8",
                                "$": "1140"
                            },
                            {
                                "D": "E",
                                "G": "18",
                                "H": "70.3",
                                "P": "1024",
                                "S": "9",
                                "T": "17.2",
                                "V": "25000",
                                "W": "0",
                                "Pt": "R",
                                "Dp": "11.8",
                                "$": "1200"
                            },
                            {
                                "D": "ENE",
                                "G": "14",
                                "H": "68.4",
                                "P": "1024",
                                "S": "8",
                                "T": "17.2",
                                "V": "25000",
                                "W": "0",
                                "Pt": "R",
                                "Dp": "11.4",
                                "$": "1260"
                            },
                            {
                                "D": "ENE",
                                "G": "19",
                                "H": "66.3",
                                "P": "1024",
                                "S": "8",
                                "T": "16.4",
                                "V": "30000",
                                "W": "0",
                                "Pt": "R",
                                "Dp": "10.2",
                                "$": "1320"
                            },
                            {
                                "D": "ENE",
                                "G": "16",
                                "H": "72.8",
                                "P": "1025",
                                "S": "8",
                                "T": "15.8",
                                "V": "29000",
                                "W": "2",
                                "Pt": "R",
                                "Dp": "11.0",
                                "$": "1380"
                            }
                        ]
                    },
                    {
                        "type": "Day",
                        "value": "2024-08-31Z",
                        "Rep": [
                            {
                                "D": "NE",
                                "G": "17",
                                "H": "76.8",
                                "P": "1024",
                                "S": "8",
                                "T": "15.3",
                                "V": "18000",
                                "W": "8",
                                "Pt": "R",
                                "Dp": "11.3",
                                "$": "0"
                            },
                            {
                                "D": "NE",
                                "G": "14",
                                "H": "79.3",
                                "P": "1024",
                                "S": "6",
                                "T": "14.7",
                                "V": "14000",
                                "W": "8",
                                "Pt": "F",
                                "Dp": "11.2",
                                "$": "60"
                            },
                            {
                                "D": "NNE",
                                "G": "13",
                                "H": "82.0",
                                "P": "1024",
                                "S": "8",
                                "T": "14.4",
                                "V": "11000",
                                "W": "8",
                                "Pt": "F",
                                "Dp": "11.4",
                                "$": "120"
                            },
                            {
                                "D": "NE",
                                "G": "15",
                                "H": "80.3",
                                "P": "1024",
                                "S": "9",
                                "T": "14.5",
                                "V": "11000",
                                "W": "8",
                                "Pt": "F",
                                "Dp": "11.2",
                                "$": "180"
                            },
                            {
                                "D": "NNE",
                                "G": "16",
                                "H": "79.3",
                                "P": "1023",
                                "S": "8",
                                "T": "14.7",
                                "V": "11000",
                                "W": "8",
                                "Pt": "F",
                                "Dp": "11.2",
                                "$": "240"
                            },
                            {
                                "D": "NNE",
                                "G": "14",
                                "H": "80.4",
                                "P": "1023",
                                "S": "7",
                                "T": "14.6",
                                "V": "11000",
                                "W": "8",
                                "Pt": "F",
                                "Dp": "11.3",
                                "$": "300"
                            },
                            {
                                "D": "NNE",
                                "G": "13",
                                "H": "80.4",
                                "P": "1023",
                                "S": "6",
                                "T": "14.9",
                                "V": "11000",
                                "W": "8",
                                "Pt": "F",
                                "Dp": "11.6",
                                "$": "360"
                            },
                            {
                                "D": "NE",
                                "G": "15",
                                "H": "78.4",
                                "P": "1023",
                                "S": "9",
                                "T": "15.5",
                                "V": "12000",
                                "W": "7",
                                "Pt": "F",
                                "Dp": "11.8",
                                "$": "420"
                            },
                            {
                                "D": "NE",
                                "G": "17",
                                "H": "75.9",
                                "P": "1023",
                                "S": "10",
                                "T": "16.3",
                                "V": "13000",
                                "W": "8",
                                "Pt": "F",
                                "Dp": "12.1",
                                "$": "480"
                            },
                            {
                                "D": "NE",
                                "G": "17",
                                "H": "75.0",
                                "P": "1023",
                                "S": "10",
                                "T": "17.1",
                                "V": "15000",
                                "W": "8",
                                "Pt": "F",
                                "Dp": "12.7",
                                "$": "540"
                            },
                            {
                                "D": "ENE",
                                "G": "18",
                                "H": "72.8",
                                "P": "1023",
                                "S": "11",
                                "T": "18.1",
                                "V": "21000",
                                "W": "8",
                                "Pt": "F",
                                "Dp": "13.2",
                                "$": "600"
                            },
                            {
                                "D": "NE",
                                "G": "24",
                                "H": "68.3",
                                "P": "1022",
                                "S": "11",
                                "T": "19.0",
                                "V": "22000",
                                "W": "8",
                                "Pt": "F",
                                "Dp": "13.1",
                                "$": "660"
                            },
                            {
                                "D": "ENE",
                                "G": "24",
                                "H": "62.1",
                                "P": "1022",
                                "S": "10",
                                "T": "19.9",
                                "V": "23000",
                                "W": "8",
                                "Pt": "F",
                                "Dp": "12.5",
                                "$": "720"
                            },
                            {
                                "D": "NE",
                                "G": "24",
                                "H": "56.5",
                                "P": "1022",
                                "S": "15",
                                "T": "19.9",
                                "V": "24000",
                                "W": "8",
                                "Pt": "F",
                                "Dp": "11.1",
                                "$": "780"
                            },
                            {
                                "D": "NE",
                                "G": "25",
                                "H": "54.0",
                                "P": "1021",
                                "S": "13",
                                "T": "20.3",
                                "V": "24000",
                                "W": "8",
                                "Pt": "F",
                                "Dp": "10.8",
                                "$": "840"
                            },
                            {
                                "D": "ENE",
                                "G": "23",
                                "H": "51.1",
                                "P": "1021",
                                "S": "10",
                                "T": "20.1",
                                "V": "28000",
                                "W": "8",
                                "Pt": "F",
                                "Dp": "9.8",
                                "$": "900"
                            },
                            {
                                "D": "ENE",
                                "G": "23",
                                "H": "56.1",
                                "P": "1020",
                                "S": "10",
                                "T": "19.7",
                                "V": "25000",
                                "W": "8",
                                "Pt": "F",
                                "Dp": "10.8",
                                "$": "960"
                            }
                        ]
                    }
                ]
            }
        }
    }
}