{
    "SiteRep": {
        "Wx": {
            "Param": [
                {
                    "name": "G",
                    "units": "mph",
                    "$": "Wind Gust"
                },
                {
                    "name": "T",
                    "units": "C",
                    "$": "Temperature"
                },
                {
                    "name": "V",
                    "units": "m",
                    "$": "Visibility"
                },
                {
                    "name": "D",
                    "units": "compass",
                    "$": "Wind Direction"
                },
                {
                    "name": "S",
                    "units": "mph",
                    "$": "Wind Speed"
                },
                {
                    "name": "W",
                    "units": "",
                    "$": "Weather Type"
                },
                {
                    "name": "P",
                    "units": "hpa",
                    "$": "Pressure"
                },
                {
                    "name": "Pt",
                    "units": "Pa/s",
                    "$": "Pressure Tendency"
                },
                {
                    "name": "Dp",
                    "units": "C",
                    "$": "Dew Point"
                },
                {
                    "name": "H",
                    "units": "%",
                    "$": "Screen Relative Humidity"
                }
            ]
        },
        "DV": {
            "dataDate": "2025-10-21T16:00:00Z",
            "type": "Obs",
            "Location": {
                "i": "3772",
                "lat": "51.479",
                "lon": "-0.449",
                "name": "HEATHROW",
                "country": "ENGLAND",
                "continent": "EUROPE",
                "elevation": "25.0",
                "Period": [
                    {
                        "type": "Day",
                        "value": "2025-10-20Z",
                        "Rep": [
                            {
                                "D": "S",
                                "G": "16",
                                "H": "86.8",
                                "P": "984",
                                "S": "10",
                                "T": "14.7",
                                "V": "40000",
                                "W": "8",
                                "Pt": "F",
                                "Dp": "12.5",
                                "$": "960"
                            },
                            {
                                "D": "S",
                                "G": "15",
                                "H": "86.2",
                                "P": "984",
                                "S": "8",
                                "T": "14.4",
                                "V": "30000",
                                "W": "8",
                                "Pt": "F",
                                "Dp": "12.1",
                                "$": "1020"
                            },
                            {
                                "D": "SSE",
                                "G": "13",
                                "H": "91.3",
                                "P": "984",
                                "S": "7",
                                "T": "13.5",
                                "V": "17000",
                                "W": "12",
                                "Pt": "F",
                                "Dp": "12.1",
                                "$": "1080"
                            },
                            {
                                "D": "WSW",
                                "G": "10",
                                "H": "93.7",
                                "P": "985",
                                "S": "6",
                                "T": "13.3",
                                "V": "19000",
                                "W": "8",
                                "Pt": "R",
                                "Dp": "12.3",
                                "$": "1140"
                            },
                            {
                                "D": "W",
                                "G": "14",
                                "H": "95.0",
                                "P": "985",
                                "S": "7",
                                "T": "12.9",
                                "V": "17000",
                                "W": "7",
                                "Pt": "R",
                                "Dp": "12.1",
                                "$": "1200"
                            },
                            {
                                "D": "W",
                                "G": "17",
                                "H": "94.9",
                                "P": "987",
                                "S": "13",
                                "T": "13.0",
                                "V": "16000",
                                "W": "8",
                                "Pt": "R",
                                "Dp": "12.2",
                                "$": "1260"
                            },
                            {
                                "D": "W",
                                "G": "18",
                                "H": "95.0",
                                "P": "987",
                                "S": "10",
                                "T": "13.1",
                                "V": "24000",
                                "W": "8",
                                "Pt": "R",
                                "Dp": "12.3",
                                "$": "1320"
                            },
                            {
                                "D": "W",
                                "G": "21",
                                "H": "90.6",
                                "P": "988",
                                "S": "10",
                                "T": "13.2",
                                "V": "30000",
                                "W": "8",
                                "Pt": "R",
                                "Dp": "11.7",
                                "$": "1380"
                            }
                        ]
                    },
                    {
                        "type": "Day",
                        "value": "2025-10-21Z",
                        "Rep": [
                            {
                                "D": "W",
                                "G": "18",
                                "H": "90.6",
                                "P": "989",
                                "S": "13",
                                "T": "13.2",
                                "V": "30000",
                                "W": "8",
                                "Pt": "R",
                                "Dp": "11.7",
                                "$": "0"
                            },
                            {
                                "D": "WSW",
                                "G": "22",
                                "H": "91.3",
                                "P": "990",
                                "S": "10",
                                "T": "12.4",
                                "V": "55000",
                                "W": "8",
                                "Pt": "R",
                                "Dp": "11.0",
                                "$": "60"
                            },
                            {
                                "D": "WSW",
                                "G": "14",
                                "H": "93.0",
                                "P": "990",
                                "S": "9",
                                "T": "11.7",
                                "V": "55000",
                                "W": "8",
                                "Pt": "R",
                                "Dp": "10.6",
                                "$": "120"
                            },
                            {
                                "D": "WSW",
                                "G": "16",
                                "H": "94.2",
                                "P": "990",
                                "S": "10",
                                "T": "11.3",
                                "V": "50000",
                                "W": "7",
                                "Pt": "R",
                                "Dp": "10.4",
                                "$": "180"
                            },
                            {
                                "D": "W",
                                "G": "14",
                                "H": "94.3",
                                "P": "991",
                                "S": "10",
                                "T": "11.9",
                                "V": "50000",
                                "W": "8",
                                "Pt": "R",
                                "Dp": "11.0",
                                "$": "240"
                            },
                            {
                                "D": "WSW",
                                "G": "17",
                                "H": "93.6",
                                "P": "991",
                                "S": "10",
                                "T": "12.3",
                                "V": "65000",
                                "W": "8",
                                "Pt": "R",
                                "Dp": "11.3",
                                "$": "300"
                            },
                            {
                                "D": "SW",
                                "G": "16",
                                "H": "91.1",
                                "P": "992",
                                "S": "10",
                                "T": "11.8",
                                "V": "40000",
                                "W": "7",
                                "Pt": "R",
                                "Dp": "10.4",
                                "$": "360"
                            },
                            {
                                "D": "SW",
                                "G": "22",
                                "H": "92.4",
                                "P": "992",
                                "S": "14",
                                "T": "12.0",
                                "V": "26000",
                                "W": "8",
                                "Pt": "R",
                                "Dp": "10.8",
                                "$": "420"
                            },
                            {
                                "D": "SW",
                                "G": "19",
                                "H": "91.8",
                                "P": "993",
                                "S": "11",
                                "T": "12.5",
                                "V": "45000",
                                "W": "8",
                                "Pt": "R",
                                "Dp": "11.2",
                                "$": "480"
                            },
                            {
                                "D": "SW",
                                "G": "19",
                                "H": "84.3",
                                "P": "993",
                                "S": "10",
                                "T": "13.5",
                                "V": "40000",
                                "W": "7",
                                "Pt": "R",
                                "Dp": "10.9",
                                "$": "540"
                            },
                            {
                                "D": "SW",
                                "G": "18",
                                "H": "81.6",
                                "P": "993",
                                "S": "13",
                                "T": "13.7",
                                "V": "55000",
                                "W": "8",
                                "Pt": "R",
                                "Dp": "10.6",
                                "$": "600"
                            },
                            {
                                "D": "SW",
                                "G": "21",
                                "H": "73.1",
                                "P": "993",
                                "S": "13",
                                "T": "15.2",
                                "V": "75000",
                                "W": "8",
                                "Pt": "S",
                                "Dp": "10.4",
                                "$": "660"
                            },
                            {
                                "D": "SW",
                                "G": "21",
                                "H": "74.0",
                                "P": "993",
                                "S": "13",
                                "T": "14.7",
                                "V": "75000",
                                "W": "8",
                                "Pt": "R",
                                "Dp": "10.1",
                                "$": "720"
                            },
                            {
                                "D": "SW",
                                "G": "23",
                                "H": "69.5",
                                "P": "992",
                                "S": "16",
                                "T": "15.9",
                                "V": "60000",
                                "W": "8",
                                "Pt": "F",
                                "Dp": "10.3",
                                "$": "780"
                            },
                            {
                                "D": "SW",
                                "G": "23",
                                "H": "76.1",
                                "P": "992",
                                "S": "10",
                                "T": "15.6",
                                "V": "75000",
                                "W": "12",
                                "Pt": "F",
                                "Dp": "11.4",
                                "$": "840"
                            },
                            {
                                "D": "SW",
                                "G": "22",
                                "H": "70.9",
                                "P": "992",
                                "S": "14",
                                "T": "15.7",
                                "V": "75000",
                                "W": "8",
                                "Pt": "F",
                                "Dp": "10.4",
                                "$": "900"
                            },
                            {
                                "D": "W",
                                "G": "24",
                                "H": "84.9",
                                "P": "992",
                                "S": "10",
                                "T": "13.6",
                                "V": "75000",
                                "W": "12",
                                "Pt": "R",
                                "Dp": "11.1",
                                "$": "960"
                            }
                        ]
                    }
                ]
            }
        }
    }
}