{
    "SiteRep": {
        "Wx": {
            "Param": [
                {
                    "name": "G",
                    "units": "mph",
                    "$": "Wind Gust"
                },
                {
                    "name": "T",
                    "units": "C",
                    "$": "Temperature"
                },
                {
                    "name": "V",
                    "units": "m",
                    "$": "Visibility"
                },
                {
                    "name": "D",
                    "units": "compass",
                    "$": "Wind Direction"
                },
                {
                    "name": "S",
                    "units": "mph",
                    "$": "Wind Speed"
                },
                {
                    "name": "W",
                    "units": "",
                    "$": "Weather Type"
                },
                {
                    "name": "P",
                    "units": "hpa",
                    "$": "Pressure"
                },
                {
                    "name": "Pt",
                    "units": "Pa/s",
                    "$": "Pressure Tendency"
                },
                {
                    "name": "Dp",
                    "units": "C",
                    "$": "Dew Point"
                },
                {
                    "name": "H",
                    "units": "%",
                    "$": "Screen Relative Humidity"
                }
            ]
        },
        "DV": {
            "dataDate": "2024-11-15T16:00:00Z",
            "type": "Obs",
            "Location": {
                "i": "3772",
                "lat": "51.479",
                "lon": "-0.449",
                "name": "HEATHROW",
                "country": "ENGLAND",
                "continent": "EUROPE",
                "elevation": "25.0",
                "Period": [
                    {
                        "type": "Day",
                        "value": "2024-11-14Z",
                        "Rep": [
                            {
                                "D": "NNE",
                                "G": "11",
                                "H": "67.9",
                                "P": "1031",
                                "S": "6",
                                "T": "10.9",
                                "V": "25000",
                                "W": "8",
                                "Pt": "F",
                                "Dp": "5.3",
                                "$": "960"
                            },
                            {
                                "D": "NNE",
                                "G": "14",
                                "H": "68.2",
                                "P": "1031",
                                "S": "8",
                                "T": "10.7",
                                "V": "26000",
                                "W": "8",
                                "Pt": "F",
                                "Dp": "5.2",
                                "$": "1020"
                            },
                            {
                                "D": "NNE",
                                "G": "14",
                                "H": "68.6",
                                "P": "1031",
                                "S": "7",
                                "T": "10.6",
                                "V": "24000",
                                "W": "8",
                                "Pt": "R",
                                "Dp": "5.2",
                                "$": "1080"
                            },
                            {
                                "D": "NE",
                                "G": "10",
                                "H": "69.7",
                                "P": "1032",
                                "S": "7",
                                "T": "10.3",
                                "V": "23000",
                                "W": "8",
                                "Pt": "R",
                                "Dp": "5.1",
                                "$": "1140"
                            },
                            {
                                "D": "NE",
                                "G": "11",
                                "H": "70.1",
                                "P": "1031",
                                "S": "5",
                                "T": "9.9",
                                "V": "22000",
                                "W": "8",
                                "Pt": "R",
                                "Dp": "4.8",
                                "$": "1200"
                            },
                            {
                                "D": "NE",
                                "G": "10",
                                "H": "70.5",
                                "P": "1031",
                                "S": "5",
                                "T": "9.7",
                                "V": "23000",
                                "W": "8",
                                "Pt": "F",
                                "Dp": "4.7",
                                "$": "1260"
                            },
                            {
                                "D": "NE",
                                "G": "11",
                                "H": "70.5",
                                "P": "1031",
                                "S": "6",
                                "T": "9.6",
                                "V": "24000",
                                "W": "8",
                                "Pt": "F",
                                "Dp": "4.6",
                                "$": "1320"
                            },
                            {
                                "D": "NE",
                                "G": "9",
                                "H": "73.6",
                                "P": "1031",
                                "S": "5",
                                "T": "9.5",
                                "V": "23000",
                                "W": "8",
                                "Pt": "F",
                                "Dp": "5.1",
                                "$": "1380"
                            }
                        ]
                    },
                    {
                        "type": "Day",
                        "value": "2024-11-15Z",
                        "Rep": [
                            {
                                "D": "NNE",
                                "G": "8",
                                "H": "74.1",
                                "P": "1031",
                                "S": "3",
                                "T": "9.4",
                                "V": "22000",
                                "W": "8",
                                "Pt": "F",
                                "Dp": "5.1",
                                "$": "0"
                            },
                            {
                                "D": "E",
                                "G": "7",
                                "H": "76.6",
                                "P": "1030",
                                "S": "5",
                                "T": "8.9",
                                "V": "22000",
                                "W": "8",
                                "Pt": "F",
                                "Dp": "5.1",
                                "$": "60"
                            },
                            {
                                "D": "N",
                                "G": "7",
                                "H": "76.1",
                                "P": "1030",
                                "S": "2",
                                "T": "8.8",
                                "V": "22000",
                                "W": "8",
                                "Pt": "F",
                                "Dp": "4.9",
                                "$": "120"
                            },
                            {
                                "D": "N",
                                "G": "7",
                                "H": "73.0",
                                "P": "1030",
                                "S": "0",
                                "T": "9.0",
                                "V": "21000",
                                "W": "8",
                                "Pt": "F",
                                "Dp": "4.5",
                                "$": "180"
                            },
                            {
                                "D": "NE",
                                "G": "5",
                                "H": "74.5",
                                "P": "1029",
                                "S": "3",
                                "T": "8.7",
                                "V": "22000",
                                "W": "8",
                                "Pt": "F",
                                "Dp": "4.5",
                                "$": "240"
                            },
                            {
                                "D": "NE",
                                "G": "3",
                                "H": "75.0",
                                "P": "1029",
                                "S": "1",
                                "T": "8.6",
                                "V": "22000",
                                "W": "8",
                                "Pt": "F",
                                "Dp": "4.5",
                                "$": "300"
                            },
                            {
                                "D": "SSW",
                                "G": "7",
                                "H": "75.6",
                                "P": "1029",
                                "S": "5",
                                "T": "8.5",
                                "V": "21000",
                                "W": "8",
                                "Pt": "F",
                                "Dp": "4.5",
                                "$": "360"
                            },
                            {
                                "D": "SSE",
                                "G": "7",
                                "H": "74.0",
                                "P": "1029",
                                "S": "3",
                                "T": "8.5",
                                "V": "23000",
                                "W": "8",
                                "Pt": "F",
                                "Dp": "4.2",
                                "$": "420"
                            },
                            {
                                "D": "SSW",
                                "G": "11",
                                "H": "72.9",
                                "P": "1029",
                                "S": "6",
                                "T": "8.3",
                                "V": "14000",
                                "W": "8",
                                "Pt": "F",
                                "Dp": "3.8",
                                "$": "480"
                            },
                            {
                                "D": "W",
                                "G": "10",
                                "H": "74.9",
                                "P": "1029",
                                "S": "5",
                                "T": "8.1",
                                "V": "14000",
                                "W": "8",
                                "Pt": "F",
                                "Dp": "4.0",
                                "$": "540"
                            },
                            {
                                "D": "SSW",
                                "G": "11",
                                "H": "73.9",
                                "P": "1028",
                                "S": "5",
                                "T": "8.4",
                                "V": "11000",
                                "W": "5",
                                "Pt": "F",
                                "Dp": "4.1",
                                "$": "600"
                            },
                            {
                                "D": "W",
                                "G": "11",
                                "H": "70.8",
                                "P": "1028",
                                "S": "3",
                                "T": "8.5",
                                "V": "1700",
                                "W": "5",
                                "Pt": "F",
                                "Dp": "3.6",
                                "$": "660"
                            },
                            {
                                "D": "W",
                                "G": "10",
                                "H": "74.0",
                                "P": "1027",
                                "S": "5",
                                "T": "8.6",
                                "V": "2700",
                                "W": "5",
                                "Pt": "F",
                                "Dp": "4.3",
                                "$": "720"
                            },
                            {
                                "D": "WSW",
                                "G": "10",
                                "H": "73.6",
                                "P": "1027",
                                "S": "3",
                                "T": "9.3",
                                "V": "3400",
                                "W": "5",
                                "Pt": "F",
                                "Dp": "4.9",
                                "$": "780"
                            },
                            {
                                "D": "W",
                                "G": "11",
                                "H": "70.5",
                                "P": "1026",
                                "S": "6",
                                "T": "9.4",
                                "V": "18000",
                                "W": "5",
                                "Pt": "F",
                                "Dp": "4.4",
                                "$": "840"
                            },
                            {
                                "D": "W",
                                "G": "11",
                                "H": "72.5",
                                "P": "1026",
                                "S": "8",
                                "T": "8.9",
                                "V": "4100",
                                "W": "5",
                                "Pt": "F",
                                "Dp": "4.3",
                                "$": "900"
                            },
                            {
                                "D": "NW",
                                "G": "13",
                                "H": "76.1",
                                "P": "1025",
                                "S": "5",
                                "T": "8.2",
                                "V": "1700",
                                "W": "5",
                                "Pt": "F",
                                "Dp": "4.3",
                                "$": "960"
                            }
                        ]
                    }
                ]
            }
        }
    }
}