{
    "SiteRep": {
        "Wx": {
            "Param": [
                {
                    "name": "G",
                    "units": "mph",
                    "$": "Wind Gust"
                },
                {
                    "name": "T",
                    "units": "C",
                    "$": "Temperature"
                },
                {
                    "name": "V",
                    "units": "m",
                    "$": "Visibility"
                },
                {
                    "name": "D",
                    "units": "compass",
                    "$": "Wind Direction"
                },
                {
                    "name": "S",
                    "units": "mph",
                    "$": "Wind Speed"
                },
                {
                    "name": "W",
                    "units": "",
                    "$": "Weather Type"
                },
                {
                    "name": "P",
                    "units": "hpa",
                    "$": "Pressure"
                },
                {
                    "name": "Pt",
                    "units": "Pa/s",
                    "$": "Pressure Tendency"
                },
                {
                    "name": "Dp",
                    "units": "C",
                    "$": "Dew Point"
                },
                {
                    "name": "H",
                    "units": "%",
                    "$": "Screen Relative Humidity"
                }
            ]
        },
        "DV": {
            "dataDate": "2023-11-21T16:00:00Z",
            "type": "Obs",
            "Location": {
                "i": "3772",
                "lat": "51.479",
                "lon": "-0.449",
                "name": "HEATHROW",
                "country": "ENGLAND",
                "continent": "EUROPE",
                "elevation": "25.0",
                "Period": [
                    {
                        "type": "Day",
                        "value": "2023-11-20Z",
                        "Rep": [
                            {
                                "D": "W",
                                "G": "11",
                                "H": "75.8",
                                "P": "1009",
                                "S": "7",
                                "T": "11.6",
                                "V": "40000",
                                "W": "8",
                                "Pt": "R",
                                "Dp": "7.5",
                                "$": "960"
                            },
                            {
                                "D": "W",
                                "G": "16",
                                "H": "85.0",
                                "P": "1010",
                                "S": "8",
                                "T": "10.8",
                                "V": "35000",
                                "W": "8",
                                "Pt": "R",
                                "Dp": "8.4",
                                "$": "1020"
                            },
                            {
                                "D": "W",
                                "G": "14",
                                "H": "91.0",
                                "P": "1010",
                                "S": "7",
                                "T": "10.4",
                                "V": "30000",
                                "W": "8",
                                "Pt": "R",
                                "Dp": "9.0",
                                "$": "1080"
                            },
                            {
                                "D": "W",
                                "G": "13",
                                "H": "90.4",
                                "P": "1011",
                                "S": "8",
                                "T": "10.7",
                                "V": "30000",
                                "W": "8",
                                "Pt": "R",
                                "Dp": "9.2",
                                "$": "1140"
                            },
                            {
                                "D": "WNW",
                                "G": "14",
                                "H": "82.2",
                                "P": "1012",
                                "S": "9",
                                "T": "11.3",
                                "V": "45000",
                                "W": "8",
                                "Pt": "R",
                                "Dp": "8.4",
                                "$": "1200"
                            },
                            {
                                "D": "NW",
                                "G": "17",
                                "H": "80.5",
                                "P": "1012",
                                "S": "8",
                                "T": "11.0",
                                "V": "55000",
                                "W": "8",
                                "Pt": "R",
                                "Dp": "7.8",
                                "$": "1260"
                            },
                            {
                                "D": "WNW",
                                "G": "19",
                                "H": "82.7",
                                "P": "1013",
                                "S": "8",
                                "T": "10.5",
                                "V": "50000",
                                "W": "8",
                                "Pt": "R",
                                "Dp": "7.7",
                                "$": "1320"
                            },
                            {
                                "D": "WNW",
                                "G": "11",
                                "H": "83.2",
                                "P": "1013",
                                "S": "7",
                                "T": "10.7",
                                "V": "25000",
                                "W": "8",
                                "Pt": "R",
                                "Dp": "8.0",
                                "$": "1380"
                            }
                        ]
                    },
                    {
                        "type": "Day",
                        "value": "2023-11-21Z",
                        "Rep": [
                            {
                                "D": "WNW",
                                "G": "16",
                                "H": "87.3",
                                "P": "1014",
                                "S": "8",
                                "T": "10.5",
                                "V": "40000",
                                "W": "8",
                                "Pt": "R",
                                "Dp": "8.5",
                                "$": "0"
                            },
                            {
                                "D": "WNW",
                                "G": "11",
                                "H": "92.2",
                                "P": "1015",
                                "S": "6",
                                "T": "10.3",
                                "V": "1800",
                                "W": "11",
                                "Pt": "R",
                                "Dp": "9.1",
                                "$": "60"
                            },
                            {
                                "D": "NW",
                                "G": "9",
                                "H": "96.0",
                                "P": "1015",
                                "S": "6",
                                "T": "10.2",
                                "V": "19000",
                                "W": "8",
                                "Pt": "R",
                                "Dp": "9.6",
                                "$": "120"
                            },
                            {
                                "D": "NW",
                                "G": "9",
                                "H": "93.4",
                                "P": "1016",
                                "S": "5",
                                "T": "10.4",
                                "V": "7000",
                                "W": "8",
                                "Pt": "R",
                                "Dp": "9.4",
                                "$": "180"
                            },
                            {
                                "D": "N",
                                "G": "18",
                                "H": "92.8",
                                "P": "1017",
                                "S": "10",
                                "T": "10.3",
                                "V": "40000",
                                "W": "11",
                                "Pt": "R",
                                "Dp": "9.2",
                                "$": "240"
                            },
                            {
                                "D": "NNW",
                                "G": "18",
                                "H": "89.7",
                                "P": "1018",
                                "S": "8",
                                "T": "10.1",
                                "V": "27000",
                                "W": "8",
                                "Pt": "R",
                                "Dp": "8.5",
                                "$": "300"
                            },
                            {
                                "D": "NNW",
                                "G": "16",
                                "H": "87.2",
                                "P": "1018",
                                "S": "8",
                                "T": "9.9",
                                "V": "35000",
                                "W": "8",
                                "Pt": "R",
                                "Dp": "7.9",
                                "$": "360"
                            },
                            {
                                "D": "NNW",
                                "G": "22",
                                "H": "81.9",
                                "P": "1019",
                                "S": "9",
                                "T": "9.6",
                                "V": "50000",
                                "W": "8",
                                "Pt": "R",
                                "Dp": "6.7",
                                "$": "420"
                            },
                            {
                                "D": "NW",
                                "G": "21",
                                "H": "81.9",
                                "P": "1020",
                                "S": "8",
                                "T": "9.6",
                                "V": "50000",
                                "W": "8",
                                "Pt": "R",
                                "Dp": "6.7",
                                "$": "480"
                            },
                            {
                                "D": "NW",
                                "G": "14",
                                "H": "82.5",
                                "P": "1021",
                                "S": "8",
                                "T": "9.7",
                                "V": "50000",
                                "W": "8",
                                "Pt": "R",
                                "Dp": "6.9",
                                "$": "540"
                            },
                            {
                                "D": "NNW",
                                "G": "17",
                                "H": "84.8",
                                "P": "1022",
                                "S": "9",
                                "T": "9.8",
                                "V": "50000",
                                "W": "8",
                                "Pt": "R",
                                "Dp": "7.4",
                                "$": "600"
                            },
                            {
                                "D": "NNW",
                                "G": "15",
                                "H": "87.1",
                                "P": "1022",
                                "S": "8",
                                "T": "10.1",
                                "V": "50000",
                                "W": "8",
                                "Pt": "R",
                                "Dp": "8.1",
                                "$": "660"
                            },
                            {
                                "D": "NNW",
                                "G": "13",
                                "H": "88.5",
                                "P": "1023",
                                "S": "6",
                                "T": "10.5",
                                "V": "25000",
                                "W": "8",
                                "Pt": "R",
                                "Dp": "8.7",
                                "$": "720"
                            },
                            {
                                "D": "NNW",
                                "G": "10",
                                "H": "93.4",
                                "P": "1023",
                                "S": "5",
                                "T": "10.8",
                                "V": "1200",
                                "W": "12",
                                "Pt": "R",
                                "Dp": "9.8",
                                "$": "780"
                            },
                            {
                                "D": "N",
                                "G": "22",
                                "H": "88.5",
                                "P": "1024",
                                "S": "10",
                                "T": "10.3",
                                "V": "9000",
                                "W": "11",
                                "Pt": "R",
                                "Dp": "8.5",
                                "$": "840"
                            },
                            {
                                "D": "N",
                                "G": "21",
                                "H": "84.8",
                                "P": "1025",
                                "S": "10",
                                "T": "10.1",
                                "V": "35000",
                                "W": "8",
                                "Pt": "R",
                                "Dp": "7.7",
                                "$": "900"
                            },
                            {
                                "D": "N",
                                "G": "18",
                                "H": "80.2",
                                "P": "1026",
                                "S": "7",
                                "T": "10.1",
                                "V": "30000",
                                "W": "8",
                                "Pt": "R",
                                "Dp": "6.9",
                                "$": "960"
                            }
                        ]
                    }
                ]
            }
        }
    }
}