{
    "SiteRep": {
        "Wx": {
            "Param": [
                {
                    "name": "G",
                    "units": "mph",
                    "$": "Wind Gust"
                },
                {
                    "name": "T",
                    "units": "C",
                    "$": "Temperature"
                },
                {
                    "name": "V",
                    "units": "m",
                    "$": "Visibility"
                },
                {
                    "name": "D",
                    "units": "compass",
                    "$": "Wind Direction"
                },
                {
                    "name": "S",
                    "units": "mph",
                    "$": "Wind Speed"
                },
                {
                    "name": "W",
                    "units": "",
                    "$": "Weather Type"
                },
                {
                    "name": "P",
                    "units": "hpa",
                    "$": "Pressure"
                },
                {
                    "name": "Pt",
                    "units": "Pa/s",
                    "$": "Pressure Tendency"
                },
                {
                    "name": "Dp",
                    "units": "C",
                    "$": "Dew Point"
                },
                {
                    "name": "H",
                    "units": "%",
                    "$": "Screen Relative Humidity"
                }
            ]
        },
        "DV": {
            "dataDate": "2023-08-26T16:00:00Z",
            "type": "Obs",
            "Location": {
                "i": "3772",
                "lat": "51.479",
                "lon": "-0.449",
                "name": "HEATHROW",
                "country": "ENGLAND",
                "continent": "EUROPE",
                "elevation": "25.0",
                "Period": [
                    {
                        "type": "Day",
                        "value": "2023-08-25Z",
                        "Rep": [
                            {
                                "D": "WSW",
                                "G": "19",
                                "H": "48.2",
                                "P": "1008",
                                "S": "11",
                                "T": "20.7",
                                "V": "55000",
                                "W": "8",
                                "Pt": "F",
                                "Dp": "9.4",
                                "$": "960"
                            },
                            {
                                "D": "W",
                                "G": "18",
                                "H": "57.3",
                                "P": "1008",
                                "S": "10",
                                "T": "19.2",
                                "V": "50000",
                                "W": "8",
                                "Pt": "F",
                                "Dp": "10.6",
                                "$": "1020"
                            },
                            {
                                "D": "WSW",
                                "G": "18",
                                "H": "58.4",
                                "P": "1008",
                                "S": "11",
                                "T": "18.7",
                                "V": "55000",
                                "W": "8",
                                "Pt": "F",
                                "Dp": "10.4",
                                "$": "1080"
                            },
                            {
                                "D": "SW",
                                "G": "24",
                                "H": "77.6",
                                "P": "1009",
                                "S": "15",
                                "T": "16.3",
                                "V": "40000",
                                "W": "12",
                                "Pt": "R",
                                "Dp": "12.4",
                                "$": "1140"
                            },
                            {
                                "D": "SW",
                                "G": "22",
                                "H": "77.0",
                                "P": "1009",
                                "S": "9",
                                "T": "15.7",
                                "V": "50000",
                                "W": "8",
                                "Pt": "R",
                                "Dp": "11.7",
                                "$": "1200"
                            },
                            {
                                "D": "SSW",
                                "G": "14",
                                "H": "79.0",
                                "P": "1009",
                                "S": "9",
                                "T": "15.3",
                                "V": "60000",
                                "W": "8",
                                "Pt": "R",
                                "Dp": "11.7",
                                "$": "1260"
                            },
                            {
                                "D": "SW",
                                "G": "14",
                                "H": "80.5",
                                "P": "1009",
                                "S": "8",
                                "T": "14.9",
                                "V": "55000",
                                "W": "12",
                                "Pt": "R",
                                "Dp": "11.6",
                                "$": "1320"
                            },
                            {
                                "D": "SW",
                                "G": "13",
                                "H": "84.3",
                                "P": "1008",
                                "S": "8",
                                "T": "14.2",
                                "V": "55000",
                                "W": "7",
                                "Pt": "F",
                                "Dp": "11.6",
                                "$": "1380"
                            }
                        ]
                    },
                    {
                        "type": "Day",
                        "value": "2023-08-26Z",
                        "Rep": [
                            {
                                "D": "SW",
                                "G": "11",
                                "H": "87.1",
                                "P": "1008",
                                "S": "8",
                                "T": "13.7",
                                "V": "60000",
                                "W": "0",
                                "Pt": "F",
                                "Dp": "11.6",
                                "$": "0"
                            },
                            {
                                "D": "SW",
                                "G": "11",
                                "H": "88.7",
                                "P": "1008",
                                "S": "8",
                                "T": "13.3",
                                "V": "55000",
                                "W": "0",
                                "Pt": "F",
                                "Dp": "11.5",
                                "$": "60"
                            },
                            {
                                "D": "SSW",
                                "G": "10",
                                "H": "89.9",
                                "P": "1008",
                                "S": "7",
                                "T": "12.8",
                                "V": "60000",
                                "W": "8",
                                "Pt": "F",
                                "Dp": "11.2",
                                "$": "120"
                            },
                            {
                                "D": "SW",
                                "G": "10",
                                "H": "91.8",
                                "P": "1008",
                                "S": "7",
                                "T": "12.4",
                                "V": "50000",
                                "W": "8",
                                "Pt": "F",
                                "Dp": "11.1",
                                "$": "180"
                            },
                            {
                                "D": "SSW",
                                "G": "10",
                                "H": "93.6",
                                "P": "1008",
                                "S": "6",
                                "T": "12.0",
                                "V": "45000",
                                "W": "0",
                                "Pt": "F",
                                "Dp": "11.0",
                                "$": "240"
                            },
                            {
                                "D": "SSW",
                                "G": "9",
                                "H": "94.8",
                                "P": "1008",
                                "S": "7",
                                "T": "11.9",
                                "V": "40000",
                                "W": "7",
                                "Pt": "F",
                                "Dp": "11.1",
                                "$": "300"
                            },
                            {
                                "D": "WSW",
                                "G": "10",
                                "H": "96.1",
                                "P": "1008",
                                "S": "7",
                                "T": "11.9",
                                "V": "7000",
                                "W": "5",
                                "Pt": "F",
                                "Dp": "11.3",
                                "$": "360"
                            },
                            {
                                "D": "SW",
                                "G": "9",
                                "H": "95.5",
                                "P": "1008",
                                "S": "7",
                                "T": "12.4",
                                "V": "12000",
                                "W": "8",
                                "Pt": "R",
                                "Dp": "11.7",
                                "$": "420"
                            },
                            {
                                "D": "SW",
                                "G": "10",
                                "H": "90.6",
                                "P": "1008",
                                "S": "7",
                                "T": "13.7",
                                "V": "27000",
                                "W": "8",
                                "Pt": "R",
                                "Dp": "12.2",
                                "$": "480"
                            },
                            {
                                "D": "SSW",
                                "G": "11",
                                "H": "81.6",
                                "P": "1008",
                                "S": "6",
                                "T": "14.9",
                                "V": "40000",
                                "W": "8",
                                "Pt": "R",
                                "Dp": "11.8",
                                "$": "540"
                            },
                            {
                                "D": "SW",
                                "G": "17",
                                "H": "69.6",
                                "P": "1008",
                                "S": "9",
                                "T": "17.8",
                                "V": "55000",
                                "W": "7",
                                "Pt": "R",
                                "Dp": "12.2",
                                "$": "600"
                            },
                            {
                                "D": "WSW",
                                "G": "15",
                                "H": "61.3",
                                "P": "1008",
                                "S": "8",
                                "T": "19.4",
                                "V": "55000",
                                "W": "3",
                                "Pt": "F",
                                "Dp": "11.8",
                                "$": "660"
                            },
                            {
                                "D": "W",
                                "G": "16",
                                "H": "58.8",
                                "P": "1008",
                                "S": "10",
                                "T": "18.8",
                                "V": "65000",
                                "W": "8",
                                "Pt": "F",
                                "Dp": "10.6",
                                "$": "720"
                            },
                            {
                                "D": "SSW",
                                "G": "21",
                                "H": "61.7",
                                "P": "1008",
                                "S": "13",
                                "T": "19.1",
                                "V": "60000",
                                "W": "12",
                                "Pt": "F",
                                "Dp": "11.6",
                                "$": "780"
                            },
                            {
                                "D": "S",
                                "G": "19",
                                "H": "63.6",
                                "P": "1008",
                                "S": "11",
                                "T": "18.4",
                                "V": "65000",
                                "W": "8",
                                "Pt": "F",
                                "Dp": "11.4",
                                "$": "840"
                            },
                            {
                                "D": "SW",
                                "G": "14",
                                "H": "64.3",
                                "P": "1008",
                                "S": "8",
                                "T": "17.8",
                                "V": "60000",
                                "W": "7",
                                "Pt": "R",
                                "Dp": "11.0",
                                "$": "900"
                            }
                        ]
                    }
                ]
            }
        }
    }
}