{
    "SiteRep": {
        "Wx": {
            "Param": [
                {
                    "name": "G",
                    "units": "mph",
                    "$": "Wind Gust"
                },
                {
                    "name": "T",
                    "units": "C",
                    "$": "Temperature"
                },
                {
                    "name": "V",
                    "units": "m",
                    "$": "Visibility"
                },
                {
                    "name": "D",
                    "units": "compass",
                    "$": "Wind Direction"
                },
                {
                    "name": "S",
                    "units": "mph",
                    "$": "Wind Speed"
                },
                {
                    "name": "W",
                    "units": "",
                    "$": "Weather Type"
                },
                {
                    "name": "P",
                    "units": "hpa",
                    "$": "Pressure"
                },
                {
                    "name": "Pt",
                    "units": "Pa/s",
                    "$": "Pressure Tendency"
                },
                {
                    "name": "Dp",
                    "units": "C",
                    "$": "Dew Point"
                },
                {
                    "name": "H",
                    "units": "%",
                    "$": "Screen Relative Humidity"
                }
            ]
        },
        "DV": {
            "dataDate": "2024-07-15T16:00:00Z",
            "type": "Obs",
            "Location": {
                "i": "3772",
                "lat": "51.479",
                "lon": "-0.449",
                "name": "HEATHROW",
                "country": "ENGLAND",
                "continent": "EUROPE",
                "elevation": "25.0",
                "Period": [
                    {
                        "type": "Day",
                        "value": "2024-07-14Z",
                        "Rep": [
                            {
                                "D": "W",
                                "G": "18",
                                "H": "49.5",
                                "P": "1011",
                                "S": "9",
                                "T": "22.0",
                                "V": "75000",
                                "W": "8",
                                "Pt": "F",
                                "Dp": "11.0",
                                "$": "960"
                            },
                            {
                                "D": "SW",
                                "G": "17",
                                "H": "49.2",
                                "P": "1011",
                                "S": "11",
                                "T": "20.9",
                                "V": "75000",
                                "W": "8",
                                "Pt": "F",
                                "Dp": "9.9",
                                "$": "1020"
                            },
                            {
                                "D": "W",
                                "G": "14",
                                "H": "47.5",
                                "P": "1011",
                                "S": "9",
                                "T": "20.9",
                                "V": "75000",
                                "W": "8",
                                "Pt": "S",
                                "Dp": "9.4",
                                "$": "1080"
                            },
                            {
                                "D": "SW",
                                "G": "15",
                                "H": "46.2",
                                "P": "1011",
                                "S": "8",
                                "T": "20.7",
                                "V": "75000",
                                "W": "1",
                                "Pt": "F",
                                "Dp": "8.8",
                                "$": "1140"
                            },
                            {
                                "D": "SSW",
                                "G": "14",
                                "H": "49.7",
                                "P": "1011",
                                "S": "9",
                                "T": "19.3",
                                "V": "75000",
                                "W": "1",
                                "Pt": "R",
                                "Dp": "8.6",
                                "$": "1200"
                            },
                            {
                                "D": "SSW",
                                "G": "13",
                                "H": "54.7",
                                "P": "1011",
                                "S": "8",
                                "T": "18.4",
                                "V": "75000",
                                "W": "0",
                                "Pt": "R",
                                "Dp": "9.2",
                                "$": "1260"
                            },
                            {
                                "D": "S",
                                "G": "14",
                                "H": "64.0",
                                "P": "1011",
                                "S": "6",
                                "T": "16.8",
                                "V": "75000",
                                "W": "0",
                                "Pt": "R",
                                "Dp": "10.0",
                                "$": "1320"
                            },
                            {
                                "D": "SSW",
                                "G": "13",
                                "H": "73.9",
                                "P": "1011",
                                "S": "6",
                                "T": "15.5",
                                "V": "65000",
                                "W": "0",
                                "Pt": "R",
                                "Dp": "10.9",
                                "$": "1380"
                            }
                        ]
                    },
                    {
                        "type": "Day",
                        "value": "2024-07-15Z",
                        "Rep": [
                            {
                                "D": "SW",
                                "G": "8",
                                "H": "80.5",
                                "P": "1011",
                                "S": "6",
                                "T": "14.6",
                                "V": "60000",
                                "W": "0",
                                "Pt": "R",
                                "Dp": "11.3",
                                "$": "0"
                            },
                            {
                                "D": "WSW",
                                "G": "9",
                                "H": "85.3",
                                "P": "1011",
                                "S": "3",
                                "T": "13.5",
                                "V": "45000",
                                "W": "0",
                                "Pt": "S",
                                "Dp": "11.1",
                                "$": "60"
                            },
                            {
                                "D": "W",
                                "G": "6",
                                "H": "85.3",
                                "P": "1011",
                                "S": "2",
                                "T": "13.2",
                                "V": "60000",
                                "W": "0",
                                "Pt": "F",
                                "Dp": "10.8",
                                "$": "120"
                            },
                            {
                                "D": "E",
                                "G": "5",
                                "H": "91.8",
                                "P": "1010",
                                "S": "2",
                                "T": "12.3",
                                "V": "30000",
                                "W": "0",
                                "Pt": "F",
                                "Dp": "11.0",
                                "$": "180"
                            },
                            {
                                "D": "ESE",
                                "G": "6",
                                "H": "95.4",
                                "P": "1010",
                                "S": "3",
                                "T": "11.2",
                                "V": "20000",
                                "W": "0",
                                "Pt": "F",
                                "Dp": "10.5",
                                "$": "240"
                            },
                            {
                                "D": "ESE",
                                "G": "5",
                                "H": "93.5",
                                "P": "1010",
                                "S": "2",
                                "T": "11.9",
                                "V": "27000",
                                "W": "1",
                                "Pt": "F",
                                "Dp": "10.9",
                                "$": "300"
                            },
                            {
                                "D": "NE",
                                "G": "5",
                                "H": "83.8",
                                "P": "1010",
                                "S": "3",
                                "T": "14.7",
                                "V": "35000",
                                "W": "8",
                                "Pt": "F",
                                "Dp": "12.0",
                                "$": "360"
                            },
                            {
                                "D": "ENE",
                                "G": "6",
                                "H": "72.1",
                                "P": "1010",
                                "S": "5",
                                "T": "16.1",
                                "V": "45000",
                                "W": "8",
                                "Pt": "F",
                                "Dp": "11.1",
                                "$": "420"
                            },
                            {
                                "D": "E",
                                "G": "7",
                                "H": "65.6",
                                "P": "1010",
                                "S": "5",
                                "T": "17.9",
                                "V": "45000",
                                "W": "8",
                                "Pt": "S",
                                "Dp": "11.4",
                                "$": "480"
                            },
                            {
                                "D": "E",
                                "G": "9",
                                "H": "60.0",
                                "P": "1009",
                                "S": "6",
                                "T": "18.9",
                                "V": "65000",
                                "W": "8",
                                "Pt": "F",
                                "Dp": "11.0",
                                "$": "540"
                            },
                            {
                                "D": "E",
                                "G": "13",
                                "H": "59.7",
                                "P": "1008",
                                "S": "7",
                                "T": "19.6",
                                "V": "60000",
                                "W": "8",
                                "Pt": "F",
                                "Dp": "11.6",
                                "$": "600"
                            },
                            {
                                "D": "E",
                                "G": "15",
                                "H": "59.9",
                                "P": "1008",
                                "S": "10",
                                "T": "20.2",
                                "V": "55000",
                                "W": "8",
                                "Pt": "F",
                                "Dp": "12.2",
                                "$": "660"
                            },
                            {
                                "D": "E",
                                "G": "17",
                                "H": "79.4",
                                "P": "1007",
                                "S": "10",
                                "T": "18.2",
                                "V": "6000",
                                "W": "12",
                                "Pt": "F",
                                "Dp": "14.6",
                                "$": "720"
                            },
                            {
                                "D": "E",
                                "G": "13",
                                "H": "75.3",
                                "P": "1007",
                                "S": "8",
                                "T": "19.9",
                                "V": "40000",
                                "W": "8",
                                "Pt": "F",
                                "Dp": "15.4",
                                "$": "780"
                            },
                            {
                                "D": "E",
                                "G": "13",
                                "H": "71.5",
                                "P": "1007",
                                "S": "8",
                                "T": "20.1",
                                "V": "55000",
                                "W": "8",
                                "Pt": "F",
                                "Dp": "14.8",
                                "$": "840"
                            },
                            {
                                "D": "ESE",
                                "G": "15",
                                "H": "64.6",
                                "P": "1006",
                                "S": "10",
                                "T": "20.7",
                                "V": "75000",
                                "W": "8",
                                "Pt": "F",
                                "Dp": "13.8",
                                "$": "900"
                            },
                            {
                                "D": "SE",
                                "G": "18",
                                "H": "63.3",
                                "P": "1005",
                                "S": "14",
                                "T": "20.7",
                                "V": "65000",
                                "W": "8",
                                "Pt": "F",
                                "Dp": "13.5",
                                "$": "960"
                            }
                        ]
                    }
                ]
            }
        }
    }
}