{
    "SiteRep": {
        "Wx": {
            "Param": [
                {
                    "name": "G",
                    "units": "mph",
                    "$": "Wind Gust"
                },
                {
                    "name": "T",
                    "units": "C",
                    "$": "Temperature"
                },
                {
                    "name": "V",
                    "units": "m",
                    "$": "Visibility"
                },
                {
                    "name": "D",
                    "units": "compass",
                    "$": "Wind Direction"
                },
                {
                    "name": "S",
                    "units": "mph",
                    "$": "Wind Speed"
                },
                {
                    "name": "W",
                    "units": "",
                    "$": "Weather Type"
                },
                {
                    "name": "P",
                    "units": "hpa",
                    "$": "Pressure"
                },
                {
                    "name": "Pt",
                    "units": "Pa/s",
                    "$": "Pressure Tendency"
                },
                {
                    "name": "Dp",
                    "units": "C",
                    "$": "Dew Point"
                },
                {
                    "name": "H",
                    "units": "%",
                    "$": "Screen Relative Humidity"
                }
            ]
        },
        "DV": {
            "dataDate": "2024-09-16T16:00:00Z",
            "type": "Obs",
            "Location": {
                "i": "3772",
                "lat": "51.479",
                "lon": "-0.449",
                "name": "HEATHROW",
                "country": "ENGLAND",
                "continent": "EUROPE",
                "elevation": "25.0",
                "Period": [
                    {
                        "type": "Day",
                        "value": "2024-09-15Z",
                        "Rep": [
                            {
                                "D": "WSW",
                                "G": "14",
                                "H": "60.0",
                                "P": "1025",
                                "S": "8",
                                "T": "18.5",
                                "V": "75000",
                                "W": "8",
                                "Pt": "F",
                                "Dp": "10.7",
                                "$": "960"
                            },
                            {
                                "D": "W",
                                "G": "16",
                                "H": "61.2",
                                "P": "1025",
                                "S": "9",
                                "T": "18.2",
                                "V": "60000",
                                "W": "8",
                                "Pt": "F",
                                "Dp": "10.7",
                                "$": "1020"
                            },
                            {
                                "D": "W",
                                "G": "14",
                                "H": "61.9",
                                "P": "1026",
                                "S": "7",
                                "T": "17.9",
                                "V": "55000",
                                "W": "8",
                                "Pt": "R",
                                "Dp": "10.6",
                                "$": "1080"
                            },
                            {
                                "D": "WSW",
                                "G": "11",
                                "H": "65.3",
                                "P": "1025",
                                "S": "8",
                                "T": "17.2",
                                "V": "55000",
                                "W": "8",
                                "Pt": "R",
                                "Dp": "10.7",
                                "$": "1140"
                            },
                            {
                                "D": "W",
                                "G": "15",
                                "H": "73.4",
                                "P": "1026",
                                "S": "9",
                                "T": "16.4",
                                "V": "45000",
                                "W": "8",
                                "Pt": "R",
                                "Dp": "11.7",
                                "$": "1200"
                            },
                            {
                                "D": "WNW",
                                "G": "10",
                                "H": "81.0",
                                "P": "1026",
                                "S": "3",
                                "T": "15.3",
                                "V": "50000",
                                "W": "8",
                                "Pt": "F",
                                "Dp": "12.1",
                                "$": "1260"
                            },
                            {
                                "D": "W",
                                "G": "10",
                                "H": "82.6",
                                "P": "1026",
                                "S": "7",
                                "T": "15.2",
                                "V": "45000",
                                "W": "8",
                                "Pt": "R",
                                "Dp": "12.3",
                                "$": "1320"
                            },
                            {
                                "D": "SW",
                                "G": "9",
                                "H": "83.7",
                                "P": "1026",
                                "S": "5",
                                "T": "15.1",
                                "V": "45000",
                                "W": "8",
                                "Pt": "R",
                                "Dp": "12.4",
                                "$": "1380"
                            }
                        ]
                    },
                    {
                        "type": "Day",
                        "value": "2024-09-16Z",
                        "Rep": [
                            {
                                "D": "SW",
                                "G": "7",
                                "H": "90.6",
                                "P": "1026",
                                "S": "3",
                                "T": "14.4",
                                "V": "30000",
                                "W": "11",
                                "Pt": "R",
                                "Dp": "12.9",
                                "$": "0"
                            },
                            {
                                "D": "W",
                                "G": "6",
                                "H": "91.7",
                                "P": "1026",
                                "S": "5",
                                "T": "14.0",
                                "V": "27000",
                                "W": "8",
                                "Pt": "F",
                                "Dp": "12.7",
                                "$": "60"
                            },
                            {
                                "D": "WNW",
                                "G": "9",
                                "H": "91.2",
                                "P": "1026",
                                "S": "5",
                                "T": "14.2",
                                "V": "27000",
                                "W": "8",
                                "Pt": "F",
                                "Dp": "12.8",
                                "$": "120"
                            },
                            {
                                "D": "WNW",
                                "G": "7",
                                "H": "91.2",
                                "P": "1026",
                                "S": "5",
                                "T": "14.3",
                                "V": "30000",
                                "W": "8",
                                "Pt": "R",
                                "Dp": "12.9",
                                "$": "180"
                            },
                            {
                                "D": "NW",
                                "G": "6",
                                "H": "91.2",
                                "P": "1026",
                                "S": "3",
                                "T": "14.3",
                                "V": "30000",
                                "W": "8",
                                "Pt": "R",
                                "Dp": "12.9",
                                "$": "240"
                            },
                            {
                                "D": "NNE",
                                "G": "10",
                                "H": "89.4",
                                "P": "1026",
                                "S": "3",
                                "T": "13.9",
                                "V": "21000",
                                "W": "8",
                                "Pt": "R",
                                "Dp": "12.2",
                                "$": "300"
                            },
                            {
                                "D": "NNE",
                                "G": "9",
                                "H": "87.5",
                                "P": "1027",
                                "S": "5",
                                "T": "12.8",
                                "V": "30000",
                                "W": "1",
                                "Pt": "R",
                                "Dp": "10.8",
                                "$": "360"
                            },
                            {
                                "D": "NNE",
                                "G": "7",
                                "H": "86.3",
                                "P": "1028",
                                "S": "5",
                                "T": "12.9",
                                "V": "35000",
                                "W": "1",
                                "Pt": "R",
                                "Dp": "10.7",
                                "$": "420"
                            },
                            {
                                "D": "NNE",
                                "G": "10",
                                "H": "79.1",
                                "P": "1028",
                                "S": "7",
                                "T": "13.7",
                                "V": "45000",
                                "W": "1",
                                "Pt": "R",
                                "Dp": "10.2",
                                "$": "480"
                            },
                            {
                                "D": "NE",
                                "G": "13",
                                "H": "74.1",
                                "P": "1028",
                                "S": "7",
                                "T": "15.1",
                                "V": "50000",
                                "W": "1",
                                "Pt": "R",
                                "Dp": "10.6",
                                "$": "540"
                            },
                            {
                                "D": "NE",
                                "G": "14",
                                "H": "67.7",
                                "P": "1029",
                                "S": "5",
                                "T": "16.6",
                                "V": "50000",
                                "W": "3",
                                "Pt": "R",
                                "Dp": "10.7",
                                "$": "600"
                            },
                            {
                                "D": "NNE",
                                "G": "11",
                                "H": "60.5",
                                "P": "1028",
                                "S": "6",
                                "T": "19.0",
                                "V": "55000",
                                "W": "7",
                                "Pt": "R",
                                "Dp": "11.3",
                                "$": "660"
                            },
                            {
                                "D": "NNE",
                                "G": "28",
                                "H": "48.7",
                                "P": "1029",
                                "S": "8",
                                "T": "19.2",
                                "V": "65000",
                                "W": "3",
                                "Pt": "R",
                                "Dp": "8.3",
                                "$": "720"
                            },
                            {
                                "D": "NNE",
                                "G": "16",
                                "H": "45.8",
                                "P": "1029",
                                "S": "8",
                                "T": "19.6",
                                "V": "75000",
                                "W": "1",
                                "Pt": "R",
                                "Dp": "7.8",
                                "$": "780"
                            },
                            {
                                "D": "NNE",
                                "G": "16",
                                "H": "43.6",
                                "P": "1029",
                                "S": "8",
                                "T": "20.4",
                                "V": "65000",
                                "W": "1",
                                "Pt": "R",
                                "Dp": "7.8",
                                "$": "840"
                            },
                            {
                                "D": "N",
                                "G": "17",
                                "H": "43.2",
                                "P": "1029",
                                "S": "7",
                                "T": "20.3",
                                "V": "60000",
                                "W": "1",
                                "Pt": "R",
                                "Dp": "7.6",
                                "$": "900"
                            },
                            {
                                "D": "NNE",
                                "G": "16",
                                "H": "43.7",
                                "P": "1029",
                                "S": "6",
                                "T": "20.1",
                                "V": "60000",
                                "W": "1",
                                "Pt": "F",
                                "Dp": "7.6",
                                "$": "960"
                            }
                        ]
                    }
                ]
            }
        }
    }
}