{
    "SiteRep": {
        "Wx": {
            "Param": [
                {
                    "name": "G",
                    "units": "mph",
                    "$": "Wind Gust"
                },
                {
                    "name": "T",
                    "units": "C",
                    "$": "Temperature"
                },
                {
                    "name": "V",
                    "units": "m",
                    "$": "Visibility"
                },
                {
                    "name": "D",
                    "units": "compass",
                    "$": "Wind Direction"
                },
                {
                    "name": "S",
                    "units": "mph",
                    "$": "Wind Speed"
                },
                {
                    "name": "W",
                    "units": "str",
                    "$": "Weather Type"
                },
                {
                    "name": "P",
                    "units": "hpa",
                    "$": "Pressure"
                },
                {
                    "name": "Pt",
                    "units": "Pa/s",
                    "$": "Pressure Tendency"
                },
                {
                    "name": "Dp",
                    "units": "C",
                    "$": "Dew Point"
                },
                {
                    "name": "H",
                    "units": "%",
                    "$": "Screen Relative Humidity"
                }
            ]
        },
        "DV": {
            "dataDate": "2023-08-17T16:00:00Z",
            "type": "Obs",
            "Location": {
                "i": "3772",
                "lat": "51.479",
                "lon": "-0.449",
                "name": "HEATHROW",
                "country": "ENGLAND",
                "continent": "EUROPE",
                "elevation": "25.0",
                "Period": [
                    {
                        "type": "Day",
                        "value": "2023-08-16Z",
                        "Rep": [
                            {
                                "D": "E",
                                "G": "13",
                                "H": "43.8",
                                "P": "1019",
                                "S": "7",
                                "T": "25.5",
                                "V": "50000",
                                "W": "8",
                                "Pt": "F",
                                "Dp": "12.4",
                                "$": "960"
                            },
                            {
                                "D": "E",
                                "G": "15",
                                "H": "42.1",
                                "P": "1019",
                                "S": "10",
                                "T": "23.9",
                                "V": "55000",
                                "W": "8",
                                "Pt": "F",
                                "Dp": "10.4",
                                "$": "1020"
                            },
                            {
                                "D": "E",
                                "G": "14",
                                "H": "43.9",
                                "P": "1019",
                                "S": "9",
                                "T": "22.9",
                                "V": "60000",
                                "W": "1",
                                "Pt": "F",
                                "Dp": "10.1",
                                "$": "1080"
                            },
                            {
                                "D": "E",
                                "G": "17",
                                "H": "42.0",
                                "P": "1019",
                                "S": "13",
                                "T": "21.5",
                                "V": "65000",
                                "W": "1",
                                "Pt": "R",
                                "Dp": "8.2",
                                "$": "1140"
                            },
                            {
                                "D": "E",
                                "G": "16",
                                "H": "51.0",
                                "P": "1020",
                                "S": "10",
                                "T": "19.5",
                                "V": "60000",
                                "W": "0",
                                "Pt": "R",
                                "Dp": "9.2",
                                "$": "1200"
                            },
                            {
                                "D": "E",
                                "G": "16",
                                "H": "54.6",
                                "P": "1020",
                                "S": "9",
                                "T": "18.3",
                                "V": "60000",
                                "W": "0",
                                "Pt": "R",
                                "Dp": "9.1",
                                "$": "1260"
                            },
                            {
                                "D": "E",
                                "G": "18",
                                "H": "77.6",
                                "P": "1021",
                                "S": "8",
                                "T": "16.8",
                                "V": "28000",
                                "W": "0",
                                "Pt": "R",
                                "Dp": "12.9",
                                "$": "1320"
                            },
                            {
                                "D": "E",
                                "G": "13",
                                "H": "84.5",
                                "P": "1021",
                                "S": "6",
                                "T": "16.8",
                                "V": "20000",
                                "W": "0",
                                "Pt": "R",
                                "Dp": "14.2",
                                "$": "1380"
                            }
                        ]
                    },
                    {
                        "type": "Day",
                        "value": "2023-08-17Z",
                        "Rep": [
                            {
                                "D": "NE",
                                "G": "7",
                                "H": "85.6",
                                "P": "1021",
                                "S": "5",
                                "T": "16.6",
                                "V": "20000",
                                "W": "0",
                                "Pt": "R",
                                "Dp": "14.2",
                                "$": "0"
                            },
                            {
                                "D": "NNE",
                                "G": "8",
                                "H": "87.8",
                                "P": "1021",
                                "S": "3",
                                "T": "16.0",
                                "V": "17000",
                                "W": "7",
                                "Pt": "F",
                                "Dp": "14.0",
                                "$": "60"
                            },
                            {
                                "D": "NNE",
                                "G": "10",
                                "H": "89.5",
                                "P": "1020",
                                "S": "6",
                                "T": "15.8",
                                "V": "11000",
                                "W": "0",
                                "Pt": "F",
                                "Dp": "14.1",
                                "$": "120"
                            },
                            {
                                "D": "NE",
                                "G": "11",
                                "H": "91.9",
                                "P": "1020",
                                "S": "6",
                                "T": "15.6",
                                "V": "11000",
                                "W": "0",
                                "Pt": "F",
                                "Dp": "14.3",
                                "$": "180"
                            },
                            {
                                "D": "NE",
                                "G": "9",
                                "H": "93.8",
                                "P": "1020",
                                "S": "6",
                                "T": "15.5",
                                "V": "11000",
                                "W": "0",
                                "Pt": "F",
                                "Dp": "14.5",
                                "$": "240"
                            },
                            {
                                "D": "NE",
                                "G": "9",
                                "H": "93.7",
                                "P": "1020",
                                "S": "3",
                                "T": "15.4",
                                "V": "12000",
                                "W": "1",
                                "Pt": "F",
                                "Dp": "14.4",
                                "$": "300"
                            },
                            {
                                "D": "NE",
                                "G": "7",
                                "H": "93.1",
                                "P": "1020",
                                "S": "5",
                                "T": "16.4",
                                "V": "15000",
                                "W": "1",
                                "Pt": "S",
                                "Dp": "15.3",
                                "$": "360"
                            },
                            {
                                "D": "ENE",
                                "G": "15",
                                "H": "84.2",
                                "P": "1020",
                                "S": "9",
                                "T": "18.4",
                                "V": "20000",
                                "W": "1",
                                "Pt": "S",
                                "Dp": "15.7",
                                "$": "420"
                            },
                            {
                                "D": "ENE",
                                "G": "15",
                                "H": "81.1",
                                "P": "1020",
                                "S": "8",
                                "T": "19.3",
                                "V": "22000",
                                "W": "7",
                                "Pt": "R",
                                "Dp": "16.0",
                                "$": "480"
                            },
                            {
                                "D": "E",
                                "G": "19",
                                "H": "75.6",
                                "P": "1020",
                                "S": "14",
                                "T": "20.0",
                                "V": "27000",
                                "W": "8",
                                "Pt": "F",
                                "Dp": "15.6",
                                "$": "540"
                            },
                            {
                                "D": "E",
                                "G": "24",
                                "H": "67.4",
                                "P": "1020",
                                "S": "14",
                                "T": "20.6",
                                "V": "30000",
                                "W": "7",
                                "Pt": "F",
                                "Dp": "14.4",
                                "$": "600"
                            },
                            {
                                "D": "E",
                                "G": "25",
                                "H": "62.9",
                                "P": "1020",
                                "S": "13",
                                "T": "21.5",
                                "V": "35000",
                                "W": "8",
                                "Pt": "F",
                                "Dp": "14.2",
                                "$": "660"
                            },
                            {
                                "D": "ENE",
                                "G": "21",
                                "H": "58.0",
                                "P": "1019",
                                "S": "13",
                                "T": "24.1",
                                "V": "35000",
                                "W": "7",
                                "Pt": "F",
                                "Dp": "15.4",
                                "$": "720"
                            },
                            {
                                "D": "E",
                                "G": "25",
                                "H": "56.4",
                                "P": "1019",
                                "S": "11",
                                "T": "23.7",
                                "V": "35000",
                                "W": "8",
                                "Pt": "F",
                                "Dp": "14.6",
                                "$": "780"
                            },
                            {
                                "D": "E",
                                "G": "19",
                                "H": "57.5",
                                "P": "1018",
                                "S": "13",
                                "T": "23.2",
                                "V": "40000",
                                "W": "1",
                                "Pt": "F",
                                "Dp": "14.4",
                                "$": "840"
                            },
                            {
                                "D": "E",
                                "G": "21",
                                "H": "55.6",
                                "P": "1018",
                                "S": "14",
                                "T": "23.4",
                                "V": "40000",
                                "W": "7",
                                "Pt": "F",
                                "Dp": "14.1",
                                "$": "900"
                            },
                            {
                                "D": "E",
                                "G": "24",
                                "H": "51.9",
                                "P": "1018",
                                "S": "14",
                                "T": "22.5",
                                "V": "45000",
                                "W": "7",
                                "Pt": "F",
                                "Dp": "12.2",
                                "$": "960"
                            }
                        ]
                    }
                ]
            }
        }
    }
}
