{
    "SiteRep": {
        "Wx": {
            "Param": [
                {
                    "name": "G",
                    "units": "mph",
                    "$": "Wind Gust"
                },
                {
                    "name": "T",
                    "units": "C",
                    "$": "Temperature"
                },
                {
                    "name": "V",
                    "units": "m",
                    "$": "Visibility"
                },
                {
                    "name": "D",
                    "units": "compass",
                    "$": "Wind Direction"
                },
                {
                    "name": "S",
                    "units": "mph",
                    "$": "Wind Speed"
                },
                {
                    "name": "W",
                    "units": "",
                    "$": "Weather Type"
                },
                {
                    "name": "P",
                    "units": "hpa",
                    "$": "Pressure"
                },
                {
                    "name": "Pt",
                    "units": "Pa/s",
                    "$": "Pressure Tendency"
                },
                {
                    "name": "Dp",
                    "units": "C",
                    "$": "Dew Point"
                },
                {
                    "name": "H",
                    "units": "%",
                    "$": "Screen Relative Humidity"
                }
            ]
        },
        "DV": {
            "dataDate": "2024-02-14T16:00:00Z",
            "type": "Obs",
            "Location": {
                "i": "3772",
                "lat": "51.479",
                "lon": "-0.449",
                "name": "HEATHROW",
                "country": "ENGLAND",
                "continent": "EUROPE",
                "elevation": "25.0",
                "Period": [
                    {
                        "type": "Day",
                        "value": "2024-02-13Z",
                        "Rep": [
                            {
                                "D": "S",
                                "G": "26",
                                "H": "92.8",
                                "P": "1009",
                                "S": "16",
                                "T": "9.4",
                                "V": "10000",
                                "W": "12",
                                "Pt": "F",
                                "Dp": "8.3",
                                "$": "960"
                            },
                            {
                                "D": "S",
                                "G": "23",
                                "H": "94.7",
                                "P": "1008",
                                "S": "13",
                                "T": "9.7",
                                "V": "20000",
                                "W": "12",
                                "Pt": "F",
                                "Dp": "8.9",
                                "$": "1020"
                            },
                            {
                                "D": "S",
                                "G": "21",
                                "H": "95.5",
                                "P": "1008",
                                "S": "9",
                                "T": "10.3",
                                "V": "5000",
                                "W": "8",
                                "Pt": "F",
                                "Dp": "9.6",
                                "$": "1080"
                            },
                            {
                                "D": "SSW",
                                "G": "19",
                                "H": "96.0",
                                "P": "1008",
                                "S": "13",
                                "T": "11.0",
                                "V": "25000",
                                "W": "8",
                                "Pt": "F",
                                "Dp": "10.4",
                                "$": "1140"
                            },
                            {
                                "D": "SSW",
                                "G": "25",
                                "H": "89.9",
                                "P": "1009",
                                "S": "16",
                                "T": "12.0",
                                "V": "21000",
                                "W": "8",
                                "Pt": "R",
                                "Dp": "10.4",
                                "$": "1200"
                            },
                            {
                                "D": "SW",
                                "G": "23",
                                "H": "88.7",
                                "P": "1009",
                                "S": "15",
                                "T": "12.1",
                                "V": "23000",
                                "W": "8",
                                "Pt": "R",
                                "Dp": "10.3",
                                "$": "1260"
                            },
                            {
                                "D": "SW",
                                "G": "21",
                                "H": "88.6",
                                "P": "1010",
                                "S": "11",
                                "T": "11.8",
                                "V": "23000",
                                "W": "8",
                                "Pt": "R",
                                "Dp": "10.0",
                                "$": "1320"
                            },
                            {
                                "D": "SW",
                                "G": "21",
                                "H": "89.2",
                                "P": "1010",
                                "S": "13",
                                "T": "11.4",
                                "V": "19000",
                                "W": "7",
                                "Pt": "R",
                                "Dp": "9.7",
                                "$": "1380"
                            }
                        ]
                    },
                    {
                        "type": "Day",
                        "value": "2024-02-14Z",
                        "Rep": [
                            {
                                "D": "SSW",
                                "G": "21",
                                "H": "89.9",
                                "P": "1011",
                                "S": "13",
                                "T": "11.5",
                                "V": "14000",
                                "W": "8",
                                "Pt": "R",
                                "Dp": "9.9",
                                "$": "0"
                            },
                            {
                                "D": "SSW",
                                "G": "17",
                                "H": "90.5",
                                "P": "1011",
                                "S": "10",
                                "T": "11.5",
                                "V": "14000",
                                "W": "8",
                                "Pt": "R",
                                "Dp": "10.0",
                                "$": "60"
                            },
                            {
                                "D": "SSW",
                                "G": "18",
                                "H": "91.7",
                                "P": "1011",
                                "S": "11",
                                "T": "11.4",
                                "V": "26000",
                                "W": "8",
                                "Pt": "R",
                                "Dp": "10.1",
                                "$": "120"
                            },
                            {
                                "D": "SSW",
                                "G": "17",
                                "H": "91.0",
                                "P": "1011",
                                "S": "13",
                                "T": "11.9",
                                "V": "30000",
                                "W": "8",
                                "Pt": "R",
                                "Dp": "10.5",
                                "$": "180"
                            },
                            {
                                "D": "SW",
                                "G": "19",
                                "H": "90.5",
                                "P": "1011",
                                "S": "14",
                                "T": "11.7",
                                "V": "50000",
                                "W": "8",
                                "Pt": "S",
                                "Dp": "10.2",
                                "$": "240"
                            },
                            {
                                "D": "SSW",
                                "G": "22",
                                "H": "92.9",
                                "P": "1011",
                                "S": "11",
                                "T": "11.8",
                                "V": "21000",
                                "W": "11",
                                "Pt": "F",
                                "Dp": "10.7",
                                "$": "300"
                            },
                            {
                                "D": "SSW",
                                "G": "17",
                                "H": "93.0",
                                "P": "1011",
                                "S": "11",
                                "T": "11.9",
                                "V": "30000",
                                "W": "8",
                                "Pt": "R",
                                "Dp": "10.8",
                                "$": "360"
                            },
                            {
                                "D": "S",
                                "G": "18",
                                "H": "94.8",
                                "P": "1011",
                                "S": "9",
                                "T": "11.8",
                                "V": "19000",
                                "W": "11",
                                "Pt": "R",
                                "Dp": "11.0",
                                "$": "420"
                            },
                            {
                                "D": "SSW",
                                "G": "18",
                                "H": "94.2",
                                "P": "1011",
                                "S": "13",
                                "T": "12.2",
                                "V": "35000",
                                "W": "8",
                                "Pt": "R",
                                "Dp": "11.3",
                                "$": "480"
                            },
                            {
                                "D": "SSW",
                                "G": "23",
                                "H": "92.9",
                                "P": "1012",
                                "S": "13",
                                "T": "12.3",
                                "V": "50000",
                                "W": "8",
                                "Pt": "R",
                                "Dp": "11.2",
                                "$": "540"
                            },
                            {
                                "D": "SSW",
                                "G": "21",
                                "H": "93.0",
                                "P": "1012",
                                "S": "11",
                                "T": "12.5",
                                "V": "30000",
                                "W": "12",
                                "Pt": "R",
                                "Dp": "11.4",
                                "$": "600"
                            },
                            {
                                "D": "SW",
                                "G": "23",
                                "H": "91.1",
                                "P": "1012",
                                "S": "15",
                                "T": "13.1",
                                "V": "60000",
                                "W": "8",
                                "Pt": "R",
                                "Dp": "11.7",
                                "$": "660"
                            },
                            {
                                "D": "SW",
                                "G": "24",
                                "H": "88.8",
                                "P": "1013",
                                "S": "14",
                                "T": "13.5",
                                "V": "45000",
                                "W": "8",
                                "Pt": "R",
                                "Dp": "11.7",
                                "$": "720"
                            },
                            {
                                "D": "SSW",
                                "G": "21",
                                "H": "88.8",
                                "P": "1013",
                                "S": "14",
                                "T": "13.5",
                                "V": "45000",
                                "W": "8",
                                "Pt": "R",
                                "Dp": "11.7",
                                "$": "780"
                            },
                            {
                                "D": "SSW",
                                "G": "23",
                                "H": "88.2",
                                "P": "1012",
                                "S": "14",
                                "T": "13.4",
                                "V": "50000",
                                "W": "8",
                                "Pt": "R",
                                "Dp": "11.5",
                                "$": "840"
                            },
                            {
                                "D": "SSW",
                                "G": "19",
                                "H": "89.3",
                                "P": "1012",
                                "S": "11",
                                "T": "13.3",
                                "V": "40000",
                                "W": "8",
                                "Pt": "S",
                                "Dp": "11.6",
                                "$": "900"
                            }
                        ]
                    }
                ]
            }
        }
    }
}