{
    "SiteRep": {
        "Wx": {
            "Param": [
                {
                    "name": "G",
                    "units": "mph",
                    "$": "Wind Gust"
                },
                {
                    "name": "T",
                    "units": "C",
                    "$": "Temperature"
                },
                {
                    "name": "V",
                    "units": "m",
                    "$": "Visibility"
                },
                {
                    "name": "D",
                    "units": "compass",
                    "$": "Wind Direction"
                },
                {
                    "name": "S",
                    "units": "mph",
                    "$": "Wind Speed"
                },
                {
                    "name": "W",
                    "units": "",
                    "$": "Weather Type"
                },
                {
                    "name": "P",
                    "units": "hpa",
                    "$": "Pressure"
                },
                {
                    "name": "Pt",
                    "units": "Pa/s",
                    "$": "Pressure Tendency"
                },
                {
                    "name": "Dp",
                    "units": "C",
                    "$": "Dew Point"
                },
                {
                    "name": "H",
                    "units": "%",
                    "$": "Screen Relative Humidity"
                }
            ]
        },
        "DV": {
            "dataDate": "2024-09-04T16:00:00Z",
            "type": "Obs",
            "Location": {
                "i": "3772",
                "lat": "51.479",
                "lon": "-0.449",
                "name": "HEATHROW",
                "country": "ENGLAND",
                "continent": "EUROPE",
                "elevation": "25.0",
                "Period": [
                    {
                        "type": "Day",
                        "value": "2024-09-03Z",
                        "Rep": [
                            {
                                "D": "NW",
                                "G": "16",
                                "H": "65.2",
                                "P": "1013",
                                "S": "9",
                                "T": "20.0",
                                "V": "45000",
                                "W": "8",
                                "Pt": "R",
                                "Dp": "13.3",
                                "$": "960"
                            },
                            {
                                "D": "NW",
                                "G": "15",
                                "H": "67.6",
                                "P": "1014",
                                "S": "8",
                                "T": "19.2",
                                "V": "40000",
                                "W": "8",
                                "Pt": "R",
                                "Dp": "13.1",
                                "$": "1020"
                            },
                            {
                                "D": "NW",
                                "G": "14",
                                "H": "68.9",
                                "P": "1014",
                                "S": "7",
                                "T": "18.9",
                                "V": "40000",
                                "W": "7",
                                "Pt": "R",
                                "Dp": "13.1",
                                "$": "1080"
                            },
                            {
                                "D": "NW",
                                "G": "9",
                                "H": "73.0",
                                "P": "1014",
                                "S": "3",
                                "T": "18.3",
                                "V": "35000",
                                "W": "8",
                                "Pt": "R",
                                "Dp": "13.4",
                                "$": "1140"
                            },
                            {
                                "D": "NNW",
                                "G": "6",
                                "H": "74.3",
                                "P": "1015",
                                "S": "3",
                                "T": "18.0",
                                "V": "30000",
                                "W": "8",
                                "Pt": "R",
                                "Dp": "13.4",
                                "$": "1200"
                            },
                            {
                                "D": "NW",
                                "G": "6",
                                "H": "74.8",
                                "P": "1015",
                                "S": "2",
                                "T": "17.9",
                                "V": "22000",
                                "W": "8",
                                "Pt": "R",
                                "Dp": "13.4",
                                "$": "1260"
                            },
                            {
                                "D": "W",
                                "G": "6",
                                "H": "75.8",
                                "P": "1015",
                                "S": "2",
                                "T": "17.8",
                                "V": "27000",
                                "W": "8",
                                "Pt": "R",
                                "Dp": "13.5",
                                "$": "1320"
                            },
                            {
                                "D": "W",
                                "G": "9",
                                "H": "78.2",
                                "P": "1015",
                                "S": "7",
                                "T": "17.2",
                                "V": "28000",
                                "W": "8",
                                "Pt": "R",
                                "Dp": "13.4",
                                "$": "1380"
                            }
                        ]
                    },
                    {
                        "type": "Day",
                        "value": "2024-09-04Z",
                        "Rep": [
                            {
                                "D": "W",
                                "G": "11",
                                "H": "77.1",
                                "P": "1015",
                                "S": "6",
                                "T": "16.8",
                                "V": "26000",
                                "W": "8",
                                "Pt": "R",
                                "Dp": "12.8",
                                "$": "0"
                            },
                            {
                                "D": "WNW",
                                "G": "9",
                                "H": "76.5",
                                "P": "1015",
                                "S": "5",
                                "T": "16.5",
                                "V": "30000",
                                "W": "8",
                                "Pt": "R",
                                "Dp": "12.4",
                                "$": "60"
                            },
                            {
                                "D": "W",
                                "G": "15",
                                "H": "82.1",
                                "P": "1016",
                                "S": "6",
                                "T": "14.8",
                                "V": "30000",
                                "W": "8",
                                "Pt": "R",
                                "Dp": "11.8",
                                "$": "120"
                            },
                            {
                                "D": "W",
                                "G": "8",
                                "H": "85.3",
                                "P": "1016",
                                "S": "5",
                                "T": "13.9",
                                "V": "28000",
                                "W": "8",
                                "Pt": "R",
                                "Dp": "11.5",
                                "$": "180"
                            },
                            {
                                "D": "WNW",
                                "G": "6",
                                "H": "85.3",
                                "P": "1016",
                                "S": "3",
                                "T": "13.3",
                                "V": "28000",
                                "W": "0",
                                "Pt": "R",
                                "Dp": "10.9",
                                "$": "240"
                            },
                            {
                                "D": "W",
                                "G": "7",
                                "H": "88.1",
                                "P": "1016",
                                "S": "5",
                                "T": "12.8",
                                "V": "30000",
                                "W": "0",
                                "Pt": "R",
                                "Dp": "10.9",
                                "$": "300"
                            },
                            {
                                "D": "WNW",
                                "G": "6",
                                "H": "89.3",
                                "P": "1016",
                                "S": "2",
                                "T": "12.5",
                                "V": "28000",
                                "W": "1",
                                "Pt": "R",
                                "Dp": "10.8",
                                "$": "360"
                            },
                            {
                                "D": "W",
                                "G": "7",
                                "H": "87.0",
                                "P": "1017",
                                "S": "5",
                                "T": "13.1",
                                "V": "28000",
                                "W": "7",
                                "Pt": "R",
                                "Dp": "11.0",
                                "$": "420"
                            },
                            {
                                "D": "NNW",
                                "G": "7",
                                "H": "84.7",
                                "P": "1017",
                                "S": "2",
                                "T": "13.5",
                                "V": "24000",
                                "W": "8",
                                "Pt": "R",
                                "Dp": "11.0",
                                "$": "480"
                            },
                            {
                                "D": "NNW",
                                "G": "11",
                                "H": "76.4",
                                "P": "1017",
                                "S": "6",
                                "T": "16.0",
                                "V": "26000",
                                "W": "8",
                                "Pt": "R",
                                "Dp": "11.9",
                                "$": "540"
                            },
                            {
                                "D": "N",
                                "G": "11",
                                "H": "68.1",
                                "P": "1017",
                                "S": "6",
                                "T": "17.7",
                                "V": "28000",
                                "W": "8",
                                "Pt": "R",
                                "Dp": "11.8",
                                "$": "600"
                            },
                            {
                                "D": "NW",
                                "G": "10",
                                "H": "64.2",
                                "P": "1017",
                                "S": "6",
                                "T": "17.9",
                                "V": "29000",
                                "W": "8",
                                "Pt": "R",
                                "Dp": "11.1",
                                "$": "660"
                            },
                            {
                                "D": "NNW",
                                "G": "10",
                                "H": "59.8",
                                "P": "1017",
                                "S": "5",
                                "T": "18.5",
                                "V": "35000",
                                "W": "8",
                                "Pt": "S",
                                "Dp": "10.6",
                                "$": "720"
                            },
                            {
                                "D": "NNE",
                                "G": "15",
                                "H": "55.9",
                                "P": "1017",
                                "S": "5",
                                "T": "18.8",
                                "V": "40000",
                                "W": "8",
                                "Pt": "F",
                                "Dp": "9.9",
                                "$": "780"
                            },
                            {
                                "D": "N",
                                "G": "9",
                                "H": "48.5",
                                "P": "1017",
                                "S": "5",
                                "T": "20.1",
                                "V": "40000",
                                "W": "8",
                                "Pt": "F",
                                "Dp": "9.0",
                                "$": "840"
                            },
                            {
                                "D": "NNE",
                                "G": "11",
                                "H": "48.0",
                                "P": "1016",
                                "S": "7",
                                "T": "19.7",
                                "V": "45000",
                                "W": "8",
                                "Pt": "F",
                                "Dp": "8.5",
                                "$": "900"
                            },
                            {
                                "D": "NE",
                                "G": "11",
                                "H": "51.7",
                                "P": "1016",
                                "S": "5",
                                "T": "19.3",
                                "V": "19000",
                                "W": "8",
                                "Pt": "F",
                                "Dp": "9.2",
                                "$": "960"
                            }
                        ]
                    }
                ]
            }
        }
    }
}