{
    "SiteRep": {
        "Wx": {
            "Param": [
                {
                    "name": "G",
                    "units": "mph",
                    "$": "Wind Gust"
                },
                {
                    "name": "T",
                    "units": "C",
                    "$": "Temperature"
                },
                {
                    "name": "V",
                    "units": "m",
                    "$": "Visibility"
                },
                {
                    "name": "D",
                    "units": "compass",
                    "$": "Wind Direction"
                },
                {
                    "name": "S",
                    "units": "mph",
                    "$": "Wind Speed"
                },
                {
                    "name": "W",
                    "units": "",
                    "$": "Weather Type"
                },
                {
                    "name": "P",
                    "units": "hpa",
                    "$": "Pressure"
                },
                {
                    "name": "Pt",
                    "units": "Pa/s",
                    "$": "Pressure Tendency"
                },
                {
                    "name": "Dp",
                    "units": "C",
                    "$": "Dew Point"
                },
                {
                    "name": "H",
                    "units": "%",
                    "$": "Screen Relative Humidity"
                }
            ]
        },
        "DV": {
            "dataDate": "2025-11-17T16:00:00Z",
            "type": "Obs",
            "Location": {
                "i": "3772",
                "lat": "51.479",
                "lon": "-0.449",
                "name": "HEATHROW",
                "country": "ENGLAND",
                "continent": "EUROPE",
                "elevation": "25.0",
                "Period": [
                    {
                        "type": "Day",
                        "value": "2025-11-16Z",
                        "Rep": [
                            {
                                "D": "NNE",
                                "G": "21",
                                "H": "63.6",
                                "P": "1012",
                                "S": "10",
                                "T": "9.3",
                                "V": "50000",
                                "W": "8",
                                "Pt": "R",
                                "Dp": "2.8",
                                "$": "960"
                            },
                            {
                                "D": "N",
                                "G": "19",
                                "H": "68.1",
                                "P": "1013",
                                "S": "9",
                                "T": "8.4",
                                "V": "50000",
                                "W": "7",
                                "Pt": "R",
                                "Dp": "2.9",
                                "$": "1020"
                            },
                            {
                                "D": "N",
                                "G": "15",
                                "H": "65.6",
                                "P": "1014",
                                "S": "7",
                                "T": "8.4",
                                "V": "55000",
                                "W": "8",
                                "Pt": "R",
                                "Dp": "2.4",
                                "$": "1080"
                            },
                            {
                                "D": "NNE",
                                "G": "16",
                                "H": "62.3",
                                "P": "1015",
                                "S": "7",
                                "T": "8.2",
                                "V": "50000",
                                "W": "8",
                                "Pt": "R",
                                "Dp": "1.5",
                                "$": "1140"
                            },
                            {
                                "D": "NNE",
                                "G": "15",
                                "H": "60.0",
                                "P": "1015",
                                "S": "6",
                                "T": "8.2",
                                "V": "55000",
                                "W": "8",
                                "Pt": "R",
                                "Dp": "1.0",
                                "$": "1200"
                            },
                            {
                                "D": "N",
                                "G": "14",
                                "H": "63.6",
                                "P": "1015",
                                "S": "6",
                                "T": "8.1",
                                "V": "55000",
                                "W": "8",
                                "Pt": "R",
                                "Dp": "1.7",
                                "$": "1260"
                            },
                            {
                                "D": "N",
                                "G": "11",
                                "H": "64.5",
                                "P": "1016",
                                "S": "6",
                                "T": "7.8",
                                "V": "50000",
                                "W": "8",
                                "Pt": "R",
                                "Dp": "1.6",
                                "$": "1320"
                            },
                            {
                                "D": "N",
                                "G": "13",
                                "H": "64.0",
                                "P": "1016",
                                "S": "6",
                                "T": "7.5",
                                "V": "55000",
                                "W": "8",
                                "Pt": "R",
                                "Dp": "1.2",
                                "$": "1380"
                            }
                        ]
                    },
                    {
                        "type": "Day",
                        "value": "2025-11-17Z",
                        "Rep": [
                            {
                                "D": "NNW",
                                "G": "13",
                                "H": "68.7",
                                "P": "1016",
                                "S": "7",
                                "T": "7.0",
                                "V": "55000",
                                "W": "8",
                                "Pt": "R",
                                "Dp": "1.7",
                                "$": "0"
                            },
                            {
                                "D": "NNW",
                                "G": "14",
                                "H": "75.4",
                                "P": "1016",
                                "S": "6",
                                "T": "6.7",
                                "V": "50000",
                                "W": "8",
                                "Pt": "R",
                                "Dp": "2.7",
                                "$": "60"
                            },
                            {
                                "D": "NNW",
                                "G": "13",
                                "H": "77.5",
                                "P": "1017",
                                "S": "7",
                                "T": "6.1",
                                "V": "50000",
                                "W": "7",
                                "Pt": "R",
                                "Dp": "2.5",
                                "$": "120"
                            },
                            {
                                "D": "NW",
                                "G": "11",
                                "H": "79.1",
                                "P": "1017",
                                "S": "6",
                                "T": "5.9",
                                "V": "45000",
                                "W": "8",
                                "Pt": "R",
                                "Dp": "2.6",
                                "$": "180"
                            },
                            {
                                "D": "NNW",
                                "G": "9",
                                "H": "82.5",
                                "P": "1017",
                                "S": "5",
                                "T": "5.3",
                                "V": "45000",
                                "W": "2",
                                "Pt": "R",
                                "Dp": "2.6",
                                "$": "240"
                            },
                            {
                                "D": "NNW",
                                "G": "16",
                                "H": "81.4",
                                "P": "1018",
                                "S": "8",
                                "T": "5.7",
                                "V": "50000",
                                "W": "7",
                                "Pt": "R",
                                "Dp": "2.8",
                                "$": "300"
                            },
                            {
                                "D": "NNW",
                                "G": "17",
                                "H": "80.7",
                                "P": "1019",
                                "S": "9",
                                "T": "5.5",
                                "V": "45000",
                                "W": "0",
                                "Pt": "R",
                                "Dp": "2.5",
                                "$": "360"
                            },
                            {
                                "D": "N",
                                "G": "19",
                                "H": "79.6",
                                "P": "1019",
                                "S": "11",
                                "T": "5.3",
                                "V": "40000",
                                "W": "0",
                                "Pt": "R",
                                "Dp": "2.1",
                                "$": "420"
                            },
                            {
                                "D": "N",
                                "G": "17",
                                "H": "79.4",
                                "P": "1020",
                                "S": "9",
                                "T": "4.9",
                                "V": "40000",
                                "W": "1",
                                "Pt": "R",
                                "Dp": "1.7",
                                "$": "480"
                            },
                            {
                                "D": "NNW",
                                "G": "18",
                                "H": "76.7",
                                "P": "1021",
                                "S": "9",
                                "T": "5.4",
                                "V": "30000",
                                "W": "1",
                                "Pt": "R",
                                "Dp": "1.7",
                                "$": "540"
                            },
                            {
                                "D": "N",
                                "G": "25",
                                "H": "70.5",
                                "P": "1022",
                                "S": "11",
                                "T": "6.2",
                                "V": "40000",
                                "W": "3",
                                "Pt": "R",
                                "Dp": "1.3",
                                "$": "600"
                            },
                            {
                                "D": "NNW",
                                "G": "21",
                                "H": "67.1",
                                "P": "1023",
                                "S": "11",
                                "T": "7.0",
                                "V": "40000",
                                "W": "1",
                                "Pt": "R",
                                "Dp": "1.4",
                                "$": "660"
                            },
                            {
                                "D": "N",
                                "G": "23",
                                "H": "60.2",
                                "P": "1023",
                                "S": "10",
                                "T": "7.6",
                                "V": "35000",
                                "W": "3",
                                "Pt": "R",
                                "Dp": "0.5",
                                "$": "720"
                            },
                            {
                                "D": "N",
                                "G": "22",
                                "H": "56.5",
                                "P": "1023",
                                "S": "10",
                                "T": "8.1",
                                "V": "35000",
                                "W": "1",
                                "Pt": "R",
                                "Dp": "0.1",
                                "$": "780"
                            },
                            {
                                "D": "N",
                                "G": "19",
                                "H": "56.5",
                                "P": "1024",
                                "S": "10",
                                "T": "8.4",
                                "V": "35000",
                                "W": "1",
                                "Pt": "R",
                                "Dp": "0.4",
                                "$": "840"
                            },
                            {
                                "D": "N",
                                "G": "19",
                                "H": "59.0",
                                "P": "1024",
                                "S": "8",
                                "T": "7.9",
                                "V": "30000",
                                "W": "1",
                                "Pt": "R",
                                "Dp": "0.5",
                                "$": "900"
                            },
                            {
                                "D": "N",
                                "G": "17",
                                "H": "61.9",
                                "P": "1024",
                                "S": "6",
                                "T": "7.2",
                                "V": "35000",
                                "W": "1",
                                "Pt": "R",
                                "Dp": "0.5",
                                "$": "960"
                            }
                        ]
                    }
                ]
            }
        }
    }
}