{
    "SiteRep": {
        "Wx": {
            "Param": [
                {
                    "name": "G",
                    "units": "mph",
                    "$": "Wind Gust"
                },
                {
                    "name": "T",
                    "units": "C",
                    "$": "Temperature"
                },
                {
                    "name": "V",
                    "units": "m",
                    "$": "Visibility"
                },
                {
                    "name": "D",
                    "units": "compass",
                    "$": "Wind Direction"
                },
                {
                    "name": "S",
                    "units": "mph",
                    "$": "Wind Speed"
                },
                {
                    "name": "W",
                    "units": "",
                    "$": "Weather Type"
                },
                {
                    "name": "P",
                    "units": "hpa",
                    "$": "Pressure"
                },
                {
                    "name": "Pt",
                    "units": "Pa/s",
                    "$": "Pressure Tendency"
                },
                {
                    "name": "Dp",
                    "units": "C",
                    "$": "Dew Point"
                },
                {
                    "name": "H",
                    "units": "%",
                    "$": "Screen Relative Humidity"
                }
            ]
        },
        "DV": {
            "dataDate": "2025-02-03T16:00:00Z",
            "type": "Obs",
            "Location": {
                "i": "3772",
                "lat": "51.479",
                "lon": "-0.449",
                "name": "HEATHROW",
                "country": "ENGLAND",
                "continent": "EUROPE",
                "elevation": "25.0",
                "Period": [
                    {
                        "type": "Day",
                        "value": "2025-02-02Z",
                        "Rep": [
                            {
                                "D": "SSE",
                                "G": "13",
                                "H": "63.9",
                                "P": "1021",
                                "S": "7",
                                "T": "7.9",
                                "V": "45000",
                                "W": "1",
                                "Pt": "F",
                                "Dp": "1.6",
                                "$": "960"
                            },
                            {
                                "D": "SSW",
                                "G": "13",
                                "H": "67.0",
                                "P": "1022",
                                "S": "6",
                                "T": "6.6",
                                "V": "45000",
                                "W": "0",
                                "Pt": "R",
                                "Dp": "1.0",
                                "$": "1020"
                            },
                            {
                                "D": "S",
                                "G": "14",
                                "H": "72.9",
                                "P": "1023",
                                "S": "7",
                                "T": "5.7",
                                "V": "40000",
                                "W": "0",
                                "Pt": "R",
                                "Dp": "1.3",
                                "$": "1080"
                            },
                            {
                                "D": "S",
                                "G": "13",
                                "H": "78.4",
                                "P": "1024",
                                "S": "8",
                                "T": "5.0",
                                "V": "29000",
                                "W": "0",
                                "Pt": "R",
                                "Dp": "1.6",
                                "$": "1140"
                            },
                            {
                                "D": "SW",
                                "G": "11",
                                "H": "85.3",
                                "P": "1025",
                                "S": "7",
                                "T": "4.2",
                                "V": "24000",
                                "W": "0",
                                "Pt": "R",
                                "Dp": "2.0",
                                "$": "1200"
                            },
                            {
                                "D": "SW",
                                "G": "13",
                                "H": "88.6",
                                "P": "1025",
                                "S": "6",
                                "T": "3.7",
                                "V": "17000",
                                "W": "0",
                                "Pt": "R",
                                "Dp": "2.0",
                                "$": "1260"
                            },
                            {
                                "D": "S",
                                "G": "11",
                                "H": "89.6",
                                "P": "1025",
                                "S": "6",
                                "T": "2.7",
                                "V": "12000",
                                "W": "0",
                                "Pt": "R",
                                "Dp": "1.2",
                                "$": "1320"
                            },
                            {
                                "D": "S",
                                "G": "11",
                                "H": "94.4",
                                "P": "1024",
                                "S": "7",
                                "T": "2.1",
                                "V": "7000",
                                "W": "5",
                                "Pt": "F",
                                "Dp": "1.3",
                                "$": "1380"
                            }
                        ]
                    },
                    {
                        "type": "Day",
                        "value": "2025-02-03Z",
                        "Rep": [
                            {
                                "D": "SW",
                                "G": "8",
                                "H": "92.0",
                                "P": "1025",
                                "S": "2",
                                "T": "0.1",
                                "V": "2200",
                                "W": "5",
                                "Pt": "F",
                                "Dp": "-0.9",
                                "$": "0"
                            },
                            {
                                "D": "SE",
                                "G": "9",
                                "H": "95.7",
                                "P": "1024",
                                "S": "6",
                                "T": "-0.1",
                                "V": "4200",
                                "W": "5",
                                "Pt": "F",
                                "Dp": "-0.6",
                                "$": "60"
                            },
                            {
                                "D": "W",
                                "G": "7",
                                "H": "96.7",
                                "P": "1025",
                                "S": "2",
                                "T": "0.1",
                                "V": "4000",
                                "W": "5",
                                "Pt": "R",
                                "Dp": "-0.3",
                                "$": "120"
                            },
                            {
                                "D": "W",
                                "G": "7",
                                "H": "95.2",
                                "P": "1025",
                                "S": "2",
                                "T": "-0.6",
                                "V": "3000",
                                "W": "5",
                                "Pt": "R",
                                "Dp": "-1.1",
                                "$": "180"
                            },
                            {
                                "D": "SE",
                                "G": "6",
                                "H": "97.9",
                                "P": "1025",
                                "S": "3",
                                "T": "0.3",
                                "V": "4900",
                                "W": "5",
                                "Pt": "R",
                                "Dp": "0.0",
                                "$": "240"
                            },
                            {
                                "D": "SE",
                                "G": "7",
                                "H": "97.9",
                                "P": "1025",
                                "S": "5",
                                "T": "1.0",
                                "V": "4600",
                                "W": "5",
                                "Pt": "R",
                                "Dp": "0.7",
                                "$": "300"
                            },
                            {
                                "D": "SSE",
                                "G": "9",
                                "H": "97.1",
                                "P": "1025",
                                "S": "6",
                                "T": "1.8",
                                "V": "5000",
                                "W": "5",
                                "Pt": "F",
                                "Dp": "1.4",
                                "$": "360"
                            },
                            {
                                "D": "S",
                                "G": "14",
                                "H": "91.8",
                                "P": "1024",
                                "S": "7",
                                "T": "4.0",
                                "V": "12000",
                                "W": "8",
                                "Pt": "F",
                                "Dp": "2.8",
                                "$": "420"
                            },
                            {
                                "D": "SSE",
                                "G": "13",
                                "H": "89.3",
                                "P": "1024",
                                "S": "7",
                                "T": "4.8",
                                "V": "13000",
                                "W": "8",
                                "Pt": "F",
                                "Dp": "3.2",
                                "$": "480"
                            },
                            {
                                "D": "S",
                                "G": "10",
                                "H": "86.8",
                                "P": "1025",
                                "S": "3",
                                "T": "5.4",
                                "V": "19000",
                                "W": "8",
                                "Pt": "R",
                                "Dp": "3.4",
                                "$": "540"
                            },
                            {
                                "D": "S",
                                "G": "10",
                                "H": "86.2",
                                "P": "1025",
                                "S": "5",
                                "T": "5.6",
                                "V": "18000",
                                "W": "8",
                                "Pt": "R",
                                "Dp": "3.5",
                                "$": "600"
                            },
                            {
                                "D": "S",
                                "G": "11",
                                "H": "86.8",
                                "P": "1025",
                                "S": "7",
                                "T": "6.1",
                                "V": "14000",
                                "W": "8",
                                "Pt": "R",
                                "Dp": "4.1",
                                "$": "660"
                            },
                            {
                                "D": "S",
                                "G": "11",
                                "H": "81.6",
                                "P": "1025",
                                "S": "8",
                                "T": "7.4",
                                "V": "21000",
                                "W": "8",
                                "Pt": "R",
                                "Dp": "4.5",
                                "$": "720"
                            },
                            {
                                "D": "S",
                                "G": "16",
                                "H": "78.9",
                                "P": "1024",
                                "S": "10",
                                "T": "8.3",
                                "V": "25000",
                                "W": "8",
                                "Pt": "F",
                                "Dp": "4.9",
                                "$": "780"
                            },
                            {
                                "D": "S",
                                "G": "15",
                                "H": "82.4",
                                "P": "1024",
                                "S": "10",
                                "T": "8.3",
                                "V": "28000",
                                "W": "8",
                                "Pt": "F",
                                "Dp": "5.5",
                                "$": "840"
                            },
                            {
                                "D": "S",
                                "G": "15",
                                "H": "90.1",
                                "P": "1023",
                                "S": "8",
                                "T": "8.1",
                                "V": "7000",
                                "W": "8",
                                "Pt": "F",
                                "Dp": "6.6",
                                "$": "900"
                            },
                            {
                                "D": "S",
                                "G": "14",
                                "H": "94.6",
                                "P": "1023",
                                "S": "9",
                                "T": "8.1",
                                "V": "11000",
                                "W": "11",
                                "Pt": "F",
                                "Dp": "7.3",
                                "$": "960"
                            }
                        ]
                    }
                ]
            }
        }
    }
}