{
    "SiteRep": {
        "Wx": {
            "Param": [
                {
                    "name": "G",
                    "units": "mph",
                    "$": "Wind Gust"
                },
                {
                    "name": "T",
                    "units": "C",
                    "$": "Temperature"
                },
                {
                    "name": "V",
                    "units": "m",
                    "$": "Visibility"
                },
                {
                    "name": "D",
                    "units": "compass",
                    "$": "Wind Direction"
                },
                {
                    "name": "S",
                    "units": "mph",
                    "$": "Wind Speed"
                },
                {
                    "name": "W",
                    "units": "",
                    "$": "Weather Type"
                },
                {
                    "name": "P",
                    "units": "hpa",
                    "$": "Pressure"
                },
                {
                    "name": "Pt",
                    "units": "Pa/s",
                    "$": "Pressure Tendency"
                },
                {
                    "name": "Dp",
                    "units": "C",
                    "$": "Dew Point"
                },
                {
                    "name": "H",
                    "units": "%",
                    "$": "Screen Relative Humidity"
                }
            ]
        },
        "DV": {
            "dataDate": "2024-05-14T16:00:00Z",
            "type": "Obs",
            "Location": {
                "i": "3772",
                "lat": "51.479",
                "lon": "-0.449",
                "name": "HEATHROW",
                "country": "ENGLAND",
                "continent": "EUROPE",
                "elevation": "25.0",
                "Period": [
                    {
                        "type": "Day",
                        "value": "2024-05-13Z",
                        "Rep": [
                            {
                                "D": "SE",
                                "G": "23",
                                "H": "67.7",
                                "P": "1005",
                                "S": "16",
                                "T": "16.9",
                                "V": "45000",
                                "W": "8",
                                "Pt": "F",
                                "Dp": "10.9",
                                "$": "960"
                            },
                            {
                                "D": "SE",
                                "G": "24",
                                "H": "68.2",
                                "P": "1004",
                                "S": "15",
                                "T": "17.0",
                                "V": "40000",
                                "W": "8",
                                "Pt": "F",
                                "Dp": "11.1",
                                "$": "1020"
                            },
                            {
                                "D": "SE",
                                "G": "23",
                                "H": "68.2",
                                "P": "1004",
                                "S": "13",
                                "T": "17.2",
                                "V": "40000",
                                "W": "8",
                                "Pt": "F",
                                "Dp": "11.3",
                                "$": "1080"
                            },
                            {
                                "D": "SE",
                                "G": "19",
                                "H": "68.7",
                                "P": "1004",
                                "S": "13",
                                "T": "17.2",
                                "V": "40000",
                                "W": "8",
                                "Pt": "F",
                                "Dp": "11.4",
                                "$": "1140"
                            },
                            {
                                "D": "SE",
                                "G": "19",
                                "H": "71.4",
                                "P": "1004",
                                "S": "11",
                                "T": "17.0",
                                "V": "35000",
                                "W": "8",
                                "Pt": "F",
                                "Dp": "11.8",
                                "$": "1200"
                            },
                            {
                                "D": "ESE",
                                "G": "17",
                                "H": "72.8",
                                "P": "1003",
                                "S": "10",
                                "T": "16.6",
                                "V": "35000",
                                "W": "8",
                                "Pt": "F",
                                "Dp": "11.7",
                                "$": "1260"
                            },
                            {
                                "D": "SE",
                                "G": "15",
                                "H": "74.2",
                                "P": "1003",
                                "S": "10",
                                "T": "16.3",
                                "V": "35000",
                                "W": "8",
                                "Pt": "F",
                                "Dp": "11.7",
                                "$": "1320"
                            },
                            {
                                "D": "SE",
                                "G": "16",
                                "H": "75.1",
                                "P": "1002",
                                "S": "9",
                                "T": "16.2",
                                "V": "35000",
                                "W": "8",
                                "Pt": "F",
                                "Dp": "11.8",
                                "$": "1380"
                            }
                        ]
                    },
                    {
                        "type": "Day",
                        "value": "2024-05-14Z",
                        "Rep": [
                            {
                                "D": "ESE",
                                "G": "13",
                                "H": "78.1",
                                "P": "1002",
                                "S": "7",
                                "T": "15.7",
                                "V": "35000",
                                "W": "8",
                                "Pt": "F",
                                "Dp": "11.9",
                                "$": "0"
                            },
                            {
                                "D": "SE",
                                "G": "10",
                                "H": "80.2",
                                "P": "1001",
                                "S": "6",
                                "T": "15.5",
                                "V": "30000",
                                "W": "8",
                                "Pt": "F",
                                "Dp": "12.1",
                                "$": "60"
                            },
                            {
                                "D": "ESE",
                                "G": "11",
                                "H": "81.8",
                                "P": "1000",
                                "S": "7",
                                "T": "15.3",
                                "V": "25000",
                                "W": "12",
                                "Pt": "F",
                                "Dp": "12.2",
                                "$": "120"
                            },
                            {
                                "D": "ESE",
                                "G": "15",
                                "H": "86.1",
                                "P": "1000",
                                "S": "9",
                                "T": "15.0",
                                "V": "10000",
                                "W": "12",
                                "Pt": "F",
                                "Dp": "12.7",
                                "$": "180"
                            },
                            {
                                "D": "SE",
                                "G": "13",
                                "H": "91.9",
                                "P": "1000",
                                "S": "7",
                                "T": "14.4",
                                "V": "9000",
                                "W": "12",
                                "Pt": "F",
                                "Dp": "13.1",
                                "$": "240"
                            },
                            {
                                "D": "SE",
                                "G": "13",
                                "H": "94.9",
                                "P": "1000",
                                "S": "8",
                                "T": "14.2",
                                "V": "7000",
                                "W": "12",
                                "Pt": "F",
                                "Dp": "13.4",
                                "$": "300"
                            },
                            {
                                "D": "S",
                                "G": "16",
                                "H": "94.3",
                                "P": "999",
                                "S": "8",
                                "T": "14.2",
                                "V": "24000",
                                "W": "12",
                                "Pt": "F",
                                "Dp": "13.3",
                                "$": "360"
                            },
                            {
                                "D": "S",
                                "G": "13",
                                "H": "92.5",
                                "P": "1000",
                                "S": "8",
                                "T": "14.1",
                                "V": "26000",
                                "W": "12",
                                "Pt": "R",
                                "Dp": "12.9",
                                "$": "420"
                            },
                            {
                                "D": "S",
                                "G": "15",
                                "H": "90.6",
                                "P": "1000",
                                "S": "8",
                                "T": "13.3",
                                "V": "10000",
                                "W": "12",
                                "Pt": "R",
                                "Dp": "11.8",
                                "$": "480"
                            },
                            {
                                "D": "SE",
                                "G": "13",
                                "H": "90.1",
                                "P": "1000",
                                "S": "9",
                                "T": "14.3",
                                "V": "50000",
                                "W": "8",
                                "Pt": "R",
                                "Dp": "12.7",
                                "$": "540"
                            },
                            {
                                "D": "SSE",
                                "G": "22",
                                "H": "82.2",
                                "P": "1000",
                                "S": "13",
                                "T": "14.8",
                                "V": "45000",
                                "W": "8",
                                "Pt": "R",
                                "Dp": "11.8",
                                "$": "600"
                            },
                            {
                                "D": "SSE",
                                "G": "21",
                                "H": "76.0",
                                "P": "1001",
                                "S": "13",
                                "T": "15.2",
                                "V": "50000",
                                "W": "7",
                                "Pt": "R",
                                "Dp": "11.0",
                                "$": "660"
                            },
                            {
                                "D": "SSE",
                                "G": "21",
                                "H": "73.5",
                                "P": "1001",
                                "S": "15",
                                "T": "15.6",
                                "V": "45000",
                                "W": "8",
                                "Pt": "R",
                                "Dp": "10.9",
                                "$": "720"
                            },
                            {
                                "D": "SE",
                                "G": "21",
                                "H": "73.1",
                                "P": "1001",
                                "S": "15",
                                "T": "15.7",
                                "V": "55000",
                                "W": "8",
                                "Pt": "R",
                                "Dp": "10.9",
                                "$": "780"
                            },
                            {
                                "D": "SE",
                                "G": "22",
                                "H": "69.5",
                                "P": "1001",
                                "S": "13",
                                "T": "16.6",
                                "V": "40000",
                                "W": "8",
                                "Pt": "R",
                                "Dp": "11.0",
                                "$": "840"
                            },
                            {
                                "D": "SSE",
                                "G": "19",
                                "H": "69.4",
                                "P": "1001",
                                "S": "11",
                                "T": "16.3",
                                "V": "50000",
                                "W": "8",
                                "Pt": "R",
                                "Dp": "10.7",
                                "$": "900"
                            },
                            {
                                "D": "SE",
                                "G": "19",
                                "H": "68.5",
                                "P": "1001",
                                "S": "14",
                                "T": "16.4",
                                "V": "45000",
                                "W": "3",
                                "Pt": "R",
                                "Dp": "10.6",
                                "$": "960"
                            }
                        ]
                    }
                ]
            }
        }
    }
}