{
    "SiteRep": {
        "Wx": {
            "Param": [
                {
                    "name": "G",
                    "units": "mph",
                    "$": "Wind Gust"
                },
                {
                    "name": "T",
                    "units": "C",
                    "$": "Temperature"
                },
                {
                    "name": "V",
                    "units": "m",
                    "$": "Visibility"
                },
                {
                    "name": "D",
                    "units": "compass",
                    "$": "Wind Direction"
                },
                {
                    "name": "S",
                    "units": "mph",
                    "$": "Wind Speed"
                },
                {
                    "name": "W",
                    "units": "",
                    "$": "Weather Type"
                },
                {
                    "name": "P",
                    "units": "hpa",
                    "$": "Pressure"
                },
                {
                    "name": "Pt",
                    "units": "Pa/s",
                    "$": "Pressure Tendency"
                },
                {
                    "name": "Dp",
                    "units": "C",
                    "$": "Dew Point"
                },
                {
                    "name": "H",
                    "units": "%",
                    "$": "Screen Relative Humidity"
                }
            ]
        },
        "DV": {
            "dataDate": "2024-05-25T16:00:00Z",
            "type": "Obs",
            "Location": {
                "i": "3772",
                "lat": "51.479",
                "lon": "-0.449",
                "name": "HEATHROW",
                "country": "ENGLAND",
                "continent": "EUROPE",
                "elevation": "25.0",
                "Period": [
                    {
                        "type": "Day",
                        "value": "2024-05-24Z",
                        "Rep": [
                            {
                                "D": "WSW",
                                "G": "14",
                                "H": "50.5",
                                "P": "1018",
                                "S": "8",
                                "T": "17.7",
                                "V": "50000",
                                "W": "8",
                                "Pt": "S",
                                "Dp": "7.4",
                                "$": "960"
                            },
                            {
                                "D": "NW",
                                "G": "11",
                                "H": "51.8",
                                "P": "1018",
                                "S": "6",
                                "T": "17.3",
                                "V": "55000",
                                "W": "8",
                                "Pt": "F",
                                "Dp": "7.4",
                                "$": "1020"
                            },
                            {
                                "D": "NW",
                                "G": "9",
                                "H": "51.4",
                                "P": "1018",
                                "S": "5",
                                "T": "17.2",
                                "V": "50000",
                                "W": "8",
                                "Pt": "S",
                                "Dp": "7.2",
                                "$": "1080"
                            },
                            {
                                "D": "NW",
                                "G": "7",
                                "H": "52.1",
                                "P": "1018",
                                "S": "3",
                                "T": "17.0",
                                "V": "45000",
                                "W": "7",
                                "Pt": "S",
                                "Dp": "7.2",
                                "$": "1140"
                            },
                            {
                                "D": "NW",
                                "G": "6",
                                "H": "53.9",
                                "P": "1019",
                                "S": "3",
                                "T": "16.8",
                                "V": "50000",
                                "W": "8",
                                "Pt": "R",
                                "Dp": "7.5",
                                "$": "1200"
                            },
                            {
                                "D": "NW",
                                "G": "6",
                                "H": "58.3",
                                "P": "1019",
                                "S": "3",
                                "T": "16.1",
                                "V": "40000",
                                "W": "8",
                                "Pt": "R",
                                "Dp": "8.0",
                                "$": "1260"
                            },
                            {
                                "D": "WNW",
                                "G": "6",
                                "H": "60.6",
                                "P": "1019",
                                "S": "3",
                                "T": "15.4",
                                "V": "45000",
                                "W": "7",
                                "Pt": "R",
                                "Dp": "7.9",
                                "$": "1320"
                            },
                            {
                                "D": "WNW",
                                "G": "6",
                                "H": "67.4",
                                "P": "1019",
                                "S": "3",
                                "T": "14.4",
                                "V": "40000",
                                "W": "7",
                                "Pt": "R",
                                "Dp": "8.5",
                                "$": "1380"
                            }
                        ]
                    },
                    {
                        "type": "Day",
                        "value": "2024-05-25Z",
                        "Rep": [
                            {
                                "D": "N",
                                "G": "5",
                                "H": "73.0",
                                "P": "1019",
                                "S": "2",
                                "T": "13.4",
                                "V": "35000",
                                "W": "0",
                                "Pt": "F",
                                "Dp": "8.7",
                                "$": "0"
                            },
                            {
                                "D": "NNE",
                                "G": "5",
                                "H": "77.5",
                                "P": "1019",
                                "S": "3",
                                "T": "13.0",
                                "V": "35000",
                                "W": "7",
                                "Pt": "F",
                                "Dp": "9.2",
                                "$": "60"
                            },
                            {
                                "D": "NE",
                                "G": "6",
                                "H": "83.4",
                                "P": "1018",
                                "S": "3",
                                "T": "12.0",
                                "V": "30000",
                                "W": "0",
                                "Pt": "F",
                                "Dp": "9.3",
                                "$": "120"
                            },
                            {
                                "D": "ENE",
                                "G": "8",
                                "H": "85.9",
                                "P": "1018",
                                "S": "3",
                                "T": "9.4",
                                "V": "29000",
                                "W": "0",
                                "Pt": "F",
                                "Dp": "7.2",
                                "$": "180"
                            },
                            {
                                "D": "E",
                                "G": "6",
                                "H": "87.7",
                                "P": "1018",
                                "S": "3",
                                "T": "8.9",
                                "V": "30000",
                                "W": "0",
                                "Pt": "F",
                                "Dp": "7.0",
                                "$": "240"
                            },
                            {
                                "D": "SE",
                                "G": "8",
                                "H": "90.2",
                                "P": "1018",
                                "S": "3",
                                "T": "8.9",
                                "V": "40000",
                                "W": "1",
                                "Pt": "F",
                                "Dp": "7.4",
                                "$": "300"
                            },
                            {
                                "D": "E",
                                "G": "7",
                                "H": "80.5",
                                "P": "1018",
                                "S": "2",
                                "T": "11.1",
                                "V": "40000",
                                "W": "3",
                                "Pt": "F",
                                "Dp": "7.9",
                                "$": "360"
                            },
                            {
                                "D": "NE",
                                "G": "5",
                                "H": "73.9",
                                "P": "1018",
                                "S": "2",
                                "T": "13.2",
                                "V": "35000",
                                "W": "8",
                                "Pt": "S",
                                "Dp": "8.7",
                                "$": "420"
                            },
                            {
                                "D": "SE",
                                "G": "8",
                                "H": "62.1",
                                "P": "1018",
                                "S": "3",
                                "T": "16.6",
                                "V": "45000",
                                "W": "7",
                                "Pt": "F",
                                "Dp": "9.4",
                                "$": "480"
                            },
                            {
                                "D": "ESE",
                                "G": "11",
                                "H": "56.5",
                                "P": "1017",
                                "S": "6",
                                "T": "16.8",
                                "V": "45000",
                                "W": "3",
                                "Pt": "F",
                                "Dp": "8.2",
                                "$": "540"
                            },
                            {
                                "D": "N",
                                "G": "11",
                                "H": "57.4",
                                "P": "1017",
                                "S": "3",
                                "T": "17.4",
                                "V": "45000",
                                "W": "8",
                                "Pt": "F",
                                "Dp": "9.0",
                                "$": "600"
                            },
                            {
                                "D": "ESE",
                                "G": "15",
                                "H": "52.6",
                                "P": "1017",
                                "S": "6",
                                "T": "17.7",
                                "V": "50000",
                                "W": "8",
                                "Pt": "F",
                                "Dp": "8.0",
                                "$": "660"
                            },
                            {
                                "D": "SSE",
                                "G": "15",
                                "H": "51.8",
                                "P": "1016",
                                "S": "6",
                                "T": "19.8",
                                "V": "45000",
                                "W": "7",
                                "Pt": "F",
                                "Dp": "9.7",
                                "$": "720"
                            },
                            {
                                "D": "SSW",
                                "G": "14",
                                "H": "45.1",
                                "P": "1016",
                                "S": "9",
                                "T": "20.4",
                                "V": "50000",
                                "W": "1",
                                "Pt": "F",
                                "Dp": "8.2",
                                "$": "780"
                            },
                            {
                                "D": "S",
                                "G": "16",
                                "H": "46.7",
                                "P": "1015",
                                "S": "10",
                                "T": "20.6",
                                "V": "55000",
                                "W": "3",
                                "Pt": "F",
                                "Dp": "8.9",
                                "$": "840"
                            },
                            {
                                "D": "S",
                                "G": "19",
                                "H": "41.7",
                                "P": "1015",
                                "S": "8",
                                "T": "20.2",
                                "V": "50000",
                                "W": "3",
                                "Pt": "F",
                                "Dp": "6.9",
                                "$": "900"
                            },
                            {
                                "D": "S",
                                "G": "16",
                                "H": "40.1",
                                "P": "1014",
                                "S": "9",
                                "T": "20.4",
                                "V": "50000",
                                "W": "1",
                                "Pt": "F",
                                "Dp": "6.5",
                                "$": "960"
                            }
                        ]
                    }
                ]
            }
        }
    }
}