{
    "SiteRep": {
        "Wx": {
            "Param": [
                {
                    "name": "G",
                    "units": "mph",
                    "$": "Wind Gust"
                },
                {
                    "name": "T",
                    "units": "C",
                    "$": "Temperature"
                },
                {
                    "name": "V",
                    "units": "m",
                    "$": "Visibility"
                },
                {
                    "name": "D",
                    "units": "compass",
                    "$": "Wind Direction"
                },
                {
                    "name": "S",
                    "units": "mph",
                    "$": "Wind Speed"
                },
                {
                    "name": "W",
                    "units": "",
                    "$": "Weather Type"
                },
                {
                    "name": "P",
                    "units": "hpa",
                    "$": "Pressure"
                },
                {
                    "name": "Pt",
                    "units": "Pa/s",
                    "$": "Pressure Tendency"
                },
                {
                    "name": "Dp",
                    "units": "C",
                    "$": "Dew Point"
                },
                {
                    "name": "H",
                    "units": "%",
                    "$": "Screen Relative Humidity"
                }
            ]
        },
        "DV": {
            "dataDate": "2024-10-22T16:00:00Z",
            "type": "Obs",
            "Location": {
                "i": "3772",
                "lat": "51.479",
                "lon": "-0.449",
                "name": "HEATHROW",
                "country": "ENGLAND",
                "continent": "EUROPE",
                "elevation": "25.0",
                "Period": [
                    {
                        "type": "Day",
                        "value": "2024-10-21Z",
                        "Rep": [
                            {
                                "D": "SSW",
                                "G": "19",
                                "H": "81.3",
                                "P": "1021",
                                "S": "9",
                                "T": "13.4",
                                "V": "27000",
                                "W": "8",
                                "Pt": "F",
                                "Dp": "10.3",
                                "$": "960"
                            },
                            {
                                "D": "SSW",
                                "G": "15",
                                "H": "85.7",
                                "P": "1022",
                                "S": "9",
                                "T": "12.7",
                                "V": "22000",
                                "W": "8",
                                "Pt": "R",
                                "Dp": "10.4",
                                "$": "1020"
                            },
                            {
                                "D": "S",
                                "G": "14",
                                "H": "87.4",
                                "P": "1022",
                                "S": "6",
                                "T": "12.5",
                                "V": "18000",
                                "W": "8",
                                "Pt": "R",
                                "Dp": "10.5",
                                "$": "1080"
                            },
                            {
                                "D": "SSW",
                                "G": "16",
                                "H": "88.7",
                                "P": "1022",
                                "S": "9",
                                "T": "12.4",
                                "V": "19000",
                                "W": "8",
                                "Pt": "R",
                                "Dp": "10.6",
                                "$": "1140"
                            },
                            {
                                "D": "SW",
                                "G": "17",
                                "H": "91.7",
                                "P": "1022",
                                "S": "9",
                                "T": "11.9",
                                "V": "17000",
                                "W": "7",
                                "Pt": "R",
                                "Dp": "10.6",
                                "$": "1200"
                            },
                            {
                                "D": "WSW",
                                "G": "11",
                                "H": "93.5",
                                "P": "1023",
                                "S": "8",
                                "T": "11.3",
                                "V": "15000",
                                "W": "0",
                                "Pt": "R",
                                "Dp": "10.3",
                                "$": "1260"
                            },
                            {
                                "D": "WSW",
                                "G": "16",
                                "H": "94.1",
                                "P": "1023",
                                "S": "11",
                                "T": "11.1",
                                "V": "13000",
                                "W": "0",
                                "Pt": "R",
                                "Dp": "10.2",
                                "$": "1320"
                            },
                            {
                                "D": "WSW",
                                "G": "16",
                                "H": "95.3",
                                "P": "1023",
                                "S": "3",
                                "T": "9.5",
                                "V": "11000",
                                "W": "0",
                                "Pt": "R",
                                "Dp": "8.8",
                                "$": "1380"
                            }
                        ]
                    },
                    {
                        "type": "Day",
                        "value": "2024-10-22Z",
                        "Rep": [
                            {
                                "D": "SSW",
                                "G": "7",
                                "H": "96.0",
                                "P": "1024",
                                "S": "5",
                                "T": "9.0",
                                "V": "12000",
                                "W": "0",
                                "Pt": "R",
                                "Dp": "8.4",
                                "$": "0"
                            },
                            {
                                "D": "S",
                                "G": "9",
                                "H": "95.9",
                                "P": "1024",
                                "S": "5",
                                "T": "9.1",
                                "V": "14000",
                                "W": "0",
                                "Pt": "R",
                                "Dp": "8.5",
                                "$": "60"
                            },
                            {
                                "D": "S",
                                "G": "8",
                                "H": "94.7",
                                "P": "1024",
                                "S": "5",
                                "T": "8.8",
                                "V": "12000",
                                "W": "0",
                                "Pt": "R",
                                "Dp": "8.0",
                                "$": "120"
                            },
                            {
                                "D": "S",
                                "G": "6",
                                "H": "96.6",
                                "P": "1025",
                                "S": "5",
                                "T": "8.2",
                                "V": "11000",
                                "W": "0",
                                "Pt": "R",
                                "Dp": "7.7",
                                "$": "180"
                            },
                            {
                                "D": "S",
                                "G": "7",
                                "H": "98.0",
                                "P": "1025",
                                "S": "5",
                                "T": "8.3",
                                "V": "11000",
                                "W": "5",
                                "Pt": "R",
                                "Dp": "8.0",
                                "$": "240"
                            },
                            {
                                "D": "SW",
                                "G": "9",
                                "H": "96.6",
                                "P": "1026",
                                "S": "3",
                                "T": "7.9",
                                "V": "10000",
                                "W": "0",
                                "Pt": "R",
                                "Dp": "7.4",
                                "$": "300"
                            },
                            {
                                "D": "SSW",
                                "G": "11",
                                "H": "96.6",
                                "P": "1026",
                                "S": "7",
                                "T": "9.2",
                                "V": "15000",
                                "W": "0",
                                "Pt": "R",
                                "Dp": "8.7",
                                "$": "360"
                            },
                            {
                                "D": "SSW",
                                "G": "13",
                                "H": "94.6",
                                "P": "1026",
                                "S": "8",
                                "T": "9.1",
                                "V": "16000",
                                "W": "0",
                                "Pt": "R",
                                "Dp": "8.3",
                                "$": "420"
                            },
                            {
                                "D": "S",
                                "G": "11",
                                "H": "92.2",
                                "P": "1027",
                                "S": "5",
                                "T": "9.8",
                                "V": "17000",
                                "W": "8",
                                "Pt": "R",
                                "Dp": "8.6",
                                "$": "480"
                            },
                            {
                                "D": "S",
                                "G": "10",
                                "H": "88.4",
                                "P": "1028",
                                "S": "3",
                                "T": "11.2",
                                "V": "19000",
                                "W": "8",
                                "Pt": "R",
                                "Dp": "9.4",
                                "$": "540"
                            },
                            {
                                "D": "S",
                                "G": "9",
                                "H": "86.9",
                                "P": "1028",
                                "S": "6",
                                "T": "12.3",
                                "V": "20000",
                                "W": "11",
                                "Pt": "R",
                                "Dp": "10.2",
                                "$": "600"
                            },
                            {
                                "D": "SW",
                                "G": "19",
                                "H": "78.3",
                                "P": "1028",
                                "S": "11",
                                "T": "15.2",
                                "V": "23000",
                                "W": "8",
                                "Pt": "R",
                                "Dp": "11.5",
                                "$": "660"
                            },
                            {
                                "D": "SSW",
                                "G": "19",
                                "H": "75.3",
                                "P": "1028",
                                "S": "13",
                                "T": "15.8",
                                "V": "27000",
                                "W": "8",
                                "Pt": "R",
                                "Dp": "11.5",
                                "$": "720"
                            },
                            {
                                "D": "WSW",
                                "G": "19",
                                "H": "68.7",
                                "P": "1028",
                                "S": "13",
                                "T": "17.1",
                                "V": "27000",
                                "W": "3",
                                "Pt": "S",
                                "Dp": "11.4",
                                "$": "780"
                            },
                            {
                                "D": "WSW",
                                "G": "18",
                                "H": "67.5",
                                "P": "1028",
                                "S": "9",
                                "T": "17.7",
                                "V": "28000",
                                "W": "8",
                                "Pt": "F",
                                "Dp": "11.7",
                                "$": "840"
                            },
                            {
                                "D": "SW",
                                "G": "18",
                                "H": "74.9",
                                "P": "1028",
                                "S": "8",
                                "T": "16.1",
                                "V": "30000",
                                "W": "12",
                                "Pt": "R",
                                "Dp": "11.7",
                                "$": "900"
                            },
                            {
                                "D": "SSW",
                                "G": "17",
                                "H": "75.4",
                                "P": "1028",
                                "S": "9",
                                "T": "16.1",
                                "V": "30000",
                                "W": "3",
                                "Pt": "R",
                                "Dp": "11.8",
                                "$": "960"
                            }
                        ]
                    }
                ]
            }
        }
    }
}