{
    "SiteRep": {
        "Wx": {
            "Param": [
                {
                    "name": "G",
                    "units": "mph",
                    "$": "Wind Gust"
                },
                {
                    "name": "T",
                    "units": "C",
                    "$": "Temperature"
                },
                {
                    "name": "V",
                    "units": "m",
                    "$": "Visibility"
                },
                {
                    "name": "D",
                    "units": "compass",
                    "$": "Wind Direction"
                },
                {
                    "name": "S",
                    "units": "mph",
                    "$": "Wind Speed"
                },
                {
                    "name": "W",
                    "units": "",
                    "$": "Weather Type"
                },
                {
                    "name": "P",
                    "units": "hpa",
                    "$": "Pressure"
                },
                {
                    "name": "Pt",
                    "units": "Pa/s",
                    "$": "Pressure Tendency"
                },
                {
                    "name": "Dp",
                    "units": "C",
                    "$": "Dew Point"
                },
                {
                    "name": "H",
                    "units": "%",
                    "$": "Screen Relative Humidity"
                }
            ]
        },
        "DV": {
            "dataDate": "2025-05-07T15:00:00Z",
            "type": "Obs",
            "Location": {
                "i": "3772",
                "lat": "51.479",
                "lon": "-0.449",
                "name": "HEATHROW",
                "country": "ENGLAND",
                "continent": "EUROPE",
                "elevation": "25.0",
                "Period": [
                    {
                        "type": "Day",
                        "value": "2025-05-06Z",
                        "Rep": [
                            {
                                "D": "NNE",
                                "G": "21",
                                "H": "54.7",
                                "P": "1024",
                                "S": "11",
                                "T": "13.5",
                                "V": "60000",
                                "W": "8",
                                "Pt": "F",
                                "Dp": "4.7",
                                "$": "960"
                            },
                            {
                                "D": "NNE",
                                "G": "18",
                                "H": "59.4",
                                "P": "1024",
                                "S": "11",
                                "T": "12.9",
                                "V": "60000",
                                "W": "8",
                                "Pt": "R",
                                "Dp": "5.3",
                                "$": "1020"
                            },
                            {
                                "D": "NNE",
                                "G": "17",
                                "H": "59.9",
                                "P": "1024",
                                "S": "9",
                                "T": "13.0",
                                "V": "50000",
                                "W": "3",
                                "Pt": "R",
                                "Dp": "5.5",
                                "$": "1080"
                            },
                            {
                                "D": "NE",
                                "G": "16",
                                "H": "59.2",
                                "P": "1024",
                                "S": "10",
                                "T": "12.5",
                                "V": "55000",
                                "W": "8",
                                "Pt": "R",
                                "Dp": "4.9",
                                "$": "1140"
                            },
                            {
                                "D": "NE",
                                "G": "15",
                                "H": "62.6",
                                "P": "1025",
                                "S": "9",
                                "T": "11.9",
                                "V": "55000",
                                "W": "8",
                                "Pt": "R",
                                "Dp": "5.1",
                                "$": "1200"
                            },
                            {
                                "D": "NNE",
                                "G": "17",
                                "H": "67.0",
                                "P": "1025",
                                "S": "9",
                                "T": "11.1",
                                "V": "55000",
                                "W": "8",
                                "Pt": "R",
                                "Dp": "5.3",
                                "$": "1260"
                            },
                            {
                                "D": "NNE",
                                "G": "14",
                                "H": "73.2",
                                "P": "1025",
                                "S": "5",
                                "T": "9.7",
                                "V": "50000",
                                "W": "0",
                                "Pt": "R",
                                "Dp": "5.2",
                                "$": "1320"
                            },
                            {
                                "D": "NNE",
                                "G": "8",
                                "H": "78.4",
                                "P": "1025",
                                "S": "5",
                                "T": "8.5",
                                "V": "50000",
                                "W": "0",
                                "Pt": "R",
                                "Dp": "5.0",
                                "$": "1380"
                            }
                        ]
                    },
                    {
                        "type": "Day",
                        "value": "2025-05-07Z",
                        "Rep": [
                            {
                                "D": "NNE",
                                "G": "7",
                                "H": "81.5",
                                "P": "1025",
                                "S": "3",
                                "T": "7.6",
                                "V": "40000",
                                "W": "0",
                                "Pt": "F",
                                "Dp": "4.7",
                                "$": "0"
                            },
                            {
                                "D": "N",
                                "G": "6",
                                "H": "84.5",
                                "P": "1025",
                                "S": "3",
                                "T": "7.1",
                                "V": "45000",
                                "W": "2",
                                "Pt": "F",
                                "Dp": "4.7",
                                "$": "60"
                            },
                            {
                                "D": "N",
                                "G": "6",
                                "H": "85.6",
                                "P": "1025",
                                "S": "3",
                                "T": "6.5",
                                "V": "40000",
                                "W": "0",
                                "Pt": "F",
                                "Dp": "4.3",
                                "$": "120"
                            },
                            {
                                "D": "N",
                                "G": "7",
                                "H": "87.4",
                                "P": "1024",
                                "S": "3",
                                "T": "6.4",
                                "V": "35000",
                                "W": "0",
                                "Pt": "F",
                                "Dp": "4.5",
                                "$": "180"
                            },
                            {
                                "D": "N",
                                "G": "7",
                                "H": "88.1",
                                "P": "1024",
                                "S": "3",
                                "T": "5.9",
                                "V": "30000",
                                "W": "0",
                                "Pt": "F",
                                "Dp": "4.1",
                                "$": "240"
                            },
                            {
                                "D": "N",
                                "G": "7",
                                "H": "88.6",
                                "P": "1024",
                                "S": "3",
                                "T": "6.1",
                                "V": "30000",
                                "W": "1",
                                "Pt": "F",
                                "Dp": "4.4",
                                "$": "300"
                            },
                            {
                                "D": "N",
                                "G": "10",
                                "H": "85.0",
                                "P": "1025",
                                "S": "5",
                                "T": "7.4",
                                "V": "30000",
                                "W": "1",
                                "Pt": "R",
                                "Dp": "5.1",
                                "$": "360"
                            },
                            {
                                "D": "NNE",
                                "G": "14",
                                "H": "76.9",
                                "P": "1025",
                                "S": "8",
                                "T": "9.4",
                                "V": "18000",
                                "W": "3",
                                "Pt": "R",
                                "Dp": "5.6",
                                "$": "420"
                            },
                            {
                                "D": "NNE",
                                "G": "15",
                                "H": "69.8",
                                "P": "1024",
                                "S": "9",
                                "T": "10.4",
                                "V": "45000",
                                "W": "7",
                                "Pt": "R",
                                "Dp": "5.2",
                                "$": "480"
                            },
                            {
                                "D": "NNE",
                                "G": "16",
                                "H": "61.0",
                                "P": "1024",
                                "S": "9",
                                "T": "12.2",
                                "V": "65000",
                                "W": "8",
                                "Pt": "F",
                                "Dp": "5.0",
                                "$": "540"
                            },
                            {
                                "D": "NNE",
                                "G": "17",
                                "H": "53.4",
                                "P": "1024",
                                "S": "9",
                                "T": "12.9",
                                "V": "65000",
                                "W": "3",
                                "Pt": "F",
                                "Dp": "3.8",
                                "$": "600"
                            },
                            {
                                "D": "ENE",
                                "G": "19",
                                "H": "44.0",
                                "P": "1024",
                                "S": "10",
                                "T": "15.5",
                                "V": "60000",
                                "W": "1",
                                "Pt": "F",
                                "Dp": "3.5",
                                "$": "660"
                            },
                            {
                                "D": "NNE",
                                "G": "21",
                                "H": "43.8",
                                "P": "1023",
                                "S": "10",
                                "T": "14.9",
                                "V": "75000",
                                "W": "8",
                                "Pt": "F",
                                "Dp": "2.9",
                                "$": "720"
                            },
                            {
                                "D": "NE",
                                "G": "19",
                                "H": "47.9",
                                "P": "1023",
                                "S": "11",
                                "T": "16.5",
                                "V": "55000",
                                "W": "7",
                                "Pt": "F",
                                "Dp": "5.6",
                                "$": "780"
                            },
                            {
                                "D": "NE",
                                "G": "21",
                                "H": "45.2",
                                "P": "1022",
                                "S": "13",
                                "T": "16.2",
                                "V": "65000",
                                "W": "8",
                                "Pt": "F",
                                "Dp": "4.5",
                                "$": "840"
                            },
                            {
                                "D": "NNE",
                                "G": "19",
                                "H": "46.0",
                                "P": "1022",
                                "S": "10",
                                "T": "16.5",
                                "V": "55000",
                                "W": "8",
                                "Pt": "F",
                                "Dp": "5.0",
                                "$": "900"
                            },
                            {
                                "D": "NE",
                                "G": "21",
                                "H": "46.5",
                                "P": "1022",
                                "S": "14",
                                "T": "16.2",
                                "V": "60000",
                                "W": "8",
                                "Pt": "F",
                                "Dp": "4.9",
                                "$": "960"
                            }
                        ]
                    }
                ]
            }
        }
    }
}