{
    "SiteRep": {
        "Wx": {
            "Param": [
                {
                    "name": "G",
                    "units": "mph",
                    "$": "Wind Gust"
                },
                {
                    "name": "T",
                    "units": "C",
                    "$": "Temperature"
                },
                {
                    "name": "V",
                    "units": "m",
                    "$": "Visibility"
                },
                {
                    "name": "D",
                    "units": "compass",
                    "$": "Wind Direction"
                },
                {
                    "name": "S",
                    "units": "mph",
                    "$": "Wind Speed"
                },
                {
                    "name": "W",
                    "units": "",
                    "$": "Weather Type"
                },
                {
                    "name": "P",
                    "units": "hpa",
                    "$": "Pressure"
                },
                {
                    "name": "Pt",
                    "units": "Pa/s",
                    "$": "Pressure Tendency"
                },
                {
                    "name": "Dp",
                    "units": "C",
                    "$": "Dew Point"
                },
                {
                    "name": "H",
                    "units": "%",
                    "$": "Screen Relative Humidity"
                }
            ]
        },
        "DV": {
            "dataDate": "2025-09-03T16:00:00Z",
            "type": "Obs",
            "Location": {
                "i": "3772",
                "lat": "51.479",
                "lon": "-0.449",
                "name": "HEATHROW",
                "country": "ENGLAND",
                "continent": "EUROPE",
                "elevation": "25.0",
                "Period": [
                    {
                        "type": "Day",
                        "value": "2025-09-02Z",
                        "Rep": [
                            {
                                "D": "ESE",
                                "G": "15",
                                "H": "95.0",
                                "P": "1000",
                                "S": "8",
                                "T": "17.0",
                                "V": "12000",
                                "W": "12",
                                "Pt": "F",
                                "Dp": "16.2",
                                "$": "960"
                            },
                            {
                                "D": "SSW",
                                "G": "17",
                                "H": "87.5",
                                "P": "1000",
                                "S": "10",
                                "T": "17.9",
                                "V": "40000",
                                "W": "8",
                                "Pt": "F",
                                "Dp": "15.8",
                                "$": "1020"
                            },
                            {
                                "D": "S",
                                "G": "17",
                                "H": "85.3",
                                "P": "1000",
                                "S": "8",
                                "T": "18.1",
                                "V": "10000",
                                "W": "12",
                                "Pt": "F",
                                "Dp": "15.6",
                                "$": "1080"
                            },
                            {
                                "D": "S",
                                "G": "17",
                                "H": "85.3",
                                "P": "1000",
                                "S": "10",
                                "T": "17.5",
                                "V": "27000",
                                "W": "8",
                                "Pt": "F",
                                "Dp": "15.0",
                                "$": "1140"
                            },
                            {
                                "D": "SSE",
                                "G": "15",
                                "H": "87.9",
                                "P": "1000",
                                "S": "10",
                                "T": "16.6",
                                "V": "29000",
                                "W": "0",
                                "Pt": "R",
                                "Dp": "14.6",
                                "$": "1200"
                            },
                            {
                                "D": "SSE",
                                "G": "16",
                                "H": "91.4",
                                "P": "1000",
                                "S": "9",
                                "T": "16.5",
                                "V": "26000",
                                "W": "8",
                                "Pt": "R",
                                "Dp": "15.1",
                                "$": "1260"
                            },
                            {
                                "D": "S",
                                "G": "15",
                                "H": "91.4",
                                "P": "1000",
                                "S": "7",
                                "T": "16.6",
                                "V": "28000",
                                "W": "8",
                                "Pt": "F",
                                "Dp": "15.2",
                                "$": "1320"
                            },
                            {
                                "D": "S",
                                "G": "13",
                                "H": "91.4",
                                "P": "999",
                                "S": "7",
                                "T": "16.4",
                                "V": "27000",
                                "W": "8",
                                "Pt": "F",
                                "Dp": "15.0",
                                "$": "1380"
                            }
                        ]
                    },
                    {
                        "type": "Day",
                        "value": "2025-09-03Z",
                        "Rep": [
                            {
                                "D": "SSW",
                                "G": "17",
                                "H": "91.4",
                                "P": "999",
                                "S": "13",
                                "T": "16.6",
                                "V": "30000",
                                "W": "8",
                                "Pt": "F",
                                "Dp": "15.2",
                                "$": "0"
                            },
                            {
                                "D": "SSW",
                                "G": "19",
                                "H": "86.8",
                                "P": "999",
                                "S": "13",
                                "T": "16.3",
                                "V": "35000",
                                "W": "12",
                                "Pt": "F",
                                "Dp": "14.1",
                                "$": "60"
                            },
                            {
                                "D": "S",
                                "G": "17",
                                "H": "92.6",
                                "P": "998",
                                "S": "7",
                                "T": "15.5",
                                "V": "7000",
                                "W": "12",
                                "Pt": "F",
                                "Dp": "14.3",
                                "$": "120"
                            },
                            {
                                "D": "SE",
                                "G": "14",
                                "H": "96.9",
                                "P": "997",
                                "S": "10",
                                "T": "15.4",
                                "V": "4100",
                                "W": "12",
                                "Pt": "F",
                                "Dp": "14.9",
                                "$": "180"
                            },
                            {
                                "D": "SE",
                                "G": "18",
                                "H": "97.5",
                                "P": "995",
                                "S": "14",
                                "T": "15.7",
                                "V": "3500",
                                "W": "12",
                                "Pt": "F",
                                "Dp": "15.3",
                                "$": "240"
                            },
                            {
                                "D": "S",
                                "G": "22",
                                "H": "97.5",
                                "P": "995",
                                "S": "11",
                                "T": "17.2",
                                "V": "12000",
                                "W": "11",
                                "Pt": "F",
                                "Dp": "16.8",
                                "$": "300"
                            },
                            {
                                "D": "S",
                                "G": "19",
                                "H": "97.5",
                                "P": "994",
                                "S": "11",
                                "T": "17.9",
                                "V": "2800",
                                "W": "12",
                                "Pt": "F",
                                "Dp": "17.5",
                                "$": "360"
                            },
                            {
                                "D": "S",
                                "G": "29",
                                "H": "93.3",
                                "P": "994",
                                "S": "15",
                                "T": "18.5",
                                "V": "30000",
                                "W": "12",
                                "Pt": "F",
                                "Dp": "17.4",
                                "$": "420"
                            },
                            {
                                "D": "SSW",
                                "G": "30",
                                "H": "92.2",
                                "P": "995",
                                "S": "19",
                                "T": "18.4",
                                "V": "26000",
                                "W": "12",
                                "Pt": "F",
                                "Dp": "17.1",
                                "$": "480"
                            },
                            {
                                "D": "SSW",
                                "G": "28",
                                "H": "82.8",
                                "P": "995",
                                "S": "18",
                                "T": "19.2",
                                "V": "45000",
                                "W": "8",
                                "Pt": "R",
                                "Dp": "16.2",
                                "$": "540"
                            },
                            {
                                "D": "SSW",
                                "G": "31",
                                "H": "77.4",
                                "P": "995",
                                "S": "17",
                                "T": "20.5",
                                "V": "30000",
                                "W": "8",
                                "Pt": "R",
                                "Dp": "16.4",
                                "$": "600"
                            },
                            {
                                "D": "SSW",
                                "G": "28",
                                "H": "78.8",
                                "P": "995",
                                "S": "17",
                                "T": "19.9",
                                "V": "16000",
                                "W": "12",
                                "Pt": "R",
                                "Dp": "16.1",
                                "$": "660"
                            },
                            {
                                "D": "S",
                                "G": "33",
                                "H": "80.3",
                                "P": "995",
                                "S": "18",
                                "T": "19.5",
                                "V": "27000",
                                "W": "8",
                                "Pt": "F",
                                "Dp": "16.0",
                                "$": "720"
                            },
                            {
                                "D": "S",
                                "G": "29",
                                "H": "73.1",
                                "P": "994",
                                "S": "19",
                                "T": "20.7",
                                "V": "40000",
                                "W": "8",
                                "Pt": "F",
                                "Dp": "15.7",
                                "$": "780"
                            },
                            {
                                "D": "SSW",
                                "G": "38",
                                "H": "62.9",
                                "P": "994",
                                "S": "28",
                                "T": "21.9",
                                "V": "22000",
                                "W": "8",
                                "Pt": "F",
                                "Dp": "14.5",
                                "$": "840"
                            },
                            {
                                "D": "SW",
                                "G": "30",
                                "H": "78.6",
                                "P": "996",
                                "S": "19",
                                "T": "18.9",
                                "V": "1300",
                                "W": "12",
                                "Pt": "R",
                                "Dp": "15.1",
                                "$": "960"
                            }
                        ]
                    }
                ]
            }
        }
    }
}