{
    "SiteRep": {
        "Wx": {
            "Param": [
                {
                    "name": "G",
                    "units": "mph",
                    "$": "Wind Gust"
                },
                {
                    "name": "T",
                    "units": "C",
                    "$": "Temperature"
                },
                {
                    "name": "V",
                    "units": "m",
                    "$": "Visibility"
                },
                {
                    "name": "D",
                    "units": "compass",
                    "$": "Wind Direction"
                },
                {
                    "name": "S",
                    "units": "mph",
                    "$": "Wind Speed"
                },
                {
                    "name": "W",
                    "units": "",
                    "$": "Weather Type"
                },
                {
                    "name": "P",
                    "units": "hpa",
                    "$": "Pressure"
                },
                {
                    "name": "Pt",
                    "units": "Pa/s",
                    "$": "Pressure Tendency"
                },
                {
                    "name": "Dp",
                    "units": "C",
                    "$": "Dew Point"
                },
                {
                    "name": "H",
                    "units": "%",
                    "$": "Screen Relative Humidity"
                }
            ]
        },
        "DV": {
            "dataDate": "2023-09-19T16:00:00Z",
            "type": "Obs",
            "Location": {
                "i": "3772",
                "lat": "51.479",
                "lon": "-0.449",
                "name": "HEATHROW",
                "country": "ENGLAND",
                "continent": "EUROPE",
                "elevation": "25.0",
                "Period": [
                    {
                        "type": "Day",
                        "value": "2023-09-18Z",
                        "Rep": [
                            {
                                "D": "W",
                                "G": "38",
                                "H": "55.7",
                                "P": "1002",
                                "S": "21",
                                "T": "19.7",
                                "V": "65000",
                                "W": "3",
                                "Pt": "R",
                                "Dp": "10.6",
                                "$": "960"
                            },
                            {
                                "D": "WSW",
                                "G": "34",
                                "H": "54.2",
                                "P": "1003",
                                "S": "21",
                                "T": "18.3",
                                "V": "40000",
                                "W": "7",
                                "Pt": "R",
                                "Dp": "8.9",
                                "$": "1020"
                            },
                            {
                                "D": "WSW",
                                "G": "31",
                                "H": "55.9",
                                "P": "1004",
                                "S": "18",
                                "T": "16.4",
                                "V": "40000",
                                "W": "7",
                                "Pt": "R",
                                "Dp": "7.6",
                                "$": "1080"
                            },
                            {
                                "D": "WSW",
                                "G": "28",
                                "H": "62.4",
                                "P": "1005",
                                "S": "15",
                                "T": "15.1",
                                "V": "35000",
                                "W": "0",
                                "Pt": "R",
                                "Dp": "8.0",
                                "$": "1140"
                            },
                            {
                                "D": "SW",
                                "G": "22",
                                "H": "64.9",
                                "P": "1006",
                                "S": "11",
                                "T": "14.6",
                                "V": "30000",
                                "W": "2",
                                "Pt": "R",
                                "Dp": "8.1",
                                "$": "1200"
                            },
                            {
                                "D": "SW",
                                "G": "23",
                                "H": "65.3",
                                "P": "1006",
                                "S": "16",
                                "T": "14.6",
                                "V": "30000",
                                "W": "7",
                                "Pt": "R",
                                "Dp": "8.2",
                                "$": "1260"
                            },
                            {
                                "D": "SSW",
                                "G": "28",
                                "H": "83.5",
                                "P": "1007",
                                "S": "14",
                                "T": "12.8",
                                "V": "35000",
                                "W": "12",
                                "Pt": "R",
                                "Dp": "10.1",
                                "$": "1320"
                            },
                            {
                                "D": "SW",
                                "G": "24",
                                "H": "84.7",
                                "P": "1007",
                                "S": "15",
                                "T": "13.1",
                                "V": "35000",
                                "W": "8",
                                "Pt": "R",
                                "Dp": "10.6",
                                "$": "1380"
                            }
                        ]
                    },
                    {
                        "type": "Day",
                        "value": "2023-09-19Z",
                        "Rep": [
                            {
                                "D": "SW",
                                "G": "17",
                                "H": "83.0",
                                "P": "1007",
                                "S": "13",
                                "T": "13.3",
                                "V": "30000",
                                "W": "2",
                                "Pt": "R",
                                "Dp": "10.5",
                                "$": "0"
                            },
                            {
                                "D": "SW",
                                "G": "21",
                                "H": "81.9",
                                "P": "1008",
                                "S": "10",
                                "T": "13.3",
                                "V": "27000",
                                "W": "8",
                                "Pt": "R",
                                "Dp": "10.3",
                                "$": "60"
                            },
                            {
                                "D": "SW",
                                "G": "16",
                                "H": "81.9",
                                "P": "1008",
                                "S": "11",
                                "T": "13.2",
                                "V": "25000",
                                "W": "8",
                                "Pt": "R",
                                "Dp": "10.2",
                                "$": "120"
                            },
                            {
                                "D": "SW",
                                "G": "18",
                                "H": "80.4",
                                "P": "1008",
                                "S": "13",
                                "T": "13.5",
                                "V": "25000",
                                "W": "2",
                                "Pt": "R",
                                "Dp": "10.2",
                                "$": "180"
                            },
                            {
                                "D": "SSW",
                                "G": "18",
                                "H": "79.8",
                                "P": "1007",
                                "S": "11",
                                "T": "13.6",
                                "V": "27000",
                                "W": "7",
                                "Pt": "F",
                                "Dp": "10.2",
                                "$": "240"
                            },
                            {
                                "D": "SSW",
                                "G": "19",
                                "H": "82.1",
                                "P": "1007",
                                "S": "13",
                                "T": "14.3",
                                "V": "26000",
                                "W": "8",
                                "Pt": "F",
                                "Dp": "11.3",
                                "$": "300"
                            },
                            {
                                "D": "S",
                                "G": "21",
                                "H": "80.6",
                                "P": "1006",
                                "S": "11",
                                "T": "15.2",
                                "V": "27000",
                                "W": "8",
                                "Pt": "F",
                                "Dp": "11.9",
                                "$": "360"
                            },
                            {
                                "D": "SSW",
                                "G": "26",
                                "H": "80.2",
                                "P": "1006",
                                "S": "17",
                                "T": "16.2",
                                "V": "40000",
                                "W": "8",
                                "Pt": "F",
                                "Dp": "12.8",
                                "$": "420"
                            },
                            {
                                "D": "SSW",
                                "G": "29",
                                "H": "81.9",
                                "P": "1005",
                                "S": "19",
                                "T": "16.3",
                                "V": "16000",
                                "W": "12",
                                "Pt": "F",
                                "Dp": "13.2",
                                "$": "480"
                            },
                            {
                                "D": "SW",
                                "G": "36",
                                "H": "73.4",
                                "P": "1005",
                                "S": "25",
                                "T": "17.7",
                                "V": "24000",
                                "W": "8",
                                "Pt": "F",
                                "Dp": "12.9",
                                "$": "540"
                            },
                            {
                                "D": "SW",
                                "G": "41",
                                "H": "71.2",
                                "P": "1005",
                                "S": "26",
                                "T": "18.4",
                                "V": "25000",
                                "W": "8",
                                "Pt": "F",
                                "Dp": "13.1",
                                "$": "600"
                            },
                            {
                                "D": "SW",
                                "G": "34",
                                "H": "71.7",
                                "P": "1005",
                                "S": "23",
                                "T": "18.6",
                                "V": "24000",
                                "W": "8",
                                "Pt": "F",
                                "Dp": "13.4",
                                "$": "660"
                            },
                            {
                                "D": "SW",
                                "G": "39",
                                "H": "75.0",
                                "P": "1005",
                                "S": "24",
                                "T": "18.6",
                                "V": "30000",
                                "W": "8",
                                "Pt": "R",
                                "Dp": "14.1",
                                "$": "720"
                            },
                            {
                                "D": "SSW",
                                "G": "32",
                                "H": "83.1",
                                "P": "1005",
                                "S": "21",
                                "T": "18.2",
                                "V": "19000",
                                "W": "12",
                                "Pt": "F",
                                "Dp": "15.3",
                                "$": "780"
                            },
                            {
                                "D": "SW",
                                "G": "33",
                                "H": "78.5",
                                "P": "1005",
                                "S": "22",
                                "T": "18.8",
                                "V": "30000",
                                "W": "8",
                                "Pt": "F",
                                "Dp": "15.0",
                                "$": "840"
                            },
                            {
                                "D": "SSW",
                                "G": "31",
                                "H": "76.6",
                                "P": "1004",
                                "S": "21",
                                "T": "19.3",
                                "V": "40000",
                                "W": "8",
                                "Pt": "F",
                                "Dp": "15.1",
                                "$": "900"
                            },
                            {
                                "D": "SSW",
                                "G": "32",
                                "H": "78.6",
                                "P": "1004",
                                "S": "19",
                                "T": "19.0",
                                "V": "35000",
                                "W": "11",
                                "Pt": "S",
                                "Dp": "15.2",
                                "$": "960"
                            }
                        ]
                    }
                ]
            }
        }
    }
}