{
    "SiteRep": {
        "Wx": {
            "Param": [
                {
                    "name": "G",
                    "units": "mph",
                    "$": "Wind Gust"
                },
                {
                    "name": "T",
                    "units": "C",
                    "$": "Temperature"
                },
                {
                    "name": "V",
                    "units": "m",
                    "$": "Visibility"
                },
                {
                    "name": "D",
                    "units": "compass",
                    "$": "Wind Direction"
                },
                {
                    "name": "S",
                    "units": "mph",
                    "$": "Wind Speed"
                },
                {
                    "name": "W",
                    "units": "",
                    "$": "Weather Type"
                },
                {
                    "name": "P",
                    "units": "hpa",
                    "$": "Pressure"
                },
                {
                    "name": "Pt",
                    "units": "Pa/s",
                    "$": "Pressure Tendency"
                },
                {
                    "name": "Dp",
                    "units": "C",
                    "$": "Dew Point"
                },
                {
                    "name": "H",
                    "units": "%",
                    "$": "Screen Relative Humidity"
                }
            ]
        },
        "DV": {
            "dataDate": "2024-03-16T16:00:00Z",
            "type": "Obs",
            "Location": {
                "i": "3772",
                "lat": "51.479",
                "lon": "-0.449",
                "name": "HEATHROW",
                "country": "ENGLAND",
                "continent": "EUROPE",
                "elevation": "25.0",
                "Period": [
                    {
                        "type": "Day",
                        "value": "2024-03-15Z",
                        "Rep": [
                            {
                                "D": "SSW",
                                "G": "26",
                                "H": "76.2",
                                "P": "1004",
                                "S": "17",
                                "T": "13.9",
                                "V": "17000",
                                "W": "8",
                                "Pt": "R",
                                "Dp": "9.8",
                                "$": "960"
                            },
                            {
                                "D": "SW",
                                "G": "23",
                                "H": "84.2",
                                "P": "1005",
                                "S": "13",
                                "T": "13.0",
                                "V": "12000",
                                "W": "12",
                                "Pt": "R",
                                "Dp": "10.4",
                                "$": "1020"
                            },
                            {
                                "D": "WSW",
                                "G": "22",
                                "H": "85.8",
                                "P": "1006",
                                "S": "13",
                                "T": "12.4",
                                "V": "30000",
                                "W": "12",
                                "Pt": "R",
                                "Dp": "10.1",
                                "$": "1080"
                            },
                            {
                                "D": "SW",
                                "G": "23",
                                "H": "87.0",
                                "P": "1007",
                                "S": "11",
                                "T": "11.5",
                                "V": "28000",
                                "W": "2",
                                "Pt": "R",
                                "Dp": "9.4",
                                "$": "1140"
                            },
                            {
                                "D": "WSW",
                                "G": "19",
                                "H": "86.9",
                                "P": "1008",
                                "S": "14",
                                "T": "11.6",
                                "V": "35000",
                                "W": "8",
                                "Pt": "R",
                                "Dp": "9.5",
                                "$": "1200"
                            },
                            {
                                "D": "W",
                                "G": "21",
                                "H": "86.8",
                                "P": "1009",
                                "S": "10",
                                "T": "11.2",
                                "V": "30000",
                                "W": "8",
                                "Pt": "R",
                                "Dp": "9.1",
                                "$": "1260"
                            },
                            {
                                "D": "NNW",
                                "G": "18",
                                "H": "74.5",
                                "P": "1011",
                                "S": "10",
                                "T": "10.2",
                                "V": "45000",
                                "W": "8",
                                "Pt": "R",
                                "Dp": "5.9",
                                "$": "1320"
                            },
                            {
                                "D": "NW",
                                "G": "16",
                                "H": "70.1",
                                "P": "1012",
                                "S": "7",
                                "T": "9.0",
                                "V": "50000",
                                "W": "2",
                                "Pt": "R",
                                "Dp": "3.9",
                                "$": "1380"
                            }
                        ]
                    },
                    {
                        "type": "Day",
                        "value": "2024-03-16Z",
                        "Rep": [
                            {
                                "D": "W",
                                "G": "14",
                                "H": "71.0",
                                "P": "1013",
                                "S": "7",
                                "T": "8.5",
                                "V": "55000",
                                "W": "7",
                                "Pt": "R",
                                "Dp": "3.6",
                                "$": "0"
                            },
                            {
                                "D": "W",
                                "G": "15",
                                "H": "71.6",
                                "P": "1014",
                                "S": "9",
                                "T": "8.7",
                                "V": "55000",
                                "W": "2",
                                "Pt": "R",
                                "Dp": "3.9",
                                "$": "60"
                            },
                            {
                                "D": "W",
                                "G": "11",
                                "H": "73.2",
                                "P": "1015",
                                "S": "6",
                                "T": "8.8",
                                "V": "60000",
                                "W": "8",
                                "Pt": "R",
                                "Dp": "4.3",
                                "$": "120"
                            },
                            {
                                "D": "W",
                                "G": "11",
                                "H": "74.1",
                                "P": "1016",
                                "S": "7",
                                "T": "8.8",
                                "V": "45000",
                                "W": "8",
                                "Pt": "R",
                                "Dp": "4.5",
                                "$": "180"
                            },
                            {
                                "D": "W",
                                "G": "11",
                                "H": "75.1",
                                "P": "1017",
                                "S": "7",
                                "T": "8.5",
                                "V": "60000",
                                "W": "8",
                                "Pt": "R",
                                "Dp": "4.4",
                                "$": "240"
                            },
                            {
                                "D": "W",
                                "G": "9",
                                "H": "77.6",
                                "P": "1018",
                                "S": "3",
                                "T": "7.8",
                                "V": "60000",
                                "W": "8",
                                "Pt": "R",
                                "Dp": "4.2",
                                "$": "300"
                            },
                            {
                                "D": "W",
                                "G": "9",
                                "H": "84.5",
                                "P": "1018",
                                "S": "6",
                                "T": "6.7",
                                "V": "55000",
                                "W": "2",
                                "Pt": "R",
                                "Dp": "4.3",
                                "$": "360"
                            },
                            {
                                "D": "W",
                                "G": "9",
                                "H": "82.2",
                                "P": "1019",
                                "S": "6",
                                "T": "6.6",
                                "V": "55000",
                                "W": "7",
                                "Pt": "R",
                                "Dp": "3.8",
                                "$": "420"
                            },
                            {
                                "D": "W",
                                "G": "8",
                                "H": "78.8",
                                "P": "1020",
                                "S": "5",
                                "T": "7.3",
                                "V": "50000",
                                "W": "8",
                                "Pt": "R",
                                "Dp": "3.9",
                                "$": "480"
                            },
                            {
                                "D": "W",
                                "G": "5",
                                "H": "74.1",
                                "P": "1021",
                                "S": "1",
                                "T": "8.9",
                                "V": "35000",
                                "W": "7",
                                "Pt": "R",
                                "Dp": "4.6",
                                "$": "540"
                            },
                            {
                                "D": "N",
                                "G": "8",
                                "H": "70.5",
                                "P": "1021",
                                "S": "3",
                                "T": "11.4",
                                "V": "30000",
                                "W": "3",
                                "Pt": "R",
                                "Dp": "6.3",
                                "$": "600"
                            },
                            {
                                "D": "SSE",
                                "G": "13",
                                "H": "65.3",
                                "P": "1021",
                                "S": "7",
                                "T": "11.6",
                                "V": "50000",
                                "W": "1",
                                "Pt": "R",
                                "Dp": "5.4",
                                "$": "660"
                            },
                            {
                                "D": "S",
                                "G": "16",
                                "H": "59.9",
                                "P": "1021",
                                "S": "7",
                                "T": "13.0",
                                "V": "65000",
                                "W": "8",
                                "Pt": "R",
                                "Dp": "5.5",
                                "$": "720"
                            },
                            {
                                "D": "S",
                                "G": "15",
                                "H": "57.7",
                                "P": "1021",
                                "S": "9",
                                "T": "12.7",
                                "V": "60000",
                                "W": "8",
                                "Pt": "R",
                                "Dp": "4.7",
                                "$": "780"
                            },
                            {
                                "D": "S",
                                "G": "17",
                                "H": "54.6",
                                "P": "1020",
                                "S": "9",
                                "T": "12.6",
                                "V": "75000",
                                "W": "8",
                                "Pt": "F",
                                "Dp": "3.8",
                                "$": "840"
                            },
                            {
                                "D": "S",
                                "G": "15",
                                "H": "52.2",
                                "P": "1020",
                                "S": "10",
                                "T": "12.5",
                                "V": "75000",
                                "W": "8",
                                "Pt": "F",
                                "Dp": "3.1",
                                "$": "900"
                            },
                            {
                                "D": "S",
                                "G": "16",
                                "H": "59.6",
                                "P": "1020",
                                "S": "10",
                                "T": "11.7",
                                "V": "55000",
                                "W": "8",
                                "Pt": "F",
                                "Dp": "4.2",
                                "$": "960"
                            }
                        ]
                    }
                ]
            }
        }
    }
}