{
    "SiteRep": {
        "Wx": {
            "Param": [
                {
                    "name": "G",
                    "units": "mph",
                    "$": "Wind Gust"
                },
                {
                    "name": "T",
                    "units": "C",
                    "$": "Temperature"
                },
                {
                    "name": "V",
                    "units": "m",
                    "$": "Visibility"
                },
                {
                    "name": "D",
                    "units": "compass",
                    "$": "Wind Direction"
                },
                {
                    "name": "S",
                    "units": "mph",
                    "$": "Wind Speed"
                },
                {
                    "name": "W",
                    "units": "",
                    "$": "Weather Type"
                },
                {
                    "name": "P",
                    "units": "hpa",
                    "$": "Pressure"
                },
                {
                    "name": "Pt",
                    "units": "Pa/s",
                    "$": "Pressure Tendency"
                },
                {
                    "name": "Dp",
                    "units": "C",
                    "$": "Dew Point"
                },
                {
                    "name": "H",
                    "units": "%",
                    "$": "Screen Relative Humidity"
                }
            ]
        },
        "DV": {
            "dataDate": "2024-05-22T16:00:00Z",
            "type": "Obs",
            "Location": {
                "i": "3772",
                "lat": "51.479",
                "lon": "-0.449",
                "name": "HEATHROW",
                "country": "ENGLAND",
                "continent": "EUROPE",
                "elevation": "25.0",
                "Period": [
                    {
                        "type": "Day",
                        "value": "2024-05-21Z",
                        "Rep": [
                            {
                                "D": "WNW",
                                "G": "7",
                                "H": "93.7",
                                "P": "1009",
                                "S": "3",
                                "T": "14.4",
                                "V": "5000",
                                "W": "12",
                                "Pt": "F",
                                "Dp": "13.4",
                                "$": "960"
                            },
                            {
                                "D": "WNW",
                                "G": "9",
                                "H": "93.7",
                                "P": "1008",
                                "S": "6",
                                "T": "14.5",
                                "V": "4500",
                                "W": "12",
                                "Pt": "F",
                                "Dp": "13.5",
                                "$": "1020"
                            },
                            {
                                "D": "W",
                                "G": "10",
                                "H": "94.9",
                                "P": "1008",
                                "S": "6",
                                "T": "14.6",
                                "V": "5000",
                                "W": "12",
                                "Pt": "F",
                                "Dp": "13.8",
                                "$": "1080"
                            },
                            {
                                "D": "WNW",
                                "G": "11",
                                "H": "94.3",
                                "P": "1008",
                                "S": "6",
                                "T": "14.3",
                                "V": "6000",
                                "W": "12",
                                "Pt": "F",
                                "Dp": "13.4",
                                "$": "1140"
                            },
                            {
                                "D": "W",
                                "G": "9",
                                "H": "95.0",
                                "P": "1008",
                                "S": "6",
                                "T": "14.3",
                                "V": "5000",
                                "W": "12",
                                "Pt": "S",
                                "Dp": "13.5",
                                "$": "1200"
                            },
                            {
                                "D": "WNW",
                                "G": "9",
                                "H": "94.9",
                                "P": "1008",
                                "S": "5",
                                "T": "14.2",
                                "V": "5000",
                                "W": "12",
                                "Pt": "R",
                                "Dp": "13.4",
                                "$": "1260"
                            },
                            {
                                "D": "W",
                                "G": "11",
                                "H": "96.2",
                                "P": "1008",
                                "S": "7",
                                "T": "13.8",
                                "V": "2600",
                                "W": "15",
                                "Pt": "F",
                                "Dp": "13.2",
                                "$": "1320"
                            },
                            {
                                "D": "W",
                                "G": "11",
                                "H": "96.8",
                                "P": "1008",
                                "S": "8",
                                "T": "13.8",
                                "V": "3900",
                                "W": "12",
                                "Pt": "F",
                                "Dp": "13.3",
                                "$": "1380"
                            }
                        ]
                    },
                    {
                        "type": "Day",
                        "value": "2024-05-22Z",
                        "Rep": [
                            {
                                "D": "W",
                                "G": "10",
                                "H": "96.8",
                                "P": "1007",
                                "S": "8",
                                "T": "13.7",
                                "V": "3400",
                                "W": "8",
                                "Pt": "F",
                                "Dp": "13.2",
                                "$": "0"
                            },
                            {
                                "D": "W",
                                "G": "13",
                                "H": "96.8",
                                "P": "1007",
                                "S": "8",
                                "T": "13.6",
                                "V": "3100",
                                "W": "5",
                                "Pt": "F",
                                "Dp": "13.1",
                                "$": "60"
                            },
                            {
                                "D": "W",
                                "G": "13",
                                "H": "97.4",
                                "P": "1006",
                                "S": "9",
                                "T": "13.3",
                                "V": "2600",
                                "W": "11",
                                "Pt": "F",
                                "Dp": "12.9",
                                "$": "120"
                            },
                            {
                                "D": "W",
                                "G": "14",
                                "H": "97.4",
                                "P": "1006",
                                "S": "8",
                                "T": "13.1",
                                "V": "3400",
                                "W": "11",
                                "Pt": "F",
                                "Dp": "12.7",
                                "$": "180"
                            },
                            {
                                "D": "W",
                                "G": "11",
                                "H": "96.8",
                                "P": "1006",
                                "S": "6",
                                "T": "13.1",
                                "V": "4800",
                                "W": "8",
                                "Pt": "F",
                                "Dp": "12.6",
                                "$": "240"
                            },
                            {
                                "D": "WSW",
                                "G": "13",
                                "H": "96.8",
                                "P": "1005",
                                "S": "8",
                                "T": "13.1",
                                "V": "5000",
                                "W": "5",
                                "Pt": "F",
                                "Dp": "12.6",
                                "$": "300"
                            },
                            {
                                "D": "WSW",
                                "G": "14",
                                "H": "96.1",
                                "P": "1005",
                                "S": "10",
                                "T": "13.3",
                                "V": "4300",
                                "W": "12",
                                "Pt": "F",
                                "Dp": "12.7",
                                "$": "360"
                            },
                            {
                                "D": "WSW",
                                "G": "15",
                                "H": "94.9",
                                "P": "1005",
                                "S": "9",
                                "T": "13.8",
                                "V": "8000",
                                "W": "12",
                                "Pt": "F",
                                "Dp": "13.0",
                                "$": "420"
                            },
                            {
                                "D": "W",
                                "G": "15",
                                "H": "94.3",
                                "P": "1005",
                                "S": "10",
                                "T": "13.9",
                                "V": "19000",
                                "W": "11",
                                "Pt": "S",
                                "Dp": "13.0",
                                "$": "480"
                            },
                            {
                                "D": "W",
                                "G": "17",
                                "H": "92.5",
                                "P": "1005",
                                "S": "13",
                                "T": "14.1",
                                "V": "35000",
                                "W": "8",
                                "Pt": "S",
                                "Dp": "12.9",
                                "$": "540"
                            },
                            {
                                "D": "W",
                                "G": "21",
                                "H": "91.9",
                                "P": "1006",
                                "S": "14",
                                "T": "14.3",
                                "V": "40000",
                                "W": "12",
                                "Pt": "R",
                                "Dp": "13.0",
                                "$": "600"
                            },
                            {
                                "D": "WSW",
                                "G": "23",
                                "H": "87.8",
                                "P": "1006",
                                "S": "17",
                                "T": "14.8",
                                "V": "40000",
                                "W": "8",
                                "Pt": "R",
                                "Dp": "12.8",
                                "$": "660"
                            },
                            {
                                "D": "WSW",
                                "G": "24",
                                "H": "86.7",
                                "P": "1006",
                                "S": "17",
                                "T": "14.7",
                                "V": "30000",
                                "W": "8",
                                "Pt": "R",
                                "Dp": "12.5",
                                "$": "720"
                            },
                            {
                                "D": "WSW",
                                "G": "22",
                                "H": "88.9",
                                "P": "1006",
                                "S": "15",
                                "T": "14.7",
                                "V": "14000",
                                "W": "12",
                                "Pt": "R",
                                "Dp": "12.9",
                                "$": "780"
                            },
                            {
                                "D": "SW",
                                "G": "22",
                                "H": "91.2",
                                "P": "1007",
                                "S": "14",
                                "T": "14.5",
                                "V": "9000",
                                "W": "12",
                                "Pt": "R",
                                "Dp": "13.1",
                                "$": "840"
                            },
                            {
                                "D": "SW",
                                "G": "21",
                                "H": "92.5",
                                "P": "1007",
                                "S": "13",
                                "T": "14.8",
                                "V": "10000",
                                "W": "12",
                                "Pt": "R",
                                "Dp": "13.6",
                                "$": "900"
                            },
                            {
                                "D": "SW",
                                "G": "18",
                                "H": "93.1",
                                "P": "1007",
                                "S": "9",
                                "T": "14.1",
                                "V": "3400",
                                "W": "15",
                                "Pt": "R",
                                "Dp": "13.0",
                                "$": "960"
                            }
                        ]
                    }
                ]
            }
        }
    }
}