{
    "SiteRep": {
        "Wx": {
            "Param": [
                {
                    "name": "G",
                    "units": "mph",
                    "$": "Wind Gust"
                },
                {
                    "name": "T",
                    "units": "C",
                    "$": "Temperature"
                },
                {
                    "name": "V",
                    "units": "m",
                    "$": "Visibility"
                },
                {
                    "name": "D",
                    "units": "compass",
                    "$": "Wind Direction"
                },
                {
                    "name": "S",
                    "units": "mph",
                    "$": "Wind Speed"
                },
                {
                    "name": "W",
                    "units": "",
                    "$": "Weather Type"
                },
                {
                    "name": "P",
                    "units": "hpa",
                    "$": "Pressure"
                },
                {
                    "name": "Pt",
                    "units": "Pa/s",
                    "$": "Pressure Tendency"
                },
                {
                    "name": "Dp",
                    "units": "C",
                    "$": "Dew Point"
                },
                {
                    "name": "H",
                    "units": "%",
                    "$": "Screen Relative Humidity"
                }
            ]
        },
        "DV": {
            "dataDate": "2023-08-25T16:00:00Z",
            "type": "Obs",
            "Location": {
                "i": "3772",
                "lat": "51.479",
                "lon": "-0.449",
                "name": "HEATHROW",
                "country": "ENGLAND",
                "continent": "EUROPE",
                "elevation": "25.0",
                "Period": [
                    {
                        "type": "Day",
                        "value": "2023-08-24Z",
                        "Rep": [
                            {
                                "D": "S",
                                "G": "11",
                                "H": "59.1",
                                "P": "1009",
                                "S": "6",
                                "T": "23.1",
                                "V": "40000",
                                "W": "8",
                                "Pt": "F",
                                "Dp": "14.7",
                                "$": "960"
                            },
                            {
                                "D": "SW",
                                "G": "14",
                                "H": "63.2",
                                "P": "1009",
                                "S": "7",
                                "T": "22.4",
                                "V": "45000",
                                "W": "8",
                                "Pt": "F",
                                "Dp": "15.1",
                                "$": "1020"
                            },
                            {
                                "D": "S",
                                "G": "13",
                                "H": "74.0",
                                "P": "1009",
                                "S": "9",
                                "T": "21.3",
                                "V": "40000",
                                "W": "8",
                                "Pt": "F",
                                "Dp": "16.5",
                                "$": "1080"
                            },
                            {
                                "D": "SSW",
                                "G": "13",
                                "H": "81.3",
                                "P": "1009",
                                "S": "8",
                                "T": "20.7",
                                "V": "35000",
                                "W": "7",
                                "Pt": "R",
                                "Dp": "17.4",
                                "$": "1140"
                            },
                            {
                                "D": "WNW",
                                "G": "13",
                                "H": "65.3",
                                "P": "1010",
                                "S": "5",
                                "T": "20.6",
                                "V": "50000",
                                "W": "2",
                                "Pt": "R",
                                "Dp": "13.9",
                                "$": "1200"
                            },
                            {
                                "D": "W",
                                "G": "9",
                                "H": "74.0",
                                "P": "1010",
                                "S": "7",
                                "T": "18.6",
                                "V": "45000",
                                "W": "2",
                                "Pt": "R",
                                "Dp": "13.9",
                                "$": "1260"
                            },
                            {
                                "D": "W",
                                "G": "11",
                                "H": "79.4",
                                "P": "1010",
                                "S": "7",
                                "T": "18.3",
                                "V": "35000",
                                "W": "0",
                                "Pt": "R",
                                "Dp": "14.7",
                                "$": "1320"
                            },
                            {
                                "D": "W",
                                "G": "11",
                                "H": "82.0",
                                "P": "1010",
                                "S": "5",
                                "T": "17.7",
                                "V": "40000",
                                "W": "7",
                                "Pt": "R",
                                "Dp": "14.6",
                                "$": "1380"
                            }
                        ]
                    },
                    {
                        "type": "Day",
                        "value": "2023-08-25Z",
                        "Rep": [
                            {
                                "D": "NW",
                                "G": "8",
                                "H": "83.0",
                                "P": "1010",
                                "S": "5",
                                "T": "17.0",
                                "V": "35000",
                                "W": "7",
                                "Pt": "R",
                                "Dp": "14.1",
                                "$": "0"
                            },
                            {
                                "D": "NNW",
                                "G": "13",
                                "H": "76.2",
                                "P": "1010",
                                "S": "7",
                                "T": "17.0",
                                "V": "35000",
                                "W": "2",
                                "Pt": "S",
                                "Dp": "12.8",
                                "$": "60"
                            },
                            {
                                "D": "NNW",
                                "G": "13",
                                "H": "62.6",
                                "P": "1010",
                                "S": "6",
                                "T": "16.4",
                                "V": "55000",
                                "W": "8",
                                "Pt": "S",
                                "Dp": "9.3",
                                "$": "120"
                            },
                            {
                                "D": "NW",
                                "G": "8",
                                "H": "64.5",
                                "P": "1010",
                                "S": "5",
                                "T": "15.1",
                                "V": "50000",
                                "W": "8",
                                "Pt": "S",
                                "Dp": "8.5",
                                "$": "180"
                            },
                            {
                                "D": "NW",
                                "G": "9",
                                "H": "64.0",
                                "P": "1010",
                                "S": "5",
                                "T": "14.7",
                                "V": "55000",
                                "W": "8",
                                "Pt": "R",
                                "Dp": "8.0",
                                "$": "240"
                            },
                            {
                                "D": "NW",
                                "G": "8",
                                "S": "5",
                                "$": "300"
                            },
                            {
                                "D": "NW",
                                "G": "7",
                                "H": "67.4",
                                "P": "1010",
                                "S": "2",
                                "T": "13.9",
                                "V": "50000",
                                "W": "8",
                                "Pt": "R",
                                "Dp": "8.0",
                                "$": "360"
                            },
                            {
                                "D": "NW",
                                "G": "8",
                                "H": "69.4",
                                "P": "1010",
                                "S": "5",
                                "T": "14.3",
                                "V": "45000",
                                "W": "8",
                                "Pt": "R",
                                "Dp": "8.8",
                                "$": "420"
                            },
                            {
                                "D": "WNW",
                                "G": "8",
                                "H": "65.5",
                                "P": "1010",
                                "S": "5",
                                "T": "15.7",
                                "V": "45000",
                                "W": "7",
                                "Pt": "R",
                                "Dp": "9.3",
                                "$": "480"
                            },
                            {
                                "D": "NW",
                                "G": "10",
                                "H": "55.4",
                                "P": "1010",
                                "S": "5",
                                "T": "17.8",
                                "V": "55000",
                                "W": "7",
                                "Pt": "F",
                                "Dp": "8.8",
                                "$": "540"
                            },
                            {
                                "D": "WNW",
                                "G": "13",
                                "H": "44.2",
                                "P": "1010",
                                "S": "7",
                                "T": "18.3",
                                "V": "55000",
                                "W": "8",
                                "Pt": "R",
                                "Dp": "6.0",
                                "$": "600"
                            },
                            {
                                "D": "W",
                                "G": "16",
                                "H": "48.0",
                                "P": "1010",
                                "S": "9",
                                "T": "19.0",
                                "V": "50000",
                                "W": "8",
                                "Pt": "F",
                                "Dp": "7.8",
                                "$": "660"
                            },
                            {
                                "D": "W",
                                "G": "18",
                                "H": "42.2",
                                "P": "1010",
                                "S": "9",
                                "T": "19.7",
                                "V": "65000",
                                "W": "3",
                                "Pt": "R",
                                "Dp": "6.6",
                                "$": "720"
                            },
                            {
                                "D": "W",
                                "G": "18",
                                "H": "45.7",
                                "P": "1010",
                                "S": "10",
                                "T": "22.1",
                                "V": "45000",
                                "W": "8",
                                "Pt": "F",
                                "Dp": "9.9",
                                "$": "780"
                            },
                            {
                                "D": "W",
                                "G": "18",
                                "H": "43.4",
                                "P": "1009",
                                "S": "9",
                                "T": "20.7",
                                "V": "50000",
                                "W": "8",
                                "Pt": "F",
                                "Dp": "7.9",
                                "$": "840"
                            },
                            {
                                "D": "WSW",
                                "G": "16",
                                "H": "46.8",
                                "P": "1009",
                                "S": "10",
                                "T": "20.7",
                                "V": "55000",
                                "W": "7",
                                "Pt": "F",
                                "Dp": "9.0",
                                "$": "900"
                            },
                            {
                                "D": "WSW",
                                "G": "19",
                                "H": "48.2",
                                "P": "1008",
                                "S": "11",
                                "T": "20.7",
                                "V": "55000",
                                "W": "8",
                                "Pt": "F",
                                "Dp": "9.4",
                                "$": "960"
                            }
                        ]
                    }
                ]
            }
        }
    }
}