{
    "SiteRep": {
        "Wx": {
            "Param": [
                {
                    "name": "G",
                    "units": "mph",
                    "$": "Wind Gust"
                },
                {
                    "name": "T",
                    "units": "C",
                    "$": "Temperature"
                },
                {
                    "name": "V",
                    "units": "m",
                    "$": "Visibility"
                },
                {
                    "name": "D",
                    "units": "compass",
                    "$": "Wind Direction"
                },
                {
                    "name": "S",
                    "units": "mph",
                    "$": "Wind Speed"
                },
                {
                    "name": "W",
                    "units": "",
                    "$": "Weather Type"
                },
                {
                    "name": "P",
                    "units": "hpa",
                    "$": "Pressure"
                },
                {
                    "name": "Pt",
                    "units": "Pa/s",
                    "$": "Pressure Tendency"
                },
                {
                    "name": "Dp",
                    "units": "C",
                    "$": "Dew Point"
                },
                {
                    "name": "H",
                    "units": "%",
                    "$": "Screen Relative Humidity"
                }
            ]
        },
        "DV": {
            "dataDate": "2024-11-04T16:00:00Z",
            "type": "Obs",
            "Location": {
                "i": "3772",
                "lat": "51.479",
                "lon": "-0.449",
                "name": "HEATHROW",
                "country": "ENGLAND",
                "continent": "EUROPE",
                "elevation": "25.0",
                "Period": [
                    {
                        "type": "Day",
                        "value": "2024-11-03Z",
                        "Rep": [
                            {
                                "D": "E",
                                "G": "14",
                                "H": "79.4",
                                "P": "1027",
                                "S": "7",
                                "T": "11.8",
                                "V": "21000",
                                "W": "8",
                                "Pt": "F",
                                "Dp": "8.4",
                                "$": "960"
                            },
                            {
                                "D": "E",
                                "G": "15",
                                "H": "79.4",
                                "P": "1027",
                                "S": "10",
                                "T": "11.6",
                                "V": "22000",
                                "W": "8",
                                "Pt": "F",
                                "Dp": "8.2",
                                "$": "1020"
                            },
                            {
                                "D": "E",
                                "G": "14",
                                "H": "80.5",
                                "P": "1027",
                                "S": "8",
                                "T": "11.4",
                                "V": "20000",
                                "W": "8",
                                "Pt": "F",
                                "Dp": "8.2",
                                "$": "1080"
                            },
                            {
                                "D": "E",
                                "G": "11",
                                "H": "80.5",
                                "P": "1027",
                                "S": "8",
                                "T": "11.4",
                                "V": "17000",
                                "W": "8",
                                "Pt": "R",
                                "Dp": "8.2",
                                "$": "1140"
                            },
                            {
                                "D": "E",
                                "G": "13",
                                "H": "82.1",
                                "P": "1027",
                                "S": "7",
                                "T": "11.3",
                                "V": "11000",
                                "W": "8",
                                "Pt": "R",
                                "Dp": "8.4",
                                "$": "1200"
                            },
                            {
                                "D": "E",
                                "G": "10",
                                "H": "83.8",
                                "P": "1027",
                                "S": "7",
                                "T": "11.2",
                                "V": "7000",
                                "W": "5",
                                "Pt": "S",
                                "Dp": "8.6",
                                "$": "1260"
                            },
                            {
                                "D": "E",
                                "G": "11",
                                "H": "83.7",
                                "P": "1027",
                                "S": "7",
                                "T": "11.1",
                                "V": "7000",
                                "W": "5",
                                "Pt": "R",
                                "Dp": "8.5",
                                "$": "1320"
                            },
                            {
                                "D": "SE",
                                "G": "10",
                                "H": "80.9",
                                "P": "1027",
                                "S": "8",
                                "T": "11.1",
                                "V": "11000",
                                "W": "5",
                                "Pt": "R",
                                "Dp": "8.0",
                                "$": "1380"
                            }
                        ]
                    },
                    {
                        "type": "Day",
                        "value": "2024-11-04Z",
                        "Rep": [
                            {
                                "D": "ESE",
                                "G": "11",
                                "H": "81.5",
                                "P": "1027",
                                "S": "6",
                                "T": "10.9",
                                "V": "12000",
                                "W": "8",
                                "Pt": "F",
                                "Dp": "7.9",
                                "$": "0"
                            },
                            {
                                "D": "E",
                                "G": "10",
                                "H": "83.1",
                                "P": "1027",
                                "S": "6",
                                "T": "10.7",
                                "V": "13000",
                                "W": "8",
                                "Pt": "F",
                                "Dp": "8.0",
                                "$": "60"
                            },
                            {
                                "D": "ESE",
                                "G": "9",
                                "H": "83.1",
                                "P": "1027",
                                "S": "6",
                                "T": "10.6",
                                "V": "14000",
                                "W": "8",
                                "Pt": "F",
                                "Dp": "7.9",
                                "$": "120"
                            },
                            {
                                "D": "ESE",
                                "G": "9",
                                "H": "83.1",
                                "P": "1026",
                                "S": "5",
                                "T": "10.6",
                                "V": "13000",
                                "W": "8",
                                "Pt": "F",
                                "Dp": "7.9",
                                "$": "180"
                            },
                            {
                                "D": "E",
                                "G": "10",
                                "H": "78.2",
                                "P": "1026",
                                "S": "5",
                                "T": "10.7",
                                "V": "20000",
                                "W": "8",
                                "Pt": "F",
                                "Dp": "7.1",
                                "$": "240"
                            },
                            {
                                "D": "E",
                                "G": "9",
                                "H": "79.7",
                                "P": "1026",
                                "S": "6",
                                "T": "10.4",
                                "V": "18000",
                                "W": "8",
                                "Pt": "F",
                                "Dp": "7.1",
                                "$": "300"
                            },
                            {
                                "D": "E",
                                "G": "8",
                                "H": "80.8",
                                "P": "1026",
                                "S": "6",
                                "T": "10.3",
                                "V": "18000",
                                "W": "8",
                                "Pt": "F",
                                "Dp": "7.2",
                                "$": "360"
                            },
                            {
                                "D": "E",
                                "G": "9",
                                "H": "82.0",
                                "P": "1026",
                                "S": "3",
                                "T": "10.1",
                                "V": "15000",
                                "W": "8",
                                "Pt": "F",
                                "Dp": "7.2",
                                "$": "420"
                            },
                            {
                                "D": "ESE",
                                "G": "9",
                                "H": "81.4",
                                "P": "1026",
                                "S": "7",
                                "T": "10.2",
                                "V": "14000",
                                "W": "8",
                                "Pt": "R",
                                "Dp": "7.2",
                                "$": "480"
                            },
                            {
                                "D": "ESE",
                                "G": "10",
                                "H": "80.8",
                                "P": "1026",
                                "S": "6",
                                "T": "10.4",
                                "V": "13000",
                                "W": "8",
                                "Pt": "R",
                                "Dp": "7.3",
                                "$": "540"
                            },
                            {
                                "D": "ENE",
                                "G": "9",
                                "H": "80.3",
                                "P": "1026",
                                "S": "3",
                                "T": "10.8",
                                "V": "10000",
                                "W": "8",
                                "Pt": "R",
                                "Dp": "7.6",
                                "$": "600"
                            },
                            {
                                "D": "E",
                                "G": "11",
                                "H": "80.0",
                                "P": "1026",
                                "S": "7",
                                "T": "11.5",
                                "V": "11000",
                                "W": "8",
                                "Pt": "F",
                                "Dp": "8.2",
                                "$": "660"
                            },
                            {
                                "D": "E",
                                "G": "14",
                                "H": "75.2",
                                "P": "1025",
                                "S": "8",
                                "T": "11.9",
                                "V": "13000",
                                "W": "3",
                                "Pt": "F",
                                "Dp": "7.7",
                                "$": "720"
                            },
                            {
                                "D": "ESE",
                                "G": "14",
                                "H": "73.2",
                                "P": "1025",
                                "S": "5",
                                "T": "12.5",
                                "V": "15000",
                                "W": "3",
                                "Pt": "F",
                                "Dp": "7.9",
                                "$": "780"
                            },
                            {
                                "D": "ESE",
                                "G": "11",
                                "H": "77.2",
                                "P": "1024",
                                "S": "7",
                                "T": "11.9",
                                "V": "12000",
                                "W": "1",
                                "Pt": "F",
                                "Dp": "8.1",
                                "$": "840"
                            },
                            {
                                "D": "ESE",
                                "G": "10",
                                "H": "77.8",
                                "P": "1024",
                                "S": "3",
                                "T": "11.9",
                                "V": "12000",
                                "W": "1",
                                "Pt": "F",
                                "Dp": "8.2",
                                "$": "900"
                            },
                            {
                                "D": "E",
                                "G": "6",
                                "H": "80.4",
                                "P": "1023",
                                "S": "5",
                                "T": "11.2",
                                "V": "10000",
                                "W": "7",
                                "Pt": "F",
                                "Dp": "8.0",
                                "$": "960"
                            }
                        ]
                    }
                ]
            }
        }
    }
}