{
    "SiteRep": {
        "Wx": {
            "Param": [
                {
                    "name": "G",
                    "units": "mph",
                    "$": "Wind Gust"
                },
                {
                    "name": "T",
                    "units": "C",
                    "$": "Temperature"
                },
                {
                    "name": "V",
                    "units": "m",
                    "$": "Visibility"
                },
                {
                    "name": "D",
                    "units": "compass",
                    "$": "Wind Direction"
                },
                {
                    "name": "S",
                    "units": "mph",
                    "$": "Wind Speed"
                },
                {
                    "name": "W",
                    "units": "",
                    "$": "Weather Type"
                },
                {
                    "name": "P",
                    "units": "hpa",
                    "$": "Pressure"
                },
                {
                    "name": "Pt",
                    "units": "Pa/s",
                    "$": "Pressure Tendency"
                },
                {
                    "name": "Dp",
                    "units": "C",
                    "$": "Dew Point"
                },
                {
                    "name": "H",
                    "units": "%",
                    "$": "Screen Relative Humidity"
                }
            ]
        },
        "DV": {
            "dataDate": "2024-12-07T16:00:00Z",
            "type": "Obs",
            "Location": {
                "i": "3772",
                "lat": "51.479",
                "lon": "-0.449",
                "name": "HEATHROW",
                "country": "ENGLAND",
                "continent": "EUROPE",
                "elevation": "25.0",
                "Period": [
                    {
                        "type": "Day",
                        "value": "2024-12-06Z",
                        "Rep": [
                            {
                                "D": "SSW",
                                "G": "15",
                                "H": "69.0",
                                "P": "1016",
                                "S": "9",
                                "T": "8.6",
                                "V": "29000",
                                "W": "8",
                                "Pt": "F",
                                "Dp": "3.3",
                                "$": "960"
                            },
                            {
                                "D": "SSE",
                                "G": "14",
                                "H": "71.0",
                                "P": "1015",
                                "S": "9",
                                "T": "8.3",
                                "V": "22000",
                                "W": "12",
                                "Pt": "F",
                                "Dp": "3.4",
                                "$": "1020"
                            },
                            {
                                "D": "SE",
                                "G": "16",
                                "H": "75.7",
                                "P": "1013",
                                "S": "9",
                                "T": "8.1",
                                "V": "19000",
                                "W": "12",
                                "Pt": "F",
                                "Dp": "4.1",
                                "$": "1080"
                            },
                            {
                                "D": "SE",
                                "G": "13",
                                "H": "84.7",
                                "P": "1011",
                                "S": "8",
                                "T": "8.1",
                                "V": "25000",
                                "W": "11",
                                "Pt": "F",
                                "Dp": "5.7",
                                "$": "1140"
                            },
                            {
                                "D": "S",
                                "G": "28",
                                "H": "81.5",
                                "P": "1009",
                                "S": "18",
                                "T": "10.0",
                                "V": "29000",
                                "W": "8",
                                "Pt": "F",
                                "Dp": "7.0",
                                "$": "1200"
                            },
                            {
                                "D": "S",
                                "G": "30",
                                "H": "90.3",
                                "P": "1007",
                                "S": "19",
                                "T": "9.4",
                                "V": "45000",
                                "W": "8",
                                "Pt": "F",
                                "Dp": "7.9",
                                "$": "1260"
                            },
                            {
                                "D": "S",
                                "G": "29",
                                "H": "92.8",
                                "P": "1004",
                                "S": "16",
                                "T": "10.0",
                                "V": "24000",
                                "W": "8",
                                "Pt": "F",
                                "Dp": "8.9",
                                "$": "1320"
                            },
                            {
                                "D": "S",
                                "G": "31",
                                "H": "94.1",
                                "P": "1001",
                                "S": "18",
                                "T": "11.0",
                                "V": "3400",
                                "W": "12",
                                "Pt": "F",
                                "Dp": "10.1",
                                "$": "1380"
                            }
                        ]
                    },
                    {
                        "type": "Day",
                        "value": "2024-12-07Z",
                        "Rep": [
                            {
                                "D": "S",
                                "G": "29",
                                "H": "94.8",
                                "P": "998",
                                "S": "15",
                                "T": "11.8",
                                "V": "30000",
                                "W": "11",
                                "Pt": "F",
                                "Dp": "11.0",
                                "$": "0"
                            },
                            {
                                "D": "SSW",
                                "G": "34",
                                "H": "94.9",
                                "P": "996",
                                "S": "21",
                                "T": "12.6",
                                "V": "30000",
                                "W": "12",
                                "Pt": "F",
                                "Dp": "11.8",
                                "$": "60"
                            },
                            {
                                "D": "SW",
                                "G": "44",
                                "H": "80.8",
                                "P": "995",
                                "S": "18",
                                "T": "11.5",
                                "V": "35000",
                                "W": "7",
                                "Pt": "F",
                                "Dp": "8.3",
                                "$": "120"
                            },
                            {
                                "D": "SW",
                                "G": "38",
                                "H": "79.1",
                                "P": "994",
                                "S": "22",
                                "T": "11.0",
                                "V": "27000",
                                "W": "8",
                                "Pt": "F",
                                "Dp": "7.5",
                                "$": "180"
                            },
                            {
                                "D": "SW",
                                "G": "40",
                                "H": "73.7",
                                "P": "993",
                                "S": "26",
                                "T": "10.4",
                                "V": "30000",
                                "W": "8",
                                "Pt": "F",
                                "Dp": "5.9",
                                "$": "240"
                            },
                            {
                                "D": "WSW",
                                "G": "41",
                                "H": "76.7",
                                "P": "992",
                                "S": "29",
                                "T": "9.6",
                                "V": "30000",
                                "W": "12",
                                "Pt": "F",
                                "Dp": "5.7",
                                "$": "300"
                            },
                            {
                                "D": "WSW",
                                "G": "49",
                                "H": "71.0",
                                "P": "991",
                                "S": "32",
                                "T": "9.4",
                                "V": "30000",
                                "W": "8",
                                "Pt": "F",
                                "Dp": "4.4",
                                "$": "360"
                            },
                            {
                                "D": "WSW",
                                "G": "52",
                                "H": "68.1",
                                "P": "990",
                                "S": "32",
                                "T": "9.2",
                                "V": "30000",
                                "W": "8",
                                "Pt": "F",
                                "Dp": "3.6",
                                "$": "420"
                            },
                            {
                                "D": "WSW",
                                "G": "52",
                                "H": "74.9",
                                "P": "989",
                                "S": "32",
                                "T": "8.2",
                                "V": "7000",
                                "W": "12",
                                "Pt": "F",
                                "Dp": "4.0",
                                "$": "480"
                            },
                            {
                                "D": "WSW",
                                "G": "49",
                                "H": "88.3",
                                "P": "989",
                                "S": "33",
                                "T": "6.6",
                                "V": "3000",
                                "W": "12",
                                "Pt": "F",
                                "Dp": "4.8",
                                "$": "540"
                            },
                            {
                                "D": "W",
                                "G": "49",
                                "H": "89.5",
                                "P": "989",
                                "S": "30",
                                "T": "6.4",
                                "V": "6000",
                                "W": "12",
                                "Pt": "F",
                                "Dp": "4.8",
                                "$": "600"
                            },
                            {
                                "D": "W",
                                "G": "48",
                                "H": "88.9",
                                "P": "989",
                                "S": "29",
                                "T": "6.5",
                                "V": "9000",
                                "W": "12",
                                "Pt": "F",
                                "Dp": "4.8",
                                "$": "660"
                            },
                            {
                                "D": "W",
                                "G": "46",
                                "H": "87.7",
                                "P": "990",
                                "S": "22",
                                "T": "6.9",
                                "V": "7000",
                                "W": "12",
                                "Pt": "R",
                                "Dp": "5.0",
                                "$": "720"
                            },
                            {
                                "D": "WNW",
                                "G": "39",
                                "H": "86.6",
                                "P": "991",
                                "S": "23",
                                "T": "6.7",
                                "V": "16000",
                                "W": "11",
                                "Pt": "R",
                                "Dp": "4.6",
                                "$": "780"
                            },
                            {
                                "D": "WNW",
                                "G": "41",
                                "H": "87.1",
                                "P": "992",
                                "S": "21",
                                "T": "6.4",
                                "V": "28000",
                                "W": "11",
                                "Pt": "R",
                                "Dp": "4.4",
                                "$": "840"
                            },
                            {
                                "D": "WNW",
                                "G": "37",
                                "H": "87.6",
                                "P": "994",
                                "S": "23",
                                "T": "6.4",
                                "V": "10000",
                                "W": "12",
                                "Pt": "R",
                                "Dp": "4.5",
                                "$": "900"
                            },
                            {
                                "D": "WNW",
                                "G": "39",
                                "H": "80.6",
                                "P": "995",
                                "S": "21",
                                "T": "7.0",
                                "V": "45000",
                                "W": "12",
                                "Pt": "R",
                                "Dp": "3.9",
                                "$": "960"
                            }
                        ]
                    }
                ]
            }
        }
    }
}