{
    "SiteRep": {
        "Wx": {
            "Param": [
                {
                    "name": "G",
                    "units": "mph",
                    "$": "Wind Gust"
                },
                {
                    "name": "T",
                    "units": "C",
                    "$": "Temperature"
                },
                {
                    "name": "V",
                    "units": "m",
                    "$": "Visibility"
                },
                {
                    "name": "D",
                    "units": "compass",
                    "$": "Wind Direction"
                },
                {
                    "name": "S",
                    "units": "mph",
                    "$": "Wind Speed"
                },
                {
                    "name": "W",
                    "units": "",
                    "$": "Weather Type"
                },
                {
                    "name": "P",
                    "units": "hpa",
                    "$": "Pressure"
                },
                {
                    "name": "Pt",
                    "units": "Pa/s",
                    "$": "Pressure Tendency"
                },
                {
                    "name": "Dp",
                    "units": "C",
                    "$": "Dew Point"
                },
                {
                    "name": "H",
                    "units": "%",
                    "$": "Screen Relative Humidity"
                }
            ]
        },
        "DV": {
            "dataDate": "2023-10-06T16:00:00Z",
            "type": "Obs",
            "Location": {
                "i": "3772",
                "lat": "51.479",
                "lon": "-0.449",
                "name": "HEATHROW",
                "country": "ENGLAND",
                "continent": "EUROPE",
                "elevation": "25.0",
                "Period": [
                    {
                        "type": "Day",
                        "value": "2023-10-05Z",
                        "Rep": [
                            {
                                "D": "SSW",
                                "G": "21",
                                "H": "66.7",
                                "P": "1023",
                                "S": "11",
                                "T": "17.8",
                                "V": "35000",
                                "W": "8",
                                "Pt": "F",
                                "Dp": "11.6",
                                "$": "960"
                            },
                            {
                                "D": "SSW",
                                "G": "22",
                                "H": "64.3",
                                "P": "1023",
                                "S": "15",
                                "T": "17.1",
                                "V": "40000",
                                "W": "8",
                                "Pt": "F",
                                "Dp": "10.4",
                                "$": "1020"
                            },
                            {
                                "D": "SSW",
                                "G": "21",
                                "H": "70.4",
                                "P": "1023",
                                "S": "11",
                                "T": "15.8",
                                "V": "35000",
                                "W": "8",
                                "Pt": "F",
                                "Dp": "10.5",
                                "$": "1080"
                            },
                            {
                                "D": "SSW",
                                "G": "18",
                                "H": "74.7",
                                "P": "1024",
                                "S": "9",
                                "T": "14.6",
                                "V": "35000",
                                "W": "0",
                                "Pt": "R",
                                "Dp": "10.2",
                                "$": "1140"
                            },
                            {
                                "D": "SSW",
                                "G": "16",
                                "H": "78.2",
                                "P": "1023",
                                "S": "10",
                                "T": "14.3",
                                "V": "35000",
                                "W": "0",
                                "Pt": "R",
                                "Dp": "10.6",
                                "$": "1200"
                            },
                            {
                                "D": "SSW",
                                "G": "18",
                                "H": "80.4",
                                "P": "1023",
                                "S": "9",
                                "T": "14.1",
                                "V": "30000",
                                "W": "8",
                                "Pt": "S",
                                "Dp": "10.8",
                                "$": "1260"
                            },
                            {
                                "D": "SSW",
                                "G": "14",
                                "H": "83.0",
                                "P": "1023",
                                "S": "9",
                                "T": "13.9",
                                "V": "30000",
                                "W": "8",
                                "Pt": "S",
                                "Dp": "11.1",
                                "$": "1320"
                            },
                            {
                                "D": "SSW",
                                "G": "15",
                                "H": "84.7",
                                "P": "1023",
                                "S": "8",
                                "T": "13.7",
                                "V": "29000",
                                "W": "8",
                                "Pt": "F",
                                "Dp": "11.2",
                                "$": "1380"
                            }
                        ]
                    },
                    {
                        "type": "Day",
                        "value": "2023-10-06Z",
                        "Rep": [
                            {
                                "D": "SW",
                                "G": "15",
                                "H": "86.4",
                                "P": "1023",
                                "S": "8",
                                "T": "13.7",
                                "V": "29000",
                                "W": "2",
                                "Pt": "F",
                                "Dp": "11.5",
                                "$": "0"
                            },
                            {
                                "D": "SSW",
                                "G": "13",
                                "H": "85.9",
                                "P": "1023",
                                "S": "9",
                                "T": "13.8",
                                "V": "30000",
                                "W": "7",
                                "Pt": "F",
                                "Dp": "11.5",
                                "$": "60"
                            },
                            {
                                "D": "SSW",
                                "G": "13",
                                "H": "85.8",
                                "P": "1023",
                                "S": "9",
                                "T": "13.9",
                                "V": "30000",
                                "W": "8",
                                "Pt": "F",
                                "Dp": "11.6",
                                "$": "120"
                            },
                            {
                                "D": "SW",
                                "G": "14",
                                "H": "87.5",
                                "P": "1023",
                                "S": "9",
                                "T": "13.6",
                                "V": "30000",
                                "W": "8",
                                "Pt": "F",
                                "Dp": "11.6",
                                "$": "180"
                            },
                            {
                                "D": "SSW",
                                "G": "15",
                                "H": "87.0",
                                "P": "1022",
                                "S": "9",
                                "T": "13.8",
                                "V": "30000",
                                "W": "8",
                                "Pt": "F",
                                "Dp": "11.7",
                                "$": "240"
                            },
                            {
                                "D": "SW",
                                "G": "16",
                                "H": "85.4",
                                "P": "1022",
                                "S": "11",
                                "T": "14.3",
                                "V": "35000",
                                "W": "7",
                                "Pt": "F",
                                "Dp": "11.9",
                                "$": "300"
                            },
                            {
                                "D": "SW",
                                "G": "19",
                                "H": "86.5",
                                "P": "1022",
                                "S": "13",
                                "T": "14.3",
                                "V": "30000",
                                "W": "7",
                                "Pt": "F",
                                "Dp": "12.1",
                                "$": "360"
                            },
                            {
                                "D": "SW",
                                "G": "22",
                                "H": "87.6",
                                "P": "1023",
                                "S": "11",
                                "T": "14.4",
                                "V": "29000",
                                "W": "1",
                                "Pt": "R",
                                "Dp": "12.4",
                                "$": "420"
                            },
                            {
                                "D": "WSW",
                                "G": "19",
                                "H": "86.0",
                                "P": "1023",
                                "S": "14",
                                "T": "15.3",
                                "V": "30000",
                                "W": "1",
                                "Pt": "R",
                                "Dp": "13.0",
                                "$": "480"
                            },
                            {
                                "D": "WSW",
                                "G": "19",
                                "H": "81.2",
                                "P": "1023",
                                "S": "13",
                                "T": "16.4",
                                "V": "30000",
                                "W": "1",
                                "Pt": "R",
                                "Dp": "13.2",
                                "$": "540"
                            },
                            {
                                "D": "WSW",
                                "G": "22",
                                "H": "77.2",
                                "P": "1023",
                                "S": "15",
                                "T": "17.4",
                                "V": "35000",
                                "W": "1",
                                "Pt": "R",
                                "Dp": "13.4",
                                "$": "600"
                            },
                            {
                                "D": "WSW",
                                "G": "24",
                                "H": "74.3",
                                "P": "1023",
                                "S": "16",
                                "T": "18.2",
                                "V": "35000",
                                "W": "3",
                                "Pt": "R",
                                "Dp": "13.6",
                                "$": "660"
                            },
                            {
                                "D": "WSW",
                                "G": "24",
                                "H": "69.7",
                                "P": "1023",
                                "S": "16",
                                "T": "19.1",
                                "V": "40000",
                                "W": "1",
                                "Pt": "R",
                                "Dp": "13.5",
                                "$": "720"
                            },
                            {
                                "D": "SW",
                                "G": "24",
                                "H": "61.1",
                                "P": "1023",
                                "S": "17",
                                "T": "20.9",
                                "V": "40000",
                                "W": "7",
                                "Pt": "F",
                                "Dp": "13.2",
                                "$": "780"
                            },
                            {
                                "D": "SW",
                                "G": "25",
                                "H": "58.3",
                                "P": "1022",
                                "S": "18",
                                "T": "21.1",
                                "V": "35000",
                                "W": "3",
                                "Pt": "F",
                                "Dp": "12.7",
                                "$": "840"
                            },
                            {
                                "D": "WSW",
                                "G": "23",
                                "H": "58.7",
                                "P": "1022",
                                "S": "16",
                                "T": "20.9",
                                "V": "40000",
                                "W": "3",
                                "Pt": "F",
                                "Dp": "12.6",
                                "$": "900"
                            },
                            {
                                "D": "SW",
                                "G": "23",
                                "H": "61.4",
                                "P": "1022",
                                "S": "13",
                                "T": "20.6",
                                "V": "40000",
                                "W": "3",
                                "Pt": "F",
                                "Dp": "13.0",
                                "$": "960"
                            }
                        ]
                    }
                ]
            }
        }
    }
}