{
    "SiteRep": {
        "Wx": {
            "Param": [
                {
                    "name": "G",
                    "units": "mph",
                    "$": "Wind Gust"
                },
                {
                    "name": "T",
                    "units": "C",
                    "$": "Temperature"
                },
                {
                    "name": "V",
                    "units": "m",
                    "$": "Visibility"
                },
                {
                    "name": "D",
                    "units": "compass",
                    "$": "Wind Direction"
                },
                {
                    "name": "S",
                    "units": "mph",
                    "$": "Wind Speed"
                },
                {
                    "name": "W",
                    "units": "",
                    "$": "Weather Type"
                },
                {
                    "name": "P",
                    "units": "hpa",
                    "$": "Pressure"
                },
                {
                    "name": "Pt",
                    "units": "Pa/s",
                    "$": "Pressure Tendency"
                },
                {
                    "name": "Dp",
                    "units": "C",
                    "$": "Dew Point"
                },
                {
                    "name": "H",
                    "units": "%",
                    "$": "Screen Relative Humidity"
                }
            ]
        },
        "DV": {
            "dataDate": "2025-01-02T16:00:00Z",
            "type": "Obs",
            "Location": {
                "i": "3772",
                "lat": "51.479",
                "lon": "-0.449",
                "name": "HEATHROW",
                "country": "ENGLAND",
                "continent": "EUROPE",
                "elevation": "25.0",
                "Period": [
                    {
                        "type": "Day",
                        "value": "2025-01-01Z",
                        "Rep": [
                            {
                                "D": "SW",
                                "G": "19",
                                "H": "92.0",
                                "P": "1007",
                                "S": "10",
                                "T": "6.0",
                                "V": "16000",
                                "W": "12",
                                "Pt": "R",
                                "Dp": "4.8",
                                "$": "960"
                            },
                            {
                                "D": "SW",
                                "G": "17",
                                "H": "92.6",
                                "P": "1007",
                                "S": "13",
                                "T": "6.1",
                                "V": "13000",
                                "W": "12",
                                "Pt": "R",
                                "Dp": "5.0",
                                "$": "1020"
                            },
                            {
                                "D": "SW",
                                "G": "28",
                                "H": "90.1",
                                "P": "1008",
                                "S": "19",
                                "T": "6.3",
                                "V": "30000",
                                "W": "12",
                                "Pt": "R",
                                "Dp": "4.8",
                                "$": "1080"
                            },
                            {
                                "D": "SW",
                                "G": "25",
                                "H": "88.2",
                                "P": "1008",
                                "S": "13",
                                "T": "6.2",
                                "V": "75000",
                                "W": "8",
                                "Pt": "R",
                                "Dp": "4.4",
                                "$": "1140"
                            },
                            {
                                "D": "WSW",
                                "G": "19",
                                "H": "88.8",
                                "P": "1009",
                                "S": "11",
                                "T": "6.2",
                                "V": "60000",
                                "W": "8",
                                "Pt": "R",
                                "Dp": "4.5",
                                "$": "1200"
                            },
                            {
                                "D": "WSW",
                                "G": "18",
                                "H": "89.4",
                                "P": "1009",
                                "S": "10",
                                "T": "6.0",
                                "V": "45000",
                                "W": "8",
                                "Pt": "R",
                                "Dp": "4.4",
                                "$": "1260"
                            },
                            {
                                "D": "W",
                                "G": "19",
                                "H": "88.7",
                                "P": "1010",
                                "S": "13",
                                "T": "5.9",
                                "V": "40000",
                                "W": "8",
                                "Pt": "R",
                                "Dp": "4.2",
                                "$": "1320"
                            },
                            {
                                "D": "W",
                                "G": "17",
                                "H": "90.0",
                                "P": "1010",
                                "S": "8",
                                "T": "5.5",
                                "V": "35000",
                                "W": "8",
                                "Pt": "R",
                                "Dp": "4.0",
                                "$": "1380"
                            }
                        ]
                    },
                    {
                        "type": "Day",
                        "value": "2025-01-02Z",
                        "Rep": [
                            {
                                "D": "W",
                                "G": "11",
                                "H": "93.2",
                                "P": "1011",
                                "S": "3",
                                "T": "3.7",
                                "V": "27000",
                                "W": "0",
                                "Pt": "R",
                                "Dp": "2.7",
                                "$": "0"
                            },
                            {
                                "D": "W",
                                "G": "7",
                                "H": "95.8",
                                "P": "1011",
                                "S": "3",
                                "T": "2.9",
                                "V": "20000",
                                "W": "0",
                                "Pt": "R",
                                "Dp": "2.3",
                                "$": "60"
                            },
                            {
                                "D": "WNW",
                                "G": "6",
                                "H": "97.7",
                                "P": "1012",
                                "S": "3",
                                "T": "2.9",
                                "V": "21000",
                                "W": "0",
                                "Pt": "R",
                                "Dp": "2.6",
                                "$": "120"
                            },
                            {
                                "D": "NNW",
                                "G": "7",
                                "H": "98.7",
                                "P": "1013",
                                "S": "2",
                                "T": "3.0",
                                "V": "14000",
                                "W": "8",
                                "Pt": "R",
                                "Dp": "2.8",
                                "$": "180"
                            },
                            {
                                "D": "N",
                                "G": "9",
                                "H": "95.8",
                                "P": "1013",
                                "S": "6",
                                "T": "3.8",
                                "V": "25000",
                                "W": "12",
                                "Pt": "R",
                                "Dp": "3.2",
                                "$": "240"
                            },
                            {
                                "D": "N",
                                "G": "14",
                                "H": "87.9",
                                "P": "1014",
                                "S": "8",
                                "T": "3.9",
                                "V": "40000",
                                "W": "8",
                                "Pt": "R",
                                "Dp": "2.1",
                                "$": "300"
                            },
                            {
                                "D": "NNW",
                                "G": "13",
                                "H": "89.1",
                                "P": "1015",
                                "S": "3",
                                "T": "3.1",
                                "V": "30000",
                                "W": "2",
                                "Pt": "R",
                                "Dp": "1.5",
                                "$": "360"
                            },
                            {
                                "D": "N",
                                "G": "10",
                                "H": "89.0",
                                "P": "1015",
                                "S": "5",
                                "T": "2.3",
                                "V": "40000",
                                "W": "0",
                                "Pt": "R",
                                "Dp": "0.7",
                                "$": "420"
                            },
                            {
                                "D": "N",
                                "G": "13",
                                "H": "87.6",
                                "P": "1016",
                                "S": "8",
                                "T": "1.8",
                                "V": "45000",
                                "W": "0",
                                "Pt": "R",
                                "Dp": "0.0",
                                "$": "480"
                            },
                            {
                                "D": "N",
                                "G": "13",
                                "H": "87.0",
                                "P": "1017",
                                "S": "7",
                                "T": "1.6",
                                "V": "40000",
                                "W": "1",
                                "Pt": "R",
                                "Dp": "-0.3",
                                "$": "540"
                            },
                            {
                                "D": "NNW",
                                "G": "10",
                                "H": "84.5",
                                "P": "1018",
                                "S": "5",
                                "T": "2.1",
                                "V": "35000",
                                "W": "1",
                                "Pt": "R",
                                "Dp": "-0.2",
                                "$": "600"
                            },
                            {
                                "D": "NW",
                                "G": "11",
                                "H": "80.9",
                                "P": "1019",
                                "S": "5",
                                "T": "2.9",
                                "V": "40000",
                                "W": "1",
                                "Pt": "R",
                                "Dp": "0.0",
                                "$": "660"
                            },
                            {
                                "D": "NW",
                                "G": "11",
                                "H": "77.0",
                                "P": "1019",
                                "S": "7",
                                "T": "3.6",
                                "V": "45000",
                                "W": "1",
                                "Pt": "R",
                                "Dp": "0.0",
                                "$": "720"
                            },
                            {
                                "D": "NNW",
                                "G": "13",
                                "H": "74.2",
                                "P": "1019",
                                "S": "7",
                                "T": "4.3",
                                "V": "40000",
                                "W": "1",
                                "Pt": "R",
                                "Dp": "0.2",
                                "$": "780"
                            },
                            {
                                "D": "NW",
                                "G": "14",
                                "H": "70.6",
                                "P": "1020",
                                "S": "7",
                                "T": "4.4",
                                "V": "45000",
                                "W": "1",
                                "Pt": "R",
                                "Dp": "-0.4",
                                "$": "840"
                            },
                            {
                                "D": "NW",
                                "G": "14",
                                "H": "66.9",
                                "P": "1020",
                                "S": "6",
                                "T": "4.3",
                                "V": "55000",
                                "W": "1",
                                "Pt": "R",
                                "Dp": "-1.2",
                                "$": "900"
                            },
                            {
                                "D": "NW",
                                "G": "14",
                                "H": "64.9",
                                "P": "1021",
                                "S": "6",
                                "T": "3.3",
                                "V": "55000",
                                "W": "0",
                                "Pt": "R",
                                "Dp": "-2.6",
                                "$": "960"
                            }
                        ]
                    }
                ]
            }
        }
    }
}