{
    "SiteRep": {
        "Wx": {
            "Param": [
                {
                    "name": "G",
                    "units": "mph",
                    "$": "Wind Gust"
                },
                {
                    "name": "T",
                    "units": "C",
                    "$": "Temperature"
                },
                {
                    "name": "V",
                    "units": "m",
                    "$": "Visibility"
                },
                {
                    "name": "D",
                    "units": "compass",
                    "$": "Wind Direction"
                },
                {
                    "name": "S",
                    "units": "mph",
                    "$": "Wind Speed"
                },
                {
                    "name": "W",
                    "units": "",
                    "$": "Weather Type"
                },
                {
                    "name": "P",
                    "units": "hpa",
                    "$": "Pressure"
                },
                {
                    "name": "Pt",
                    "units": "Pa/s",
                    "$": "Pressure Tendency"
                },
                {
                    "name": "Dp",
                    "units": "C",
                    "$": "Dew Point"
                },
                {
                    "name": "H",
                    "units": "%",
                    "$": "Screen Relative Humidity"
                }
            ]
        },
        "DV": {
            "dataDate": "2025-08-08T16:00:00Z",
            "type": "Obs",
            "Location": {
                "i": "3772",
                "lat": "51.479",
                "lon": "-0.449",
                "name": "HEATHROW",
                "country": "ENGLAND",
                "continent": "EUROPE",
                "elevation": "25.0",
                "Period": [
                    {
                        "type": "Day",
                        "value": "2025-08-07Z",
                        "Rep": [
                            {
                                "D": "SW",
                                "G": "25",
                                "H": "54.8",
                                "P": "1014",
                                "S": "17",
                                "T": "22.7",
                                "V": "26000",
                                "W": "8",
                                "Pt": "F",
                                "Dp": "13.2",
                                "$": "960"
                            },
                            {
                                "D": "SW",
                                "G": "26",
                                "H": "52.9",
                                "P": "1013",
                                "S": "16",
                                "T": "22.3",
                                "V": "27000",
                                "W": "8",
                                "Pt": "F",
                                "Dp": "12.3",
                                "$": "1020"
                            },
                            {
                                "D": "SW",
                                "G": "24",
                                "H": "62.9",
                                "P": "1013",
                                "S": "15",
                                "T": "21.2",
                                "V": "24000",
                                "W": "8",
                                "Pt": "F",
                                "Dp": "13.9",
                                "$": "1080"
                            },
                            {
                                "D": "SW",
                                "G": "23",
                                "H": "71.5",
                                "P": "1014",
                                "S": "15",
                                "T": "20.2",
                                "V": "22000",
                                "W": "8",
                                "Pt": "F",
                                "Dp": "14.9",
                                "$": "1140"
                            },
                            {
                                "D": "SW",
                                "G": "22",
                                "H": "78.1",
                                "P": "1014",
                                "S": "13",
                                "T": "19.4",
                                "V": "22000",
                                "W": "8",
                                "Pt": "R",
                                "Dp": "15.5",
                                "$": "1200"
                            },
                            {
                                "D": "SSW",
                                "G": "19",
                                "H": "81.1",
                                "P": "1014",
                                "S": "10",
                                "T": "19.2",
                                "V": "23000",
                                "W": "8",
                                "Pt": "R",
                                "Dp": "15.9",
                                "$": "1260"
                            },
                            {
                                "D": "SW",
                                "G": "17",
                                "H": "82.1",
                                "P": "1014",
                                "S": "11",
                                "T": "19.1",
                                "V": "25000",
                                "W": "8",
                                "Pt": "R",
                                "Dp": "16.0",
                                "$": "1320"
                            },
                            {
                                "D": "WSW",
                                "G": "21",
                                "H": "80.0",
                                "P": "1014",
                                "S": "14",
                                "T": "18.9",
                                "V": "27000",
                                "W": "8",
                                "Pt": "R",
                                "Dp": "15.4",
                                "$": "1380"
                            }
                        ]
                    },
                    {
                        "type": "Day",
                        "value": "2025-08-08Z",
                        "Rep": [
                            {
                                "D": "W",
                                "G": "19",
                                "H": "68.7",
                                "P": "1015",
                                "S": "9",
                                "T": "18.1",
                                "V": "19000",
                                "W": "8",
                                "Pt": "R",
                                "Dp": "12.3",
                                "$": "0"
                            },
                            {
                                "D": "W",
                                "G": "16",
                                "H": "69.9",
                                "P": "1015",
                                "S": "10",
                                "T": "17.4",
                                "V": "24000",
                                "W": "8",
                                "Pt": "R",
                                "Dp": "11.9",
                                "$": "60"
                            },
                            {
                                "D": "W",
                                "G": "15",
                                "H": "76.0",
                                "P": "1015",
                                "S": "8",
                                "T": "16.5",
                                "V": "21000",
                                "W": "8",
                                "Pt": "R",
                                "Dp": "12.3",
                                "$": "120"
                            },
                            {
                                "D": "W",
                                "G": "14",
                                "H": "80.6",
                                "P": "1016",
                                "S": "7",
                                "T": "15.7",
                                "V": "23000",
                                "W": "8",
                                "Pt": "R",
                                "Dp": "12.4",
                                "$": "180"
                            },
                            {
                                "D": "WSW",
                                "G": "11",
                                "H": "83.8",
                                "P": "1016",
                                "S": "8",
                                "T": "15.3",
                                "V": "23000",
                                "W": "8",
                                "Pt": "R",
                                "Dp": "12.6",
                                "$": "240"
                            },
                            {
                                "D": "W",
                                "G": "11",
                                "H": "84.3",
                                "P": "1017",
                                "S": "8",
                                "T": "14.9",
                                "V": "21000",
                                "W": "8",
                                "Pt": "R",
                                "Dp": "12.3",
                                "$": "300"
                            },
                            {
                                "D": "W",
                                "G": "11",
                                "H": "84.3",
                                "P": "1018",
                                "S": "8",
                                "T": "15.4",
                                "V": "22000",
                                "W": "1",
                                "Pt": "R",
                                "Dp": "12.8",
                                "$": "360"
                            },
                            {
                                "D": "W",
                                "G": "14",
                                "H": "77.6",
                                "P": "1018",
                                "S": "9",
                                "T": "16.8",
                                "V": "25000",
                                "W": "1",
                                "Pt": "R",
                                "Dp": "12.9",
                                "$": "420"
                            },
                            {
                                "D": "W",
                                "G": "11",
                                "H": "71.4",
                                "P": "1018",
                                "S": "7",
                                "T": "17.9",
                                "V": "28000",
                                "W": "1",
                                "Pt": "R",
                                "Dp": "12.7",
                                "$": "480"
                            },
                            {
                                "D": "W",
                                "G": "11",
                                "H": "60.2",
                                "P": "1018",
                                "S": "6",
                                "T": "20.4",
                                "V": "35000",
                                "W": "3",
                                "Pt": "R",
                                "Dp": "12.5",
                                "$": "540"
                            },
                            {
                                "D": "WSW",
                                "G": "14",
                                "H": "51.3",
                                "P": "1018",
                                "S": "8",
                                "T": "21.9",
                                "V": "50000",
                                "W": "1",
                                "Pt": "R",
                                "Dp": "11.5",
                                "$": "600"
                            },
                            {
                                "D": "WSW",
                                "G": "17",
                                "H": "50.9",
                                "P": "1019",
                                "S": "9",
                                "T": "21.6",
                                "V": "40000",
                                "W": "7",
                                "Pt": "R",
                                "Dp": "11.1",
                                "$": "660"
                            },
                            {
                                "D": "WSW",
                                "G": "18",
                                "H": "44.2",
                                "P": "1019",
                                "S": "10",
                                "T": "23.9",
                                "V": "45000",
                                "W": "3",
                                "Pt": "R",
                                "Dp": "11.1",
                                "$": "720"
                            },
                            {
                                "D": "N",
                                "G": "18",
                                "H": "41.5",
                                "P": "1019",
                                "S": "6",
                                "T": "24.6",
                                "V": "50000",
                                "W": "7",
                                "Pt": "R",
                                "Dp": "10.8",
                                "$": "780"
                            },
                            {
                                "D": "SW",
                                "G": "19",
                                "H": "38.6",
                                "P": "1019",
                                "S": "11",
                                "T": "25.7",
                                "V": "45000",
                                "W": "1",
                                "Pt": "F",
                                "Dp": "10.7",
                                "$": "840"
                            },
                            {
                                "D": "WSW",
                                "G": "18",
                                "H": "37.7",
                                "P": "1018",
                                "S": "10",
                                "T": "25.3",
                                "V": "50000",
                                "W": "1",
                                "Pt": "F",
                                "Dp": "10.0",
                                "$": "900"
                            }
                        ]
                    }
                ]
            }
        }
    }
}