{
    "SiteRep": {
        "Wx": {
            "Param": [
                {
                    "name": "G",
                    "units": "mph",
                    "$": "Wind Gust"
                },
                {
                    "name": "T",
                    "units": "C",
                    "$": "Temperature"
                },
                {
                    "name": "V",
                    "units": "m",
                    "$": "Visibility"
                },
                {
                    "name": "D",
                    "units": "compass",
                    "$": "Wind Direction"
                },
                {
                    "name": "S",
                    "units": "mph",
                    "$": "Wind Speed"
                },
                {
                    "name": "W",
                    "units": "",
                    "$": "Weather Type"
                },
                {
                    "name": "P",
                    "units": "hpa",
                    "$": "Pressure"
                },
                {
                    "name": "Pt",
                    "units": "Pa/s",
                    "$": "Pressure Tendency"
                },
                {
                    "name": "Dp",
                    "units": "C",
                    "$": "Dew Point"
                },
                {
                    "name": "H",
                    "units": "%",
                    "$": "Screen Relative Humidity"
                }
            ]
        },
        "DV": {
            "dataDate": "2025-09-27T16:00:00Z",
            "type": "Obs",
            "Location": {
                "i": "3772",
                "lat": "51.479",
                "lon": "-0.449",
                "name": "HEATHROW",
                "country": "ENGLAND",
                "continent": "EUROPE",
                "elevation": "25.0",
                "Period": [
                    {
                        "type": "Day",
                        "value": "2025-09-26Z",
                        "Rep": [
                            {
                                "D": "ESE",
                                "G": "14",
                                "H": "66.0",
                                "P": "1020",
                                "S": "9",
                                "T": "14.3",
                                "V": "60000",
                                "W": "8",
                                "Pt": "F",
                                "Dp": "8.1",
                                "$": "960"
                            },
                            {
                                "D": "SSE",
                                "G": "10",
                                "H": "70.5",
                                "P": "1021",
                                "S": "7",
                                "T": "13.8",
                                "V": "55000",
                                "W": "8",
                                "Pt": "R",
                                "Dp": "8.6",
                                "$": "1020"
                            },
                            {
                                "D": "S",
                                "G": "9",
                                "H": "71.5",
                                "P": "1021",
                                "S": "5",
                                "T": "13.6",
                                "V": "50000",
                                "W": "8",
                                "Pt": "R",
                                "Dp": "8.6",
                                "$": "1080"
                            },
                            {
                                "D": "ESE",
                                "G": "7",
                                "H": "75.3",
                                "P": "1021",
                                "S": "3",
                                "T": "12.6",
                                "V": "35000",
                                "W": "8",
                                "Pt": "R",
                                "Dp": "8.4",
                                "$": "1140"
                            },
                            {
                                "D": "E",
                                "G": "7",
                                "H": "78.5",
                                "P": "1021",
                                "S": "3",
                                "T": "12.6",
                                "V": "35000",
                                "W": "8",
                                "Pt": "R",
                                "Dp": "9.0",
                                "$": "1200"
                            },
                            {
                                "D": "SE",
                                "G": "11",
                                "H": "77.4",
                                "P": "1021",
                                "S": "8",
                                "T": "12.7",
                                "V": "30000",
                                "W": "8",
                                "Pt": "F",
                                "Dp": "8.9",
                                "$": "1260"
                            },
                            {
                                "D": "S",
                                "G": "9",
                                "H": "78.5",
                                "P": "1020",
                                "S": "3",
                                "T": "12.3",
                                "V": "30000",
                                "W": "8",
                                "Pt": "F",
                                "Dp": "8.7",
                                "$": "1320"
                            },
                            {
                                "D": "NNW",
                                "G": "6",
                                "H": "82.8",
                                "P": "1021",
                                "S": "2",
                                "T": "12.1",
                                "V": "23000",
                                "W": "8",
                                "Pt": "F",
                                "Dp": "9.3",
                                "$": "1380"
                            }
                        ]
                    },
                    {
                        "type": "Day",
                        "value": "2025-09-27Z",
                        "Rep": [
                            {
                                "D": "E",
                                "G": "5",
                                "H": "83.9",
                                "P": "1020",
                                "S": "3",
                                "T": "11.5",
                                "V": "21000",
                                "W": "8",
                                "Pt": "F",
                                "Dp": "8.9",
                                "$": "0"
                            },
                            {
                                "D": "E",
                                "G": "8",
                                "H": "80.5",
                                "P": "1020",
                                "S": "3",
                                "T": "11.8",
                                "V": "22000",
                                "W": "8",
                                "Pt": "F",
                                "Dp": "8.6",
                                "$": "60"
                            },
                            {
                                "D": "E",
                                "G": "7",
                                "H": "81.0",
                                "P": "1020",
                                "S": "3",
                                "T": "11.6",
                                "V": "21000",
                                "W": "8",
                                "Pt": "F",
                                "Dp": "8.5",
                                "$": "120"
                            },
                            {
                                "D": "ENE",
                                "G": "7",
                                "H": "79.0",
                                "P": "1020",
                                "S": "3",
                                "T": "12.1",
                                "V": "22000",
                                "W": "8",
                                "Pt": "F",
                                "Dp": "8.6",
                                "$": "180"
                            },
                            {
                                "D": "E",
                                "G": "9",
                                "H": "80.0",
                                "P": "1019",
                                "S": "6",
                                "T": "11.9",
                                "V": "20000",
                                "W": "8",
                                "Pt": "F",
                                "Dp": "8.6",
                                "$": "240"
                            },
                            {
                                "D": "E",
                                "G": "9",
                                "H": "85.7",
                                "P": "1019",
                                "S": "6",
                                "T": "11.6",
                                "V": "19000",
                                "W": "11",
                                "Pt": "F",
                                "Dp": "9.3",
                                "$": "300"
                            },
                            {
                                "D": "ESE",
                                "G": "9",
                                "H": "83.3",
                                "P": "1019",
                                "S": "6",
                                "T": "11.8",
                                "V": "24000",
                                "W": "8",
                                "Pt": "F",
                                "Dp": "9.1",
                                "$": "360"
                            },
                            {
                                "D": "ESE",
                                "G": "11",
                                "H": "79.1",
                                "P": "1019",
                                "S": "8",
                                "T": "12.8",
                                "V": "29000",
                                "W": "8",
                                "Pt": "R",
                                "Dp": "9.3",
                                "$": "420"
                            },
                            {
                                "D": "SE",
                                "G": "14",
                                "H": "72.5",
                                "P": "1019",
                                "S": "9",
                                "T": "13.9",
                                "V": "50000",
                                "W": "7",
                                "Pt": "S",
                                "Dp": "9.1",
                                "$": "480"
                            },
                            {
                                "D": "SE",
                                "G": "21",
                                "H": "67.9",
                                "P": "1019",
                                "S": "14",
                                "T": "15.0",
                                "V": "75000",
                                "W": "7",
                                "Pt": "R",
                                "Dp": "9.2",
                                "$": "540"
                            },
                            {
                                "D": "SSE",
                                "G": "18",
                                "H": "60.1",
                                "P": "1019",
                                "S": "13",
                                "T": "16.5",
                                "V": "75000",
                                "W": "3",
                                "Pt": "F",
                                "Dp": "8.8",
                                "$": "600"
                            },
                            {
                                "D": "SE",
                                "G": "18",
                                "H": "56.5",
                                "P": "1019",
                                "S": "11",
                                "T": "16.9",
                                "V": "75000",
                                "W": "8",
                                "Pt": "R",
                                "Dp": "8.3",
                                "$": "660"
                            },
                            {
                                "D": "SSE",
                                "G": "19",
                                "H": "54.3",
                                "P": "1019",
                                "S": "13",
                                "T": "17.0",
                                "V": "75000",
                                "W": "8",
                                "Pt": "R",
                                "Dp": "7.8",
                                "$": "720"
                            },
                            {
                                "D": "SSE",
                                "G": "19",
                                "H": "50.4",
                                "P": "1019",
                                "S": "14",
                                "T": "17.5",
                                "V": "75000",
                                "W": "8",
                                "Pt": "F",
                                "Dp": "7.2",
                                "$": "780"
                            },
                            {
                                "D": "S",
                                "G": "19",
                                "H": "51.6",
                                "P": "1019",
                                "S": "13",
                                "T": "18.1",
                                "V": "75000",
                                "W": "7",
                                "Pt": "F",
                                "Dp": "8.1",
                                "$": "840"
                            },
                            {
                                "D": "SSE",
                                "G": "18",
                                "H": "56.1",
                                "P": "1018",
                                "S": "13",
                                "T": "16.7",
                                "V": "60000",
                                "W": "8",
                                "Pt": "F",
                                "Dp": "8.0",
                                "$": "900"
                            },
                            {
                                "D": "S",
                                "G": "19",
                                "H": "61.7",
                                "P": "1018",
                                "S": "9",
                                "T": "16.6",
                                "V": "50000",
                                "W": "8",
                                "Pt": "F",
                                "Dp": "9.3",
                                "$": "960"
                            }
                        ]
                    }
                ]
            }
        }
    }
}