{
    "SiteRep": {
        "Wx": {
            "Param": [
                {
                    "name": "G",
                    "units": "mph",
                    "$": "Wind Gust"
                },
                {
                    "name": "T",
                    "units": "C",
                    "$": "Temperature"
                },
                {
                    "name": "V",
                    "units": "m",
                    "$": "Visibility"
                },
                {
                    "name": "D",
                    "units": "compass",
                    "$": "Wind Direction"
                },
                {
                    "name": "S",
                    "units": "mph",
                    "$": "Wind Speed"
                },
                {
                    "name": "W",
                    "units": "",
                    "$": "Weather Type"
                },
                {
                    "name": "P",
                    "units": "hpa",
                    "$": "Pressure"
                },
                {
                    "name": "Pt",
                    "units": "Pa/s",
                    "$": "Pressure Tendency"
                },
                {
                    "name": "Dp",
                    "units": "C",
                    "$": "Dew Point"
                },
                {
                    "name": "H",
                    "units": "%",
                    "$": "Screen Relative Humidity"
                }
            ]
        },
        "DV": {
            "dataDate": "2024-06-05T16:00:00Z",
            "type": "Obs",
            "Location": {
                "i": "3772",
                "lat": "51.479",
                "lon": "-0.449",
                "name": "HEATHROW",
                "country": "ENGLAND",
                "continent": "EUROPE",
                "elevation": "25.0",
                "Period": [
                    {
                        "type": "Day",
                        "value": "2024-06-04Z",
                        "Rep": [
                            {
                                "D": "WSW",
                                "G": "23",
                                "H": "70.0",
                                "P": "1008",
                                "S": "16",
                                "T": "17.7",
                                "V": "55000",
                                "W": "8",
                                "Pt": "F",
                                "Dp": "12.2",
                                "$": "960"
                            },
                            {
                                "D": "WSW",
                                "G": "28",
                                "H": "74.1",
                                "P": "1008",
                                "S": "19",
                                "T": "16.4",
                                "V": "30000",
                                "W": "12",
                                "Pt": "F",
                                "Dp": "11.8",
                                "$": "1020"
                            },
                            {
                                "D": "WSW",
                                "G": "29",
                                "H": "71.2",
                                "P": "1008",
                                "S": "15",
                                "T": "16.3",
                                "V": "65000",
                                "W": "8",
                                "Pt": "F",
                                "Dp": "11.1",
                                "$": "1080"
                            },
                            {
                                "D": "WSW",
                                "G": "23",
                                "H": "69.3",
                                "P": "1008",
                                "S": "15",
                                "T": "16.1",
                                "V": "75000",
                                "W": "8",
                                "Pt": "F",
                                "Dp": "10.5",
                                "$": "1140"
                            },
                            {
                                "D": "WSW",
                                "G": "26",
                                "H": "67.8",
                                "P": "1008",
                                "S": "16",
                                "T": "15.5",
                                "V": "60000",
                                "W": "8",
                                "Pt": "R",
                                "Dp": "9.6",
                                "$": "1200"
                            },
                            {
                                "D": "NW",
                                "G": "39",
                                "H": "84.1",
                                "P": "1010",
                                "S": "13",
                                "T": "12.5",
                                "V": "3800",
                                "W": "12",
                                "Pt": "R",
                                "Dp": "9.9",
                                "$": "1260"
                            },
                            {
                                "D": "WNW",
                                "G": "16",
                                "H": "82.9",
                                "P": "1010",
                                "S": "5",
                                "T": "12.1",
                                "V": "30000",
                                "W": "8",
                                "Pt": "R",
                                "Dp": "9.3",
                                "$": "1320"
                            },
                            {
                                "D": "W",
                                "G": "8",
                                "H": "81.2",
                                "P": "1011",
                                "S": "5",
                                "T": "12.0",
                                "V": "30000",
                                "W": "8",
                                "Pt": "R",
                                "Dp": "8.9",
                                "$": "1380"
                            }
                        ]
                    },
                    {
                        "type": "Day",
                        "value": "2024-06-05Z",
                        "Rep": [
                            {
                                "D": "W",
                                "G": "7",
                                "H": "83.4",
                                "P": "1011",
                                "S": "3",
                                "T": "11.3",
                                "V": "21000",
                                "W": "7",
                                "Pt": "R",
                                "Dp": "8.6",
                                "$": "0"
                            },
                            {
                                "D": "NW",
                                "G": "7",
                                "H": "87.9",
                                "P": "1012",
                                "S": "3",
                                "T": "10.3",
                                "V": "21000",
                                "W": "0",
                                "Pt": "R",
                                "Dp": "8.4",
                                "$": "60"
                            },
                            {
                                "D": "W",
                                "G": "7",
                                "H": "93.4",
                                "P": "1012",
                                "S": "3",
                                "T": "9.5",
                                "V": "16000",
                                "W": "0",
                                "Pt": "R",
                                "Dp": "8.5",
                                "$": "120"
                            },
                            {
                                "D": "W",
                                "G": "6",
                                "H": "93.5",
                                "P": "1012",
                                "S": "3",
                                "T": "9.4",
                                "V": "16000",
                                "W": "0",
                                "Pt": "R",
                                "Dp": "8.4",
                                "$": "180"
                            },
                            {
                                "D": "WNW",
                                "G": "8",
                                "H": "94.0",
                                "P": "1012",
                                "S": "3",
                                "T": "8.7",
                                "V": "14000",
                                "W": "1",
                                "Pt": "R",
                                "Dp": "7.8",
                                "$": "240"
                            },
                            {
                                "D": "W",
                                "G": "6",
                                "H": "96.0",
                                "P": "1013",
                                "S": "5",
                                "T": "8.5",
                                "V": "10000",
                                "W": "1",
                                "Pt": "R",
                                "Dp": "7.9",
                                "$": "300"
                            },
                            {
                                "D": "WNW",
                                "G": "6",
                                "H": "89.1",
                                "P": "1013",
                                "S": "3",
                                "T": "10.2",
                                "V": "21000",
                                "W": "1",
                                "Pt": "R",
                                "Dp": "8.5",
                                "$": "360"
                            },
                            {
                                "D": "W",
                                "G": "8",
                                "H": "73.7",
                                "P": "1014",
                                "S": "5",
                                "T": "11.9",
                                "V": "24000",
                                "W": "1",
                                "Pt": "R",
                                "Dp": "7.4",
                                "$": "420"
                            },
                            {
                                "D": "WSW",
                                "G": "11",
                                "H": "63.2",
                                "P": "1014",
                                "S": "8",
                                "T": "13.6",
                                "V": "30000",
                                "W": "1",
                                "Pt": "R",
                                "Dp": "6.8",
                                "$": "480"
                            },
                            {
                                "D": "WSW",
                                "G": "19",
                                "H": "49.8",
                                "P": "1014",
                                "S": "11",
                                "T": "14.0",
                                "V": "35000",
                                "W": "7",
                                "Pt": "R",
                                "Dp": "3.8",
                                "$": "540"
                            },
                            {
                                "D": "W",
                                "G": "21",
                                "H": "44.7",
                                "P": "1014",
                                "S": "14",
                                "T": "14.8",
                                "V": "40000",
                                "W": "7",
                                "Pt": "S",
                                "Dp": "3.0",
                                "$": "600"
                            },
                            {
                                "D": "W",
                                "G": "29",
                                "H": "41.0",
                                "P": "1014",
                                "S": "15",
                                "T": "15.9",
                                "V": "40000",
                                "W": "3",
                                "Pt": "F",
                                "Dp": "2.8",
                                "$": "660"
                            },
                            {
                                "D": "W",
                                "G": "23",
                                "H": "38.9",
                                "P": "1014",
                                "S": "13",
                                "T": "16.4",
                                "V": "75000",
                                "W": "3",
                                "Pt": "R",
                                "Dp": "2.5",
                                "$": "720"
                            },
                            {
                                "D": "W",
                                "G": "24",
                                "H": "39.6",
                                "P": "1014",
                                "S": "13",
                                "T": "17.2",
                                "V": "65000",
                                "W": "7",
                                "Pt": "R",
                                "Dp": "3.5",
                                "$": "780"
                            },
                            {
                                "D": "W",
                                "G": "21",
                                "H": "37.7",
                                "P": "1014",
                                "S": "14",
                                "T": "17.1",
                                "V": "60000",
                                "W": "8",
                                "Pt": "R",
                                "Dp": "2.7",
                                "$": "840"
                            },
                            {
                                "D": "W",
                                "G": "23",
                                "H": "38.9",
                                "P": "1014",
                                "S": "16",
                                "T": "16.5",
                                "V": "55000",
                                "W": "3",
                                "Pt": "R",
                                "Dp": "2.6",
                                "$": "900"
                            },
                            {
                                "D": "W",
                                "G": "22",
                                "H": "38.6",
                                "P": "1014",
                                "S": "11",
                                "T": "16.7",
                                "V": "50000",
                                "W": "3",
                                "Pt": "R",
                                "Dp": "2.7",
                                "$": "960"
                            }
                        ]
                    }
                ]
            }
        }
    }
}