{
    "SiteRep": {
        "Wx": {
            "Param": [
                {
                    "name": "G",
                    "units": "mph",
                    "$": "Wind Gust"
                },
                {
                    "name": "T",
                    "units": "C",
                    "$": "Temperature"
                },
                {
                    "name": "V",
                    "units": "m",
                    "$": "Visibility"
                },
                {
                    "name": "D",
                    "units": "compass",
                    "$": "Wind Direction"
                },
                {
                    "name": "S",
                    "units": "mph",
                    "$": "Wind Speed"
                },
                {
                    "name": "W",
                    "units": "",
                    "$": "Weather Type"
                },
                {
                    "name": "P",
                    "units": "hpa",
                    "$": "Pressure"
                },
                {
                    "name": "Pt",
                    "units": "Pa/s",
                    "$": "Pressure Tendency"
                },
                {
                    "name": "Dp",
                    "units": "C",
                    "$": "Dew Point"
                },
                {
                    "name": "H",
                    "units": "%",
                    "$": "Screen Relative Humidity"
                }
            ]
        },
        "DV": {
            "dataDate": "2024-02-23T16:00:00Z",
            "type": "Obs",
            "Location": {
                "i": "3772",
                "lat": "51.479",
                "lon": "-0.449",
                "name": "HEATHROW",
                "country": "ENGLAND",
                "continent": "EUROPE",
                "elevation": "25.0",
                "Period": [
                    {
                        "type": "Day",
                        "value": "2024-02-22Z",
                        "Rep": [
                            {
                                "D": "W",
                                "G": "30",
                                "H": "88.4",
                                "P": "978",
                                "S": "21",
                                "T": "6.5",
                                "V": "8000",
                                "W": "12",
                                "Pt": "R",
                                "Dp": "4.7",
                                "$": "960"
                            },
                            {
                                "D": "W",
                                "G": "34",
                                "H": "89.9",
                                "P": "981",
                                "S": "17",
                                "T": "4.2",
                                "V": "7000",
                                "W": "12",
                                "Pt": "R",
                                "Dp": "2.7",
                                "$": "1020"
                            },
                            {
                                "D": "W",
                                "G": "24",
                                "H": "92.0",
                                "P": "983",
                                "S": "14",
                                "T": "4.2",
                                "V": "75000",
                                "W": "12",
                                "Pt": "R",
                                "Dp": "3.0",
                                "$": "1080"
                            },
                            {
                                "D": "WSW",
                                "G": "22",
                                "H": "90.1",
                                "P": "984",
                                "S": "15",
                                "T": "4.8",
                                "V": "75000",
                                "W": "8",
                                "Pt": "R",
                                "Dp": "3.3",
                                "$": "1140"
                            },
                            {
                                "D": "SW",
                                "G": "24",
                                "H": "87.6",
                                "P": "985",
                                "S": "15",
                                "T": "4.6",
                                "V": "55000",
                                "W": "2",
                                "Pt": "R",
                                "Dp": "2.7",
                                "$": "1200"
                            },
                            {
                                "D": "WSW",
                                "G": "26",
                                "H": "82.8",
                                "P": "986",
                                "S": "16",
                                "T": "4.6",
                                "V": "40000",
                                "W": "0",
                                "Pt": "R",
                                "Dp": "1.9",
                                "$": "1260"
                            },
                            {
                                "D": "SW",
                                "G": "24",
                                "H": "84.5",
                                "P": "986",
                                "S": "16",
                                "T": "4.2",
                                "V": "40000",
                                "W": "0",
                                "Pt": "R",
                                "Dp": "1.8",
                                "$": "1320"
                            },
                            {
                                "D": "SW",
                                "G": "23",
                                "H": "84.5",
                                "P": "986",
                                "S": "13",
                                "T": "4.0",
                                "V": "40000",
                                "W": "0",
                                "Pt": "R",
                                "Dp": "1.6",
                                "$": "1380"
                            }
                        ]
                    },
                    {
                        "type": "Day",
                        "value": "2024-02-23Z",
                        "Rep": [
                            {
                                "D": "SSW",
                                "G": "18",
                                "H": "85.1",
                                "P": "987",
                                "S": "10",
                                "T": "3.7",
                                "V": "35000",
                                "W": "0",
                                "Pt": "R",
                                "Dp": "1.4",
                                "$": "0"
                            },
                            {
                                "D": "S",
                                "G": "19",
                                "H": "85.7",
                                "P": "986",
                                "S": "10",
                                "T": "3.8",
                                "V": "35000",
                                "W": "2",
                                "Pt": "F",
                                "Dp": "1.6",
                                "$": "60"
                            },
                            {
                                "D": "SSE",
                                "G": "15",
                                "H": "89.3",
                                "P": "985",
                                "S": "8",
                                "T": "3.1",
                                "V": "30000",
                                "W": "8",
                                "Pt": "F",
                                "Dp": "1.5",
                                "$": "120"
                            },
                            {
                                "D": "S",
                                "G": "17",
                                "H": "89.5",
                                "P": "984",
                                "S": "13",
                                "T": "4.7",
                                "V": "30000",
                                "W": "12",
                                "Pt": "F",
                                "Dp": "3.1",
                                "$": "180"
                            },
                            {
                                "D": "SSW",
                                "G": "19",
                                "H": "90.1",
                                "P": "984",
                                "S": "14",
                                "T": "4.8",
                                "V": "35000",
                                "W": "12",
                                "Pt": "F",
                                "Dp": "3.3",
                                "$": "240"
                            },
                            {
                                "D": "WSW",
                                "G": "21",
                                "H": "85.2",
                                "P": "984",
                                "S": "16",
                                "T": "5.1",
                                "V": "50000",
                                "W": "7",
                                "Pt": "F",
                                "Dp": "2.8",
                                "$": "300"
                            },
                            {
                                "D": "SW",
                                "G": "21",
                                "H": "87.5",
                                "P": "984",
                                "S": "15",
                                "T": "4.3",
                                "V": "55000",
                                "W": "0",
                                "Pt": "R",
                                "Dp": "2.4",
                                "$": "360"
                            },
                            {
                                "D": "SW",
                                "G": "19",
                                "H": "87.6",
                                "P": "985",
                                "S": "11",
                                "T": "4.4",
                                "V": "55000",
                                "W": "1",
                                "Pt": "R",
                                "Dp": "2.5",
                                "$": "420"
                            },
                            {
                                "D": "SSW",
                                "G": "16",
                                "H": "87.4",
                                "P": "986",
                                "S": "9",
                                "T": "4.5",
                                "V": "40000",
                                "W": "1",
                                "Pt": "R",
                                "Dp": "2.6",
                                "$": "480"
                            },
                            {
                                "D": "SW",
                                "G": "17",
                                "H": "83.4",
                                "P": "986",
                                "S": "10",
                                "T": "5.9",
                                "V": "40000",
                                "W": "1",
                                "Pt": "R",
                                "Dp": "3.3",
                                "$": "540"
                            },
                            {
                                "D": "SW",
                                "G": "21",
                                "H": "76.5",
                                "P": "986",
                                "S": "13",
                                "T": "7.9",
                                "V": "45000",
                                "W": "8",
                                "Pt": "R",
                                "Dp": "4.0",
                                "$": "600"
                            },
                            {
                                "D": "WSW",
                                "G": "22",
                                "H": "70.4",
                                "P": "986",
                                "S": "14",
                                "T": "8.6",
                                "V": "40000",
                                "W": "7",
                                "Pt": "R",
                                "Dp": "3.5",
                                "$": "660"
                            },
                            {
                                "D": "WSW",
                                "G": "21",
                                "H": "67.1",
                                "P": "986",
                                "S": "15",
                                "T": "8.9",
                                "V": "45000",
                                "W": "8",
                                "Pt": "R",
                                "Dp": "3.1",
                                "$": "720"
                            },
                            {
                                "D": "SW",
                                "G": "21",
                                "H": "64.6",
                                "P": "986",
                                "S": "11",
                                "T": "9.8",
                                "V": "60000",
                                "W": "7",
                                "Pt": "S",
                                "Dp": "3.4",
                                "$": "780"
                            },
                            {
                                "D": "SW",
                                "G": "18",
                                "H": "62.0",
                                "P": "986",
                                "S": "13",
                                "T": "9.9",
                                "V": "65000",
                                "W": "7",
                                "Pt": "F",
                                "Dp": "2.9",
                                "$": "840"
                            },
                            {
                                "D": "SW",
                                "G": "18",
                                "H": "62.6",
                                "P": "986",
                                "S": "11",
                                "T": "8.8",
                                "V": "65000",
                                "W": "3",
                                "Pt": "F",
                                "Dp": "2.0",
                                "$": "900"
                            },
                            {
                                "D": "W",
                                "G": "19",
                                "H": "82.3",
                                "P": "987",
                                "S": "9",
                                "T": "5.8",
                                "V": "1300",
                                "W": "15",
                                "Pt": "R",
                                "Dp": "3.0",
                                "$": "960"
                            }
                        ]
                    }
                ]
            }
        }
    }
}