{
    "SiteRep": {
        "Wx": {
            "Param": [
                {
                    "name": "G",
                    "units": "mph",
                    "$": "Wind Gust"
                },
                {
                    "name": "T",
                    "units": "C",
                    "$": "Temperature"
                },
                {
                    "name": "V",
                    "units": "m",
                    "$": "Visibility"
                },
                {
                    "name": "D",
                    "units": "compass",
                    "$": "Wind Direction"
                },
                {
                    "name": "S",
                    "units": "mph",
                    "$": "Wind Speed"
                },
                {
                    "name": "W",
                    "units": "",
                    "$": "Weather Type"
                },
                {
                    "name": "P",
                    "units": "hpa",
                    "$": "Pressure"
                },
                {
                    "name": "Pt",
                    "units": "Pa/s",
                    "$": "Pressure Tendency"
                },
                {
                    "name": "Dp",
                    "units": "C",
                    "$": "Dew Point"
                },
                {
                    "name": "H",
                    "units": "%",
                    "$": "Screen Relative Humidity"
                }
            ]
        },
        "DV": {
            "dataDate": "2024-06-18T16:00:00Z",
            "type": "Obs",
            "Location": {
                "i": "3772",
                "lat": "51.479",
                "lon": "-0.449",
                "name": "HEATHROW",
                "country": "ENGLAND",
                "continent": "EUROPE",
                "elevation": "25.0",
                "Period": [
                    {
                        "type": "Day",
                        "value": "2024-06-17Z",
                        "Rep": [
                            {
                                "D": "WSW",
                                "G": "17",
                                "H": "36.4",
                                "P": "1010",
                                "S": "8",
                                "T": "22.0",
                                "V": "75000",
                                "W": "1",
                                "Pt": "R",
                                "Dp": "6.5",
                                "$": "960"
                            },
                            {
                                "D": "WSW",
                                "G": "16",
                                "H": "36.5",
                                "P": "1010",
                                "S": "8",
                                "T": "22.5",
                                "V": "75000",
                                "W": "1",
                                "Pt": "S",
                                "Dp": "7.0",
                                "$": "1020"
                            },
                            {
                                "D": "WSW",
                                "G": "16",
                                "H": "35.7",
                                "P": "1011",
                                "S": "9",
                                "T": "21.6",
                                "V": "75000",
                                "W": "3",
                                "Pt": "R",
                                "Dp": "5.9",
                                "$": "1080"
                            },
                            {
                                "D": "W",
                                "G": "15",
                                "H": "40.9",
                                "P": "1011",
                                "S": "7",
                                "T": "20.9",
                                "V": "75000",
                                "W": "1",
                                "Pt": "R",
                                "Dp": "7.2",
                                "$": "1140"
                            },
                            {
                                "D": "S",
                                "G": "18",
                                "H": "57.7",
                                "P": "1011",
                                "S": "7",
                                "T": "19.5",
                                "V": "55000",
                                "W": "3",
                                "Pt": "R",
                                "Dp": "11.0",
                                "$": "1200"
                            },
                            {
                                "D": "SW",
                                "G": "17",
                                "H": "57.9",
                                "P": "1012",
                                "S": "11",
                                "T": "18.7",
                                "V": "65000",
                                "W": "8",
                                "Pt": "R",
                                "Dp": "10.3",
                                "$": "1260"
                            },
                            {
                                "D": "WSW",
                                "G": "16",
                                "H": "60.0",
                                "P": "1013",
                                "S": "10",
                                "T": "17.4",
                                "V": "65000",
                                "W": "8",
                                "Pt": "R",
                                "Dp": "9.6",
                                "$": "1320"
                            },
                            {
                                "D": "SW",
                                "G": "13",
                                "H": "66.0",
                                "P": "1013",
                                "S": "7",
                                "T": "15.8",
                                "V": "55000",
                                "W": "0",
                                "Pt": "R",
                                "Dp": "9.5",
                                "$": "1380"
                            }
                        ]
                    },
                    {
                        "type": "Day",
                        "value": "2024-06-18Z",
                        "Rep": [
                            {
                                "D": "SSW",
                                "G": "7",
                                "H": "68.6",
                                "P": "1013",
                                "S": "3",
                                "T": "15.3",
                                "V": "55000",
                                "W": "8",
                                "Pt": "R",
                                "Dp": "9.6",
                                "$": "0"
                            },
                            {
                                "D": "W",
                                "G": "5",
                                "H": "70.0",
                                "P": "1013",
                                "S": "2",
                                "T": "15.2",
                                "V": "60000",
                                "W": "8",
                                "Pt": "R",
                                "Dp": "9.8",
                                "$": "60"
                            },
                            {
                                "D": "N",
                                "G": "3",
                                "H": "76.5",
                                "P": "1013",
                                "S": "0",
                                "T": "13.3",
                                "V": "40000",
                                "W": "2",
                                "Pt": "F",
                                "Dp": "9.3",
                                "$": "120"
                            },
                            {
                                "D": "N",
                                "G": "3",
                                "H": "79.2",
                                "P": "1013",
                                "S": "2",
                                "T": "13.4",
                                "V": "45000",
                                "W": "7",
                                "Pt": "F",
                                "Dp": "9.9",
                                "$": "180"
                            },
                            {
                                "D": "NNE",
                                "G": "13",
                                "H": "83.0",
                                "P": "1013",
                                "S": "5",
                                "T": "13.4",
                                "V": "30000",
                                "W": "3",
                                "Pt": "F",
                                "Dp": "10.6",
                                "$": "240"
                            },
                            {
                                "D": "NNE",
                                "G": "10",
                                "H": "81.3",
                                "P": "1014",
                                "S": "5",
                                "T": "13.3",
                                "V": "40000",
                                "W": "1",
                                "Pt": "R",
                                "Dp": "10.2",
                                "$": "300"
                            },
                            {
                                "D": "NNE",
                                "G": "16",
                                "H": "73.6",
                                "P": "1014",
                                "S": "9",
                                "T": "14.2",
                                "V": "45000",
                                "W": "1",
                                "Pt": "R",
                                "Dp": "9.6",
                                "$": "360"
                            },
                            {
                                "D": "NE",
                                "G": "14",
                                "H": "70.8",
                                "P": "1014",
                                "S": "6",
                                "T": "14.7",
                                "V": "50000",
                                "W": "1",
                                "Pt": "R",
                                "Dp": "9.5",
                                "$": "420"
                            },
                            {
                                "D": "NNE",
                                "G": "14",
                                "H": "65.6",
                                "P": "1014",
                                "S": "8",
                                "T": "16.3",
                                "V": "50000",
                                "W": "1",
                                "Pt": "F",
                                "Dp": "9.9",
                                "$": "480"
                            },
                            {
                                "D": "NE",
                                "G": "13",
                                "H": "59.7",
                                "P": "1014",
                                "S": "7",
                                "T": "18.0",
                                "V": "60000",
                                "W": "1",
                                "Pt": "R",
                                "Dp": "10.1",
                                "$": "540"
                            },
                            {
                                "D": "N",
                                "G": "14",
                                "H": "55.4",
                                "P": "1014",
                                "S": "7",
                                "T": "19.5",
                                "V": "55000",
                                "W": "1",
                                "Pt": "F",
                                "Dp": "10.4",
                                "$": "600"
                            },
                            {
                                "D": "N",
                                "G": "13",
                                "H": "51.7",
                                "P": "1013",
                                "S": "6",
                                "T": "20.3",
                                "V": "50000",
                                "W": "3",
                                "Pt": "F",
                                "Dp": "10.1",
                                "$": "660"
                            },
                            {
                                "D": "NNE",
                                "G": "11",
                                "H": "51.3",
                                "P": "1013",
                                "S": "6",
                                "T": "21.5",
                                "V": "45000",
                                "W": "7",
                                "Pt": "F",
                                "Dp": "11.1",
                                "$": "720"
                            },
                            {
                                "D": "N",
                                "G": "15",
                                "H": "49.5",
                                "P": "1013",
                                "S": "7",
                                "T": "21.2",
                                "V": "60000",
                                "W": "8",
                                "Pt": "F",
                                "Dp": "10.3",
                                "$": "780"
                            },
                            {
                                "D": "NNW",
                                "G": "13",
                                "H": "47.9",
                                "P": "1013",
                                "S": "6",
                                "T": "21.3",
                                "V": "55000",
                                "W": "8",
                                "Pt": "S",
                                "Dp": "9.9",
                                "$": "840"
                            },
                            {
                                "D": "NNW",
                                "G": "19",
                                "H": "46.4",
                                "P": "1013",
                                "S": "9",
                                "T": "22.7",
                                "V": "65000",
                                "W": "1",
                                "Pt": "R",
                                "Dp": "10.7",
                                "$": "900"
                            },
                            {
                                "D": "NNW",
                                "G": "18",
                                "H": "45.7",
                                "P": "1014",
                                "S": "9",
                                "T": "22.4",
                                "V": "60000",
                                "W": "7",
                                "Pt": "S",
                                "Dp": "10.2",
                                "$": "960"
                            }
                        ]
                    }
                ]
            }
        }
    }
}