{
    "SiteRep": {
        "Wx": {
            "Param": [
                {
                    "name": "G",
                    "units": "mph",
                    "$": "Wind Gust"
                },
                {
                    "name": "T",
                    "units": "C",
                    "$": "Temperature"
                },
                {
                    "name": "V",
                    "units": "m",
                    "$": "Visibility"
                },
                {
                    "name": "D",
                    "units": "compass",
                    "$": "Wind Direction"
                },
                {
                    "name": "S",
                    "units": "mph",
                    "$": "Wind Speed"
                },
                {
                    "name": "W",
                    "units": "",
                    "$": "Weather Type"
                },
                {
                    "name": "P",
                    "units": "hpa",
                    "$": "Pressure"
                },
                {
                    "name": "Pt",
                    "units": "Pa/s",
                    "$": "Pressure Tendency"
                },
                {
                    "name": "Dp",
                    "units": "C",
                    "$": "Dew Point"
                },
                {
                    "name": "H",
                    "units": "%",
                    "$": "Screen Relative Humidity"
                }
            ]
        },
        "DV": {
            "dataDate": "2025-07-11T16:00:00Z",
            "type": "Obs",
            "Location": {
                "i": "3772",
                "lat": "51.479",
                "lon": "-0.449",
                "name": "HEATHROW",
                "country": "ENGLAND",
                "continent": "EUROPE",
                "elevation": "25.0",
                "Period": [
                    {
                        "type": "Day",
                        "value": "2025-07-10Z",
                        "Rep": [
                            {
                                "D": "N",
                                "G": "13",
                                "H": "30.1",
                                "P": "1021",
                                "S": "6",
                                "T": "30.8",
                                "V": "40000",
                                "W": "1",
                                "Pt": "F",
                                "Dp": "11.5",
                                "$": "960"
                            },
                            {
                                "D": "NE",
                                "G": "13",
                                "H": "31.3",
                                "P": "1020",
                                "S": "6",
                                "T": "30.5",
                                "V": "30000",
                                "W": "12",
                                "Pt": "F",
                                "Dp": "11.8",
                                "$": "1020"
                            },
                            {
                                "D": "NE",
                                "G": "11",
                                "H": "31.8",
                                "P": "1020",
                                "S": "3",
                                "T": "30.0",
                                "V": "50000",
                                "W": "1",
                                "Pt": "F",
                                "Dp": "11.6",
                                "$": "1080"
                            },
                            {
                                "D": "NNE",
                                "G": "13",
                                "H": "32.8",
                                "P": "1020",
                                "S": "6",
                                "T": "29.8",
                                "V": "40000",
                                "W": "1",
                                "Pt": "F",
                                "Dp": "11.9",
                                "$": "1140"
                            },
                            {
                                "D": "ESE",
                                "G": "19",
                                "H": "51.4",
                                "P": "1021",
                                "S": "15",
                                "T": "26.0",
                                "V": "40000",
                                "W": "1",
                                "Pt": "R",
                                "Dp": "15.3",
                                "$": "1200"
                            },
                            {
                                "D": "ESE",
                                "G": "18",
                                "H": "53.4",
                                "P": "1021",
                                "S": "10",
                                "T": "24.4",
                                "V": "40000",
                                "W": "0",
                                "Pt": "R",
                                "Dp": "14.4",
                                "$": "1260"
                            },
                            {
                                "D": "ESE",
                                "G": "17",
                                "H": "55.9",
                                "P": "1021",
                                "S": "9",
                                "T": "23.1",
                                "V": "40000",
                                "W": "0",
                                "Pt": "R",
                                "Dp": "13.9",
                                "$": "1320"
                            },
                            {
                                "D": "E",
                                "G": "14",
                                "H": "61.7",
                                "P": "1021",
                                "S": "8",
                                "T": "21.7",
                                "V": "35000",
                                "W": "0",
                                "Pt": "R",
                                "Dp": "14.1",
                                "$": "1380"
                            }
                        ]
                    },
                    {
                        "type": "Day",
                        "value": "2025-07-11Z",
                        "Rep": [
                            {
                                "D": "ESE",
                                "G": "14",
                                "H": "63.6",
                                "P": "1021",
                                "S": "9",
                                "T": "20.9",
                                "V": "40000",
                                "W": "0",
                                "Pt": "S",
                                "Dp": "13.8",
                                "$": "0"
                            },
                            {
                                "D": "ESE",
                                "G": "10",
                                "H": "66.3",
                                "P": "1021",
                                "S": "6",
                                "T": "19.6",
                                "V": "50000",
                                "W": "0",
                                "Pt": "S",
                                "Dp": "13.2",
                                "$": "60"
                            },
                            {
                                "D": "ESE",
                                "G": "8",
                                "H": "68.8",
                                "P": "1021",
                                "S": "7",
                                "T": "18.8",
                                "V": "45000",
                                "W": "0",
                                "Pt": "F",
                                "Dp": "13.0",
                                "$": "120"
                            },
                            {
                                "D": "ESE",
                                "G": "8",
                                "H": "73.7",
                                "P": "1021",
                                "S": "6",
                                "T": "17.5",
                                "V": "26000",
                                "W": "0",
                                "Pt": "F",
                                "Dp": "12.8",
                                "$": "180"
                            },
                            {
                                "D": "SE",
                                "G": "6",
                                "H": "75.6",
                                "P": "1021",
                                "S": "3",
                                "T": "17.3",
                                "V": "35000",
                                "W": "1",
                                "Pt": "F",
                                "Dp": "13.0",
                                "$": "240"
                            },
                            {
                                "D": "E",
                                "G": "5",
                                "H": "73.4",
                                "P": "1021",
                                "S": "2",
                                "T": "18.4",
                                "V": "35000",
                                "W": "1",
                                "Pt": "F",
                                "Dp": "13.6",
                                "$": "300"
                            },
                            {
                                "D": "SE",
                                "G": "5",
                                "H": "61.4",
                                "P": "1021",
                                "S": "3",
                                "T": "20.5",
                                "V": "35000",
                                "W": "1",
                                "Pt": "R",
                                "Dp": "12.9",
                                "$": "360"
                            },
                            {
                                "D": "N",
                                "G": "6",
                                "H": "54.7",
                                "P": "1021",
                                "S": "3",
                                "T": "22.9",
                                "V": "40000",
                                "W": "1",
                                "Pt": "R",
                                "Dp": "13.4",
                                "$": "420"
                            },
                            {
                                "D": "E",
                                "G": "6",
                                "H": "49.7",
                                "P": "1021",
                                "S": "2",
                                "T": "24.6",
                                "V": "35000",
                                "W": "1",
                                "Pt": "S",
                                "Dp": "13.5",
                                "$": "480"
                            },
                            {
                                "D": "N",
                                "G": "7",
                                "H": "44.8",
                                "P": "1021",
                                "S": "2",
                                "T": "27.1",
                                "V": "35000",
                                "W": "1",
                                "Pt": "F",
                                "Dp": "14.2",
                                "$": "540"
                            },
                            {
                                "D": "N",
                                "G": "11",
                                "H": "41.6",
                                "P": "1021",
                                "S": "3",
                                "T": "27.8",
                                "V": "45000",
                                "W": "1",
                                "Pt": "F",
                                "Dp": "13.7",
                                "$": "600"
                            },
                            {
                                "D": "S",
                                "G": "11",
                                "H": "38.6",
                                "P": "1020",
                                "S": "5",
                                "T": "29.3",
                                "V": "45000",
                                "W": "1",
                                "Pt": "F",
                                "Dp": "13.9",
                                "$": "660"
                            },
                            {
                                "D": "N",
                                "G": "11",
                                "H": "35.0",
                                "P": "1020",
                                "S": "3",
                                "T": "30.4",
                                "V": "50000",
                                "W": "1",
                                "Pt": "F",
                                "Dp": "13.4",
                                "$": "720"
                            },
                            {
                                "D": "N",
                                "G": "17",
                                "H": "32.2",
                                "P": "1019",
                                "S": "5",
                                "T": "31.2",
                                "V": "40000",
                                "W": "1",
                                "Pt": "F",
                                "Dp": "12.8",
                                "$": "780"
                            },
                            {
                                "D": "NW",
                                "G": "13",
                                "H": "30.3",
                                "P": "1019",
                                "S": "3",
                                "T": "30.6",
                                "V": "40000",
                                "W": "1",
                                "Pt": "F",
                                "Dp": "11.4",
                                "$": "840"
                            },
                            {
                                "D": "N",
                                "G": "14",
                                "H": "28.9",
                                "P": "1018",
                                "S": "3",
                                "T": "31.8",
                                "V": "40000",
                                "W": "1",
                                "Pt": "F",
                                "Dp": "11.7",
                                "$": "900"
                            },
                            {
                                "D": "SE",
                                "G": "11",
                                "H": "28.2",
                                "P": "1018",
                                "S": "5",
                                "T": "31.5",
                                "V": "45000",
                                "W": "1",
                                "Pt": "F",
                                "Dp": "11.1",
                                "$": "960"
                            }
                        ]
                    }
                ]
            }
        }
    }
}