{
    "SiteRep": {
        "Wx": {
            "Param": [
                {
                    "name": "G",
                    "units": "mph",
                    "$": "Wind Gust"
                },
                {
                    "name": "T",
                    "units": "C",
                    "$": "Temperature"
                },
                {
                    "name": "V",
                    "units": "m",
                    "$": "Visibility"
                },
                {
                    "name": "D",
                    "units": "compass",
                    "$": "Wind Direction"
                },
                {
                    "name": "S",
                    "units": "mph",
                    "$": "Wind Speed"
                },
                {
                    "name": "W",
                    "units": "",
                    "$": "Weather Type"
                },
                {
                    "name": "P",
                    "units": "hpa",
                    "$": "Pressure"
                },
                {
                    "name": "Pt",
                    "units": "Pa/s",
                    "$": "Pressure Tendency"
                },
                {
                    "name": "Dp",
                    "units": "C",
                    "$": "Dew Point"
                },
                {
                    "name": "H",
                    "units": "%",
                    "$": "Screen Relative Humidity"
                }
            ]
        },
        "DV": {
            "dataDate": "2025-03-26T16:00:00Z",
            "type": "Obs",
            "Location": {
                "i": "3772",
                "lat": "51.479",
                "lon": "-0.449",
                "name": "HEATHROW",
                "country": "ENGLAND",
                "continent": "EUROPE",
                "elevation": "25.0",
                "Period": [
                    {
                        "type": "Day",
                        "value": "2025-03-25Z",
                        "Rep": [
                            {
                                "D": "NW",
                                "G": "13",
                                "H": "68.8",
                                "P": "1021",
                                "S": "7",
                                "T": "14.9",
                                "V": "30000",
                                "W": "8",
                                "Pt": "F",
                                "Dp": "9.3",
                                "$": "960"
                            },
                            {
                                "D": "NW",
                                "G": "16",
                                "H": "72.1",
                                "P": "1022",
                                "S": "9",
                                "T": "14.3",
                                "V": "30000",
                                "W": "8",
                                "Pt": "R",
                                "Dp": "9.4",
                                "$": "1020"
                            },
                            {
                                "D": "NNW",
                                "G": "16",
                                "H": "75.0",
                                "P": "1022",
                                "S": "8",
                                "T": "13.8",
                                "V": "30000",
                                "W": "8",
                                "Pt": "R",
                                "Dp": "9.5",
                                "$": "1080"
                            },
                            {
                                "D": "NNW",
                                "G": "14",
                                "H": "79.0",
                                "P": "1023",
                                "S": "7",
                                "T": "13.0",
                                "V": "30000",
                                "W": "8",
                                "Pt": "R",
                                "Dp": "9.5",
                                "$": "1140"
                            },
                            {
                                "D": "N",
                                "G": "13",
                                "H": "81.2",
                                "P": "1024",
                                "S": "3",
                                "T": "12.8",
                                "V": "26000",
                                "W": "8",
                                "Pt": "R",
                                "Dp": "9.7",
                                "$": "1200"
                            },
                            {
                                "D": "N",
                                "G": "7",
                                "H": "82.3",
                                "P": "1024",
                                "S": "3",
                                "T": "12.5",
                                "V": "27000",
                                "W": "8",
                                "Pt": "R",
                                "Dp": "9.6",
                                "$": "1260"
                            },
                            {
                                "D": "N",
                                "G": "10",
                                "H": "76.9",
                                "P": "1024",
                                "S": "5",
                                "T": "12.7",
                                "V": "30000",
                                "W": "8",
                                "Pt": "R",
                                "Dp": "8.8",
                                "$": "1320"
                            },
                            {
                                "D": "N",
                                "G": "11",
                                "H": "74.2",
                                "P": "1024",
                                "S": "6",
                                "T": "12.4",
                                "V": "35000",
                                "W": "8",
                                "Pt": "R",
                                "Dp": "8.0",
                                "$": "1380"
                            }
                        ]
                    },
                    {
                        "type": "Day",
                        "value": "2025-03-26Z",
                        "Rep": [
                            {
                                "D": "N",
                                "G": "10",
                                "H": "81.1",
                                "P": "1024",
                                "S": "3",
                                "T": "12.0",
                                "V": "22000",
                                "W": "8",
                                "Pt": "R",
                                "Dp": "8.9",
                                "$": "0"
                            },
                            {
                                "D": "NNW",
                                "G": "9",
                                "H": "83.3",
                                "P": "1024",
                                "S": "5",
                                "T": "11.6",
                                "V": "20000",
                                "W": "8",
                                "Pt": "R",
                                "Dp": "8.9",
                                "$": "60"
                            },
                            {
                                "D": "NNW",
                                "G": "8",
                                "H": "81.4",
                                "P": "1024",
                                "S": "5",
                                "T": "10.4",
                                "V": "26000",
                                "W": "8",
                                "Pt": "R",
                                "Dp": "7.4",
                                "$": "120"
                            },
                            {
                                "D": "NNW",
                                "G": "9",
                                "H": "77.9",
                                "P": "1024",
                                "S": "2",
                                "T": "9.5",
                                "V": "30000",
                                "W": "8",
                                "Pt": "R",
                                "Dp": "5.9",
                                "$": "180"
                            },
                            {
                                "D": "N",
                                "G": "6",
                                "H": "80.2",
                                "P": "1024",
                                "S": "3",
                                "T": "9.4",
                                "V": "20000",
                                "W": "8",
                                "Pt": "S",
                                "Dp": "6.2",
                                "$": "240"
                            },
                            {
                                "D": "N",
                                "G": "7",
                                "H": "82.3",
                                "P": "1025",
                                "S": "3",
                                "T": "8.9",
                                "V": "23000",
                                "W": "8",
                                "Pt": "R",
                                "Dp": "6.1",
                                "$": "300"
                            },
                            {
                                "D": "NNE",
                                "G": "9",
                                "H": "83.5",
                                "P": "1025",
                                "S": "5",
                                "T": "8.5",
                                "V": "18000",
                                "W": "8",
                                "Pt": "R",
                                "Dp": "5.9",
                                "$": "360"
                            },
                            {
                                "D": "N",
                                "G": "8",
                                "H": "87.6",
                                "P": "1025",
                                "S": "5",
                                "T": "8.7",
                                "V": "11000",
                                "W": "8",
                                "Pt": "R",
                                "Dp": "6.8",
                                "$": "420"
                            },
                            {
                                "D": "N",
                                "G": "8",
                                "H": "85.4",
                                "P": "1026",
                                "S": "5",
                                "T": "9.5",
                                "V": "10000",
                                "W": "5",
                                "Pt": "R",
                                "Dp": "7.2",
                                "$": "480"
                            },
                            {
                                "D": "NE",
                                "G": "7",
                                "H": "81.6",
                                "P": "1026",
                                "S": "2",
                                "T": "11.7",
                                "V": "12000",
                                "W": "8",
                                "Pt": "R",
                                "Dp": "8.7",
                                "$": "540"
                            },
                            {
                                "D": "N",
                                "G": "5",
                                "H": "67.8",
                                "P": "1026",
                                "S": "2",
                                "T": "12.7",
                                "V": "23000",
                                "W": "3",
                                "Pt": "R",
                                "Dp": "7.0",
                                "$": "600"
                            },
                            {
                                "D": "SSE",
                                "G": "7",
                                "H": "59.1",
                                "P": "1025",
                                "S": "5",
                                "T": "15.2",
                                "V": "23000",
                                "W": "3",
                                "Pt": "R",
                                "Dp": "7.4",
                                "$": "660"
                            },
                            {
                                "D": "W",
                                "G": "13",
                                "H": "50.8",
                                "P": "1025",
                                "S": "7",
                                "T": "15.6",
                                "V": "55000",
                                "W": "7",
                                "Pt": "F",
                                "Dp": "5.6",
                                "$": "720"
                            },
                            {
                                "D": "WNW",
                                "G": "15",
                                "H": "49.4",
                                "P": "1025",
                                "S": "5",
                                "T": "17.0",
                                "V": "40000",
                                "W": "7",
                                "Pt": "F",
                                "Dp": "6.5",
                                "$": "780"
                            },
                            {
                                "D": "SW",
                                "G": "15",
                                "H": "49.8",
                                "P": "1024",
                                "S": "7",
                                "T": "17.1",
                                "V": "50000",
                                "W": "3",
                                "Pt": "F",
                                "Dp": "6.7",
                                "$": "840"
                            },
                            {
                                "D": "W",
                                "G": "14",
                                "S": "6",
                                "$": "900"
                            },
                            {
                                "D": "W",
                                "G": "11",
                                "H": "47.8",
                                "P": "1023",
                                "S": "5",
                                "T": "17.2",
                                "V": "40000",
                                "W": "1",
                                "Pt": "F",
                                "Dp": "6.2",
                                "$": "960"
                            }
                        ]
                    }
                ]
            }
        }
    }
}