{
    "SiteRep": {
        "Wx": {
            "Param": [
                {
                    "name": "G",
                    "units": "mph",
                    "$": "Wind Gust"
                },
                {
                    "name": "T",
                    "units": "C",
                    "$": "Temperature"
                },
                {
                    "name": "V",
                    "units": "m",
                    "$": "Visibility"
                },
                {
                    "name": "D",
                    "units": "compass",
                    "$": "Wind Direction"
                },
                {
                    "name": "S",
                    "units": "mph",
                    "$": "Wind Speed"
                },
                {
                    "name": "W",
                    "units": "",
                    "$": "Weather Type"
                },
                {
                    "name": "P",
                    "units": "hpa",
                    "$": "Pressure"
                },
                {
                    "name": "Pt",
                    "units": "Pa/s",
                    "$": "Pressure Tendency"
                },
                {
                    "name": "Dp",
                    "units": "C",
                    "$": "Dew Point"
                },
                {
                    "name": "H",
                    "units": "%",
                    "$": "Screen Relative Humidity"
                }
            ]
        },
        "DV": {
            "dataDate": "2025-03-27T16:00:00Z",
            "type": "Obs",
            "Location": {
                "i": "3772",
                "lat": "51.479",
                "lon": "-0.449",
                "name": "HEATHROW",
                "country": "ENGLAND",
                "continent": "EUROPE",
                "elevation": "25.0",
                "Period": [
                    {
                        "type": "Day",
                        "value": "2025-03-26Z",
                        "Rep": [
                            {
                                "D": "W",
                                "G": "11",
                                "H": "47.8",
                                "P": "1023",
                                "S": "5",
                                "T": "17.2",
                                "V": "40000",
                                "W": "1",
                                "Pt": "F",
                                "Dp": "6.2",
                                "$": "960"
                            },
                            {
                                "D": "NNW",
                                "G": "11",
                                "H": "47.0",
                                "P": "1023",
                                "S": "3",
                                "T": "16.9",
                                "V": "45000",
                                "W": "1",
                                "Pt": "F",
                                "Dp": "5.7",
                                "$": "1020"
                            },
                            {
                                "D": "NW",
                                "G": "8",
                                "H": "48.9",
                                "P": "1023",
                                "S": "3",
                                "T": "16.3",
                                "V": "40000",
                                "W": "1",
                                "Pt": "F",
                                "Dp": "5.7",
                                "$": "1080"
                            },
                            {
                                "D": "NW",
                                "G": "6",
                                "H": "54.3",
                                "P": "1023",
                                "S": "2",
                                "T": "14.7",
                                "V": "35000",
                                "W": "0",
                                "Pt": "R",
                                "Dp": "5.7",
                                "$": "1140"
                            },
                            {
                                "D": "SSW",
                                "G": "14",
                                "H": "73.9",
                                "P": "1024",
                                "S": "8",
                                "T": "12.9",
                                "V": "20000",
                                "W": "0",
                                "Pt": "R",
                                "Dp": "8.4",
                                "$": "1200"
                            },
                            {
                                "D": "SW",
                                "G": "13",
                                "H": "77.6",
                                "P": "1024",
                                "S": "8",
                                "T": "11.2",
                                "V": "24000",
                                "W": "0",
                                "Pt": "R",
                                "Dp": "7.5",
                                "$": "1260"
                            },
                            {
                                "D": "S",
                                "G": "11",
                                "H": "78.0",
                                "P": "1024",
                                "S": "7",
                                "T": "10.1",
                                "V": "28000",
                                "W": "0",
                                "Pt": "R",
                                "Dp": "6.5",
                                "$": "1320"
                            },
                            {
                                "D": "S",
                                "G": "11",
                                "H": "80.6",
                                "P": "1024",
                                "S": "6",
                                "T": "8.4",
                                "V": "30000",
                                "W": "0",
                                "Pt": "R",
                                "Dp": "5.3",
                                "$": "1380"
                            }
                        ]
                    },
                    {
                        "type": "Day",
                        "value": "2025-03-27Z",
                        "Rep": [
                            {
                                "D": "S",
                                "G": "9",
                                "H": "83.9",
                                "P": "1023",
                                "S": "7",
                                "T": "7.5",
                                "V": "30000",
                                "W": "0",
                                "Pt": "F",
                                "Dp": "5.0",
                                "$": "0"
                            },
                            {
                                "D": "S",
                                "G": "9",
                                "H": "86.2",
                                "P": "1023",
                                "S": "6",
                                "T": "7.0",
                                "V": "21000",
                                "W": "0",
                                "Pt": "F",
                                "Dp": "4.9",
                                "$": "60"
                            },
                            {
                                "D": "SSW",
                                "G": "8",
                                "H": "87.5",
                                "P": "1023",
                                "S": "5",
                                "T": "6.7",
                                "V": "15000",
                                "W": "0",
                                "Pt": "F",
                                "Dp": "4.8",
                                "$": "120"
                            },
                            {
                                "D": "SSW",
                                "G": "6",
                                "H": "88.1",
                                "P": "1023",
                                "S": "3",
                                "T": "5.9",
                                "V": "12000",
                                "W": "0",
                                "Pt": "F",
                                "Dp": "4.1",
                                "$": "180"
                            },
                            {
                                "D": "SW",
                                "G": "6",
                                "H": "93.2",
                                "P": "1023",
                                "S": "3",
                                "T": "4.7",
                                "V": "9000",
                                "W": "5",
                                "Pt": "F",
                                "Dp": "3.7",
                                "$": "240"
                            },
                            {
                                "D": "SW",
                                "G": "7",
                                "H": "95.2",
                                "P": "1023",
                                "S": "3",
                                "T": "4.6",
                                "V": "9000",
                                "W": "5",
                                "Pt": "F",
                                "Dp": "3.9",
                                "$": "300"
                            },
                            {
                                "D": "SW",
                                "G": "6",
                                "H": "95.8",
                                "P": "1022",
                                "S": "5",
                                "T": "5.1",
                                "V": "6000",
                                "W": "5",
                                "Pt": "F",
                                "Dp": "4.5",
                                "$": "360"
                            },
                            {
                                "D": "SSW",
                                "G": "8",
                                "H": "95.8",
                                "P": "1022",
                                "S": "5",
                                "T": "6.4",
                                "V": "8000",
                                "W": "5",
                                "Pt": "F",
                                "Dp": "5.8",
                                "$": "420"
                            },
                            {
                                "D": "SW",
                                "G": "9",
                                "H": "90.1",
                                "P": "1022",
                                "S": "7",
                                "T": "8.3",
                                "V": "13000",
                                "W": "1",
                                "Pt": "F",
                                "Dp": "6.8",
                                "$": "480"
                            },
                            {
                                "D": "WSW",
                                "G": "14",
                                "H": "86.5",
                                "P": "1022",
                                "S": "9",
                                "T": "9.4",
                                "V": "21000",
                                "W": "8",
                                "Pt": "S",
                                "Dp": "7.3",
                                "$": "540"
                            },
                            {
                                "D": "WSW",
                                "G": "16",
                                "H": "84.2",
                                "P": "1022",
                                "S": "10",
                                "T": "9.7",
                                "V": "23000",
                                "W": "8",
                                "Pt": "F",
                                "Dp": "7.2",
                                "$": "600"
                            },
                            {
                                "D": "WSW",
                                "G": "14",
                                "H": "80.4",
                                "P": "1021",
                                "S": "10",
                                "T": "10.5",
                                "V": "30000",
                                "W": "8",
                                "Pt": "F",
                                "Dp": "7.3",
                                "$": "660"
                            },
                            {
                                "D": "WSW",
                                "G": "16",
                                "H": "76.2",
                                "P": "1021",
                                "S": "10",
                                "T": "11.4",
                                "V": "35000",
                                "W": "8",
                                "Pt": "F",
                                "Dp": "7.4",
                                "$": "720"
                            },
                            {
                                "D": "SSW",
                                "G": "16",
                                "H": "75.1",
                                "P": "1020",
                                "S": "11",
                                "T": "11.4",
                                "V": "35000",
                                "W": "8",
                                "Pt": "F",
                                "Dp": "7.2",
                                "$": "780"
                            },
                            {
                                "D": "W",
                                "G": "18",
                                "H": "74.8",
                                "P": "1020",
                                "S": "10",
                                "T": "12.0",
                                "V": "35000",
                                "W": "8",
                                "Pt": "F",
                                "Dp": "7.7",
                                "$": "840"
                            },
                            {
                                "D": "WSW",
                                "G": "17",
                                "H": "74.8",
                                "P": "1019",
                                "S": "10",
                                "T": "12.3",
                                "V": "30000",
                                "W": "8",
                                "Pt": "F",
                                "Dp": "8.0",
                                "$": "900"
                            },
                            {
                                "D": "WSW",
                                "G": "18",
                                "H": "71.3",
                                "P": "1018",
                                "S": "11",
                                "T": "12.6",
                                "V": "30000",
                                "W": "8",
                                "Pt": "F",
                                "Dp": "7.6",
                                "$": "960"
                            }
                        ]
                    }
                ]
            }
        }
    }
}