{
    "SiteRep": {
        "Wx": {
            "Param": [
                {
                    "name": "G",
                    "units": "mph",
                    "$": "Wind Gust"
                },
                {
                    "name": "T",
                    "units": "C",
                    "$": "Temperature"
                },
                {
                    "name": "V",
                    "units": "m",
                    "$": "Visibility"
                },
                {
                    "name": "D",
                    "units": "compass",
                    "$": "Wind Direction"
                },
                {
                    "name": "S",
                    "units": "mph",
                    "$": "Wind Speed"
                },
                {
                    "name": "W",
                    "units": "",
                    "$": "Weather Type"
                },
                {
                    "name": "P",
                    "units": "hpa",
                    "$": "Pressure"
                },
                {
                    "name": "Pt",
                    "units": "Pa/s",
                    "$": "Pressure Tendency"
                },
                {
                    "name": "Dp",
                    "units": "C",
                    "$": "Dew Point"
                },
                {
                    "name": "H",
                    "units": "%",
                    "$": "Screen Relative Humidity"
                }
            ]
        },
        "DV": {
            "dataDate": "2024-11-01T16:00:00Z",
            "type": "Obs",
            "Location": {
                "i": "3772",
                "lat": "51.479",
                "lon": "-0.449",
                "name": "HEATHROW",
                "country": "ENGLAND",
                "continent": "EUROPE",
                "elevation": "25.0",
                "Period": [
                    {
                        "type": "Day",
                        "value": "2024-10-31Z",
                        "Rep": [
                            {
                                "D": "SSW",
                                "G": "10",
                                "H": "71.0",
                                "P": "1025",
                                "S": "3",
                                "T": "14.0",
                                "V": "30000",
                                "W": "8",
                                "Pt": "F",
                                "Dp": "8.9",
                                "$": "960"
                            },
                            {
                                "D": "WNW",
                                "G": "7",
                                "H": "72.9",
                                "P": "1025",
                                "S": "2",
                                "T": "13.8",
                                "V": "21000",
                                "W": "8",
                                "Pt": "F",
                                "Dp": "9.1",
                                "$": "1020"
                            },
                            {
                                "D": "NW",
                                "G": "7",
                                "H": "75.5",
                                "P": "1025",
                                "S": "5",
                                "T": "13.5",
                                "V": "18000",
                                "W": "8",
                                "Pt": "F",
                                "Dp": "9.3",
                                "$": "1080"
                            },
                            {
                                "D": "NNW",
                                "G": "6",
                                "H": "77.0",
                                "P": "1025",
                                "S": "3",
                                "T": "13.4",
                                "V": "12000",
                                "W": "8",
                                "Pt": "F",
                                "Dp": "9.5",
                                "$": "1140"
                            },
                            {
                                "D": "N",
                                "G": "5",
                                "H": "76.4",
                                "P": "1025",
                                "S": "0",
                                "T": "13.3",
                                "V": "14000",
                                "W": "8",
                                "Pt": "S",
                                "Dp": "9.3",
                                "$": "1200"
                            },
                            {
                                "D": "N",
                                "G": "3",
                                "H": "76.5",
                                "P": "1025",
                                "S": "0",
                                "T": "13.4",
                                "V": "14000",
                                "W": "8",
                                "Pt": "F",
                                "Dp": "9.4",
                                "$": "1260"
                            },
                            {
                                "D": "W",
                                "G": "5",
                                "H": "79.1",
                                "P": "1025",
                                "S": "2",
                                "T": "13.2",
                                "V": "14000",
                                "W": "8",
                                "Pt": "F",
                                "Dp": "9.7",
                                "$": "1320"
                            },
                            {
                                "D": "W",
                                "G": "8",
                                "H": "81.2",
                                "P": "1025",
                                "S": "3",
                                "T": "13.0",
                                "V": "12000",
                                "W": "8",
                                "Pt": "F",
                                "Dp": "9.9",
                                "$": "1380"
                            }
                        ]
                    },
                    {
                        "type": "Day",
                        "value": "2024-11-01Z",
                        "Rep": [
                            {
                                "D": "W",
                                "G": "5",
                                "H": "85.1",
                                "P": "1024",
                                "S": "3",
                                "T": "12.3",
                                "V": "9000",
                                "W": "5",
                                "Pt": "F",
                                "Dp": "9.9",
                                "$": "0"
                            },
                            {
                                "D": "N",
                                "G": "5",
                                "H": "86.2",
                                "P": "1024",
                                "S": "2",
                                "T": "12.0",
                                "V": "9000",
                                "W": "5",
                                "Pt": "F",
                                "Dp": "9.8",
                                "$": "60"
                            },
                            {
                                "D": "W",
                                "G": "5",
                                "H": "83.9",
                                "P": "1024",
                                "S": "3",
                                "T": "11.9",
                                "V": "11000",
                                "W": "8",
                                "Pt": "F",
                                "Dp": "9.3",
                                "$": "120"
                            },
                            {
                                "D": "WNW",
                                "G": "9",
                                "H": "82.8",
                                "P": "1023",
                                "S": "5",
                                "T": "11.7",
                                "V": "11000",
                                "W": "8",
                                "Pt": "F",
                                "Dp": "8.9",
                                "$": "180"
                            },
                            {
                                "D": "W",
                                "G": "6",
                                "H": "83.3",
                                "P": "1023",
                                "S": "3",
                                "T": "11.6",
                                "V": "12000",
                                "W": "8",
                                "Pt": "F",
                                "Dp": "8.9",
                                "$": "240"
                            },
                            {
                                "D": "W",
                                "G": "6",
                                "H": "80.5",
                                "P": "1023",
                                "S": "3",
                                "T": "12.0",
                                "V": "12000",
                                "W": "8",
                                "Pt": "F",
                                "Dp": "8.8",
                                "$": "300"
                            },
                            {
                                "D": "WSW",
                                "G": "13",
                                "H": "79.4",
                                "P": "1024",
                                "S": "5",
                                "T": "11.8",
                                "V": "18000",
                                "W": "8",
                                "Pt": "S",
                                "Dp": "8.4",
                                "$": "360"
                            },
                            {
                                "D": "WSW",
                                "G": "11",
                                "H": "76.2",
                                "P": "1024",
                                "S": "7",
                                "T": "12.3",
                                "V": "23000",
                                "W": "8",
                                "Pt": "R",
                                "Dp": "8.3",
                                "$": "420"
                            },
                            {
                                "D": "W",
                                "G": "13",
                                "H": "76.8",
                                "P": "1024",
                                "S": "7",
                                "T": "12.1",
                                "V": "26000",
                                "W": "8",
                                "Pt": "R",
                                "Dp": "8.2",
                                "$": "480"
                            },
                            {
                                "D": "W",
                                "G": "11",
                                "H": "77.8",
                                "P": "1024",
                                "S": "7",
                                "T": "12.2",
                                "V": "18000",
                                "W": "8",
                                "Pt": "R",
                                "Dp": "8.5",
                                "$": "540"
                            },
                            {
                                "D": "WSW",
                                "G": "16",
                                "H": "77.8",
                                "P": "1025",
                                "S": "11",
                                "T": "12.3",
                                "V": "21000",
                                "W": "8",
                                "Pt": "R",
                                "Dp": "8.6",
                                "$": "600"
                            },
                            {
                                "D": "WNW",
                                "G": "16",
                                "H": "78.3",
                                "P": "1025",
                                "S": "8",
                                "T": "12.0",
                                "V": "14000",
                                "W": "8",
                                "Pt": "R",
                                "Dp": "8.4",
                                "$": "660"
                            },
                            {
                                "D": "NW",
                                "G": "13",
                                "H": "82.1",
                                "P": "1025",
                                "S": "6",
                                "T": "11.2",
                                "V": "16000",
                                "W": "8",
                                "Pt": "R",
                                "Dp": "8.3",
                                "$": "720"
                            },
                            {
                                "D": "WNW",
                                "G": "10",
                                "H": "81.1",
                                "P": "1024",
                                "S": "5",
                                "T": "11.9",
                                "V": "21000",
                                "W": "8",
                                "Pt": "F",
                                "Dp": "8.8",
                                "$": "780"
                            },
                            {
                                "D": "W",
                                "G": "10",
                                "H": "79.4",
                                "P": "1025",
                                "S": "7",
                                "T": "12.0",
                                "V": "23000",
                                "W": "8",
                                "Pt": "F",
                                "Dp": "8.6",
                                "$": "840"
                            },
                            {
                                "D": "NW",
                                "G": "9",
                                "H": "82.2",
                                "P": "1025",
                                "S": "5",
                                "T": "12.0",
                                "V": "20000",
                                "W": "8",
                                "Pt": "R",
                                "Dp": "9.1",
                                "$": "900"
                            },
                            {
                                "D": "NW",
                                "G": "11",
                                "H": "82.2",
                                "P": "1025",
                                "S": "6",
                                "T": "12.0",
                                "V": "25000",
                                "W": "8",
                                "Pt": "R",
                                "Dp": "9.1",
                                "$": "960"
                            }
                        ]
                    }
                ]
            }
        }
    }
}