{
    "SiteRep": {
        "Wx": {
            "Param": [
                {
                    "name": "G",
                    "units": "mph",
                    "$": "Wind Gust"
                },
                {
                    "name": "T",
                    "units": "C",
                    "$": "Temperature"
                },
                {
                    "name": "V",
                    "units": "m",
                    "$": "Visibility"
                },
                {
                    "name": "D",
                    "units": "compass",
                    "$": "Wind Direction"
                },
                {
                    "name": "S",
                    "units": "mph",
                    "$": "Wind Speed"
                },
                {
                    "name": "W",
                    "units": "",
                    "$": "Weather Type"
                },
                {
                    "name": "P",
                    "units": "hpa",
                    "$": "Pressure"
                },
                {
                    "name": "Pt",
                    "units": "Pa/s",
                    "$": "Pressure Tendency"
                },
                {
                    "name": "Dp",
                    "units": "C",
                    "$": "Dew Point"
                },
                {
                    "name": "H",
                    "units": "%",
                    "$": "Screen Relative Humidity"
                }
            ]
        },
        "DV": {
            "dataDate": "2024-04-07T16:00:00Z",
            "type": "Obs",
            "Location": {
                "i": "3772",
                "lat": "51.479",
                "lon": "-0.449",
                "name": "HEATHROW",
                "country": "ENGLAND",
                "continent": "EUROPE",
                "elevation": "25.0",
                "Period": [
                    {
                        "type": "Day",
                        "value": "2024-04-06Z",
                        "Rep": [
                            {
                                "D": "SSW",
                                "G": "36",
                                "H": "61.2",
                                "P": "1002",
                                "S": "19",
                                "T": "17.0",
                                "W": "8",
                                "Pt": "R",
                                "Dp": "9.5",
                                "$": "960"
                            },
                            {
                                "D": "S",
                                "G": "32",
                                "H": "60.7",
                                "P": "1002",
                                "S": "19",
                                "T": "16.6",
                                "W": "7",
                                "Pt": "R",
                                "Dp": "9.0",
                                "$": "1020"
                            },
                            {
                                "D": "S",
                                "G": "30",
                                "H": "67.5",
                                "P": "1002",
                                "S": "19",
                                "T": "15.8",
                                "W": "7",
                                "Pt": "F",
                                "Dp": "9.8",
                                "$": "1080"
                            },
                            {
                                "D": "S",
                                "G": "30",
                                "H": "73.9",
                                "P": "1002",
                                "S": "17",
                                "T": "14.3",
                                "W": "8",
                                "Pt": "F",
                                "Dp": "9.7",
                                "$": "1140"
                            },
                            {
                                "D": "S",
                                "G": "36",
                                "H": "69.1",
                                "P": "1002",
                                "S": "17",
                                "T": "14.6",
                                "W": "8",
                                "Pt": "F",
                                "Dp": "9.0",
                                "$": "1200"
                            },
                            {
                                "D": "S",
                                "G": "32",
                                "H": "69.1",
                                "P": "1002",
                                "S": "21",
                                "T": "14.6",
                                "W": "8",
                                "Pt": "F",
                                "Dp": "9.0",
                                "$": "1260"
                            },
                            {
                                "D": "SSW",
                                "G": "40",
                                "H": "69.1",
                                "P": "1002",
                                "S": "28",
                                "T": "14.6",
                                "W": "8",
                                "Pt": "R",
                                "Dp": "9.0",
                                "$": "1320"
                            },
                            {
                                "D": "SSW",
                                "G": "45",
                                "H": "69.3",
                                "P": "1003",
                                "S": "24",
                                "T": "13.5",
                                "W": "8",
                                "Pt": "R",
                                "Dp": "8.0",
                                "$": "1380"
                            }
                        ]
                    },
                    {
                        "type": "Day",
                        "value": "2024-04-07Z",
                        "Rep": [
                            {
                                "D": "SSW",
                                "G": "43",
                                "H": "70.0",
                                "P": "1004",
                                "S": "19",
                                "T": "12.7",
                                "W": "8",
                                "Pt": "R",
                                "Dp": "7.4",
                                "$": "0"
                            },
                            {
                                "D": "SSW",
                                "G": "38",
                                "H": "70.9",
                                "P": "1004",
                                "S": "24",
                                "T": "12.2",
                                "W": "8",
                                "Pt": "R",
                                "Dp": "7.1",
                                "$": "60"
                            },
                            {
                                "D": "SSW",
                                "G": "32",
                                "H": "72.9",
                                "P": "1005",
                                "S": "21",
                                "T": "12.2",
                                "W": "8",
                                "Pt": "R",
                                "Dp": "7.5",
                                "$": "120"
                            },
                            {
                                "D": "SSW",
                                "G": "34",
                                "H": "73.3",
                                "P": "1006",
                                "S": "22",
                                "T": "11.9",
                                "W": "8",
                                "Pt": "R",
                                "Dp": "7.3",
                                "$": "180"
                            },
                            {
                                "D": "SSW",
                                "G": "33",
                                "H": "73.8",
                                "P": "1006",
                                "S": "19",
                                "T": "11.7",
                                "W": "7",
                                "Pt": "R",
                                "Dp": "7.2",
                                "$": "240"
                            },
                            {
                                "D": "SSW",
                                "G": "32",
                                "H": "73.3",
                                "P": "1006",
                                "S": "21",
                                "T": "11.6",
                                "W": "2",
                                "Pt": "R",
                                "Dp": "7.0",
                                "$": "300"
                            },
                            {
                                "D": "SSW",
                                "G": "34",
                                "H": "73.3",
                                "P": "1007",
                                "S": "17",
                                "T": "11.7",
                                "W": "7",
                                "Pt": "R",
                                "Dp": "7.1",
                                "$": "360"
                            },
                            {
                                "D": "S",
                                "G": "30",
                                "H": "73.3",
                                "P": "1008",
                                "S": "14",
                                "T": "12.0",
                                "W": "8",
                                "Pt": "R",
                                "Dp": "7.4",
                                "$": "420"
                            },
                            {
                                "D": "SSW",
                                "G": "34",
                                "H": "69.0",
                                "P": "1008",
                                "S": "21",
                                "T": "12.7",
                                "W": "8",
                                "Pt": "R",
                                "Dp": "7.2",
                                "$": "480"
                            },
                            {
                                "D": "SSW",
                                "G": "37",
                                "H": "59.6",
                                "P": "1008",
                                "S": "23",
                                "T": "14.2",
                                "W": "8",
                                "Pt": "R",
                                "Dp": "6.5",
                                "$": "540"
                            },
                            {
                                "D": "SSW",
                                "G": "37",
                                "H": "59.7",
                                "P": "1009",
                                "S": "24",
                                "T": "14.6",
                                "W": "8",
                                "Pt": "R",
                                "Dp": "6.9",
                                "$": "600"
                            },
                            {
                                "D": "SSW",
                                "G": "38",
                                "H": "61.0",
                                "P": "1009",
                                "S": "23",
                                "T": "14.8",
                                "W": "8",
                                "Pt": "R",
                                "Dp": "7.4",
                                "$": "660"
                            },
                            {
                                "D": "SSW",
                                "G": "36",
                                "H": "63.5",
                                "P": "1009",
                                "S": "19",
                                "T": "14.4",
                                "W": "8",
                                "Pt": "R",
                                "Dp": "7.6",
                                "$": "720"
                            },
                            {
                                "D": "S",
                                "G": "32",
                                "H": "62.9",
                                "P": "1009",
                                "S": "19",
                                "T": "15.6",
                                "W": "8",
                                "Pt": "R",
                                "Dp": "8.6",
                                "$": "780"
                            },
                            {
                                "D": "SW",
                                "G": "39",
                                "H": "59.1",
                                "P": "1009",
                                "S": "28",
                                "T": "15.3",
                                "W": "8",
                                "Pt": "F",
                                "Dp": "7.4",
                                "$": "840"
                            },
                            {
                                "D": "SSW",
                                "G": "36",
                                "H": "55.6",
                                "P": "1008",
                                "S": "24",
                                "T": "15.5",
                                "W": "8",
                                "Pt": "F",
                                "Dp": "6.7",
                                "$": "900"
                            }
                        ]
                    }
                ]
            }
        }
    }
}