{
    "SiteRep": {
        "Wx": {
            "Param": [
                {
                    "name": "G",
                    "units": "mph",
                    "$": "Wind Gust"
                },
                {
                    "name": "T",
                    "units": "C",
                    "$": "Temperature"
                },
                {
                    "name": "V",
                    "units": "m",
                    "$": "Visibility"
                },
                {
                    "name": "D",
                    "units": "compass",
                    "$": "Wind Direction"
                },
                {
                    "name": "S",
                    "units": "mph",
                    "$": "Wind Speed"
                },
                {
                    "name": "W",
                    "units": "",
                    "$": "Weather Type"
                },
                {
                    "name": "P",
                    "units": "hpa",
                    "$": "Pressure"
                },
                {
                    "name": "Pt",
                    "units": "Pa/s",
                    "$": "Pressure Tendency"
                },
                {
                    "name": "Dp",
                    "units": "C",
                    "$": "Dew Point"
                },
                {
                    "name": "H",
                    "units": "%",
                    "$": "Screen Relative Humidity"
                }
            ]
        },
        "DV": {
            "dataDate": "2024-07-04T16:00:00Z",
            "type": "Obs",
            "Location": {
                "i": "3772",
                "lat": "51.479",
                "lon": "-0.449",
                "name": "HEATHROW",
                "country": "ENGLAND",
                "continent": "EUROPE",
                "elevation": "25.0",
                "Period": [
                    {
                        "type": "Day",
                        "value": "2024-07-03Z",
                        "Rep": [
                            {
                                "D": "SSW",
                                "G": "24",
                                "H": "68.9",
                                "P": "1006",
                                "S": "15",
                                "T": "18.5",
                                "V": "35000",
                                "W": "8",
                                "Dp": "12.7",
                                "$": "960"
                            },
                            {
                                "D": "SW",
                                "G": "26",
                                "H": "84.6",
                                "P": "1006",
                                "S": "11",
                                "T": "16.6",
                                "V": "23000",
                                "W": "8",
                                "Dp": "14.0",
                                "$": "1020"
                            },
                            {
                                "D": "WSW",
                                "G": "19",
                                "H": "74.9",
                                "P": "1005",
                                "S": "11",
                                "T": "18.1",
                                "V": "60000",
                                "W": "8",
                                "Pt": "F",
                                "Dp": "13.6",
                                "$": "1080"
                            },
                            {
                                "D": "SW",
                                "G": "18",
                                "H": "71.7",
                                "P": "1005",
                                "S": "11",
                                "T": "18.8",
                                "V": "75000",
                                "W": "8",
                                "Pt": "F",
                                "Dp": "13.6",
                                "$": "1140"
                            },
                            {
                                "D": "SW",
                                "G": "19",
                                "H": "74.1",
                                "P": "1005",
                                "S": "13",
                                "T": "18.6",
                                "V": "75000",
                                "W": "8",
                                "Pt": "F",
                                "Dp": "13.9",
                                "$": "1200"
                            },
                            {
                                "D": "SW",
                                "G": "22",
                                "H": "78.4",
                                "P": "1005",
                                "S": "10",
                                "T": "17.7",
                                "V": "75000",
                                "W": "2",
                                "Pt": "F",
                                "Dp": "13.9",
                                "$": "1260"
                            },
                            {
                                "D": "W",
                                "G": "23",
                                "H": "77.7",
                                "P": "1005",
                                "S": "15",
                                "T": "16.8",
                                "V": "65000",
                                "W": "7",
                                "Pt": "R",
                                "Dp": "12.9",
                                "$": "1320"
                            },
                            {
                                "D": "W",
                                "G": "22",
                                "H": "80.7",
                                "P": "1005",
                                "S": "11",
                                "T": "15.9",
                                "V": "55000",
                                "W": "8",
                                "Pt": "R",
                                "Dp": "12.6",
                                "$": "1380"
                            }
                        ]
                    },
                    {
                        "type": "Day",
                        "value": "2024-07-04Z",
                        "Rep": [
                            {
                                "D": "W",
                                "G": "17",
                                "H": "85.5",
                                "P": "1006",
                                "S": "10",
                                "T": "14.8",
                                "V": "35000",
                                "W": "0",
                                "Pt": "R",
                                "Dp": "12.4",
                                "$": "0"
                            },
                            {
                                "D": "W",
                                "G": "16",
                                "H": "89.5",
                                "P": "1006",
                                "S": "9",
                                "T": "13.8",
                                "V": "30000",
                                "W": "0",
                                "Pt": "R",
                                "Dp": "12.1",
                                "$": "60"
                            },
                            {
                                "D": "W",
                                "G": "14",
                                "H": "85.4",
                                "P": "1006",
                                "S": "8",
                                "T": "14.0",
                                "V": "45000",
                                "W": "0",
                                "Pt": "R",
                                "Dp": "11.6",
                                "$": "120"
                            },
                            {
                                "D": "W",
                                "G": "17",
                                "H": "76.7",
                                "P": "1007",
                                "S": "10",
                                "T": "13.7",
                                "V": "60000",
                                "W": "0",
                                "Pt": "R",
                                "Dp": "9.7",
                                "$": "180"
                            },
                            {
                                "D": "W",
                                "G": "15",
                                "H": "79.2",
                                "P": "1007",
                                "S": "9",
                                "T": "12.9",
                                "V": "60000",
                                "W": "1",
                                "Pt": "R",
                                "Dp": "9.4",
                                "$": "240"
                            },
                            {
                                "D": "W",
                                "G": "16",
                                "H": "70.6",
                                "P": "1008",
                                "S": "9",
                                "T": "12.9",
                                "V": "55000",
                                "W": "1",
                                "Pt": "R",
                                "Dp": "7.7",
                                "$": "300"
                            },
                            {
                                "D": "W",
                                "G": "17",
                                "H": "64.1",
                                "P": "1009",
                                "S": "9",
                                "T": "13.3",
                                "V": "60000",
                                "W": "1",
                                "Pt": "R",
                                "Dp": "6.7",
                                "$": "360"
                            },
                            {
                                "D": "WNW",
                                "G": "22",
                                "H": "54.4",
                                "P": "1009",
                                "S": "11",
                                "T": "14.1",
                                "V": "50000",
                                "W": "1",
                                "Pt": "R",
                                "Dp": "5.1",
                                "$": "420"
                            },
                            {
                                "D": "WNW",
                                "G": "21",
                                "H": "48.6",
                                "P": "1010",
                                "S": "14",
                                "T": "15.4",
                                "V": "50000",
                                "W": "1",
                                "Pt": "R",
                                "Dp": "4.7",
                                "$": "480"
                            },
                            {
                                "D": "W",
                                "G": "25",
                                "H": "45.9",
                                "P": "1010",
                                "S": "15",
                                "T": "17.3",
                                "V": "50000",
                                "W": "7",
                                "Pt": "R",
                                "Dp": "5.6",
                                "$": "540"
                            },
                            {
                                "D": "W",
                                "G": "26",
                                "H": "43.2",
                                "P": "1010",
                                "S": "16",
                                "T": "17.0",
                                "V": "50000",
                                "W": "3",
                                "Pt": "R",
                                "Dp": "4.5",
                                "$": "600"
                            },
                            {
                                "D": "W",
                                "G": "29",
                                "H": "35.7",
                                "P": "1010",
                                "S": "19",
                                "T": "18.9",
                                "V": "55000",
                                "W": "3",
                                "Pt": "R",
                                "Dp": "3.5",
                                "$": "660"
                            },
                            {
                                "D": "W",
                                "G": "29",
                                "H": "37.8",
                                "P": "1010",
                                "S": "15",
                                "T": "19.1",
                                "V": "60000",
                                "W": "7",
                                "Pt": "R",
                                "Dp": "4.5",
                                "$": "720"
                            },
                            {
                                "D": "WSW",
                                "G": "28",
                                "H": "34.0",
                                "P": "1009",
                                "S": "19",
                                "T": "21.4",
                                "V": "55000",
                                "W": "3",
                                "Pt": "F",
                                "Dp": "5.0",
                                "$": "780"
                            },
                            {
                                "D": "WSW",
                                "G": "29",
                                "H": "34.5",
                                "P": "1009",
                                "S": "19",
                                "T": "20.0",
                                "V": "45000",
                                "W": "3",
                                "Pt": "F",
                                "Dp": "4.0",
                                "$": "840"
                            },
                            {
                                "D": "WSW",
                                "G": "34",
                                "H": "32.3",
                                "P": "1009",
                                "S": "24",
                                "T": "21.2",
                                "V": "45000",
                                "W": "3",
                                "Pt": "F",
                                "Dp": "4.1",
                                "$": "900"
                            },
                            {
                                "D": "WSW",
                                "G": "31",
                                "H": "36.3",
                                "P": "1009",
                                "S": "21",
                                "T": "20.1",
                                "V": "45000",
                                "W": "8",
                                "Pt": "S",
                                "Dp": "4.8",
                                "$": "960"
                            }
                        ]
                    }
                ]
            }
        }
    }
}