{
    "SiteRep": {
        "Wx": {
            "Param": [
                {
                    "name": "G",
                    "units": "mph",
                    "$": "Wind Gust"
                },
                {
                    "name": "T",
                    "units": "C",
                    "$": "Temperature"
                },
                {
                    "name": "V",
                    "units": "m",
                    "$": "Visibility"
                },
                {
                    "name": "D",
                    "units": "compass",
                    "$": "Wind Direction"
                },
                {
                    "name": "S",
                    "units": "mph",
                    "$": "Wind Speed"
                },
                {
                    "name": "W",
                    "units": "",
                    "$": "Weather Type"
                },
                {
                    "name": "P",
                    "units": "hpa",
                    "$": "Pressure"
                },
                {
                    "name": "Pt",
                    "units": "Pa/s",
                    "$": "Pressure Tendency"
                },
                {
                    "name": "Dp",
                    "units": "C",
                    "$": "Dew Point"
                },
                {
                    "name": "H",
                    "units": "%",
                    "$": "Screen Relative Humidity"
                }
            ]
        },
        "DV": {
            "dataDate": "2023-10-26T16:00:00Z",
            "type": "Obs",
            "Location": {
                "i": "3772",
                "lat": "51.479",
                "lon": "-0.449",
                "name": "HEATHROW",
                "country": "ENGLAND",
                "continent": "EUROPE",
                "elevation": "25.0",
                "Period": [
                    {
                        "type": "Day",
                        "value": "2023-10-25Z",
                        "Rep": [
                            {
                                "D": "N",
                                "G": "8",
                                "H": "69.8",
                                "P": "995",
                                "S": "3",
                                "T": "13.3",
                                "V": "45000",
                                "W": "1",
                                "Pt": "F",
                                "Dp": "7.9",
                                "$": "960"
                            },
                            {
                                "D": "NNE",
                                "G": "6",
                                "H": "71.9",
                                "P": "995",
                                "S": "3",
                                "T": "12.2",
                                "V": "40000",
                                "W": "0",
                                "Pt": "F",
                                "Dp": "7.3",
                                "$": "1020"
                            },
                            {
                                "D": "NNE",
                                "G": "6",
                                "H": "79.0",
                                "P": "996",
                                "S": "3",
                                "T": "11.2",
                                "V": "22000",
                                "W": "8",
                                "Pt": "R",
                                "Dp": "7.7",
                                "$": "1080"
                            },
                            {
                                "D": "ENE",
                                "G": "6",
                                "H": "82.7",
                                "P": "996",
                                "S": "3",
                                "T": "10.4",
                                "V": "19000",
                                "W": "8",
                                "Pt": "R",
                                "Dp": "7.6",
                                "$": "1140"
                            },
                            {
                                "D": "E",
                                "G": "9",
                                "H": "86.2",
                                "P": "996",
                                "S": "3",
                                "T": "9.6",
                                "V": "13000",
                                "W": "8",
                                "Pt": "R",
                                "Dp": "7.4",
                                "$": "1200"
                            },
                            {
                                "D": "E",
                                "G": "6",
                                "H": "93.5",
                                "P": "995",
                                "S": "5",
                                "T": "9.6",
                                "V": "12000",
                                "W": "8",
                                "Pt": "F",
                                "Dp": "8.6",
                                "$": "1260"
                            },
                            {
                                "D": "E",
                                "G": "8",
                                "H": "91.0",
                                "P": "995",
                                "S": "5",
                                "T": "10.0",
                                "V": "17000",
                                "W": "8",
                                "Pt": "F",
                                "Dp": "8.6",
                                "$": "1320"
                            },
                            {
                                "D": "ENE",
                                "G": "13",
                                "H": "90.4",
                                "P": "995",
                                "S": "6",
                                "T": "10.4",
                                "V": "15000",
                                "W": "8",
                                "Pt": "F",
                                "Dp": "8.9",
                                "$": "1380"
                            }
                        ]
                    },
                    {
                        "type": "Day",
                        "value": "2023-10-26Z",
                        "Rep": [
                            {
                                "D": "ENE",
                                "G": "9",
                                "H": "91.0",
                                "P": "994",
                                "S": "6",
                                "T": "10.6",
                                "V": "12000",
                                "W": "8",
                                "Pt": "F",
                                "Dp": "9.2",
                                "$": "0"
                            },
                            {
                                "D": "E",
                                "G": "10",
                                "H": "92.9",
                                "P": "994",
                                "S": "7",
                                "T": "10.5",
                                "V": "10000",
                                "W": "8",
                                "Pt": "F",
                                "Dp": "9.4",
                                "$": "60"
                            },
                            {
                                "D": "ESE",
                                "G": "11",
                                "H": "93.5",
                                "P": "993",
                                "S": "8",
                                "T": "10.6",
                                "V": "9000",
                                "W": "8",
                                "Pt": "F",
                                "Dp": "9.6",
                                "$": "120"
                            },
                            {
                                "D": "E",
                                "G": "11",
                                "H": "96.0",
                                "P": "992",
                                "S": "3",
                                "T": "10.4",
                                "V": "5000",
                                "W": "8",
                                "Pt": "F",
                                "Dp": "9.8",
                                "$": "180"
                            },
                            {
                                "D": "ESE",
                                "G": "6",
                                "H": "96.8",
                                "P": "992",
                                "S": "3",
                                "T": "10.5",
                                "V": "1700",
                                "W": "12",
                                "Pt": "F",
                                "Dp": "10.0",
                                "$": "240"
                            },
                            {
                                "D": "E",
                                "G": "6",
                                "H": "98.0",
                                "P": "991",
                                "S": "5",
                                "T": "10.6",
                                "V": "4100",
                                "W": "12",
                                "Pt": "F",
                                "Dp": "10.3",
                                "$": "300"
                            },
                            {
                                "D": "E",
                                "G": "8",
                                "H": "97.5",
                                "P": "991",
                                "S": "5",
                                "T": "10.9",
                                "V": "3000",
                                "W": "12",
                                "Pt": "F",
                                "Dp": "10.5",
                                "$": "360"
                            },
                            {
                                "D": "E",
                                "G": "9",
                                "H": "98.0",
                                "P": "990",
                                "S": "6",
                                "T": "11.0",
                                "V": "4400",
                                "W": "11",
                                "Pt": "F",
                                "Dp": "10.7",
                                "$": "420"
                            },
                            {
                                "D": "ESE",
                                "G": "11",
                                "H": "97.4",
                                "P": "990",
                                "S": "6",
                                "T": "11.7",
                                "V": "30000",
                                "W": "8",
                                "Pt": "F",
                                "Dp": "11.3",
                                "$": "480"
                            },
                            {
                                "D": "S",
                                "G": "13",
                                "H": "96.8",
                                "P": "991",
                                "S": "6",
                                "T": "11.8",
                                "V": "21000",
                                "W": "8",
                                "Pt": "F",
                                "Dp": "11.3",
                                "$": "540"
                            },
                            {
                                "D": "WSW",
                                "G": "13",
                                "H": "89.5",
                                "P": "991",
                                "S": "7",
                                "T": "12.9",
                                "V": "28000",
                                "W": "8",
                                "Pt": "R",
                                "Dp": "11.2",
                                "$": "600"
                            },
                            {
                                "D": "SW",
                                "G": "18",
                                "H": "83.3",
                                "P": "991",
                                "S": "9",
                                "T": "14.2",
                                "V": "25000",
                                "W": "8",
                                "Pt": "R",
                                "Dp": "11.4",
                                "$": "660"
                            },
                            {
                                "D": "SW",
                                "G": "17",
                                "H": "76.6",
                                "P": "991",
                                "S": "11",
                                "T": "15.6",
                                "V": "25000",
                                "W": "7",
                                "Pt": "R",
                                "Dp": "11.5",
                                "$": "720"
                            },
                            {
                                "D": "SW",
                                "G": "17",
                                "H": "73.1",
                                "P": "990",
                                "S": "8",
                                "T": "15.2",
                                "V": "29000",
                                "W": "7",
                                "Pt": "F",
                                "Dp": "10.4",
                                "$": "780"
                            },
                            {
                                "D": "SSW",
                                "G": "16",
                                "H": "66.4",
                                "P": "990",
                                "S": "9",
                                "T": "16.3",
                                "V": "29000",
                                "W": "8",
                                "Pt": "F",
                                "Dp": "10.0",
                                "$": "840"
                            },
                            {
                                "D": "SSW",
                                "G": "16",
                                "H": "65.9",
                                "P": "990",
                                "S": "9",
                                "T": "16.0",
                                "V": "29000",
                                "W": "1",
                                "Pt": "F",
                                "Dp": "9.6",
                                "$": "900"
                            },
                            {
                                "D": "S",
                                "G": "15",
                                "H": "70.2",
                                "P": "990",
                                "S": "8",
                                "T": "15.1",
                                "V": "27000",
                                "W": "1",
                                "Pt": "F",
                                "Dp": "9.7",
                                "$": "960"
                            }
                        ]
                    }
                ]
            }
        }
    }
}