{
    "SiteRep": {
        "Wx": {
            "Param": [
                {
                    "name": "G",
                    "units": "mph",
                    "$": "Wind Gust"
                },
                {
                    "name": "T",
                    "units": "C",
                    "$": "Temperature"
                },
                {
                    "name": "V",
                    "units": "m",
                    "$": "Visibility"
                },
                {
                    "name": "D",
                    "units": "compass",
                    "$": "Wind Direction"
                },
                {
                    "name": "S",
                    "units": "mph",
                    "$": "Wind Speed"
                },
                {
                    "name": "W",
                    "units": "",
                    "$": "Weather Type"
                },
                {
                    "name": "P",
                    "units": "hpa",
                    "$": "Pressure"
                },
                {
                    "name": "Pt",
                    "units": "Pa/s",
                    "$": "Pressure Tendency"
                },
                {
                    "name": "Dp",
                    "units": "C",
                    "$": "Dew Point"
                },
                {
                    "name": "H",
                    "units": "%",
                    "$": "Screen Relative Humidity"
                }
            ]
        },
        "DV": {
            "dataDate": "2024-11-29T16:00:00Z",
            "type": "Obs",
            "Location": {
                "i": "3772",
                "lat": "51.479",
                "lon": "-0.449",
                "name": "HEATHROW",
                "country": "ENGLAND",
                "continent": "EUROPE",
                "elevation": "25.0",
                "Period": [
                    {
                        "type": "Day",
                        "value": "2024-11-28Z",
                        "Rep": [
                            {
                                "D": "E",
                                "G": "6",
                                "H": "87.2",
                                "P": "1028",
                                "S": "3",
                                "T": "4.4",
                                "V": "10000",
                                "W": "1",
                                "Pt": "F",
                                "Dp": "2.5",
                                "$": "960"
                            },
                            {
                                "D": "E",
                                "G": "5",
                                "H": "89.5",
                                "P": "1029",
                                "S": "5",
                                "T": "2.4",
                                "V": "4800",
                                "W": "5",
                                "Pt": "R",
                                "Dp": "0.9",
                                "$": "1020"
                            },
                            {
                                "D": "E",
                                "G": "7",
                                "H": "91.7",
                                "P": "1029",
                                "S": "3",
                                "T": "3.3",
                                "V": "11000",
                                "W": "0",
                                "Pt": "R",
                                "Dp": "2.1",
                                "$": "1080"
                            },
                            {
                                "D": "E",
                                "G": "8",
                                "H": "94.4",
                                "P": "1029",
                                "S": "6",
                                "T": "3.2",
                                "V": "14000",
                                "W": "0",
                                "Pt": "R",
                                "Dp": "2.4",
                                "$": "1140"
                            },
                            {
                                "D": "E",
                                "G": "9",
                                "H": "92.9",
                                "P": "1029",
                                "S": "7",
                                "T": "2.6",
                                "V": "14000",
                                "W": "0",
                                "Pt": "R",
                                "Dp": "1.6",
                                "$": "1200"
                            },
                            {
                                "D": "E",
                                "G": "8",
                                "H": "92.4",
                                "P": "1029",
                                "S": "3",
                                "T": "2.3",
                                "V": "15000",
                                "W": "0",
                                "Pt": "S",
                                "Dp": "1.2",
                                "$": "1260"
                            },
                            {
                                "D": "E",
                                "G": "9",
                                "H": "95.7",
                                "P": "1029",
                                "S": "7",
                                "T": "3.3",
                                "V": "17000",
                                "W": "0",
                                "Pt": "F",
                                "Dp": "2.7",
                                "$": "1320"
                            },
                            {
                                "D": "E",
                                "G": "10",
                                "H": "95.8",
                                "P": "1029",
                                "S": "7",
                                "T": "3.1",
                                "V": "16000",
                                "W": "0",
                                "Pt": "F",
                                "Dp": "2.5",
                                "$": "1380"
                            }
                        ]
                    },
                    {
                        "type": "Day",
                        "value": "2024-11-29Z",
                        "Rep": [
                            {
                                "D": "E",
                                "G": "13",
                                "H": "94.4",
                                "P": "1029",
                                "S": "6",
                                "T": "3.2",
                                "V": "16000",
                                "W": "0",
                                "Pt": "F",
                                "Dp": "2.4",
                                "$": "0"
                            },
                            {
                                "D": "E",
                                "G": "9",
                                "H": "93.7",
                                "P": "1028",
                                "S": "6",
                                "T": "3.6",
                                "V": "24000",
                                "W": "0",
                                "Pt": "F",
                                "Dp": "2.7",
                                "$": "60"
                            },
                            {
                                "D": "E",
                                "G": "9",
                                "H": "91.8",
                                "P": "1028",
                                "S": "6",
                                "T": "3.6",
                                "V": "28000",
                                "W": "0",
                                "Pt": "F",
                                "Dp": "2.4",
                                "$": "120"
                            },
                            {
                                "D": "E",
                                "G": "9",
                                "H": "91.7",
                                "P": "1028",
                                "S": "5",
                                "T": "2.4",
                                "V": "25000",
                                "W": "0",
                                "Pt": "F",
                                "Dp": "1.2",
                                "$": "180"
                            },
                            {
                                "D": "ESE",
                                "G": "7",
                                "H": "94.2",
                                "P": "1027",
                                "S": "6",
                                "T": "1.7",
                                "V": "27000",
                                "W": "0",
                                "Pt": "F",
                                "Dp": "0.9",
                                "$": "240"
                            },
                            {
                                "D": "ESE",
                                "G": "8",
                                "H": "93.8",
                                "P": "1027",
                                "S": "6",
                                "T": "2.3",
                                "V": "35000",
                                "W": "0",
                                "Pt": "F",
                                "Dp": "1.4",
                                "$": "300"
                            },
                            {
                                "D": "ESE",
                                "G": "10",
                                "H": "94.4",
                                "P": "1027",
                                "S": "7",
                                "T": "3.6",
                                "V": "35000",
                                "W": "0",
                                "Pt": "F",
                                "Dp": "2.8",
                                "$": "360"
                            },
                            {
                                "D": "ESE",
                                "G": "10",
                                "H": "93.8",
                                "P": "1027",
                                "S": "8",
                                "T": "3.8",
                                "V": "40000",
                                "W": "0",
                                "Pt": "F",
                                "Dp": "2.9",
                                "$": "420"
                            },
                            {
                                "D": "ESE",
                                "G": "13",
                                "H": "89.2",
                                "P": "1026",
                                "S": "10",
                                "T": "4.3",
                                "V": "40000",
                                "W": "0",
                                "Pt": "F",
                                "Dp": "2.7",
                                "$": "480"
                            },
                            {
                                "D": "ESE",
                                "G": "11",
                                "H": "88.5",
                                "P": "1027",
                                "S": "8",
                                "T": "5.1",
                                "V": "40000",
                                "W": "1",
                                "Pt": "F",
                                "Dp": "3.4",
                                "$": "540"
                            },
                            {
                                "D": "ESE",
                                "G": "10",
                                "H": "83.3",
                                "P": "1027",
                                "S": "8",
                                "T": "7.3",
                                "V": "35000",
                                "W": "1",
                                "Pt": "F",
                                "Dp": "4.7",
                                "$": "600"
                            },
                            {
                                "D": "SE",
                                "G": "21",
                                "H": "75.7",
                                "P": "1026",
                                "S": "13",
                                "T": "9.0",
                                "V": "40000",
                                "W": "1",
                                "Pt": "F",
                                "Dp": "5.0",
                                "$": "660"
                            },
                            {
                                "D": "SE",
                                "G": "21",
                                "H": "70.2",
                                "P": "1025",
                                "S": "13",
                                "T": "10.0",
                                "V": "40000",
                                "W": "1",
                                "Pt": "F",
                                "Dp": "4.9",
                                "$": "720"
                            },
                            {
                                "D": "SE",
                                "G": "21",
                                "H": "62.3",
                                "P": "1025",
                                "S": "13",
                                "T": "10.5",
                                "V": "40000",
                                "W": "1",
                                "Pt": "F",
                                "Dp": "3.7",
                                "$": "780"
                            },
                            {
                                "D": "SSE",
                                "G": "22",
                                "H": "60.0",
                                "P": "1024",
                                "S": "14",
                                "T": "10.4",
                                "V": "45000",
                                "W": "1",
                                "Pt": "F",
                                "Dp": "3.1",
                                "$": "840"
                            },
                            {
                                "D": "SE",
                                "G": "21",
                                "H": "62.0",
                                "P": "1024",
                                "S": "15",
                                "T": "9.6",
                                "V": "45000",
                                "W": "1",
                                "Pt": "F",
                                "Dp": "2.8",
                                "$": "900"
                            },
                            {
                                "D": "SE",
                                "G": "19",
                                "H": "65.0",
                                "P": "1024",
                                "S": "13",
                                "T": "8.5",
                                "V": "45000",
                                "W": "0",
                                "Pt": "F",
                                "Dp": "2.4",
                                "$": "960"
                            }
                        ]
                    }
                ]
            }
        }
    }
}