{
    "SiteRep": {
        "Wx": {
            "Param": [
                {
                    "name": "G",
                    "units": "mph",
                    "$": "Wind Gust"
                },
                {
                    "name": "T",
                    "units": "C",
                    "$": "Temperature"
                },
                {
                    "name": "V",
                    "units": "m",
                    "$": "Visibility"
                },
                {
                    "name": "D",
                    "units": "compass",
                    "$": "Wind Direction"
                },
                {
                    "name": "S",
                    "units": "mph",
                    "$": "Wind Speed"
                },
                {
                    "name": "W",
                    "units": "",
                    "$": "Weather Type"
                },
                {
                    "name": "P",
                    "units": "hpa",
                    "$": "Pressure"
                },
                {
                    "name": "Pt",
                    "units": "Pa/s",
                    "$": "Pressure Tendency"
                },
                {
                    "name": "Dp",
                    "units": "C",
                    "$": "Dew Point"
                },
                {
                    "name": "H",
                    "units": "%",
                    "$": "Screen Relative Humidity"
                }
            ]
        },
        "DV": {
            "dataDate": "2024-11-20T16:00:00Z",
            "type": "Obs",
            "Location": {
                "i": "3772",
                "lat": "51.479",
                "lon": "-0.449",
                "name": "HEATHROW",
                "country": "ENGLAND",
                "continent": "EUROPE",
                "elevation": "25.0",
                "Period": [
                    {
                        "type": "Day",
                        "value": "2024-11-19Z",
                        "Rep": [
                            {
                                "D": "NNW",
                                "G": "11",
                                "H": "91.9",
                                "P": "999",
                                "S": "6",
                                "T": "4.3",
                                "V": "30000",
                                "W": "8",
                                "Pt": "R",
                                "Dp": "3.1",
                                "$": "960"
                            },
                            {
                                "D": "NNW",
                                "G": "14",
                                "H": "90.5",
                                "P": "1000",
                                "S": "7",
                                "T": "3.9",
                                "V": "30000",
                                "W": "8",
                                "Pt": "R",
                                "Dp": "2.5",
                                "$": "1020"
                            },
                            {
                                "D": "NNW",
                                "G": "15",
                                "H": "89.3",
                                "P": "1001",
                                "S": "8",
                                "T": "3.5",
                                "V": "28000",
                                "W": "8",
                                "Pt": "R",
                                "Dp": "1.9",
                                "$": "1080"
                            },
                            {
                                "D": "NW",
                                "G": "11",
                                "H": "88.5",
                                "P": "1002",
                                "S": "5",
                                "T": "2.8",
                                "V": "30000",
                                "W": "8",
                                "Pt": "R",
                                "Dp": "1.1",
                                "$": "1140"
                            },
                            {
                                "D": "NNW",
                                "G": "13",
                                "H": "88.6",
                                "P": "1003",
                                "S": "7",
                                "T": "2.4",
                                "V": "35000",
                                "W": "8",
                                "Pt": "R",
                                "Dp": "0.7",
                                "$": "1200"
                            },
                            {
                                "D": "NNW",
                                "G": "14",
                                "H": "89.6",
                                "P": "1004",
                                "S": "7",
                                "T": "1.9",
                                "V": "24000",
                                "W": "8",
                                "Pt": "R",
                                "Dp": "0.4",
                                "$": "1260"
                            },
                            {
                                "D": "WNW",
                                "G": "11",
                                "H": "91.0",
                                "P": "1005",
                                "S": "8",
                                "T": "1.4",
                                "V": "19000",
                                "W": "0",
                                "Pt": "R",
                                "Dp": "0.1",
                                "$": "1320"
                            },
                            {
                                "D": "WNW",
                                "G": "14",
                                "H": "89.1",
                                "P": "1005",
                                "S": "7",
                                "T": "1.3",
                                "V": "19000",
                                "W": "0",
                                "Pt": "R",
                                "Dp": "-0.3",
                                "$": "1380"
                            }
                        ]
                    },
                    {
                        "type": "Day",
                        "value": "2024-11-20Z",
                        "Rep": [
                            {
                                "D": "W",
                                "G": "13",
                                "H": "86.5",
                                "P": "1006",
                                "S": "8",
                                "T": "0.9",
                                "V": "21000",
                                "W": "0",
                                "Pt": "R",
                                "Dp": "-1.1",
                                "$": "0"
                            },
                            {
                                "D": "WNW",
                                "G": "13",
                                "H": "81.8",
                                "P": "1007",
                                "S": "6",
                                "T": "0.7",
                                "V": "30000",
                                "W": "0",
                                "Pt": "R",
                                "Dp": "-1.8",
                                "$": "60"
                            },
                            {
                                "D": "WNW",
                                "G": "13",
                                "H": "81.7",
                                "P": "1007",
                                "S": "9",
                                "T": "0.6",
                                "V": "35000",
                                "W": "0",
                                "Pt": "R",
                                "Dp": "-1.9",
                                "$": "120"
                            },
                            {
                                "D": "W",
                                "G": "16",
                                "H": "83.2",
                                "P": "1007",
                                "S": "9",
                                "T": "0.7",
                                "V": "30000",
                                "W": "0",
                                "Pt": "R",
                                "Dp": "-1.6",
                                "$": "180"
                            },
                            {
                                "D": "W",
                                "G": "15",
                                "H": "83.0",
                                "P": "1008",
                                "S": "9",
                                "T": "0.5",
                                "V": "35000",
                                "W": "0",
                                "Pt": "R",
                                "Dp": "-1.8",
                                "$": "240"
                            },
                            {
                                "D": "WSW",
                                "G": "11",
                                "H": "88.8",
                                "P": "1008",
                                "S": "5",
                                "T": "-1.1",
                                "V": "30000",
                                "W": "0",
                                "Pt": "R",
                                "Dp": "-2.4",
                                "$": "300"
                            },
                            {
                                "D": "W",
                                "G": "11",
                                "H": "88.7",
                                "P": "1008",
                                "S": "8",
                                "T": "-0.4",
                                "V": "45000",
                                "W": "0",
                                "Pt": "R",
                                "Dp": "-1.8",
                                "$": "360"
                            },
                            {
                                "D": "W",
                                "G": "11",
                                "H": "85.2",
                                "P": "1008",
                                "S": "8",
                                "T": "-0.1",
                                "V": "50000",
                                "W": "8",
                                "Pt": "R",
                                "Dp": "-2.0",
                                "$": "420"
                            },
                            {
                                "D": "NW",
                                "G": "9",
                                "H": "84.3",
                                "P": "1009",
                                "S": "2",
                                "T": "0.4",
                                "V": "40000",
                                "W": "8",
                                "Pt": "R",
                                "Dp": "-1.7",
                                "$": "480"
                            },
                            {
                                "D": "W",
                                "G": "14",
                                "H": "81.9",
                                "P": "1010",
                                "S": "3",
                                "T": "0.9",
                                "V": "55000",
                                "W": "3",
                                "Pt": "R",
                                "Dp": "-1.8",
                                "$": "540"
                            },
                            {
                                "D": "W",
                                "G": "13",
                                "H": "77.5",
                                "P": "1010",
                                "S": "8",
                                "T": "2.4",
                                "V": "55000",
                                "W": "7",
                                "Pt": "R",
                                "Dp": "-1.1",
                                "$": "600"
                            },
                            {
                                "D": "W",
                                "G": "15",
                                "H": "80.1",
                                "P": "1009",
                                "S": "10",
                                "T": "3.5",
                                "V": "45000",
                                "W": "3",
                                "Pt": "R",
                                "Dp": "0.4",
                                "$": "660"
                            },
                            {
                                "D": "W",
                                "G": "19",
                                "H": "73.0",
                                "P": "1009",
                                "S": "10",
                                "T": "4.7",
                                "V": "60000",
                                "W": "1",
                                "Pt": "S",
                                "Dp": "0.3",
                                "$": "720"
                            },
                            {
                                "D": "WNW",
                                "G": "18",
                                "H": "67.0",
                                "P": "1009",
                                "S": "11",
                                "T": "5.3",
                                "V": "55000",
                                "W": "7",
                                "Pt": "F",
                                "Dp": "-0.3",
                                "$": "780"
                            },
                            {
                                "D": "WNW",
                                "G": "24",
                                "H": "67.0",
                                "P": "1009",
                                "S": "14",
                                "T": "5.3",
                                "V": "50000",
                                "W": "3",
                                "Pt": "F",
                                "Dp": "-0.3",
                                "$": "840"
                            },
                            {
                                "D": "WNW",
                                "G": "25",
                                "H": "64.0",
                                "P": "1009",
                                "S": "14",
                                "T": "4.9",
                                "V": "50000",
                                "W": "1",
                                "Pt": "F",
                                "Dp": "-1.3",
                                "$": "900"
                            },
                            {
                                "D": "WNW",
                                "G": "24",
                                "H": "69.6",
                                "P": "1010",
                                "S": "11",
                                "T": "3.8",
                                "V": "40000",
                                "W": "1",
                                "Pt": "R",
                                "Dp": "-1.2",
                                "$": "960"
                            }
                        ]
                    }
                ]
            }
        }
    }
}