{
    "SiteRep": {
        "Wx": {
            "Param": [
                {
                    "name": "G",
                    "units": "mph",
                    "$": "Wind Gust"
                },
                {
                    "name": "T",
                    "units": "C",
                    "$": "Temperature"
                },
                {
                    "name": "V",
                    "units": "m",
                    "$": "Visibility"
                },
                {
                    "name": "D",
                    "units": "compass",
                    "$": "Wind Direction"
                },
                {
                    "name": "S",
                    "units": "mph",
                    "$": "Wind Speed"
                },
                {
                    "name": "W",
                    "units": "",
                    "$": "Weather Type"
                },
                {
                    "name": "P",
                    "units": "hpa",
                    "$": "Pressure"
                },
                {
                    "name": "Pt",
                    "units": "Pa/s",
                    "$": "Pressure Tendency"
                },
                {
                    "name": "Dp",
                    "units": "C",
                    "$": "Dew Point"
                },
                {
                    "name": "H",
                    "units": "%",
                    "$": "Screen Relative Humidity"
                }
            ]
        },
        "DV": {
            "dataDate": "2023-10-14T16:00:00Z",
            "type": "Obs",
            "Location": {
                "i": "3772",
                "lat": "51.479",
                "lon": "-0.449",
                "name": "HEATHROW",
                "country": "ENGLAND",
                "continent": "EUROPE",
                "elevation": "25.0",
                "Period": [
                    {
                        "type": "Day",
                        "value": "2023-10-13Z",
                        "Rep": [
                            {
                                "D": "SW",
                                "G": "34",
                                "H": "77.1",
                                "P": "998",
                                "S": "19",
                                "T": "18.8",
                                "V": "28000",
                                "W": "8",
                                "Pt": "F",
                                "Dp": "14.7",
                                "$": "960"
                            },
                            {
                                "D": "SW",
                                "G": "30",
                                "H": "77.1",
                                "P": "998",
                                "S": "16",
                                "T": "18.6",
                                "V": "30000",
                                "W": "8",
                                "Pt": "F",
                                "Dp": "14.5",
                                "$": "1020"
                            },
                            {
                                "D": "NNW",
                                "G": "30",
                                "H": "91.8",
                                "P": "1000",
                                "S": "10",
                                "T": "12.7",
                                "V": "6000",
                                "W": "15",
                                "Pt": "R",
                                "Dp": "11.4",
                                "$": "1080"
                            },
                            {
                                "D": "NW",
                                "G": "17",
                                "H": "93.6",
                                "P": "1002",
                                "S": "11",
                                "T": "11.6",
                                "V": "3100",
                                "W": "12",
                                "Pt": "R",
                                "Dp": "10.6",
                                "$": "1140"
                            },
                            {
                                "D": "WNW",
                                "G": "21",
                                "H": "89.2",
                                "P": "1003",
                                "S": "6",
                                "T": "11.1",
                                "V": "30000",
                                "W": "8",
                                "Pt": "R",
                                "Dp": "9.4",
                                "$": "1200"
                            },
                            {
                                "D": "WNW",
                                "G": "13",
                                "H": "88.0",
                                "P": "1005",
                                "S": "7",
                                "T": "10.4",
                                "V": "26000",
                                "W": "0",
                                "Pt": "R",
                                "Dp": "8.5",
                                "$": "1260"
                            },
                            {
                                "D": "W",
                                "G": "14",
                                "H": "86.2",
                                "P": "1006",
                                "S": "8",
                                "T": "10.0",
                                "V": "27000",
                                "W": "0",
                                "Pt": "R",
                                "Dp": "7.8",
                                "$": "1320"
                            },
                            {
                                "D": "W",
                                "G": "16",
                                "H": "84.3",
                                "P": "1007",
                                "S": "10",
                                "T": "9.7",
                                "V": "29000",
                                "W": "0",
                                "Pt": "R",
                                "Dp": "7.2",
                                "$": "1380"
                            }
                        ]
                    },
                    {
                        "type": "Day",
                        "value": "2023-10-14Z",
                        "Rep": [
                            {
                                "D": "W",
                                "G": "17",
                                "H": "80.9",
                                "P": "1009",
                                "S": "9",
                                "T": "9.6",
                                "V": "30000",
                                "W": "0",
                                "Pt": "R",
                                "Dp": "6.5",
                                "$": "0"
                            },
                            {
                                "D": "W",
                                "G": "19",
                                "H": "84.8",
                                "P": "1010",
                                "S": "10",
                                "T": "9.1",
                                "V": "30000",
                                "W": "0",
                                "Pt": "R",
                                "Dp": "6.7",
                                "$": "60"
                            },
                            {
                                "D": "W",
                                "G": "17",
                                "H": "89.0",
                                "P": "1011",
                                "S": "10",
                                "T": "8.2",
                                "V": "30000",
                                "W": "0",
                                "Pt": "R",
                                "Dp": "6.5",
                                "$": "120"
                            },
                            {
                                "D": "W",
                                "G": "15",
                                "H": "90.2",
                                "P": "1012",
                                "S": "9",
                                "T": "8.0",
                                "V": "30000",
                                "W": "0",
                                "Pt": "R",
                                "Dp": "6.5",
                                "$": "180"
                            },
                            {
                                "D": "W",
                                "G": "13",
                                "H": "92.1",
                                "P": "1013",
                                "S": "9",
                                "T": "7.5",
                                "V": "30000",
                                "W": "0",
                                "Pt": "R",
                                "Dp": "6.3",
                                "$": "240"
                            },
                            {
                                "D": "W",
                                "G": "15",
                                "H": "91.4",
                                "P": "1013",
                                "S": "10",
                                "T": "7.5",
                                "V": "30000",
                                "W": "0",
                                "Pt": "R",
                                "Dp": "6.2",
                                "$": "300"
                            },
                            {
                                "D": "W",
                                "G": "13",
                                "H": "91.4",
                                "P": "1014",
                                "S": "9",
                                "T": "7.6",
                                "V": "29000",
                                "W": "0",
                                "Pt": "R",
                                "Dp": "6.3",
                                "$": "360"
                            },
                            {
                                "D": "W",
                                "G": "14",
                                "H": "91.4",
                                "P": "1015",
                                "S": "9",
                                "T": "7.4",
                                "V": "30000",
                                "W": "1",
                                "Pt": "R",
                                "Dp": "6.1",
                                "$": "420"
                            },
                            {
                                "D": "W",
                                "G": "14",
                                "H": "89.0",
                                "P": "1016",
                                "S": "10",
                                "T": "8.7",
                                "V": "30000",
                                "W": "1",
                                "Pt": "R",
                                "Dp": "7.0",
                                "$": "480"
                            },
                            {
                                "D": "W",
                                "G": "16",
                                "H": "79.2",
                                "P": "1016",
                                "S": "10",
                                "T": "10.0",
                                "V": "35000",
                                "W": "1",
                                "Pt": "R",
                                "Dp": "6.6",
                                "$": "540"
                            },
                            {
                                "D": "W",
                                "G": "18",
                                "H": "72.6",
                                "P": "1017",
                                "S": "10",
                                "T": "11.4",
                                "V": "35000",
                                "W": "3",
                                "Pt": "R",
                                "Dp": "6.7",
                                "$": "600"
                            },
                            {
                                "D": "W",
                                "G": "18",
                                "H": "67.4",
                                "P": "1018",
                                "S": "9",
                                "T": "12.3",
                                "V": "40000",
                                "W": "3",
                                "Pt": "R",
                                "Dp": "6.5",
                                "$": "660"
                            },
                            {
                                "D": "WNW",
                                "G": "17",
                                "H": "61.2",
                                "P": "1018",
                                "S": "10",
                                "T": "12.4",
                                "V": "50000",
                                "W": "3",
                                "Pt": "R",
                                "Dp": "5.2",
                                "$": "720"
                            },
                            {
                                "D": "W",
                                "G": "17",
                                "H": "59.6",
                                "P": "1018",
                                "S": "10",
                                "T": "13.1",
                                "V": "50000",
                                "W": "1",
                                "Pt": "R",
                                "Dp": "5.5",
                                "$": "780"
                            },
                            {
                                "D": "WNW",
                                "G": "17",
                                "H": "62.7",
                                "P": "1019",
                                "S": "11",
                                "T": "12.0",
                                "V": "35000",
                                "W": "12",
                                "Pt": "R",
                                "Dp": "5.2",
                                "$": "840"
                            },
                            {
                                "D": "WNW",
                                "G": "13",
                                "H": "56.8",
                                "P": "1019",
                                "S": "9",
                                "T": "13.6",
                                "V": "55000",
                                "W": "1",
                                "Pt": "R",
                                "Dp": "5.3",
                                "$": "900"
                            },
                            {
                                "D": "NNW",
                                "G": "16",
                                "H": "61.3",
                                "P": "1019",
                                "S": "8",
                                "T": "11.6",
                                "V": "45000",
                                "W": "8",
                                "Pt": "R",
                                "Dp": "4.5",
                                "$": "960"
                            }
                        ]
                    }
                ]
            }
        }
    }
}