{
    "SiteRep": {
        "Wx": {
            "Param": [
                {
                    "name": "G",
                    "units": "mph",
                    "$": "Wind Gust"
                },
                {
                    "name": "T",
                    "units": "C",
                    "$": "Temperature"
                },
                {
                    "name": "V",
                    "units": "m",
                    "$": "Visibility"
                },
                {
                    "name": "D",
                    "units": "compass",
                    "$": "Wind Direction"
                },
                {
                    "name": "S",
                    "units": "mph",
                    "$": "Wind Speed"
                },
                {
                    "name": "W",
                    "units": "",
                    "$": "Weather Type"
                },
                {
                    "name": "P",
                    "units": "hpa",
                    "$": "Pressure"
                },
                {
                    "name": "Pt",
                    "units": "Pa/s",
                    "$": "Pressure Tendency"
                },
                {
                    "name": "Dp",
                    "units": "C",
                    "$": "Dew Point"
                },
                {
                    "name": "H",
                    "units": "%",
                    "$": "Screen Relative Humidity"
                }
            ]
        },
        "DV": {
            "dataDate": "2025-05-28T16:00:00Z",
            "type": "Obs",
            "Location": {
                "i": "3772",
                "lat": "51.479",
                "lon": "-0.449",
                "name": "HEATHROW",
                "country": "ENGLAND",
                "continent": "EUROPE",
                "elevation": "25.0",
                "Period": [
                    {
                        "type": "Day",
                        "value": "2025-05-27Z",
                        "Rep": [
                            {
                                "D": "SW",
                                "G": "33",
                                "H": "84.6",
                                "P": "1010",
                                "S": "22",
                                "T": "17.2",
                                "V": "50000",
                                "W": "8",
                                "Pt": "F",
                                "Dp": "14.6",
                                "$": "960"
                            },
                            {
                                "D": "SW",
                                "G": "32",
                                "H": "85.1",
                                "P": "1010",
                                "S": "22",
                                "T": "16.5",
                                "V": "50000",
                                "W": "8",
                                "Pt": "F",
                                "Dp": "14.0",
                                "$": "1020"
                            },
                            {
                                "D": "SW",
                                "G": "32",
                                "H": "82.9",
                                "P": "1010",
                                "S": "22",
                                "T": "16.4",
                                "V": "40000",
                                "W": "8",
                                "Pt": "F",
                                "Dp": "13.5",
                                "$": "1080"
                            },
                            {
                                "D": "SW",
                                "G": "31",
                                "H": "83.9",
                                "P": "1010",
                                "S": "19",
                                "T": "16.3",
                                "V": "40000",
                                "W": "8",
                                "Pt": "R",
                                "Dp": "13.6",
                                "$": "1140"
                            },
                            {
                                "D": "SW",
                                "G": "30",
                                "H": "85.6",
                                "P": "1010",
                                "S": "19",
                                "T": "15.9",
                                "V": "35000",
                                "W": "12",
                                "Pt": "R",
                                "Dp": "13.5",
                                "$": "1200"
                            },
                            {
                                "D": "SW",
                                "G": "28",
                                "H": "84.5",
                                "P": "1011",
                                "S": "18",
                                "T": "16.1",
                                "V": "45000",
                                "W": "8",
                                "Pt": "R",
                                "Dp": "13.5",
                                "$": "1260"
                            },
                            {
                                "D": "SW",
                                "G": "28",
                                "H": "88.5",
                                "P": "1011",
                                "S": "16",
                                "T": "15.7",
                                "V": "12000",
                                "W": "12",
                                "Pt": "R",
                                "Dp": "13.8",
                                "$": "1320"
                            },
                            {
                                "D": "SW",
                                "G": "24",
                                "H": "83.9",
                                "P": "1011",
                                "S": "15",
                                "T": "16.0",
                                "V": "55000",
                                "W": "8",
                                "Pt": "R",
                                "Dp": "13.3",
                                "$": "1380"
                            }
                        ]
                    },
                    {
                        "type": "Day",
                        "value": "2025-05-28Z",
                        "Rep": [
                            {
                                "D": "WSW",
                                "G": "23",
                                "H": "90.7",
                                "P": "1011",
                                "S": "13",
                                "T": "15.3",
                                "V": "45000",
                                "W": "11",
                                "Pt": "R",
                                "Dp": "13.8",
                                "$": "0"
                            },
                            {
                                "D": "SW",
                                "G": "21",
                                "H": "92.5",
                                "P": "1011",
                                "S": "13",
                                "T": "15.0",
                                "V": "20000",
                                "W": "12",
                                "Pt": "R",
                                "Dp": "13.8",
                                "$": "60"
                            },
                            {
                                "D": "SW",
                                "G": "18",
                                "H": "91.3",
                                "P": "1011",
                                "S": "11",
                                "T": "14.7",
                                "V": "45000",
                                "W": "8",
                                "Pt": "R",
                                "Dp": "13.3",
                                "$": "120"
                            },
                            {
                                "D": "WSW",
                                "G": "17",
                                "H": "88.3",
                                "P": "1011",
                                "S": "11",
                                "T": "14.9",
                                "V": "55000",
                                "W": "8",
                                "Pt": "F",
                                "Dp": "13.0",
                                "$": "180"
                            },
                            {
                                "D": "WSW",
                                "G": "21",
                                "H": "87.1",
                                "P": "1011",
                                "S": "11",
                                "T": "14.3",
                                "V": "55000",
                                "W": "8",
                                "Pt": "F",
                                "Dp": "12.2",
                                "$": "240"
                            },
                            {
                                "D": "WSW",
                                "G": "28",
                                "H": "78.9",
                                "P": "1012",
                                "S": "17",
                                "T": "14.3",
                                "V": "35000",
                                "W": "3",
                                "Pt": "R",
                                "Dp": "10.7",
                                "$": "300"
                            },
                            {
                                "D": "WSW",
                                "G": "23",
                                "H": "74.3",
                                "P": "1012",
                                "S": "16",
                                "T": "15.0",
                                "V": "35000",
                                "W": "1",
                                "Pt": "R",
                                "Dp": "10.5",
                                "$": "360"
                            },
                            {
                                "D": "WSW",
                                "G": "29",
                                "H": "70.6",
                                "P": "1013",
                                "S": "18",
                                "T": "15.7",
                                "V": "35000",
                                "W": "1",
                                "Pt": "R",
                                "Dp": "10.4",
                                "$": "420"
                            },
                            {
                                "D": "W",
                                "G": "26",
                                "H": "66.7",
                                "P": "1014",
                                "S": "17",
                                "T": "17.2",
                                "V": "35000",
                                "W": "8",
                                "Pt": "R",
                                "Dp": "11.0",
                                "$": "480"
                            },
                            {
                                "D": "W",
                                "G": "26",
                                "H": "56.6",
                                "P": "1014",
                                "S": "17",
                                "T": "18.2",
                                "V": "35000",
                                "W": "7",
                                "Pt": "R",
                                "Dp": "9.5",
                                "$": "540"
                            },
                            {
                                "D": "W",
                                "G": "26",
                                "H": "55.3",
                                "P": "1015",
                                "S": "14",
                                "T": "17.9",
                                "V": "35000",
                                "W": "8",
                                "Pt": "R",
                                "Dp": "8.9",
                                "$": "600"
                            },
                            {
                                "D": "W",
                                "G": "28",
                                "H": "55.1",
                                "P": "1016",
                                "S": "17",
                                "T": "18.6",
                                "V": "40000",
                                "W": "8",
                                "Pt": "R",
                                "Dp": "9.5",
                                "$": "660"
                            },
                            {
                                "D": "W",
                                "G": "23",
                                "H": "50.6",
                                "P": "1016",
                                "S": "14",
                                "T": "19.1",
                                "V": "50000",
                                "W": "8",
                                "Pt": "R",
                                "Dp": "8.7",
                                "$": "720"
                            },
                            {
                                "D": "W",
                                "G": "25",
                                "H": "51.1",
                                "P": "1017",
                                "S": "17",
                                "T": "19.7",
                                "V": "55000",
                                "W": "8",
                                "Pt": "R",
                                "Dp": "9.4",
                                "$": "780"
                            },
                            {
                                "D": "WSW",
                                "G": "24",
                                "H": "52.1",
                                "P": "1017",
                                "S": "11",
                                "T": "21.1",
                                "V": "40000",
                                "W": "12",
                                "Pt": "R",
                                "Dp": "11.0",
                                "$": "840"
                            },
                            {
                                "D": "W",
                                "G": "22",
                                "H": "47.3",
                                "P": "1018",
                                "S": "14",
                                "T": "20.7",
                                "V": "60000",
                                "W": "8",
                                "Pt": "R",
                                "Dp": "9.2",
                                "$": "900"
                            },
                            {
                                "D": "WNW",
                                "G": "22",
                                "H": "50.0",
                                "P": "1018",
                                "S": "8",
                                "T": "21.0",
                                "V": "65000",
                                "W": "8",
                                "Pt": "R",
                                "Dp": "10.3",
                                "$": "960"
                            }
                        ]
                    }
                ]
            }
        }
    }
}