{
    "SiteRep": {
        "Wx": {
            "Param": [
                {
                    "name": "G",
                    "units": "mph",
                    "$": "Wind Gust"
                },
                {
                    "name": "T",
                    "units": "C",
                    "$": "Temperature"
                },
                {
                    "name": "V",
                    "units": "m",
                    "$": "Visibility"
                },
                {
                    "name": "D",
                    "units": "compass",
                    "$": "Wind Direction"
                },
                {
                    "name": "S",
                    "units": "mph",
                    "$": "Wind Speed"
                },
                {
                    "name": "W",
                    "units": "",
                    "$": "Weather Type"
                },
                {
                    "name": "P",
                    "units": "hpa",
                    "$": "Pressure"
                },
                {
                    "name": "Pt",
                    "units": "Pa/s",
                    "$": "Pressure Tendency"
                },
                {
                    "name": "Dp",
                    "units": "C",
                    "$": "Dew Point"
                },
                {
                    "name": "H",
                    "units": "%",
                    "$": "Screen Relative Humidity"
                }
            ]
        },
        "DV": {
            "dataDate": "2023-12-03T16:00:00Z",
            "type": "Obs",
            "Location": {
                "i": "3772",
                "lat": "51.479",
                "lon": "-0.449",
                "name": "HEATHROW",
                "country": "ENGLAND",
                "continent": "EUROPE",
                "elevation": "25.0",
                "Period": [
                    {
                        "type": "Day",
                        "value": "2023-12-02Z",
                        "Rep": [
                            {
                                "D": "SSW",
                                "G": "9",
                                "H": "92.4",
                                "P": "1017",
                                "S": "3",
                                "T": "-0.4",
                                "V": "7000",
                                "W": "5",
                                "Pt": "R",
                                "Dp": "-1.3",
                                "$": "960"
                            },
                            {
                                "D": "S",
                                "G": "8",
                                "H": "94.9",
                                "P": "1017",
                                "S": "3",
                                "T": "-1.0",
                                "V": "3400",
                                "W": "5",
                                "Pt": "R",
                                "Dp": "-1.5",
                                "$": "1020"
                            },
                            {
                                "D": "SSE",
                                "G": "8",
                                "H": "94.7",
                                "P": "1017",
                                "S": "5",
                                "T": "-1.4",
                                "V": "400",
                                "W": "6",
                                "Pt": "R",
                                "Dp": "-1.9",
                                "$": "1080"
                            },
                            {
                                "D": "SSE",
                                "G": "8",
                                "H": "96.1",
                                "P": "1017",
                                "S": "3",
                                "T": "-1.6",
                                "V": "2200",
                                "W": "8",
                                "Pt": "R",
                                "Dp": "-1.9",
                                "$": "1140"
                            },
                            {
                                "D": "SE",
                                "G": "9",
                                "H": "96.8",
                                "P": "1017",
                                "S": "3",
                                "T": "-1.9",
                                "V": "1400",
                                "W": "6",
                                "Pt": "S",
                                "Dp": "-2.1",
                                "$": "1200"
                            },
                            {
                                "D": "E",
                                "G": "6",
                                "H": "95.3",
                                "P": "1017",
                                "S": "2",
                                "T": "-2.5",
                                "V": "2400",
                                "W": "6",
                                "Pt": "F",
                                "Dp": "-2.8",
                                "$": "1260"
                            },
                            {
                                "D": "NE",
                                "G": "7",
                                "H": "96.1",
                                "P": "1017",
                                "S": "5",
                                "T": "-2.4",
                                "V": "2100",
                                "W": "7",
                                "Pt": "F",
                                "Dp": "-2.6",
                                "$": "1320"
                            },
                            {
                                "D": "E",
                                "G": "7",
                                "H": "95.8",
                                "P": "1016",
                                "S": "5",
                                "T": "-2.8",
                                "V": "4500",
                                "W": "5",
                                "Pt": "F",
                                "Dp": "-3.0",
                                "$": "1380"
                            }
                        ]
                    },
                    {
                        "type": "Day",
                        "value": "2023-12-03Z",
                        "Rep": [
                            {
                                "D": "E",
                                "G": "8",
                                "H": "97.2",
                                "P": "1015",
                                "S": "6",
                                "T": "-1.1",
                                "V": "7000",
                                "W": "5",
                                "Pt": "F",
                                "Dp": "-1.3",
                                "$": "0"
                            },
                            {
                                "D": "SE",
                                "G": "9",
                                "H": "97.2",
                                "P": "1015",
                                "S": "7",
                                "T": "-0.3",
                                "V": "9000",
                                "W": "8",
                                "Pt": "F",
                                "Dp": "-0.6",
                                "$": "60"
                            },
                            {
                                "D": "ESE",
                                "G": "8",
                                "H": "95.8",
                                "P": "1014",
                                "S": "6",
                                "T": "0.3",
                                "V": "11000",
                                "W": "7",
                                "Pt": "F",
                                "Dp": "-0.3",
                                "$": "120"
                            },
                            {
                                "D": "ESE",
                                "G": "7",
                                "H": "92.3",
                                "P": "1014",
                                "S": "5",
                                "T": "0.9",
                                "V": "15000",
                                "W": "8",
                                "Pt": "F",
                                "Dp": "-0.2",
                                "$": "180"
                            },
                            {
                                "D": "ESE",
                                "G": "9",
                                "H": "87.7",
                                "P": "1013",
                                "S": "8",
                                "T": "2.0",
                                "V": "21000",
                                "W": "8",
                                "Pt": "F",
                                "Dp": "0.2",
                                "$": "240"
                            },
                            {
                                "D": "SE",
                                "G": "13",
                                "H": "87.3",
                                "P": "1013",
                                "S": "9",
                                "T": "3.2",
                                "V": "25000",
                                "W": "8",
                                "Pt": "F",
                                "Dp": "1.3",
                                "$": "300"
                            },
                            {
                                "D": "SE",
                                "G": "16",
                                "H": "95.9",
                                "P": "1012",
                                "S": "10",
                                "T": "3.4",
                                "V": "20000",
                                "W": "11",
                                "Pt": "F",
                                "Dp": "2.8",
                                "$": "360"
                            },
                            {
                                "D": "SE",
                                "G": "14",
                                "H": "95.8",
                                "P": "1011",
                                "S": "9",
                                "T": "4.0",
                                "V": "17000",
                                "W": "8",
                                "Pt": "F",
                                "Dp": "3.4",
                                "$": "420"
                            },
                            {
                                "D": "SSE",
                                "G": "16",
                                "H": "95.3",
                                "P": "1011",
                                "S": "9",
                                "T": "4.9",
                                "V": "14000",
                                "W": "8",
                                "Pt": "F",
                                "Dp": "4.2",
                                "$": "480"
                            },
                            {
                                "D": "SSE",
                                "G": "14",
                                "H": "95.3",
                                "P": "1011",
                                "S": "8",
                                "T": "5.5",
                                "V": "8000",
                                "W": "8",
                                "Pt": "F",
                                "Dp": "4.8",
                                "$": "540"
                            },
                            {
                                "D": "SSE",
                                "G": "11",
                                "H": "93.9",
                                "P": "1011",
                                "S": "3",
                                "T": "6.3",
                                "V": "10000",
                                "W": "8",
                                "Pt": "F",
                                "Dp": "5.4",
                                "$": "600"
                            },
                            {
                                "D": "SE",
                                "G": "10",
                                "H": "94.7",
                                "P": "1011",
                                "S": "7",
                                "T": "7.2",
                                "V": "6000",
                                "W": "12",
                                "Pt": "F",
                                "Dp": "6.4",
                                "$": "660"
                            },
                            {
                                "D": "S",
                                "G": "13",
                                "H": "94.0",
                                "P": "1010",
                                "S": "7",
                                "T": "7.8",
                                "V": "12000",
                                "W": "8",
                                "Pt": "F",
                                "Dp": "6.9",
                                "$": "720"
                            },
                            {
                                "D": "SSW",
                                "G": "15",
                                "H": "92.1",
                                "P": "1010",
                                "S": "10",
                                "T": "8.1",
                                "V": "7000",
                                "W": "12",
                                "Pt": "F",
                                "Dp": "6.9",
                                "$": "780"
                            },
                            {
                                "D": "S",
                                "G": "17",
                                "H": "94.1",
                                "P": "1009",
                                "S": "8",
                                "T": "8.3",
                                "V": "30000",
                                "W": "8",
                                "Pt": "F",
                                "Dp": "7.4",
                                "$": "840"
                            },
                            {
                                "D": "S",
                                "G": "17",
                                "H": "90.9",
                                "P": "1008",
                                "S": "10",
                                "T": "8.2",
                                "V": "35000",
                                "W": "7",
                                "Pt": "F",
                                "Dp": "6.8",
                                "$": "900"
                            },
                            {
                                "D": "S",
                                "G": "17",
                                "H": "91.4",
                                "P": "1008",
                                "S": "13",
                                "T": "8.0",
                                "V": "11000",
                                "W": "12",
                                "Pt": "F",
                                "Dp": "6.7",
                                "$": "960"
                            }
                        ]
                    }
                ]
            }
        }
    }
}