{
    "SiteRep": {
        "Wx": {
            "Param": [
                {
                    "name": "G",
                    "units": "mph",
                    "$": "Wind Gust"
                },
                {
                    "name": "T",
                    "units": "C",
                    "$": "Temperature"
                },
                {
                    "name": "V",
                    "units": "m",
                    "$": "Visibility"
                },
                {
                    "name": "D",
                    "units": "compass",
                    "$": "Wind Direction"
                },
                {
                    "name": "S",
                    "units": "mph",
                    "$": "Wind Speed"
                },
                {
                    "name": "W",
                    "units": "",
                    "$": "Weather Type"
                },
                {
                    "name": "P",
                    "units": "hpa",
                    "$": "Pressure"
                },
                {
                    "name": "Pt",
                    "units": "Pa/s",
                    "$": "Pressure Tendency"
                },
                {
                    "name": "Dp",
                    "units": "C",
                    "$": "Dew Point"
                },
                {
                    "name": "H",
                    "units": "%",
                    "$": "Screen Relative Humidity"
                }
            ]
        },
        "DV": {
            "dataDate": "2023-10-31T16:00:00Z",
            "type": "Obs",
            "Location": {
                "i": "3772",
                "lat": "51.479",
                "lon": "-0.449",
                "name": "HEATHROW",
                "country": "ENGLAND",
                "continent": "EUROPE",
                "elevation": "25.0",
                "Period": [
                    {
                        "type": "Day",
                        "value": "2023-10-30Z",
                        "Rep": [
                            {
                                "D": "SSW",
                                "G": "11",
                                "H": "80.4",
                                "P": "995",
                                "S": "7",
                                "T": "13.4",
                                "V": "29000",
                                "W": "8",
                                "Pt": "F",
                                "Dp": "10.1",
                                "$": "960"
                            },
                            {
                                "D": "SW",
                                "G": "13",
                                "H": "74.1",
                                "P": "995",
                                "S": "8",
                                "T": "12.5",
                                "V": "35000",
                                "W": "8",
                                "Pt": "R",
                                "Dp": "8.0",
                                "$": "1020"
                            },
                            {
                                "D": "SW",
                                "G": "14",
                                "H": "79.7",
                                "P": "996",
                                "S": "8",
                                "T": "11.5",
                                "V": "35000",
                                "W": "8",
                                "Pt": "R",
                                "Dp": "8.1",
                                "$": "1080"
                            },
                            {
                                "D": "S",
                                "G": "8",
                                "H": "82.9",
                                "P": "996",
                                "S": "3",
                                "T": "11.3",
                                "V": "30000",
                                "W": "8",
                                "Pt": "R",
                                "Dp": "8.5",
                                "$": "1140"
                            },
                            {
                                "D": "WSW",
                                "G": "8",
                                "H": "86.8",
                                "P": "996",
                                "S": "2",
                                "T": "9.8",
                                "V": "30000",
                                "W": "0",
                                "Pt": "R",
                                "Dp": "7.7",
                                "$": "1200"
                            },
                            {
                                "D": "S",
                                "G": "9",
                                "H": "89.7",
                                "P": "997",
                                "S": "5",
                                "T": "9.4",
                                "V": "25000",
                                "W": "0",
                                "Pt": "R",
                                "Dp": "7.8",
                                "$": "1260"
                            },
                            {
                                "D": "SSW",
                                "G": "9",
                                "H": "87.9",
                                "P": "997",
                                "S": "6",
                                "T": "9.2",
                                "V": "35000",
                                "W": "0",
                                "Pt": "R",
                                "Dp": "7.3",
                                "$": "1320"
                            },
                            {
                                "D": "SSW",
                                "G": "11",
                                "H": "90.9",
                                "P": "997",
                                "S": "5",
                                "T": "8.2",
                                "V": "35000",
                                "W": "0",
                                "Pt": "R",
                                "Dp": "6.8",
                                "$": "1380"
                            }
                        ]
                    },
                    {
                        "type": "Day",
                        "value": "2023-10-31Z",
                        "Rep": [
                            {
                                "D": "SW",
                                "G": "10",
                                "H": "93.4",
                                "P": "998",
                                "S": "2",
                                "T": "7.2",
                                "V": "25000",
                                "W": "0",
                                "Pt": "R",
                                "Dp": "6.2",
                                "$": "0"
                            },
                            {
                                "D": "N",
                                "G": "5",
                                "H": "94.6",
                                "P": "998",
                                "S": "0",
                                "T": "6.4",
                                "V": "16000",
                                "W": "2",
                                "Pt": "R",
                                "Dp": "5.6",
                                "$": "60"
                            },
                            {
                                "D": "ENE",
                                "G": "3",
                                "H": "95.9",
                                "P": "998",
                                "S": "2",
                                "T": "6.0",
                                "V": "13000",
                                "W": "0",
                                "Pt": "R",
                                "Dp": "5.4",
                                "$": "120"
                            },
                            {
                                "D": "N",
                                "G": "3",
                                "H": "97.9",
                                "P": "998",
                                "S": "0",
                                "T": "5.8",
                                "V": "15000",
                                "W": "2",
                                "Pt": "R",
                                "Dp": "5.5",
                                "$": "180"
                            },
                            {
                                "D": "N",
                                "G": "3",
                                "H": "98.7",
                                "P": "998",
                                "S": "2",
                                "T": "6.5",
                                "V": "14000",
                                "W": "7",
                                "Pt": "R",
                                "Dp": "6.3",
                                "$": "240"
                            },
                            {
                                "D": "ENE",
                                "G": "3",
                                "H": "99.3",
                                "P": "999",
                                "S": "2",
                                "T": "7.6",
                                "V": "13000",
                                "W": "12",
                                "Pt": "R",
                                "Dp": "7.5",
                                "$": "300"
                            },
                            {
                                "D": "ESE",
                                "G": "7",
                                "H": "98.6",
                                "P": "999",
                                "S": "3",
                                "T": "7.2",
                                "V": "9000",
                                "W": "8",
                                "Pt": "R",
                                "Dp": "7.0",
                                "$": "360"
                            },
                            {
                                "D": "ESE",
                                "G": "8",
                                "H": "99.4",
                                "P": "999",
                                "S": "5",
                                "T": "8.1",
                                "V": "30000",
                                "W": "8",
                                "Pt": "R",
                                "Dp": "8.0",
                                "$": "420"
                            },
                            {
                                "D": "S",
                                "G": "8",
                                "H": "96.1",
                                "P": "1000",
                                "S": "3",
                                "T": "9.0",
                                "V": "29000",
                                "W": "8",
                                "Pt": "R",
                                "Dp": "8.4",
                                "$": "480"
                            },
                            {
                                "D": "SW",
                                "G": "9",
                                "H": "97.4",
                                "P": "1000",
                                "S": "6",
                                "T": "10.0",
                                "V": "18000",
                                "W": "8",
                                "Pt": "R",
                                "Dp": "9.6",
                                "$": "540"
                            },
                            {
                                "D": "S",
                                "G": "10",
                                "H": "93.6",
                                "P": "1000",
                                "S": "5",
                                "T": "10.9",
                                "V": "25000",
                                "W": "8",
                                "Pt": "R",
                                "Dp": "9.9",
                                "$": "600"
                            },
                            {
                                "D": "SW",
                                "G": "11",
                                "H": "84.4",
                                "P": "1000",
                                "S": "6",
                                "T": "14.3",
                                "V": "35000",
                                "W": "7",
                                "Pt": "R",
                                "Dp": "11.7",
                                "$": "660"
                            },
                            {
                                "D": "SW",
                                "G": "16",
                                "H": "82.1",
                                "P": "1000",
                                "S": "9",
                                "T": "14.0",
                                "V": "40000",
                                "W": "8",
                                "Pt": "R",
                                "Dp": "11.0",
                                "$": "720"
                            },
                            {
                                "D": "WSW",
                                "G": "18",
                                "S": "14",
                                "$": "780"
                            },
                            {
                                "D": "SSW",
                                "G": "17",
                                "H": "68.9",
                                "P": "1001",
                                "S": "10",
                                "T": "16.1",
                                "V": "50000",
                                "W": "8",
                                "Pt": "R",
                                "Dp": "10.4",
                                "$": "840"
                            },
                            {
                                "D": "WSW",
                                "G": "19",
                                "H": "72.3",
                                "P": "1001",
                                "S": "14",
                                "T": "14.4",
                                "V": "50000",
                                "W": "8",
                                "Pt": "R",
                                "Dp": "9.5",
                                "$": "900"
                            },
                            {
                                "D": "SW",
                                "G": "21",
                                "H": "87.0",
                                "P": "1001",
                                "S": "8",
                                "T": "12.8",
                                "V": "35000",
                                "W": "12",
                                "Pt": "R",
                                "Dp": "10.7",
                                "$": "960"
                            }
                        ]
                    }
                ]
            }
        }
    }
}