{
    "SiteRep": {
        "Wx": {
            "Param": [
                {
                    "name": "G",
                    "units": "mph",
                    "$": "Wind Gust"
                },
                {
                    "name": "T",
                    "units": "C",
                    "$": "Temperature"
                },
                {
                    "name": "V",
                    "units": "m",
                    "$": "Visibility"
                },
                {
                    "name": "D",
                    "units": "compass",
                    "$": "Wind Direction"
                },
                {
                    "name": "S",
                    "units": "mph",
                    "$": "Wind Speed"
                },
                {
                    "name": "W",
                    "units": "",
                    "$": "Weather Type"
                },
                {
                    "name": "P",
                    "units": "hpa",
                    "$": "Pressure"
                },
                {
                    "name": "Pt",
                    "units": "Pa/s",
                    "$": "Pressure Tendency"
                },
                {
                    "name": "Dp",
                    "units": "C",
                    "$": "Dew Point"
                },
                {
                    "name": "H",
                    "units": "%",
                    "$": "Screen Relative Humidity"
                }
            ]
        },
        "DV": {
            "dataDate": "2025-01-05T16:00:00Z",
            "type": "Obs",
            "Location": {
                "i": "3772",
                "lat": "51.479",
                "lon": "-0.449",
                "name": "HEATHROW",
                "country": "ENGLAND",
                "continent": "EUROPE",
                "elevation": "25.0",
                "Period": [
                    {
                        "type": "Day",
                        "value": "2025-01-04Z",
                        "Rep": [
                            {
                                "D": "ESE",
                                "G": "14",
                                "H": "81.0",
                                "P": "1011",
                                "S": "9",
                                "T": "3.4",
                                "V": "50000",
                                "W": "8",
                                "Pt": "F",
                                "Dp": "0.5",
                                "$": "960"
                            },
                            {
                                "D": "E",
                                "G": "15",
                                "H": "83.5",
                                "P": "1010",
                                "S": "8",
                                "T": "3.0",
                                "V": "45000",
                                "W": "8",
                                "Pt": "F",
                                "Dp": "0.5",
                                "$": "1020"
                            },
                            {
                                "D": "E",
                                "G": "14",
                                "H": "81.7",
                                "P": "1009",
                                "S": "9",
                                "T": "3.1",
                                "V": "45000",
                                "W": "8",
                                "Pt": "F",
                                "Dp": "0.3",
                                "$": "1080"
                            },
                            {
                                "D": "ESE",
                                "G": "17",
                                "H": "80.5",
                                "P": "1008",
                                "S": "10",
                                "T": "3.2",
                                "V": "30000",
                                "W": "12",
                                "Pt": "F",
                                "Dp": "0.2",
                                "$": "1140"
                            },
                            {
                                "D": "ESE",
                                "G": "22",
                                "H": "89.7",
                                "P": "1007",
                                "S": "14",
                                "T": "2.5",
                                "V": "5000",
                                "W": "12",
                                "Pt": "F",
                                "Dp": "1.0",
                                "$": "1200"
                            },
                            {
                                "D": "E",
                                "G": "22",
                                "H": "94.4",
                                "P": "1005",
                                "S": "14",
                                "T": "1.5",
                                "V": "4900",
                                "W": "12",
                                "Pt": "F",
                                "Dp": "0.7",
                                "$": "1260"
                            },
                            {
                                "D": "E",
                                "G": "17",
                                "H": "97.1",
                                "P": "1004",
                                "S": "10",
                                "T": "1.0",
                                "V": "5000",
                                "W": "12",
                                "Pt": "F",
                                "Dp": "0.6",
                                "$": "1320"
                            },
                            {
                                "D": "E",
                                "G": "16",
                                "H": "97.8",
                                "P": "1003",
                                "S": "8",
                                "T": "0.4",
                                "V": "1500",
                                "W": "18",
                                "Pt": "F",
                                "Dp": "0.1",
                                "$": "1380"
                            }
                        ]
                    },
                    {
                        "type": "Day",
                        "value": "2025-01-05Z",
                        "Rep": [
                            {
                                "D": "E",
                                "G": "16",
                                "H": "97.9",
                                "P": "1001",
                                "S": "9",
                                "T": "0.3",
                                "V": "1900",
                                "W": "18",
                                "Pt": "F",
                                "Dp": "0.0",
                                "$": "0"
                            },
                            {
                                "D": "E",
                                "G": "16",
                                "H": "98.4",
                                "P": "998",
                                "S": "10",
                                "T": "0.5",
                                "V": "4400",
                                "W": "18",
                                "Pt": "F",
                                "Dp": "0.3",
                                "$": "60"
                            },
                            {
                                "D": "E",
                                "G": "15",
                                "H": "97.9",
                                "P": "997",
                                "S": "9",
                                "T": "1.0",
                                "V": "7000",
                                "W": "12",
                                "Pt": "F",
                                "Dp": "0.7",
                                "$": "120"
                            },
                            {
                                "D": "E",
                                "G": "17",
                                "H": "97.9",
                                "P": "995",
                                "S": "13",
                                "T": "1.0",
                                "V": "6000",
                                "W": "18",
                                "Pt": "F",
                                "Dp": "0.7",
                                "$": "180"
                            },
                            {
                                "D": "ENE",
                                "G": "15",
                                "H": "98.7",
                                "P": "993",
                                "S": "7",
                                "T": "1.3",
                                "V": "4600",
                                "W": "12",
                                "Pt": "F",
                                "Dp": "1.1",
                                "$": "240"
                            },
                            {
                                "D": "ENE",
                                "G": "14",
                                "H": "99.3",
                                "P": "992",
                                "S": "8",
                                "T": "1.8",
                                "V": "2300",
                                "W": "15",
                                "Pt": "F",
                                "Dp": "1.7",
                                "$": "300"
                            },
                            {
                                "D": "ENE",
                                "G": "13",
                                "H": "98.6",
                                "P": "990",
                                "S": "6",
                                "T": "2.3",
                                "V": "2600",
                                "W": "11",
                                "Pt": "F",
                                "Dp": "2.1",
                                "$": "360"
                            },
                            {
                                "D": "E",
                                "G": "10",
                                "H": "98.5",
                                "P": "989",
                                "S": "6",
                                "T": "2.9",
                                "V": "2100",
                                "W": "15",
                                "Pt": "F",
                                "Dp": "2.7",
                                "$": "420"
                            },
                            {
                                "D": "E",
                                "G": "7",
                                "H": "99.4",
                                "P": "988",
                                "S": "3",
                                "T": "3.5",
                                "V": "5000",
                                "W": "11",
                                "Pt": "F",
                                "Dp": "3.4",
                                "$": "480"
                            },
                            {
                                "D": "SSE",
                                "G": "8",
                                "H": "100.0",
                                "P": "988",
                                "S": "5",
                                "T": "6.7",
                                "V": "4900",
                                "W": "12",
                                "Pt": "F",
                                "Dp": "6.7",
                                "$": "540"
                            },
                            {
                                "D": "SSW",
                                "G": "21",
                                "H": "100.0",
                                "P": "987",
                                "S": "14",
                                "T": "11.7",
                                "V": "4600",
                                "W": "12",
                                "Pt": "F",
                                "Dp": "11.7",
                                "$": "600"
                            },
                            {
                                "D": "SSW",
                                "G": "24",
                                "H": "95.5",
                                "P": "987",
                                "S": "16",
                                "T": "12.5",
                                "V": "9000",
                                "W": "12",
                                "Pt": "F",
                                "Dp": "11.8",
                                "$": "660"
                            },
                            {
                                "D": "SSW",
                                "G": "25",
                                "H": "94.8",
                                "P": "986",
                                "S": "16",
                                "T": "12.2",
                                "V": "13000",
                                "W": "11",
                                "Pt": "F",
                                "Dp": "11.4",
                                "$": "720"
                            },
                            {
                                "D": "SSW",
                                "G": "25",
                                "H": "93.7",
                                "P": "986",
                                "S": "17",
                                "T": "12.7",
                                "V": "65000",
                                "W": "11",
                                "Pt": "F",
                                "Dp": "11.7",
                                "$": "780"
                            },
                            {
                                "D": "SSW",
                                "G": "25",
                                "H": "96.2",
                                "P": "985",
                                "S": "16",
                                "T": "12.6",
                                "V": "13000",
                                "W": "15",
                                "Pt": "F",
                                "Dp": "12.0",
                                "$": "840"
                            },
                            {
                                "D": "SSW",
                                "G": "25",
                                "H": "95.0",
                                "P": "985",
                                "S": "16",
                                "T": "12.9",
                                "V": "3600",
                                "W": "12",
                                "Pt": "F",
                                "Dp": "12.1",
                                "$": "900"
                            },
                            {
                                "D": "SSW",
                                "G": "26",
                                "H": "91.3",
                                "P": "984",
                                "S": "17",
                                "T": "13.2",
                                "V": "19000",
                                "W": "8",
                                "Pt": "F",
                                "Dp": "11.8",
                                "$": "960"
                            }
                        ]
                    }
                ]
            }
        }
    }
}