{
    "SiteRep": {
        "Wx": {
            "Param": [
                {
                    "name": "G",
                    "units": "mph",
                    "$": "Wind Gust"
                },
                {
                    "name": "T",
                    "units": "C",
                    "$": "Temperature"
                },
                {
                    "name": "V",
                    "units": "m",
                    "$": "Visibility"
                },
                {
                    "name": "D",
                    "units": "compass",
                    "$": "Wind Direction"
                },
                {
                    "name": "S",
                    "units": "mph",
                    "$": "Wind Speed"
                },
                {
                    "name": "W",
                    "units": "",
                    "$": "Weather Type"
                },
                {
                    "name": "P",
                    "units": "hpa",
                    "$": "Pressure"
                },
                {
                    "name": "Pt",
                    "units": "Pa/s",
                    "$": "Pressure Tendency"
                },
                {
                    "name": "Dp",
                    "units": "C",
                    "$": "Dew Point"
                },
                {
                    "name": "H",
                    "units": "%",
                    "$": "Screen Relative Humidity"
                }
            ]
        },
        "DV": {
            "dataDate": "2023-12-29T16:00:00Z",
            "type": "Obs",
            "Location": {
                "i": "3772",
                "lat": "51.479",
                "lon": "-0.449",
                "name": "HEATHROW",
                "country": "ENGLAND",
                "continent": "EUROPE",
                "elevation": "25.0",
                "Period": [
                    {
                        "type": "Day",
                        "value": "2023-12-28Z",
                        "Rep": [
                            {
                                "D": "SSW",
                                "G": "36",
                                "H": "83.4",
                                "P": "1004",
                                "S": "22",
                                "T": "11.1",
                                "V": "19000",
                                "W": "12",
                                "Pt": "F",
                                "Dp": "8.4",
                                "$": "960"
                            },
                            {
                                "D": "SW",
                                "G": "31",
                                "H": "90.4",
                                "P": "1004",
                                "S": "17",
                                "T": "10.6",
                                "V": "3700",
                                "W": "12",
                                "Pt": "F",
                                "Dp": "9.1",
                                "$": "1020"
                            },
                            {
                                "D": "SW",
                                "G": "29",
                                "H": "85.1",
                                "P": "1004",
                                "S": "19",
                                "T": "11.1",
                                "V": "23000",
                                "W": "8",
                                "Pt": "F",
                                "Dp": "8.7",
                                "$": "1080"
                            },
                            {
                                "D": "SW",
                                "G": "32",
                                "H": "78.9",
                                "P": "1004",
                                "S": "19",
                                "T": "10.7",
                                "V": "40000",
                                "W": "7",
                                "Pt": "R",
                                "Dp": "7.2",
                                "$": "1140"
                            },
                            {
                                "D": "SW",
                                "G": "29",
                                "H": "83.8",
                                "P": "1005",
                                "S": "14",
                                "T": "10.0",
                                "V": "30000",
                                "W": "7",
                                "Pt": "R",
                                "Dp": "7.4",
                                "$": "1200"
                            },
                            {
                                "D": "SW",
                                "G": "28",
                                "H": "81.6",
                                "P": "1005",
                                "S": "18",
                                "T": "11.0",
                                "V": "17000",
                                "W": "8",
                                "Pt": "R",
                                "Dp": "8.0",
                                "$": "1260"
                            },
                            {
                                "D": "WSW",
                                "G": "37",
                                "H": "77.3",
                                "P": "1005",
                                "S": "18",
                                "T": "10.5",
                                "V": "20000",
                                "W": "2",
                                "Pt": "R",
                                "Dp": "6.7",
                                "$": "1320"
                            },
                            {
                                "D": "SW",
                                "G": "36",
                                "H": "72.4",
                                "P": "1005",
                                "S": "24",
                                "T": "10.1",
                                "V": "20000",
                                "W": "0",
                                "Pt": "R",
                                "Dp": "5.4",
                                "$": "1380"
                            }
                        ]
                    },
                    {
                        "type": "Day",
                        "value": "2023-12-29Z",
                        "Rep": [
                            {
                                "D": "SW",
                                "G": "37",
                                "H": "74.4",
                                "P": "1006",
                                "S": "17",
                                "T": "9.7",
                                "V": "19000",
                                "W": "7",
                                "Pt": "R",
                                "Dp": "5.4",
                                "$": "0"
                            },
                            {
                                "D": "SW",
                                "G": "33",
                                "H": "73.4",
                                "P": "1006",
                                "S": "19",
                                "T": "9.5",
                                "V": "19000",
                                "W": "7",
                                "Pt": "R",
                                "Dp": "5.0",
                                "$": "60"
                            },
                            {
                                "D": "SW",
                                "G": "30",
                                "H": "76.0",
                                "P": "1006",
                                "S": "21",
                                "T": "9.7",
                                "V": "18000",
                                "W": "8",
                                "Pt": "R",
                                "Dp": "5.7",
                                "$": "120"
                            },
                            {
                                "D": "SW",
                                "G": "30",
                                "H": "76.6",
                                "P": "1006",
                                "S": "18",
                                "T": "9.8",
                                "V": "18000",
                                "W": "8",
                                "Pt": "F",
                                "Dp": "5.9",
                                "$": "180"
                            },
                            {
                                "D": "SW",
                                "G": "30",
                                "H": "78.2",
                                "P": "1005",
                                "S": "19",
                                "T": "10.1",
                                "V": "19000",
                                "W": "8",
                                "Pt": "F",
                                "Dp": "6.5",
                                "$": "240"
                            },
                            {
                                "D": "SW",
                                "G": "26",
                                "H": "80.0",
                                "P": "1005",
                                "S": "16",
                                "T": "10.3",
                                "V": "20000",
                                "W": "8",
                                "Pt": "F",
                                "Dp": "7.0",
                                "$": "300"
                            },
                            {
                                "D": "WSW",
                                "G": "30",
                                "H": "80.9",
                                "P": "1005",
                                "S": "15",
                                "T": "9.8",
                                "V": "27000",
                                "W": "8",
                                "Pt": "F",
                                "Dp": "6.7",
                                "$": "360"
                            },
                            {
                                "D": "WSW",
                                "G": "30",
                                "H": "79.3",
                                "P": "1006",
                                "S": "19",
                                "T": "9.8",
                                "V": "30000",
                                "W": "2",
                                "Pt": "R",
                                "Dp": "6.4",
                                "$": "420"
                            },
                            {
                                "D": "SW",
                                "G": "28",
                                "H": "79.3",
                                "P": "1006",
                                "S": "15",
                                "T": "9.9",
                                "V": "35000",
                                "W": "8",
                                "Pt": "R",
                                "Dp": "6.5",
                                "$": "480"
                            },
                            {
                                "D": "SW",
                                "G": "22",
                                "H": "83.1",
                                "P": "1006",
                                "S": "11",
                                "T": "9.4",
                                "V": "35000",
                                "W": "12",
                                "Pt": "R",
                                "Dp": "6.7",
                                "$": "540"
                            },
                            {
                                "D": "SW",
                                "G": "19",
                                "H": "81.0",
                                "P": "1006",
                                "S": "11",
                                "T": "10.0",
                                "V": "35000",
                                "W": "8",
                                "Pt": "R",
                                "Dp": "6.9",
                                "$": "600"
                            },
                            {
                                "D": "SSW",
                                "G": "21",
                                "H": "80.0",
                                "P": "1006",
                                "S": "13",
                                "T": "10.9",
                                "V": "23000",
                                "W": "12",
                                "Pt": "R",
                                "Dp": "7.6",
                                "$": "660"
                            },
                            {
                                "D": "SW",
                                "G": "28",
                                "H": "75.3",
                                "P": "1006",
                                "S": "18",
                                "T": "11.1",
                                "V": "35000",
                                "W": "8",
                                "Pt": "F",
                                "Dp": "6.9",
                                "$": "720"
                            },
                            {
                                "D": "WSW",
                                "G": "40",
                                "H": "70.7",
                                "P": "1005",
                                "S": "25",
                                "T": "11.0",
                                "V": "55000",
                                "W": "7",
                                "Pt": "F",
                                "Dp": "5.9",
                                "$": "780"
                            },
                            {
                                "D": "W",
                                "G": "33",
                                "H": "77.6",
                                "P": "1006",
                                "S": "9",
                                "T": "9.5",
                                "V": "60000",
                                "W": "8",
                                "Pt": "F",
                                "Dp": "5.8",
                                "$": "840"
                            },
                            {
                                "D": "W",
                                "G": "33",
                                "H": "76.1",
                                "P": "1006",
                                "S": "21",
                                "T": "9.9",
                                "V": "60000",
                                "W": "7",
                                "Pt": "R",
                                "Dp": "5.9",
                                "$": "900"
                            },
                            {
                                "D": "WSW",
                                "G": "34",
                                "H": "70.9",
                                "P": "1006",
                                "S": "18",
                                "T": "10.1",
                                "V": "60000",
                                "W": "8",
                                "Pt": "R",
                                "Dp": "5.1",
                                "$": "960"
                            }
                        ]
                    }
                ]
            }
        }
    }
}