{
    "SiteRep": {
        "Wx": {
            "Param": [
                {
                    "name": "G",
                    "units": "mph",
                    "$": "Wind Gust"
                },
                {
                    "name": "T",
                    "units": "C",
                    "$": "Temperature"
                },
                {
                    "name": "V",
                    "units": "m",
                    "$": "Visibility"
                },
                {
                    "name": "D",
                    "units": "compass",
                    "$": "Wind Direction"
                },
                {
                    "name": "S",
                    "units": "mph",
                    "$": "Wind Speed"
                },
                {
                    "name": "W",
                    "units": "",
                    "$": "Weather Type"
                },
                {
                    "name": "P",
                    "units": "hpa",
                    "$": "Pressure"
                },
                {
                    "name": "Pt",
                    "units": "Pa/s",
                    "$": "Pressure Tendency"
                },
                {
                    "name": "Dp",
                    "units": "C",
                    "$": "Dew Point"
                },
                {
                    "name": "H",
                    "units": "%",
                    "$": "Screen Relative Humidity"
                }
            ]
        },
        "DV": {
            "dataDate": "2023-12-01T16:00:00Z",
            "type": "Obs",
            "Location": {
                "i": "3772",
                "lat": "51.479",
                "lon": "-0.449",
                "name": "HEATHROW",
                "country": "ENGLAND",
                "continent": "EUROPE",
                "elevation": "25.0",
                "Period": [
                    {
                        "type": "Day",
                        "value": "2023-11-30Z",
                        "Rep": [
                            {
                                "D": "NNE",
                                "G": "15",
                                "H": "72.8",
                                "P": "1003",
                                "S": "10",
                                "T": "3.4",
                                "V": "45000",
                                "W": "0",
                                "Pt": "R",
                                "Dp": "-1.0",
                                "$": "960"
                            },
                            {
                                "D": "NNE",
                                "G": "13",
                                "H": "81.7",
                                "P": "1003",
                                "S": "7",
                                "T": "2.4",
                                "V": "35000",
                                "W": "0",
                                "Pt": "R",
                                "Dp": "-0.4",
                                "$": "1020"
                            },
                            {
                                "D": "NNE",
                                "G": "13",
                                "H": "83.9",
                                "P": "1003",
                                "S": "6",
                                "T": "1.9",
                                "V": "35000",
                                "W": "0",
                                "Pt": "R",
                                "Dp": "-0.5",
                                "$": "1080"
                            },
                            {
                                "D": "NNE",
                                "G": "10",
                                "H": "87.2",
                                "P": "1004",
                                "S": "5",
                                "T": "1.3",
                                "V": "30000",
                                "W": "0",
                                "Pt": "R",
                                "Dp": "-0.6",
                                "$": "1140"
                            },
                            {
                                "D": "NNE",
                                "G": "13",
                                "H": "89.0",
                                "P": "1004",
                                "S": "6",
                                "T": "0.9",
                                "V": "30000",
                                "W": "0",
                                "Pt": "R",
                                "Dp": "-0.7",
                                "$": "1200"
                            },
                            {
                                "D": "N",
                                "G": "11",
                                "H": "91.7",
                                "P": "1005",
                                "S": "7",
                                "T": "0.6",
                                "V": "30000",
                                "W": "0",
                                "Pt": "R",
                                "Dp": "-0.6",
                                "$": "1260"
                            },
                            {
                                "D": "N",
                                "G": "13",
                                "H": "92.2",
                                "P": "1005",
                                "S": "5",
                                "T": "0.1",
                                "V": "20000",
                                "W": "0",
                                "Pt": "R",
                                "Dp": "-0.9",
                                "$": "1320"
                            },
                            {
                                "D": "N",
                                "G": "10",
                                "H": "92.8",
                                "P": "1005",
                                "S": "6",
                                "T": "0.0",
                                "V": "18000",
                                "W": "0",
                                "Pt": "R",
                                "Dp": "-0.9",
                                "$": "1380"
                            }
                        ]
                    },
                    {
                        "type": "Day",
                        "value": "2023-12-01Z",
                        "Rep": [
                            {
                                "D": "N",
                                "G": "10",
                                "H": "92.3",
                                "P": "1005",
                                "S": "5",
                                "T": "-0.6",
                                "V": "17000",
                                "W": "0",
                                "Pt": "R",
                                "Dp": "-1.5",
                                "$": "0"
                            },
                            {
                                "D": "N",
                                "G": "11",
                                "H": "91.5",
                                "P": "1006",
                                "S": "3",
                                "T": "-0.6",
                                "V": "18000",
                                "W": "0",
                                "Pt": "R",
                                "Dp": "-1.6",
                                "$": "60"
                            },
                            {
                                "D": "N",
                                "G": "10",
                                "H": "91.0",
                                "P": "1006",
                                "S": "3",
                                "T": "-1.0",
                                "V": "14000",
                                "W": "0",
                                "Pt": "R",
                                "Dp": "-2.0",
                                "$": "120"
                            },
                            {
                                "D": "NNW",
                                "G": "7",
                                "H": "92.3",
                                "P": "1006",
                                "S": "3",
                                "T": "-1.3",
                                "V": "17000",
                                "W": "0",
                                "Pt": "R",
                                "Dp": "-2.1",
                                "$": "180"
                            },
                            {
                                "D": "N",
                                "G": "11",
                                "H": "92.0",
                                "P": "1006",
                                "S": "5",
                                "T": "-0.9",
                                "V": "14000",
                                "W": "0",
                                "Pt": "R",
                                "Dp": "-1.8",
                                "$": "240"
                            },
                            {
                                "D": "N",
                                "G": "14",
                                "H": "93.6",
                                "P": "1006",
                                "S": "8",
                                "T": "-0.8",
                                "V": "9000",
                                "W": "8",
                                "Pt": "R",
                                "Dp": "-1.5",
                                "$": "300"
                            },
                            {
                                "D": "N",
                                "G": "14",
                                "H": "92.1",
                                "P": "1006",
                                "S": "7",
                                "T": "-0.7",
                                "V": "10000",
                                "W": "2",
                                "Pt": "R",
                                "Dp": "-1.6",
                                "$": "360"
                            },
                            {
                                "D": "N",
                                "G": "15",
                                "H": "93.9",
                                "P": "1007",
                                "S": "7",
                                "T": "-0.5",
                                "V": "8000",
                                "W": "5",
                                "Pt": "R",
                                "Dp": "-1.2",
                                "$": "420"
                            },
                            {
                                "D": "N",
                                "G": "11",
                                "H": "94.2",
                                "P": "1007",
                                "S": "5",
                                "T": "-0.2",
                                "V": "9000",
                                "W": "8",
                                "Pt": "R",
                                "Dp": "-0.9",
                                "$": "480"
                            },
                            {
                                "D": "N",
                                "G": "9",
                                "H": "92.3",
                                "P": "1008",
                                "S": "3",
                                "T": "0.2",
                                "V": "11000",
                                "W": "8",
                                "Pt": "R",
                                "Dp": "-0.8",
                                "$": "540"
                            },
                            {
                                "D": "N",
                                "G": "11",
                                "H": "91.6",
                                "P": "1008",
                                "S": "6",
                                "T": "0.7",
                                "V": "12000",
                                "W": "8",
                                "Pt": "R",
                                "Dp": "-0.5",
                                "$": "600"
                            },
                            {
                                "D": "N",
                                "G": "11",
                                "H": "89.6",
                                "P": "1008",
                                "S": "6",
                                "T": "1.4",
                                "V": "14000",
                                "W": "8",
                                "Pt": "R",
                                "Dp": "-0.1",
                                "$": "660"
                            },
                            {
                                "D": "NNE",
                                "G": "11",
                                "H": "84.7",
                                "P": "1008",
                                "S": "6",
                                "T": "2.0",
                                "V": "16000",
                                "W": "8",
                                "Pt": "R",
                                "Dp": "-0.3",
                                "$": "720"
                            },
                            {
                                "D": "N",
                                "G": "11",
                                "H": "83.6",
                                "P": "1008",
                                "S": "6",
                                "T": "2.5",
                                "V": "16000",
                                "W": "8",
                                "Pt": "F",
                                "Dp": "0.0",
                                "$": "780"
                            },
                            {
                                "D": "NE",
                                "G": "11",
                                "H": "80.5",
                                "P": "1008",
                                "S": "5",
                                "T": "3.2",
                                "V": "18000",
                                "W": "1",
                                "Pt": "F",
                                "Dp": "0.2",
                                "$": "840"
                            },
                            {
                                "D": "N",
                                "G": "11",
                                "H": "75.1",
                                "P": "1008",
                                "S": "6",
                                "T": "3.8",
                                "V": "26000",
                                "W": "1",
                                "Pt": "R",
                                "Dp": "-0.2",
                                "$": "900"
                            },
                            {
                                "D": "NNE",
                                "G": "13",
                                "H": "79.4",
                                "P": "1009",
                                "S": "6",
                                "T": "2.7",
                                "V": "23000",
                                "W": "0",
                                "Pt": "R",
                                "Dp": "-0.5",
                                "$": "960"
                            }
                        ]
                    }
                ]
            }
        }
    }
}