{
    "SiteRep": {
        "Wx": {
            "Param": [
                {
                    "name": "G",
                    "units": "mph",
                    "$": "Wind Gust"
                },
                {
                    "name": "T",
                    "units": "C",
                    "$": "Temperature"
                },
                {
                    "name": "V",
                    "units": "m",
                    "$": "Visibility"
                },
                {
                    "name": "D",
                    "units": "compass",
                    "$": "Wind Direction"
                },
                {
                    "name": "S",
                    "units": "mph",
                    "$": "Wind Speed"
                },
                {
                    "name": "W",
                    "units": "",
                    "$": "Weather Type"
                },
                {
                    "name": "P",
                    "units": "hpa",
                    "$": "Pressure"
                },
                {
                    "name": "Pt",
                    "units": "Pa/s",
                    "$": "Pressure Tendency"
                },
                {
                    "name": "Dp",
                    "units": "C",
                    "$": "Dew Point"
                },
                {
                    "name": "H",
                    "units": "%",
                    "$": "Screen Relative Humidity"
                }
            ]
        },
        "DV": {
            "dataDate": "2024-05-06T16:00:00Z",
            "type": "Obs",
            "Location": {
                "i": "3772",
                "lat": "51.479",
                "lon": "-0.449",
                "name": "HEATHROW",
                "country": "ENGLAND",
                "continent": "EUROPE",
                "elevation": "25.0",
                "Period": [
                    {
                        "type": "Day",
                        "value": "2024-05-05Z",
                        "Rep": [
                            {
                                "D": "S",
                                "G": "16",
                                "H": "73.9",
                                "P": "1006",
                                "S": "7",
                                "T": "15.2",
                                "V": "75000",
                                "W": "8",
                                "Pt": "F",
                                "Dp": "10.6",
                                "$": "960"
                            },
                            {
                                "D": "SSW",
                                "G": "13",
                                "H": "81.0",
                                "P": "1006",
                                "S": "7",
                                "T": "14.0",
                                "V": "35000",
                                "W": "12",
                                "Pt": "F",
                                "Dp": "10.8",
                                "$": "1020"
                            },
                            {
                                "D": "S",
                                "G": "10",
                                "H": "70.9",
                                "P": "1006",
                                "S": "6",
                                "T": "15.0",
                                "V": "55000",
                                "W": "8",
                                "Pt": "F",
                                "Dp": "9.8",
                                "$": "1080"
                            },
                            {
                                "D": "SSE",
                                "G": "10",
                                "H": "71.4",
                                "P": "1006",
                                "S": "7",
                                "T": "14.4",
                                "V": "50000",
                                "W": "8",
                                "Pt": "F",
                                "Dp": "9.3",
                                "$": "1140"
                            },
                            {
                                "D": "SSE",
                                "G": "11",
                                "H": "78.7",
                                "P": "1006",
                                "S": "7",
                                "T": "13.4",
                                "V": "45000",
                                "W": "8",
                                "Pt": "F",
                                "Dp": "9.8",
                                "$": "1200"
                            },
                            {
                                "D": "SSE",
                                "G": "10",
                                "H": "81.9",
                                "P": "1007",
                                "S": "7",
                                "T": "12.6",
                                "V": "40000",
                                "W": "2",
                                "Pt": "R",
                                "Dp": "9.6",
                                "$": "1260"
                            },
                            {
                                "D": "SSE",
                                "G": "11",
                                "H": "85.7",
                                "P": "1007",
                                "S": "5",
                                "T": "11.6",
                                "V": "35000",
                                "W": "0",
                                "Pt": "R",
                                "Dp": "9.3",
                                "$": "1320"
                            },
                            {
                                "D": "N",
                                "G": "7",
                                "H": "90.4",
                                "P": "1006",
                                "S": "2",
                                "T": "10.6",
                                "V": "29000",
                                "W": "0",
                                "Pt": "R",
                                "Dp": "9.1",
                                "$": "1380"
                            }
                        ]
                    },
                    {
                        "type": "Day",
                        "value": "2024-05-06Z",
                        "Rep": [
                            {
                                "D": "SE",
                                "G": "8",
                                "H": "94.7",
                                "P": "1007",
                                "S": "5",
                                "T": "9.3",
                                "V": "16000",
                                "W": "2",
                                "Pt": "F",
                                "Dp": "8.5",
                                "$": "0"
                            },
                            {
                                "D": "N",
                                "G": "5",
                                "H": "96.0",
                                "P": "1006",
                                "S": "1",
                                "T": "9.8",
                                "V": "18000",
                                "W": "7",
                                "Pt": "F",
                                "Dp": "9.2",
                                "$": "60"
                            },
                            {
                                "D": "NE",
                                "G": "6",
                                "H": "94.7",
                                "P": "1006",
                                "S": "2",
                                "T": "9.7",
                                "V": "14000",
                                "W": "8",
                                "Pt": "F",
                                "Dp": "8.9",
                                "$": "120"
                            },
                            {
                                "D": "N",
                                "G": "3",
                                "H": "96.6",
                                "P": "1006",
                                "S": "0",
                                "T": "9.5",
                                "V": "16000",
                                "W": "8",
                                "Pt": "F",
                                "Dp": "9.0",
                                "$": "180"
                            },
                            {
                                "D": "ENE",
                                "G": "5",
                                "H": "96.0",
                                "P": "1006",
                                "S": "1",
                                "T": "9.7",
                                "V": "14000",
                                "W": "8",
                                "Pt": "F",
                                "Dp": "9.1",
                                "$": "240"
                            },
                            {
                                "D": "W",
                                "G": "5",
                                "H": "95.4",
                                "P": "1006",
                                "S": "2",
                                "T": "10.2",
                                "V": "11000",
                                "W": "8",
                                "Pt": "S",
                                "Dp": "9.5",
                                "$": "300"
                            },
                            {
                                "D": "NW",
                                "G": "6",
                                "H": "94.7",
                                "P": "1006",
                                "S": "3",
                                "T": "10.5",
                                "V": "10000",
                                "W": "8",
                                "Pt": "F",
                                "Dp": "9.7",
                                "$": "360"
                            },
                            {
                                "D": "NW",
                                "G": "6",
                                "H": "92.9",
                                "P": "1006",
                                "S": "3",
                                "T": "11.5",
                                "V": "17000",
                                "W": "8",
                                "Pt": "R",
                                "Dp": "10.4",
                                "$": "420"
                            },
                            {
                                "D": "WNW",
                                "G": "6",
                                "H": "89.4",
                                "P": "1006",
                                "S": "2",
                                "T": "12.6",
                                "V": "18000",
                                "W": "8",
                                "Pt": "R",
                                "Dp": "10.9",
                                "$": "480"
                            },
                            {
                                "D": "N",
                                "G": "6",
                                "H": "84.2",
                                "P": "1007",
                                "S": "3",
                                "T": "13.7",
                                "V": "20000",
                                "W": "12",
                                "Pt": "R",
                                "Dp": "11.1",
                                "$": "540"
                            },
                            {
                                "D": "NE",
                                "G": "9",
                                "H": "88.2",
                                "P": "1007",
                                "S": "6",
                                "T": "13.4",
                                "V": "11000",
                                "W": "12",
                                "Pt": "R",
                                "Dp": "11.5",
                                "$": "600"
                            },
                            {
                                "D": "NE",
                                "G": "10",
                                "H": "91.2",
                                "P": "1007",
                                "S": "6",
                                "T": "13.2",
                                "V": "12000",
                                "W": "12",
                                "Pt": "R",
                                "Dp": "11.8",
                                "$": "660"
                            },
                            {
                                "D": "N",
                                "G": "10",
                                "H": "83.3",
                                "P": "1008",
                                "S": "6",
                                "T": "14.3",
                                "V": "50000",
                                "W": "12",
                                "Pt": "R",
                                "Dp": "11.5",
                                "$": "720"
                            },
                            {
                                "D": "N",
                                "G": "14",
                                "H": "87.1",
                                "P": "1008",
                                "S": "5",
                                "T": "14.0",
                                "V": "4400",
                                "W": "12",
                                "Pt": "R",
                                "Dp": "11.9",
                                "$": "780"
                            },
                            {
                                "D": "NNW",
                                "G": "10",
                                "H": "87.7",
                                "P": "1008",
                                "S": "5",
                                "T": "14.0",
                                "V": "30000",
                                "W": "12",
                                "Pt": "R",
                                "Dp": "12.0",
                                "$": "840"
                            },
                            {
                                "D": "NNW",
                                "G": "11",
                                "H": "88.9",
                                "P": "1008",
                                "S": "6",
                                "T": "14.3",
                                "V": "13000",
                                "W": "12",
                                "Pt": "R",
                                "Dp": "12.5",
                                "$": "900"
                            },
                            {
                                "D": "N",
                                "G": "14",
                                "H": "90.1",
                                "P": "1009",
                                "S": "6",
                                "T": "13.9",
                                "V": "12000",
                                "W": "12",
                                "Pt": "R",
                                "Dp": "12.3",
                                "$": "960"
                            }
                        ]
                    }
                ]
            }
        }
    }
}