{
    "SiteRep": {
        "Wx": {
            "Param": [
                {
                    "name": "G",
                    "units": "mph",
                    "$": "Wind Gust"
                },
                {
                    "name": "T",
                    "units": "C",
                    "$": "Temperature"
                },
                {
                    "name": "V",
                    "units": "m",
                    "$": "Visibility"
                },
                {
                    "name": "D",
                    "units": "compass",
                    "$": "Wind Direction"
                },
                {
                    "name": "S",
                    "units": "mph",
                    "$": "Wind Speed"
                },
                {
                    "name": "W",
                    "units": "",
                    "$": "Weather Type"
                },
                {
                    "name": "P",
                    "units": "hpa",
                    "$": "Pressure"
                },
                {
                    "name": "Pt",
                    "units": "Pa/s",
                    "$": "Pressure Tendency"
                },
                {
                    "name": "Dp",
                    "units": "C",
                    "$": "Dew Point"
                },
                {
                    "name": "H",
                    "units": "%",
                    "$": "Screen Relative Humidity"
                }
            ]
        },
        "DV": {
            "dataDate": "2024-01-12T16:00:00Z",
            "type": "Obs",
            "Location": {
                "i": "3772",
                "lat": "51.479",
                "lon": "-0.449",
                "name": "HEATHROW",
                "country": "ENGLAND",
                "continent": "EUROPE",
                "elevation": "25.0",
                "Period": [
                    {
                        "type": "Day",
                        "value": "2024-01-11Z",
                        "Rep": [
                            {
                                "D": "N",
                                "G": "10",
                                "H": "79.3",
                                "P": "1038",
                                "S": "5",
                                "T": "4.8",
                                "V": "35000",
                                "W": "8",
                                "Pt": "F",
                                "Dp": "1.6",
                                "$": "960"
                            },
                            {
                                "D": "N",
                                "G": "13",
                                "H": "88.4",
                                "P": "1038",
                                "S": "6",
                                "T": "4.4",
                                "V": "6000",
                                "W": "8",
                                "Pt": "S",
                                "Dp": "2.7",
                                "$": "1020"
                            },
                            {
                                "D": "N",
                                "G": "11",
                                "H": "91.8",
                                "P": "1038",
                                "S": "6",
                                "T": "4.7",
                                "V": "17000",
                                "W": "8",
                                "Pt": "R",
                                "Dp": "3.5",
                                "$": "1080"
                            },
                            {
                                "D": "N",
                                "G": "11",
                                "H": "88.6",
                                "P": "1038",
                                "S": "6",
                                "T": "5.3",
                                "V": "8000",
                                "W": "11",
                                "Pt": "S",
                                "Dp": "3.6",
                                "$": "1140"
                            },
                            {
                                "D": "NNE",
                                "G": "15",
                                "H": "84.7",
                                "P": "1038",
                                "S": "7",
                                "T": "5.3",
                                "V": "23000",
                                "W": "8",
                                "Pt": "R",
                                "Dp": "3.0",
                                "$": "1200"
                            },
                            {
                                "D": "NNE",
                                "G": "18",
                                "H": "84.2",
                                "P": "1038",
                                "S": "7",
                                "T": "5.3",
                                "V": "16000",
                                "W": "8",
                                "Pt": "R",
                                "Dp": "2.9",
                                "$": "1260"
                            },
                            {
                                "D": "N",
                                "G": "11",
                                "H": "89.7",
                                "P": "1038",
                                "S": "6",
                                "T": "5.0",
                                "V": "10000",
                                "W": "8",
                                "Pt": "R",
                                "Dp": "3.5",
                                "$": "1320"
                            },
                            {
                                "D": "NNE",
                                "G": "9",
                                "H": "92.5",
                                "P": "1038",
                                "S": "6",
                                "T": "4.9",
                                "V": "19000",
                                "W": "8",
                                "Pt": "R",
                                "Dp": "3.8",
                                "$": "1380"
                            }
                        ]
                    },
                    {
                        "type": "Day",
                        "value": "2024-01-12Z",
                        "Rep": [
                            {
                                "D": "NNE",
                                "G": "19",
                                "H": "84.2",
                                "P": "1038",
                                "S": "8",
                                "T": "5.3",
                                "V": "21000",
                                "W": "8",
                                "Pt": "F",
                                "Dp": "2.9",
                                "$": "0"
                            },
                            {
                                "D": "NNE",
                                "G": "16",
                                "H": "84.7",
                                "P": "1038",
                                "S": "7",
                                "T": "5.2",
                                "V": "22000",
                                "W": "8",
                                "Pt": "F",
                                "Dp": "2.9",
                                "$": "60"
                            },
                            {
                                "D": "NNE",
                                "G": "16",
                                "H": "83.5",
                                "P": "1038",
                                "S": "8",
                                "T": "5.3",
                                "V": "14000",
                                "W": "8",
                                "Pt": "F",
                                "Dp": "2.8",
                                "$": "120"
                            },
                            {
                                "D": "NNE",
                                "G": "17",
                                "H": "80.6",
                                "P": "1037",
                                "S": "10",
                                "T": "5.4",
                                "V": "19000",
                                "W": "8",
                                "Pt": "F",
                                "Dp": "2.4",
                                "$": "180"
                            },
                            {
                                "D": "NNE",
                                "G": "21",
                                "H": "80.5",
                                "P": "1037",
                                "S": "9",
                                "T": "5.3",
                                "V": "18000",
                                "W": "8",
                                "Pt": "F",
                                "Dp": "2.3",
                                "$": "240"
                            },
                            {
                                "D": "NE",
                                "G": "19",
                                "H": "78.3",
                                "P": "1037",
                                "S": "13",
                                "T": "5.4",
                                "V": "19000",
                                "W": "8",
                                "Pt": "F",
                                "Dp": "2.0",
                                "$": "300"
                            },
                            {
                                "D": "NE",
                                "G": "21",
                                "H": "78.3",
                                "P": "1037",
                                "S": "10",
                                "T": "5.4",
                                "V": "19000",
                                "W": "8",
                                "Pt": "F",
                                "Dp": "2.0",
                                "$": "360"
                            },
                            {
                                "D": "NNE",
                                "G": "17",
                                "H": "78.8",
                                "P": "1037",
                                "S": "9",
                                "T": "5.3",
                                "V": "21000",
                                "W": "8",
                                "Pt": "F",
                                "Dp": "2.0",
                                "$": "420"
                            },
                            {
                                "D": "NNE",
                                "G": "21",
                                "H": "80.5",
                                "P": "1037",
                                "S": "8",
                                "T": "5.3",
                                "V": "22000",
                                "W": "8",
                                "Pt": "F",
                                "Dp": "2.3",
                                "$": "480"
                            },
                            {
                                "D": "NE",
                                "G": "19",
                                "H": "78.8",
                                "P": "1037",
                                "S": "10",
                                "T": "5.4",
                                "V": "30000",
                                "W": "8",
                                "Pt": "S",
                                "Dp": "2.1",
                                "$": "540"
                            },
                            {
                                "D": "NNE",
                                "G": "16",
                                "H": "80.0",
                                "P": "1037",
                                "S": "10",
                                "T": "5.5",
                                "V": "21000",
                                "W": "8",
                                "Pt": "R",
                                "Dp": "2.4",
                                "$": "600"
                            },
                            {
                                "D": "NNE",
                                "G": "22",
                                "H": "79.5",
                                "P": "1037",
                                "S": "9",
                                "T": "5.6",
                                "V": "45000",
                                "W": "8",
                                "Pt": "S",
                                "Dp": "2.4",
                                "$": "660"
                            },
                            {
                                "D": "NE",
                                "G": "17",
                                "H": "77.1",
                                "P": "1036",
                                "S": "9",
                                "T": "5.6",
                                "V": "50000",
                                "W": "8",
                                "Pt": "F",
                                "Dp": "2.0",
                                "$": "720"
                            },
                            {
                                "D": "NE",
                                "G": "13",
                                "H": "78.3",
                                "P": "1036",
                                "S": "6",
                                "T": "5.7",
                                "V": "40000",
                                "W": "8",
                                "Pt": "F",
                                "Dp": "2.3",
                                "$": "780"
                            },
                            {
                                "D": "NE",
                                "G": "15",
                                "H": "77.2",
                                "P": "1035",
                                "S": "7",
                                "T": "5.8",
                                "V": "55000",
                                "W": "8",
                                "Pt": "F",
                                "Dp": "2.2",
                                "$": "840"
                            },
                            {
                                "D": "NE",
                                "G": "11",
                                "H": "78.3",
                                "P": "1034",
                                "S": "7",
                                "T": "5.5",
                                "V": "55000",
                                "W": "8",
                                "Pt": "F",
                                "Dp": "2.1",
                                "$": "900"
                            },
                            {
                                "D": "NE",
                                "G": "11",
                                "H": "80.0",
                                "P": "1035",
                                "S": "6",
                                "T": "5.4",
                                "V": "50000",
                                "W": "8",
                                "Pt": "F",
                                "Dp": "2.3",
                                "$": "960"
                            }
                        ]
                    }
                ]
            }
        }
    }
}