{
    "SiteRep": {
        "Wx": {
            "Param": [
                {
                    "name": "G",
                    "units": "mph",
                    "$": "Wind Gust"
                },
                {
                    "name": "T",
                    "units": "C",
                    "$": "Temperature"
                },
                {
                    "name": "V",
                    "units": "m",
                    "$": "Visibility"
                },
                {
                    "name": "D",
                    "units": "compass",
                    "$": "Wind Direction"
                },
                {
                    "name": "S",
                    "units": "mph",
                    "$": "Wind Speed"
                },
                {
                    "name": "W",
                    "units": "",
                    "$": "Weather Type"
                },
                {
                    "name": "P",
                    "units": "hpa",
                    "$": "Pressure"
                },
                {
                    "name": "Pt",
                    "units": "Pa/s",
                    "$": "Pressure Tendency"
                },
                {
                    "name": "Dp",
                    "units": "C",
                    "$": "Dew Point"
                },
                {
                    "name": "H",
                    "units": "%",
                    "$": "Screen Relative Humidity"
                }
            ]
        },
        "DV": {
            "dataDate": "2024-11-05T16:00:00Z",
            "type": "Obs",
            "Location": {
                "i": "3772",
                "lat": "51.479",
                "lon": "-0.449",
                "name": "HEATHROW",
                "country": "ENGLAND",
                "continent": "EUROPE",
                "elevation": "25.0",
                "Period": [
                    {
                        "type": "Day",
                        "value": "2024-11-04Z",
                        "Rep": [
                            {
                                "D": "E",
                                "G": "6",
                                "H": "80.4",
                                "P": "1023",
                                "S": "5",
                                "T": "11.2",
                                "V": "10000",
                                "W": "7",
                                "Pt": "F",
                                "Dp": "8.0",
                                "$": "960"
                            },
                            {
                                "D": "E",
                                "G": "7",
                                "H": "81.6",
                                "P": "1023",
                                "S": "5",
                                "T": "11.4",
                                "V": "10000",
                                "W": "8",
                                "Pt": "F",
                                "Dp": "8.4",
                                "$": "1020"
                            },
                            {
                                "D": "E",
                                "G": "8",
                                "H": "84.2",
                                "P": "1023",
                                "S": "3",
                                "T": "10.1",
                                "V": "8000",
                                "W": "5",
                                "Pt": "F",
                                "Dp": "7.6",
                                "$": "1080"
                            },
                            {
                                "D": "E",
                                "G": "8",
                                "H": "90.9",
                                "P": "1023",
                                "S": "5",
                                "T": "9.7",
                                "V": "8000",
                                "W": "5",
                                "Pt": "F",
                                "Dp": "8.3",
                                "$": "1140"
                            },
                            {
                                "D": "NE",
                                "G": "7",
                                "H": "90.9",
                                "P": "1023",
                                "S": "2",
                                "T": "9.7",
                                "V": "8000",
                                "W": "5",
                                "Pt": "F",
                                "Dp": "8.3",
                                "$": "1200"
                            },
                            {
                                "D": "NE",
                                "G": "5",
                                "H": "91.4",
                                "P": "1023",
                                "S": "3",
                                "T": "9.5",
                                "V": "7000",
                                "W": "5",
                                "Pt": "F",
                                "Dp": "8.2",
                                "$": "1260"
                            },
                            {
                                "D": "ESE",
                                "G": "5",
                                "H": "94.6",
                                "P": "1022",
                                "S": "3",
                                "T": "9.6",
                                "V": "4600",
                                "W": "5",
                                "Pt": "F",
                                "Dp": "8.8",
                                "$": "1320"
                            },
                            {
                                "D": "E",
                                "G": "7",
                                "H": "94.1",
                                "P": "1022",
                                "S": "5",
                                "T": "10.0",
                                "V": "4600",
                                "W": "5",
                                "Pt": "F",
                                "Dp": "9.1",
                                "$": "1380"
                            }
                        ]
                    },
                    {
                        "type": "Day",
                        "value": "2024-11-05Z",
                        "Rep": [
                            {
                                "D": "SE",
                                "G": "10",
                                "H": "91.5",
                                "P": "1022",
                                "S": "3",
                                "T": "10.0",
                                "V": "5000",
                                "W": "5",
                                "Pt": "F",
                                "Dp": "8.7",
                                "$": "0"
                            },
                            {
                                "D": "SSE",
                                "G": "7",
                                "H": "91.0",
                                "P": "1022",
                                "S": "3",
                                "T": "10.0",
                                "V": "5000",
                                "W": "5",
                                "Pt": "F",
                                "Dp": "8.6",
                                "$": "60"
                            },
                            {
                                "D": "SSE",
                                "G": "6",
                                "H": "90.3",
                                "P": "1022",
                                "S": "3",
                                "T": "10.0",
                                "V": "5000",
                                "W": "5",
                                "Pt": "F",
                                "Dp": "8.5",
                                "$": "120"
                            },
                            {
                                "D": "SSW",
                                "G": "5",
                                "H": "90.2",
                                "P": "1022",
                                "S": "3",
                                "T": "9.9",
                                "V": "5000",
                                "W": "5",
                                "Pt": "F",
                                "Dp": "8.4",
                                "$": "180"
                            },
                            {
                                "D": "SSW",
                                "G": "5",
                                "H": "90.3",
                                "P": "1022",
                                "S": "2",
                                "T": "9.8",
                                "V": "5000",
                                "W": "5",
                                "Pt": "F",
                                "Dp": "8.3",
                                "$": "240"
                            },
                            {
                                "D": "N",
                                "G": "5",
                                "H": "90.9",
                                "P": "1021",
                                "S": "0",
                                "T": "9.7",
                                "V": "5000",
                                "W": "5",
                                "Pt": "F",
                                "Dp": "8.3",
                                "$": "300"
                            },
                            {
                                "D": "NE",
                                "G": "3",
                                "H": "89.1",
                                "P": "1022",
                                "S": "2",
                                "T": "10.0",
                                "V": "5000",
                                "W": "5",
                                "Pt": "F",
                                "Dp": "8.3",
                                "$": "360"
                            },
                            {
                                "D": "NE",
                                "G": "5",
                                "H": "86.6",
                                "P": "1022",
                                "S": "2",
                                "T": "10.2",
                                "V": "5000",
                                "W": "5",
                                "Pt": "R",
                                "Dp": "8.1",
                                "$": "420"
                            },
                            {
                                "D": "N",
                                "G": "6",
                                "H": "87.2",
                                "P": "1022",
                                "S": "3",
                                "T": "10.3",
                                "V": "5000",
                                "W": "5",
                                "Pt": "R",
                                "Dp": "8.3",
                                "$": "480"
                            },
                            {
                                "D": "N",
                                "G": "7",
                                "H": "86.7",
                                "P": "1022",
                                "S": "1",
                                "T": "10.5",
                                "V": "5000",
                                "W": "5",
                                "Pt": "R",
                                "Dp": "8.4",
                                "$": "540"
                            },
                            {
                                "D": "ESE",
                                "G": "7",
                                "H": "85.5",
                                "P": "1023",
                                "S": "3",
                                "T": "10.5",
                                "V": "5000",
                                "W": "5",
                                "Pt": "R",
                                "Dp": "8.2",
                                "$": "600"
                            },
                            {
                                "D": "SSW",
                                "G": "9",
                                "H": "86.0",
                                "P": "1023",
                                "S": "5",
                                "T": "10.6",
                                "V": "4900",
                                "W": "5",
                                "Pt": "R",
                                "Dp": "8.4",
                                "$": "660"
                            },
                            {
                                "D": "NW",
                                "G": "7",
                                "H": "82.7",
                                "P": "1023",
                                "S": "3",
                                "T": "10.9",
                                "V": "5000",
                                "W": "5",
                                "Pt": "R",
                                "Dp": "8.1",
                                "$": "720"
                            },
                            {
                                "D": "N",
                                "G": "7",
                                "H": "82.1",
                                "P": "1022",
                                "S": "2",
                                "T": "11.0",
                                "V": "4700",
                                "W": "5",
                                "Pt": "F",
                                "Dp": "8.1",
                                "$": "780"
                            },
                            {
                                "D": "SW",
                                "G": "6",
                                "H": "82.1",
                                "P": "1022",
                                "S": "2",
                                "T": "11.4",
                                "V": "5000",
                                "W": "5",
                                "Pt": "F",
                                "Dp": "8.5",
                                "$": "840"
                            },
                            {
                                "D": "N",
                                "G": "8",
                                "H": "81.6",
                                "P": "1023",
                                "S": "2",
                                "T": "11.5",
                                "V": "5000",
                                "W": "5",
                                "Pt": "F",
                                "Dp": "8.5",
                                "$": "900"
                            },
                            {
                                "D": "NNW",
                                "G": "5",
                                "H": "82.2",
                                "P": "1023",
                                "S": "2",
                                "T": "11.3",
                                "V": "5000",
                                "W": "5",
                                "Pt": "R",
                                "Dp": "8.4",
                                "$": "960"
                            }
                        ]
                    }
                ]
            }
        }
    }
}