{
    "SiteRep": {
        "Wx": {
            "Param": [
                {
                    "name": "G",
                    "units": "mph",
                    "$": "Wind Gust"
                },
                {
                    "name": "T",
                    "units": "C",
                    "$": "Temperature"
                },
                {
                    "name": "V",
                    "units": "m",
                    "$": "Visibility"
                },
                {
                    "name": "D",
                    "units": "compass",
                    "$": "Wind Direction"
                },
                {
                    "name": "S",
                    "units": "mph",
                    "$": "Wind Speed"
                },
                {
                    "name": "W",
                    "units": "",
                    "$": "Weather Type"
                },
                {
                    "name": "P",
                    "units": "hpa",
                    "$": "Pressure"
                },
                {
                    "name": "Pt",
                    "units": "Pa/s",
                    "$": "Pressure Tendency"
                },
                {
                    "name": "Dp",
                    "units": "C",
                    "$": "Dew Point"
                },
                {
                    "name": "H",
                    "units": "%",
                    "$": "Screen Relative Humidity"
                }
            ]
        },
        "DV": {
            "dataDate": "2024-02-01T16:00:00Z",
            "type": "Obs",
            "Location": {
                "i": "3772",
                "lat": "51.479",
                "lon": "-0.449",
                "name": "HEATHROW",
                "country": "ENGLAND",
                "continent": "EUROPE",
                "elevation": "25.0",
                "Period": [
                    {
                        "type": "Day",
                        "value": "2024-01-31Z",
                        "Rep": [
                            {
                                "D": "SSW",
                                "G": "28",
                                "H": "79.6",
                                "P": "1026",
                                "S": "16",
                                "T": "10.0",
                                "V": "30000",
                                "W": "8",
                                "Pt": "F",
                                "Dp": "6.7",
                                "$": "960"
                            },
                            {
                                "D": "SSW",
                                "G": "25",
                                "H": "84.8",
                                "P": "1026",
                                "S": "16",
                                "T": "9.9",
                                "V": "30000",
                                "W": "8",
                                "Pt": "F",
                                "Dp": "7.5",
                                "$": "1020"
                            },
                            {
                                "D": "SW",
                                "G": "22",
                                "H": "86.1",
                                "P": "1025",
                                "S": "15",
                                "T": "10.7",
                                "V": "30000",
                                "W": "8",
                                "Pt": "F",
                                "Dp": "8.5",
                                "$": "1080"
                            },
                            {
                                "D": "SSW",
                                "G": "28",
                                "H": "83.9",
                                "P": "1024",
                                "S": "16",
                                "T": "11.4",
                                "V": "30000",
                                "W": "8",
                                "Pt": "F",
                                "Dp": "8.8",
                                "$": "1140"
                            },
                            {
                                "D": "SW",
                                "G": "26",
                                "H": "79.9",
                                "P": "1025",
                                "S": "16",
                                "T": "11.9",
                                "V": "30000",
                                "W": "8",
                                "Pt": "F",
                                "Dp": "8.6",
                                "$": "1200"
                            },
                            {
                                "D": "WSW",
                                "G": "30",
                                "H": "81.6",
                                "P": "1025",
                                "S": "19",
                                "T": "11.6",
                                "V": "9000",
                                "W": "11",
                                "Pt": "F",
                                "Dp": "8.6",
                                "$": "1260"
                            },
                            {
                                "D": "WSW",
                                "G": "23",
                                "H": "92.1",
                                "P": "1026",
                                "S": "13",
                                "T": "10.6",
                                "V": "15000",
                                "W": "11",
                                "Pt": "R",
                                "Dp": "9.4",
                                "$": "1320"
                            },
                            {
                                "D": "WSW",
                                "G": "21",
                                "H": "92.8",
                                "P": "1026",
                                "S": "13",
                                "T": "10.5",
                                "V": "30000",
                                "W": "12",
                                "Pt": "R",
                                "Dp": "9.4",
                                "$": "1380"
                            }
                        ]
                    },
                    {
                        "type": "Day",
                        "value": "2024-02-01Z",
                        "Rep": [
                            {
                                "D": "WSW",
                                "G": "19",
                                "H": "92.2",
                                "P": "1027",
                                "S": "10",
                                "T": "10.5",
                                "V": "11000",
                                "W": "8",
                                "Pt": "R",
                                "Dp": "9.3",
                                "$": "0"
                            },
                            {
                                "D": "WSW",
                                "G": "14",
                                "H": "92.2",
                                "P": "1027",
                                "S": "9",
                                "T": "10.5",
                                "V": "50000",
                                "W": "8",
                                "Pt": "R",
                                "Dp": "9.3",
                                "$": "60"
                            },
                            {
                                "D": "NW",
                                "G": "15",
                                "H": "84.1",
                                "P": "1028",
                                "S": "7",
                                "T": "9.1",
                                "V": "50000",
                                "W": "8",
                                "Pt": "R",
                                "Dp": "6.6",
                                "$": "120"
                            },
                            {
                                "D": "NNW",
                                "G": "17",
                                "H": "77.2",
                                "P": "1029",
                                "S": "8",
                                "T": "8.4",
                                "V": "30000",
                                "W": "8",
                                "Pt": "R",
                                "Dp": "4.7",
                                "$": "180"
                            },
                            {
                                "D": "NNW",
                                "G": "14",
                                "H": "76.8",
                                "P": "1030",
                                "S": "5",
                                "T": "7.0",
                                "V": "23000",
                                "W": "2",
                                "Pt": "R",
                                "Dp": "3.3",
                                "$": "240"
                            },
                            {
                                "D": "NW",
                                "G": "10",
                                "H": "75.7",
                                "P": "1031",
                                "S": "5",
                                "T": "6.2",
                                "V": "21000",
                                "W": "7",
                                "Pt": "R",
                                "Dp": "2.3",
                                "$": "300"
                            },
                            {
                                "D": "WNW",
                                "G": "8",
                                "H": "77.0",
                                "P": "1032",
                                "S": "5",
                                "T": "5.1",
                                "V": "19000",
                                "W": "0",
                                "Pt": "R",
                                "Dp": "1.5",
                                "$": "360"
                            },
                            {
                                "D": "WNW",
                                "G": "7",
                                "H": "78.8",
                                "P": "1032",
                                "S": "5",
                                "T": "4.6",
                                "V": "17000",
                                "W": "0",
                                "Pt": "R",
                                "Dp": "1.3",
                                "$": "420"
                            },
                            {
                                "D": "W",
                                "G": "6",
                                "H": "79.8",
                                "P": "1033",
                                "S": "3",
                                "T": "4.3",
                                "V": "17000",
                                "W": "1",
                                "Pt": "R",
                                "Dp": "1.2",
                                "$": "480"
                            },
                            {
                                "D": "WNW",
                                "G": "8",
                                "H": "78.8",
                                "P": "1034",
                                "S": "5",
                                "T": "4.6",
                                "V": "17000",
                                "W": "1",
                                "Pt": "R",
                                "Dp": "1.3",
                                "$": "540"
                            },
                            {
                                "D": "WSW",
                                "G": "11",
                                "H": "77.8",
                                "P": "1034",
                                "S": "7",
                                "T": "6.0",
                                "V": "17000",
                                "W": "1",
                                "Pt": "R",
                                "Dp": "2.5",
                                "$": "600"
                            },
                            {
                                "D": "W",
                                "G": "11",
                                "H": "66.9",
                                "P": "1035",
                                "S": "7",
                                "T": "7.0",
                                "V": "16000",
                                "W": "1",
                                "Pt": "R",
                                "Dp": "1.4",
                                "$": "660"
                            },
                            {
                                "D": "W",
                                "G": "11",
                                "H": "61.1",
                                "P": "1035",
                                "S": "8",
                                "T": "8.4",
                                "V": "20000",
                                "W": "1",
                                "Pt": "R",
                                "Dp": "1.5",
                                "$": "720"
                            },
                            {
                                "D": "W",
                                "G": "13",
                                "H": "60.0",
                                "P": "1034",
                                "S": "6",
                                "T": "9.4",
                                "V": "25000",
                                "W": "1",
                                "Pt": "R",
                                "Dp": "2.2",
                                "$": "780"
                            },
                            {
                                "D": "W",
                                "G": "13",
                                "H": "56.8",
                                "P": "1034",
                                "S": "8",
                                "T": "10.1",
                                "V": "30000",
                                "W": "1",
                                "Pt": "F",
                                "Dp": "2.1",
                                "$": "840"
                            },
                            {
                                "D": "WSW",
                                "G": "14",
                                "H": "58.4",
                                "P": "1034",
                                "S": "9",
                                "T": "9.6",
                                "V": "30000",
                                "W": "1",
                                "Pt": "F",
                                "Dp": "2.0",
                                "$": "900"
                            },
                            {
                                "D": "WSW",
                                "G": "16",
                                "H": "60.7",
                                "P": "1034",
                                "S": "8",
                                "T": "8.4",
                                "V": "30000",
                                "W": "1",
                                "Pt": "F",
                                "Dp": "1.4",
                                "$": "960"
                            }
                        ]
                    }
                ]
            }
        }
    }
}