{
    "SiteRep": {
        "Wx": {
            "Param": [
                {
                    "name": "G",
                    "units": "mph",
                    "$": "Wind Gust"
                },
                {
                    "name": "T",
                    "units": "C",
                    "$": "Temperature"
                },
                {
                    "name": "V",
                    "units": "m",
                    "$": "Visibility"
                },
                {
                    "name": "D",
                    "units": "compass",
                    "$": "Wind Direction"
                },
                {
                    "name": "S",
                    "units": "mph",
                    "$": "Wind Speed"
                },
                {
                    "name": "W",
                    "units": "",
                    "$": "Weather Type"
                },
                {
                    "name": "P",
                    "units": "hpa",
                    "$": "Pressure"
                },
                {
                    "name": "Pt",
                    "units": "Pa/s",
                    "$": "Pressure Tendency"
                },
                {
                    "name": "Dp",
                    "units": "C",
                    "$": "Dew Point"
                },
                {
                    "name": "H",
                    "units": "%",
                    "$": "Screen Relative Humidity"
                }
            ]
        },
        "DV": {
            "dataDate": "2024-04-06T16:00:00Z",
            "type": "Obs",
            "Location": {
                "i": "3772",
                "lat": "51.479",
                "lon": "-0.449",
                "name": "HEATHROW",
                "country": "ENGLAND",
                "continent": "EUROPE",
                "elevation": "25.0",
                "Period": [
                    {
                        "type": "Day",
                        "value": "2024-04-05Z",
                        "Rep": [
                            {
                                "D": "SSW",
                                "G": "33",
                                "H": "63.4",
                                "P": "1005",
                                "S": "19",
                                "T": "16.0",
                                "V": "21000",
                                "W": "8",
                                "Pt": "R",
                                "Dp": "9.1",
                                "$": "960"
                            },
                            {
                                "D": "SSW",
                                "G": "32",
                                "H": "67.3",
                                "P": "1006",
                                "S": "17",
                                "T": "15.6",
                                "V": "22000",
                                "W": "8",
                                "Pt": "R",
                                "Dp": "9.6",
                                "$": "1020"
                            },
                            {
                                "D": "SSW",
                                "G": "28",
                                "H": "69.5",
                                "P": "1006",
                                "S": "14",
                                "T": "15.0",
                                "V": "20000",
                                "W": "8",
                                "Pt": "R",
                                "Dp": "9.5",
                                "$": "1080"
                            },
                            {
                                "D": "SSW",
                                "G": "18",
                                "H": "72.3",
                                "P": "1006",
                                "S": "11",
                                "T": "14.7",
                                "V": "18000",
                                "W": "8",
                                "Pt": "R",
                                "Dp": "9.8",
                                "$": "1140"
                            },
                            {
                                "D": "S",
                                "G": "16",
                                "H": "80.4",
                                "P": "1006",
                                "S": "10",
                                "T": "13.6",
                                "V": "21000",
                                "W": "12",
                                "Pt": "R",
                                "Dp": "10.3",
                                "$": "1200"
                            },
                            {
                                "D": "SSE",
                                "G": "14",
                                "H": "79.8",
                                "P": "1006",
                                "S": "8",
                                "T": "13.7",
                                "V": "23000",
                                "W": "8",
                                "Pt": "R",
                                "Dp": "10.3",
                                "$": "1260"
                            },
                            {
                                "D": "SSE",
                                "G": "15",
                                "H": "78.3",
                                "P": "1006",
                                "S": "9",
                                "T": "13.7",
                                "V": "24000",
                                "W": "8",
                                "Pt": "R",
                                "Dp": "10.0",
                                "$": "1320"
                            },
                            {
                                "D": "SSE",
                                "G": "14",
                                "H": "82.5",
                                "P": "1006",
                                "S": "7",
                                "T": "13.6",
                                "V": "29000",
                                "W": "8",
                                "Pt": "F",
                                "Dp": "10.7",
                                "$": "1380"
                            }
                        ]
                    },
                    {
                        "type": "Day",
                        "value": "2024-04-06Z",
                        "Rep": [
                            {
                                "D": "SE",
                                "G": "14",
                                "H": "86.5",
                                "P": "1005",
                                "S": "9",
                                "T": "13.5",
                                "V": "35000",
                                "W": "8",
                                "Pt": "F",
                                "Dp": "11.3",
                                "$": "0"
                            },
                            {
                                "D": "SE",
                                "G": "19",
                                "H": "85.6",
                                "P": "1004",
                                "S": "14",
                                "T": "14.6",
                                "V": "45000",
                                "W": "8",
                                "Pt": "F",
                                "Dp": "12.2",
                                "$": "60"
                            },
                            {
                                "D": "SSE",
                                "G": "19",
                                "H": "82.7",
                                "P": "1003",
                                "S": "11",
                                "T": "14.7",
                                "V": "45000",
                                "W": "7",
                                "Pt": "F",
                                "Dp": "11.8",
                                "$": "120"
                            },
                            {
                                "D": "SSE",
                                "G": "19",
                                "H": "74.9",
                                "P": "1002",
                                "S": "14",
                                "T": "15.0",
                                "V": "45000",
                                "W": "8",
                                "Pt": "F",
                                "Dp": "10.6",
                                "$": "180"
                            },
                            {
                                "D": "SE",
                                "G": "19",
                                "H": "75.3",
                                "P": "1001",
                                "S": "10",
                                "T": "14.1",
                                "V": "45000",
                                "W": "8",
                                "Pt": "F",
                                "Dp": "9.8",
                                "$": "240"
                            },
                            {
                                "D": "ESE",
                                "G": "16",
                                "H": "76.4",
                                "P": "1000",
                                "S": "13",
                                "T": "14.3",
                                "V": "45000",
                                "W": "2",
                                "Pt": "F",
                                "Dp": "10.2",
                                "$": "300"
                            },
                            {
                                "D": "SSE",
                                "G": "21",
                                "H": "69.8",
                                "P": "1000",
                                "S": "15",
                                "T": "15.6",
                                "V": "40000",
                                "W": "1",
                                "Pt": "F",
                                "Dp": "10.1",
                                "$": "360"
                            },
                            {
                                "D": "SSE",
                                "G": "24",
                                "H": "65.9",
                                "P": "1000",
                                "S": "16",
                                "T": "16.8",
                                "V": "40000",
                                "W": "3",
                                "Pt": "F",
                                "Dp": "10.4",
                                "$": "420"
                            },
                            {
                                "D": "SSE",
                                "G": "28",
                                "H": "64.6",
                                "P": "999",
                                "S": "17",
                                "T": "16.9",
                                "V": "40000",
                                "W": "1",
                                "Pt": "F",
                                "Dp": "10.2",
                                "$": "480"
                            },
                            {
                                "D": "S",
                                "G": "29",
                                "H": "61.9",
                                "P": "999",
                                "S": "17",
                                "T": "17.5",
                                "V": "35000",
                                "W": "7",
                                "Pt": "F",
                                "Dp": "10.1",
                                "$": "540"
                            },
                            {
                                "D": "S",
                                "G": "29",
                                "H": "62.6",
                                "P": "1000",
                                "S": "19",
                                "T": "17.2",
                                "V": "30000",
                                "W": "8",
                                "Pt": "R",
                                "Dp": "10.0",
                                "$": "600"
                            },
                            {
                                "D": "S",
                                "G": "29",
                                "H": "65.3",
                                "P": "1000",
                                "S": "15",
                                "T": "17.7",
                                "W": "3",
                                "Pt": "R",
                                "Dp": "11.1",
                                "$": "660"
                            },
                            {
                                "D": "SSW",
                                "G": "25",
                                "H": "62.8",
                                "P": "1001",
                                "S": "16",
                                "T": "18.1",
                                "W": "7",
                                "Pt": "R",
                                "Dp": "10.9",
                                "$": "720"
                            },
                            {
                                "D": "SSW",
                                "G": "41",
                                "H": "58.8",
                                "P": "1000",
                                "S": "28",
                                "T": "18.3",
                                "W": "3",
                                "Pt": "R",
                                "Dp": "10.1",
                                "$": "780"
                            },
                            {
                                "D": "SSW",
                                "G": "40",
                                "H": "53.4",
                                "P": "1002",
                                "S": "25",
                                "T": "17.9",
                                "W": "1",
                                "Pt": "R",
                                "Dp": "8.3",
                                "$": "840"
                            },
                            {
                                "D": "SSW",
                                "G": "36",
                                "H": "58.4",
                                "P": "1002",
                                "S": "24",
                                "T": "17.1",
                                "W": "3",
                                "Pt": "R",
                                "Dp": "8.9",
                                "$": "900"
                            },
                            {
                                "D": "SSW",
                                "G": "36",
                                "H": "61.2",
                                "P": "1002",
                                "S": "19",
                                "T": "17.0",
                                "W": "8",
                                "Pt": "R",
                                "Dp": "9.5",
                                "$": "960"
                            }
                        ]
                    }
                ]
            }
        }
    }
}