{
    "SiteRep": {
        "Wx": {
            "Param": [
                {
                    "name": "G",
                    "units": "mph",
                    "$": "Wind Gust"
                },
                {
                    "name": "T",
                    "units": "C",
                    "$": "Temperature"
                },
                {
                    "name": "V",
                    "units": "m",
                    "$": "Visibility"
                },
                {
                    "name": "D",
                    "units": "compass",
                    "$": "Wind Direction"
                },
                {
                    "name": "S",
                    "units": "mph",
                    "$": "Wind Speed"
                },
                {
                    "name": "W",
                    "units": "",
                    "$": "Weather Type"
                },
                {
                    "name": "P",
                    "units": "hpa",
                    "$": "Pressure"
                },
                {
                    "name": "Pt",
                    "units": "Pa/s",
                    "$": "Pressure Tendency"
                },
                {
                    "name": "Dp",
                    "units": "C",
                    "$": "Dew Point"
                },
                {
                    "name": "H",
                    "units": "%",
                    "$": "Screen Relative Humidity"
                }
            ]
        },
        "DV": {
            "dataDate": "2025-02-16T16:00:00Z",
            "type": "Obs",
            "Location": {
                "i": "3772",
                "lat": "51.479",
                "lon": "-0.449",
                "name": "HEATHROW",
                "country": "ENGLAND",
                "continent": "EUROPE",
                "elevation": "25.0",
                "Period": [
                    {
                        "type": "Day",
                        "value": "2025-02-15Z",
                        "Rep": [
                            {
                                "D": "SE",
                                "G": "15",
                                "H": "73.6",
                                "P": "1018",
                                "S": "10",
                                "T": "5.7",
                                "V": "15000",
                                "W": "12",
                                "Pt": "F",
                                "Dp": "1.4",
                                "$": "960"
                            },
                            {
                                "D": "SE",
                                "G": "15",
                                "H": "78.4",
                                "P": "1018",
                                "S": "7",
                                "T": "5.1",
                                "V": "12000",
                                "W": "12",
                                "Pt": "F",
                                "Dp": "1.7",
                                "$": "1020"
                            },
                            {
                                "D": "SE",
                                "G": "14",
                                "H": "81.9",
                                "P": "1018",
                                "S": "8",
                                "T": "4.7",
                                "V": "12000",
                                "W": "8",
                                "Pt": "R",
                                "Dp": "1.9",
                                "$": "1080"
                            },
                            {
                                "D": "ESE",
                                "G": "15",
                                "H": "84.2",
                                "P": "1018",
                                "S": "10",
                                "T": "4.2",
                                "V": "9000",
                                "W": "12",
                                "Pt": "R",
                                "Dp": "1.8",
                                "$": "1140"
                            },
                            {
                                "D": "ESE",
                                "G": "17",
                                "H": "83.6",
                                "P": "1018",
                                "S": "10",
                                "T": "3.6",
                                "V": "9000",
                                "W": "8",
                                "Pt": "R",
                                "Dp": "1.1",
                                "$": "1200"
                            },
                            {
                                "D": "ESE",
                                "G": "16",
                                "H": "83.5",
                                "P": "1018",
                                "S": "10",
                                "T": "3.2",
                                "V": "9000",
                                "W": "5",
                                "Pt": "R",
                                "Dp": "0.7",
                                "$": "1260"
                            },
                            {
                                "D": "ESE",
                                "G": "16",
                                "H": "84.1",
                                "P": "1018",
                                "S": "8",
                                "T": "2.8",
                                "V": "9000",
                                "W": "5",
                                "Pt": "R",
                                "Dp": "0.4",
                                "$": "1320"
                            },
                            {
                                "D": "ESE",
                                "G": "13",
                                "H": "85.3",
                                "P": "1018",
                                "S": "7",
                                "T": "2.4",
                                "V": "8000",
                                "W": "5",
                                "Pt": "R",
                                "Dp": "0.2",
                                "$": "1380"
                            }
                        ]
                    },
                    {
                        "type": "Day",
                        "value": "2025-02-16Z",
                        "Rep": [
                            {
                                "D": "ESE",
                                "G": "10",
                                "H": "83.9",
                                "P": "1019",
                                "S": "7",
                                "T": "2.2",
                                "V": "9000",
                                "W": "5",
                                "Pt": "R",
                                "Dp": "-0.2",
                                "$": "0"
                            },
                            {
                                "D": "ESE",
                                "G": "9",
                                "H": "84.9",
                                "P": "1019",
                                "S": "5",
                                "T": "1.0",
                                "V": "7000",
                                "W": "5",
                                "Pt": "R",
                                "Dp": "-1.2",
                                "$": "60"
                            },
                            {
                                "D": "NE",
                                "G": "8",
                                "H": "85.1",
                                "P": "1018",
                                "S": "5",
                                "T": "1.6",
                                "V": "8000",
                                "W": "5",
                                "Pt": "R",
                                "Dp": "-0.6",
                                "$": "120"
                            },
                            {
                                "D": "E",
                                "G": "10",
                                "H": "85.6",
                                "P": "1018",
                                "S": "3",
                                "T": "1.1",
                                "V": "7000",
                                "W": "5",
                                "Pt": "F",
                                "Dp": "-1.0",
                                "$": "180"
                            },
                            {
                                "D": "E",
                                "G": "8",
                                "H": "85.6",
                                "P": "1018",
                                "S": "6",
                                "T": "0.3",
                                "V": "6000",
                                "W": "5",
                                "Pt": "F",
                                "Dp": "-1.6",
                                "$": "240"
                            },
                            {
                                "D": "E",
                                "G": "11",
                                "H": "88.2",
                                "P": "1019",
                                "S": "6",
                                "T": "1.3",
                                "V": "5000",
                                "W": "5",
                                "Pt": "R",
                                "Dp": "-0.4",
                                "$": "300"
                            },
                            {
                                "D": "E",
                                "G": "13",
                                "H": "91.0",
                                "P": "1019",
                                "S": "8",
                                "T": "2.3",
                                "V": "4900",
                                "W": "5",
                                "Pt": "R",
                                "Dp": "1.0",
                                "$": "360"
                            },
                            {
                                "D": "E",
                                "G": "15",
                                "H": "89.0",
                                "P": "1019",
                                "S": "10",
                                "T": "2.6",
                                "V": "7000",
                                "W": "5",
                                "Pt": "R",
                                "Dp": "1.0",
                                "$": "420"
                            },
                            {
                                "D": "E",
                                "G": "17",
                                "H": "84.7",
                                "P": "1020",
                                "S": "11",
                                "T": "2.8",
                                "V": "13000",
                                "W": "5",
                                "Pt": "R",
                                "Dp": "0.5",
                                "$": "480"
                            },
                            {
                                "D": "E",
                                "G": "19",
                                "H": "83.4",
                                "P": "1020",
                                "S": "13",
                                "T": "3.0",
                                "V": "11000",
                                "W": "8",
                                "Pt": "R",
                                "Dp": "0.5",
                                "$": "540"
                            },
                            {
                                "D": "E",
                                "G": "23",
                                "H": "78.1",
                                "P": "1020",
                                "S": "16",
                                "T": "3.1",
                                "V": "18000",
                                "W": "8",
                                "Pt": "R",
                                "Dp": "-0.3",
                                "$": "600"
                            },
                            {
                                "D": "E",
                                "G": "22",
                                "H": "72.6",
                                "P": "1021",
                                "S": "15",
                                "T": "3.7",
                                "V": "22000",
                                "W": "8",
                                "Pt": "R",
                                "Dp": "-0.7",
                                "$": "660"
                            },
                            {
                                "D": "E",
                                "G": "22",
                                "H": "68.1",
                                "P": "1020",
                                "S": "15",
                                "T": "5.1",
                                "V": "26000",
                                "W": "8",
                                "Pt": "R",
                                "Dp": "-0.2",
                                "$": "720"
                            },
                            {
                                "D": "E",
                                "G": "19",
                                "H": "59.7",
                                "P": "1020",
                                "S": "11",
                                "T": "5.6",
                                "V": "24000",
                                "W": "8",
                                "Pt": "R",
                                "Dp": "-1.5",
                                "$": "780"
                            },
                            {
                                "D": "E",
                                "G": "21",
                                "H": "66.2",
                                "P": "1020",
                                "S": "10",
                                "T": "5.3",
                                "V": "18000",
                                "W": "3",
                                "Pt": "F",
                                "Dp": "-0.4",
                                "$": "840"
                            },
                            {
                                "D": "E",
                                "G": "17",
                                "H": "65.6",
                                "P": "1020",
                                "S": "11",
                                "T": "4.9",
                                "V": "15000",
                                "W": "8",
                                "Pt": "F",
                                "Dp": "-0.9",
                                "$": "900"
                            },
                            {
                                "D": "ENE",
                                "G": "17",
                                "H": "61.5",
                                "P": "1020",
                                "S": "9",
                                "T": "4.1",
                                "V": "23000",
                                "W": "3",
                                "Pt": "S",
                                "Dp": "-2.5",
                                "$": "960"
                            }
                        ]
                    }
                ]
            }
        }
    }
}