{
    "SiteRep": {
        "Wx": {
            "Param": [
                {
                    "name": "G",
                    "units": "mph",
                    "$": "Wind Gust"
                },
                {
                    "name": "T",
                    "units": "C",
                    "$": "Temperature"
                },
                {
                    "name": "V",
                    "units": "m",
                    "$": "Visibility"
                },
                {
                    "name": "D",
                    "units": "compass",
                    "$": "Wind Direction"
                },
                {
                    "name": "S",
                    "units": "mph",
                    "$": "Wind Speed"
                },
                {
                    "name": "W",
                    "units": "",
                    "$": "Weather Type"
                },
                {
                    "name": "P",
                    "units": "hpa",
                    "$": "Pressure"
                },
                {
                    "name": "Pt",
                    "units": "Pa/s",
                    "$": "Pressure Tendency"
                },
                {
                    "name": "Dp",
                    "units": "C",
                    "$": "Dew Point"
                },
                {
                    "name": "H",
                    "units": "%",
                    "$": "Screen Relative Humidity"
                }
            ]
        },
        "DV": {
            "dataDate": "2024-09-14T16:00:00Z",
            "type": "Obs",
            "Location": {
                "i": "3772",
                "lat": "51.479",
                "lon": "-0.449",
                "name": "HEATHROW",
                "country": "ENGLAND",
                "continent": "EUROPE",
                "elevation": "25.0",
                "Period": [
                    {
                        "type": "Day",
                        "value": "2024-09-13Z",
                        "Rep": [
                            {
                                "D": "WNW",
                                "G": "13",
                                "H": "37.5",
                                "P": "1029",
                                "S": "7",
                                "T": "17.0",
                                "V": "75000",
                                "W": "3",
                                "Pt": "S",
                                "Dp": "2.7",
                                "$": "960"
                            },
                            {
                                "D": "W",
                                "G": "14",
                                "H": "38.7",
                                "P": "1029",
                                "S": "7",
                                "T": "16.4",
                                "V": "75000",
                                "W": "7",
                                "Pt": "R",
                                "Dp": "2.6",
                                "$": "1020"
                            },
                            {
                                "D": "W",
                                "G": "11",
                                "H": "42.2",
                                "P": "1029",
                                "S": "8",
                                "T": "15.1",
                                "V": "75000",
                                "W": "1",
                                "Pt": "R",
                                "Dp": "2.6",
                                "$": "1080"
                            },
                            {
                                "D": "W",
                                "G": "9",
                                "H": "46.7",
                                "P": "1030",
                                "S": "3",
                                "T": "14.2",
                                "V": "75000",
                                "W": "0",
                                "Pt": "R",
                                "Dp": "3.2",
                                "$": "1140"
                            },
                            {
                                "D": "W",
                                "G": "6",
                                "H": "52.6",
                                "P": "1030",
                                "S": "3",
                                "T": "13.5",
                                "V": "55000",
                                "W": "0",
                                "Pt": "R",
                                "Dp": "4.2",
                                "$": "1200"
                            },
                            {
                                "D": "WNW",
                                "G": "5",
                                "H": "66.1",
                                "P": "1031",
                                "S": "3",
                                "T": "11.6",
                                "V": "40000",
                                "W": "0",
                                "Pt": "R",
                                "Dp": "5.6",
                                "$": "1260"
                            },
                            {
                                "D": "NNW",
                                "G": "5",
                                "H": "74.2",
                                "P": "1031",
                                "S": "2",
                                "T": "10.4",
                                "V": "27000",
                                "W": "0",
                                "Pt": "R",
                                "Dp": "6.1",
                                "$": "1320"
                            },
                            {
                                "D": "W",
                                "G": "3",
                                "H": "77.8",
                                "P": "1031",
                                "S": "1",
                                "T": "9.7",
                                "V": "30000",
                                "W": "0",
                                "Pt": "R",
                                "Dp": "6.1",
                                "$": "1380"
                            }
                        ]
                    },
                    {
                        "type": "Day",
                        "value": "2024-09-14Z",
                        "Rep": [
                            {
                                "D": "WNW",
                                "G": "7",
                                "H": "81.1",
                                "P": "1031",
                                "S": "5",
                                "T": "8.7",
                                "V": "30000",
                                "W": "0",
                                "Pt": "R",
                                "Dp": "5.7",
                                "$": "0"
                            },
                            {
                                "D": "NW",
                                "G": "6",
                                "H": "86.9",
                                "P": "1031",
                                "S": "2",
                                "T": "7.8",
                                "V": "30000",
                                "W": "0",
                                "Pt": "S",
                                "Dp": "5.8",
                                "$": "60"
                            },
                            {
                                "D": "W",
                                "G": "5",
                                "H": "87.6",
                                "P": "1031",
                                "S": "3",
                                "T": "7.5",
                                "V": "30000",
                                "W": "0",
                                "Pt": "S",
                                "Dp": "5.6",
                                "$": "120"
                            },
                            {
                                "D": "W",
                                "G": "6",
                                "H": "88.8",
                                "P": "1031",
                                "S": "3",
                                "T": "7.3",
                                "V": "29000",
                                "W": "0",
                                "Pt": "R",
                                "Dp": "5.6",
                                "$": "180"
                            },
                            {
                                "D": "W",
                                "G": "3",
                                "H": "93.8",
                                "P": "1031",
                                "S": "1",
                                "T": "6.6",
                                "V": "30000",
                                "W": "0",
                                "Pt": "F",
                                "Dp": "5.7",
                                "$": "240"
                            },
                            {
                                "D": "NNE",
                                "G": "3",
                                "H": "94.5",
                                "P": "1031",
                                "S": "1",
                                "T": "6.0",
                                "V": "25000",
                                "W": "0",
                                "Pt": "F",
                                "Dp": "5.2",
                                "$": "300"
                            },
                            {
                                "D": "N",
                                "G": "3",
                                "H": "93.9",
                                "P": "1031",
                                "S": "0",
                                "T": "6.2",
                                "V": "25000",
                                "W": "1",
                                "Pt": "F",
                                "Dp": "5.3",
                                "$": "360"
                            },
                            {
                                "D": "N",
                                "G": "3",
                                "H": "91.3",
                                "P": "1031",
                                "S": "0",
                                "T": "7.8",
                                "V": "29000",
                                "W": "1",
                                "Pt": "R",
                                "Dp": "6.5",
                                "$": "420"
                            },
                            {
                                "D": "N",
                                "G": "6",
                                "H": "74.5",
                                "P": "1031",
                                "S": "2",
                                "T": "11.2",
                                "V": "35000",
                                "W": "1",
                                "Pt": "R",
                                "Dp": "6.9",
                                "$": "480"
                            },
                            {
                                "D": "SSW",
                                "G": "6",
                                "H": "65.7",
                                "P": "1031",
                                "S": "2",
                                "T": "14.0",
                                "V": "45000",
                                "W": "1",
                                "Pt": "R",
                                "Dp": "7.8",
                                "$": "540"
                            },
                            {
                                "D": "SW",
                                "G": "10",
                                "H": "53.5",
                                "P": "1031",
                                "S": "6",
                                "T": "16.5",
                                "V": "40000",
                                "W": "1",
                                "Pt": "R",
                                "Dp": "7.2",
                                "$": "600"
                            },
                            {
                                "D": "WSW",
                                "G": "14",
                                "H": "48.7",
                                "P": "1031",
                                "S": "8",
                                "T": "17.4",
                                "V": "65000",
                                "W": "1",
                                "Pt": "F",
                                "Dp": "6.7",
                                "$": "660"
                            },
                            {
                                "D": "WSW",
                                "G": "17",
                                "H": "44.6",
                                "P": "1030",
                                "S": "10",
                                "T": "18.9",
                                "V": "75000",
                                "W": "1",
                                "Pt": "F",
                                "Dp": "6.8",
                                "$": "720"
                            },
                            {
                                "D": "WSW",
                                "G": "18",
                                "H": "46.0",
                                "P": "1030",
                                "S": "11",
                                "T": "19.3",
                                "V": "75000",
                                "W": "1",
                                "Pt": "F",
                                "Dp": "7.6",
                                "$": "780"
                            },
                            {
                                "D": "WSW",
                                "G": "19",
                                "H": "46.0",
                                "P": "1029",
                                "S": "11",
                                "T": "19.3",
                                "V": "65000",
                                "W": "1",
                                "Pt": "F",
                                "Dp": "7.6",
                                "$": "840"
                            },
                            {
                                "D": "WSW",
                                "G": "19",
                                "H": "45.8",
                                "P": "1029",
                                "S": "10",
                                "T": "19.6",
                                "V": "55000",
                                "W": "3",
                                "Pt": "F",
                                "Dp": "7.8",
                                "$": "900"
                            },
                            {
                                "D": "WSW",
                                "G": "18",
                                "H": "50.2",
                                "P": "1029",
                                "S": "11",
                                "T": "18.8",
                                "V": "65000",
                                "W": "1",
                                "Pt": "F",
                                "Dp": "8.4",
                                "$": "960"
                            }
                        ]
                    }
                ]
            }
        }
    }
}