{
    "SiteRep": {
        "Wx": {
            "Param": [
                {
                    "name": "G",
                    "units": "mph",
                    "$": "Wind Gust"
                },
                {
                    "name": "T",
                    "units": "C",
                    "$": "Temperature"
                },
                {
                    "name": "V",
                    "units": "m",
                    "$": "Visibility"
                },
                {
                    "name": "D",
                    "units": "compass",
                    "$": "Wind Direction"
                },
                {
                    "name": "S",
                    "units": "mph",
                    "$": "Wind Speed"
                },
                {
                    "name": "W",
                    "units": "",
                    "$": "Weather Type"
                },
                {
                    "name": "P",
                    "units": "hpa",
                    "$": "Pressure"
                },
                {
                    "name": "Pt",
                    "units": "Pa/s",
                    "$": "Pressure Tendency"
                },
                {
                    "name": "Dp",
                    "units": "C",
                    "$": "Dew Point"
                },
                {
                    "name": "H",
                    "units": "%",
                    "$": "Screen Relative Humidity"
                }
            ]
        },
        "DV": {
            "dataDate": "2024-02-21T16:00:00Z",
            "type": "Obs",
            "Location": {
                "i": "3772",
                "lat": "51.479",
                "lon": "-0.449",
                "name": "HEATHROW",
                "country": "ENGLAND",
                "continent": "EUROPE",
                "elevation": "25.0",
                "Period": [
                    {
                        "type": "Day",
                        "value": "2024-02-20Z",
                        "Rep": [
                            {
                                "D": "SSW",
                                "G": "25",
                                "H": "73.6",
                                "P": "1022",
                                "S": "17",
                                "T": "11.7",
                                "V": "40000",
                                "W": "8",
                                "Pt": "F",
                                "Dp": "7.2",
                                "$": "960"
                            },
                            {
                                "D": "SSW",
                                "G": "24",
                                "H": "77.1",
                                "P": "1023",
                                "S": "14",
                                "T": "11.1",
                                "V": "30000",
                                "W": "8",
                                "Pt": "F",
                                "Dp": "7.3",
                                "$": "1020"
                            },
                            {
                                "D": "SSW",
                                "G": "18",
                                "H": "79.8",
                                "P": "1023",
                                "S": "13",
                                "T": "10.7",
                                "V": "30000",
                                "W": "8",
                                "Pt": "F",
                                "Dp": "7.4",
                                "$": "1080"
                            },
                            {
                                "D": "SW",
                                "G": "22",
                                "H": "77.6",
                                "P": "1023",
                                "S": "14",
                                "T": "10.5",
                                "V": "30000",
                                "W": "8",
                                "Pt": "R",
                                "Dp": "6.8",
                                "$": "1140"
                            },
                            {
                                "D": "SSW",
                                "G": "19",
                                "H": "79.7",
                                "P": "1022",
                                "S": "13",
                                "T": "10.2",
                                "V": "23000",
                                "W": "8",
                                "Pt": "F",
                                "Dp": "6.9",
                                "$": "1200"
                            },
                            {
                                "D": "SSW",
                                "G": "19",
                                "H": "80.7",
                                "P": "1022",
                                "S": "13",
                                "T": "9.9",
                                "V": "25000",
                                "W": "8",
                                "Pt": "F",
                                "Dp": "6.8",
                                "$": "1260"
                            },
                            {
                                "D": "SSW",
                                "G": "17",
                                "H": "80.7",
                                "P": "1022",
                                "S": "11",
                                "T": "9.9",
                                "V": "24000",
                                "W": "8",
                                "Pt": "F",
                                "Dp": "6.8",
                                "$": "1320"
                            },
                            {
                                "D": "SW",
                                "G": "18",
                                "H": "82.4",
                                "P": "1021",
                                "S": "14",
                                "T": "9.6",
                                "V": "24000",
                                "W": "8",
                                "Pt": "F",
                                "Dp": "6.8",
                                "$": "1380"
                            }
                        ]
                    },
                    {
                        "type": "Day",
                        "value": "2024-02-21Z",
                        "Rep": [
                            {
                                "D": "SSW",
                                "G": "21",
                                "H": "84.2",
                                "P": "1020",
                                "S": "10",
                                "T": "9.6",
                                "V": "21000",
                                "W": "8",
                                "Pt": "F",
                                "Dp": "7.1",
                                "$": "0"
                            },
                            {
                                "D": "SSW",
                                "G": "15",
                                "H": "84.2",
                                "P": "1020",
                                "S": "9",
                                "T": "9.7",
                                "V": "22000",
                                "W": "8",
                                "Pt": "F",
                                "Dp": "7.2",
                                "$": "60"
                            },
                            {
                                "D": "SSW",
                                "G": "17",
                                "H": "83.7",
                                "P": "1018",
                                "S": "11",
                                "T": "9.8",
                                "V": "22000",
                                "W": "8",
                                "Pt": "F",
                                "Dp": "7.2",
                                "$": "120"
                            },
                            {
                                "D": "SSW",
                                "G": "18",
                                "H": "84.3",
                                "P": "1017",
                                "S": "13",
                                "T": "9.9",
                                "V": "19000",
                                "W": "12",
                                "Pt": "F",
                                "Dp": "7.4",
                                "$": "180"
                            },
                            {
                                "D": "S",
                                "G": "19",
                                "H": "87.8",
                                "P": "1016",
                                "S": "11",
                                "T": "9.5",
                                "V": "23000",
                                "W": "12",
                                "Pt": "F",
                                "Dp": "7.6",
                                "$": "240"
                            },
                            {
                                "D": "S",
                                "G": "19",
                                "H": "86.6",
                                "P": "1015",
                                "S": "10",
                                "T": "9.3",
                                "V": "26000",
                                "W": "8",
                                "Pt": "F",
                                "Dp": "7.2",
                                "$": "300"
                            },
                            {
                                "D": "S",
                                "G": "21",
                                "H": "86.0",
                                "P": "1014",
                                "S": "11",
                                "T": "9.2",
                                "V": "9000",
                                "W": "12",
                                "Pt": "F",
                                "Dp": "7.0",
                                "$": "360"
                            },
                            {
                                "D": "S",
                                "G": "19",
                                "H": "92.1",
                                "P": "1012",
                                "S": "13",
                                "T": "9.0",
                                "V": "16000",
                                "W": "12",
                                "Pt": "F",
                                "Dp": "7.8",
                                "$": "420"
                            },
                            {
                                "D": "S",
                                "G": "22",
                                "H": "90.3",
                                "P": "1010",
                                "S": "13",
                                "T": "9.4",
                                "V": "30000",
                                "W": "12",
                                "Pt": "F",
                                "Dp": "7.9",
                                "$": "480"
                            },
                            {
                                "D": "S",
                                "G": "28",
                                "H": "92.2",
                                "P": "1009",
                                "S": "17",
                                "T": "9.5",
                                "V": "9000",
                                "W": "12",
                                "Pt": "F",
                                "Dp": "8.3",
                                "$": "540"
                            },
                            {
                                "D": "S",
                                "G": "29",
                                "H": "91.5",
                                "P": "1008",
                                "S": "17",
                                "T": "9.7",
                                "V": "13000",
                                "W": "12",
                                "Pt": "F",
                                "Dp": "8.4",
                                "$": "600"
                            },
                            {
                                "D": "S",
                                "G": "28",
                                "H": "91.5",
                                "P": "1006",
                                "S": "18",
                                "T": "9.7",
                                "V": "7000",
                                "W": "12",
                                "Pt": "F",
                                "Dp": "8.4",
                                "$": "660"
                            },
                            {
                                "D": "S",
                                "G": "31",
                                "H": "92.3",
                                "P": "1004",
                                "S": "18",
                                "T": "9.9",
                                "V": "5000",
                                "W": "12",
                                "Pt": "F",
                                "Dp": "8.7",
                                "$": "720"
                            },
                            {
                                "D": "S",
                                "G": "31",
                                "H": "91.1",
                                "P": "1002",
                                "S": "19",
                                "T": "10.7",
                                "V": "9000",
                                "W": "11",
                                "Pt": "F",
                                "Dp": "9.3",
                                "$": "780"
                            },
                            {
                                "D": "SSW",
                                "G": "33",
                                "H": "90.4",
                                "P": "1000",
                                "S": "23",
                                "T": "11.0",
                                "V": "9000",
                                "W": "12",
                                "Pt": "F",
                                "Dp": "9.5",
                                "$": "840"
                            },
                            {
                                "D": "SSW",
                                "G": "33",
                                "H": "91.2",
                                "P": "999",
                                "S": "21",
                                "T": "11.4",
                                "V": "60000",
                                "W": "8",
                                "Pt": "F",
                                "Dp": "10.0",
                                "$": "900"
                            },
                            {
                                "D": "SSW",
                                "G": "30",
                                "H": "91.7",
                                "P": "999",
                                "S": "15",
                                "T": "11.5",
                                "V": "17000",
                                "W": "8",
                                "Pt": "F",
                                "Dp": "10.2",
                                "$": "960"
                            }
                        ]
                    }
                ]
            }
        }
    }
}