{
    "SiteRep": {
        "Wx": {
            "Param": [
                {
                    "name": "G",
                    "units": "mph",
                    "$": "Wind Gust"
                },
                {
                    "name": "T",
                    "units": "C",
                    "$": "Temperature"
                },
                {
                    "name": "V",
                    "units": "m",
                    "$": "Visibility"
                },
                {
                    "name": "D",
                    "units": "compass",
                    "$": "Wind Direction"
                },
                {
                    "name": "S",
                    "units": "mph",
                    "$": "Wind Speed"
                },
                {
                    "name": "W",
                    "units": "",
                    "$": "Weather Type"
                },
                {
                    "name": "P",
                    "units": "hpa",
                    "$": "Pressure"
                },
                {
                    "name": "Pt",
                    "units": "Pa/s",
                    "$": "Pressure Tendency"
                },
                {
                    "name": "Dp",
                    "units": "C",
                    "$": "Dew Point"
                },
                {
                    "name": "H",
                    "units": "%",
                    "$": "Screen Relative Humidity"
                }
            ]
        },
        "DV": {
            "dataDate": "2024-01-27T16:00:00Z",
            "type": "Obs",
            "Location": {
                "i": "3772",
                "lat": "51.479",
                "lon": "-0.449",
                "name": "HEATHROW",
                "country": "ENGLAND",
                "continent": "EUROPE",
                "elevation": "25.0",
                "Period": [
                    {
                        "type": "Day",
                        "value": "2024-01-26Z",
                        "Rep": [
                            {
                                "D": "W",
                                "G": "18",
                                "H": "53.9",
                                "P": "1032",
                                "S": "8",
                                "T": "8.8",
                                "V": "35000",
                                "W": "1",
                                "Pt": "R",
                                "Dp": "0.2",
                                "$": "960"
                            },
                            {
                                "D": "W",
                                "G": "14",
                                "H": "62.5",
                                "P": "1033",
                                "S": "8",
                                "T": "7.1",
                                "V": "30000",
                                "W": "0",
                                "Pt": "R",
                                "Dp": "0.6",
                                "$": "1020"
                            },
                            {
                                "D": "SW",
                                "G": "11",
                                "H": "62.9",
                                "P": "1034",
                                "S": "7",
                                "T": "6.6",
                                "V": "29000",
                                "W": "0",
                                "Pt": "R",
                                "Dp": "0.2",
                                "$": "1080"
                            },
                            {
                                "D": "SW",
                                "G": "15",
                                "H": "66.2",
                                "P": "1034",
                                "S": "9",
                                "T": "6.3",
                                "V": "27000",
                                "W": "0",
                                "Pt": "R",
                                "Dp": "0.6",
                                "$": "1140"
                            },
                            {
                                "D": "SW",
                                "G": "14",
                                "H": "72.3",
                                "P": "1034",
                                "S": "8",
                                "T": "5.7",
                                "V": "25000",
                                "W": "0",
                                "Pt": "R",
                                "Dp": "1.2",
                                "$": "1200"
                            },
                            {
                                "D": "WSW",
                                "G": "13",
                                "H": "77.4",
                                "P": "1034",
                                "S": "9",
                                "T": "4.4",
                                "V": "22000",
                                "W": "0",
                                "Pt": "R",
                                "Dp": "0.9",
                                "$": "1260"
                            },
                            {
                                "D": "W",
                                "G": "13",
                                "H": "76.5",
                                "P": "1035",
                                "S": "5",
                                "T": "5.1",
                                "V": "22000",
                                "W": "0",
                                "Pt": "R",
                                "Dp": "1.4",
                                "$": "1320"
                            },
                            {
                                "D": "WSW",
                                "G": "9",
                                "H": "78.4",
                                "P": "1035",
                                "S": "6",
                                "T": "2.4",
                                "V": "22000",
                                "W": "0",
                                "Pt": "R",
                                "Dp": "-0.9",
                                "$": "1380"
                            }
                        ]
                    },
                    {
                        "type": "Day",
                        "value": "2024-01-27Z",
                        "Rep": [
                            {
                                "D": "SSW",
                                "G": "7",
                                "H": "84.4",
                                "P": "1035",
                                "S": "2",
                                "T": "2.2",
                                "V": "22000",
                                "W": "0",
                                "Pt": "R",
                                "Dp": "-0.1",
                                "$": "0"
                            },
                            {
                                "D": "S",
                                "G": "8",
                                "H": "83.7",
                                "P": "1035",
                                "S": "6",
                                "T": "1.6",
                                "V": "22000",
                                "W": "0",
                                "Pt": "F",
                                "Dp": "-0.8",
                                "$": "60"
                            },
                            {
                                "D": "S",
                                "G": "8",
                                "H": "88.1",
                                "P": "1034",
                                "S": "3",
                                "T": "1.1",
                                "V": "21000",
                                "W": "0",
                                "Pt": "F",
                                "Dp": "-0.6",
                                "$": "120"
                            },
                            {
                                "D": "S",
                                "G": "7",
                                "H": "88.1",
                                "P": "1034",
                                "S": "5",
                                "T": "1.1",
                                "V": "22000",
                                "W": "0",
                                "Pt": "F",
                                "Dp": "-0.6",
                                "$": "180"
                            },
                            {
                                "D": "SSW",
                                "G": "9",
                                "H": "90.8",
                                "P": "1035",
                                "S": "5",
                                "T": "1.6",
                                "V": "22000",
                                "W": "8",
                                "Pt": "F",
                                "Dp": "0.3",
                                "$": "240"
                            },
                            {
                                "D": "N",
                                "G": "5",
                                "H": "91.3",
                                "P": "1034",
                                "S": "0",
                                "T": "0.5",
                                "V": "23000",
                                "W": "0",
                                "Pt": "F",
                                "Dp": "-0.7",
                                "$": "300"
                            },
                            {
                                "D": "SSW",
                                "G": "6",
                                "H": "90.4",
                                "P": "1034",
                                "S": "3",
                                "T": "0.1",
                                "V": "23000",
                                "W": "0",
                                "Pt": "F",
                                "Dp": "-1.1",
                                "$": "360"
                            },
                            {
                                "D": "N",
                                "G": "6",
                                "H": "89.5",
                                "P": "1034",
                                "S": "1",
                                "T": "1.4",
                                "V": "22000",
                                "W": "0",
                                "Pt": "F",
                                "Dp": "-0.1",
                                "$": "420"
                            },
                            {
                                "D": "S",
                                "G": "9",
                                "H": "90.2",
                                "P": "1034",
                                "S": "6",
                                "T": "1.7",
                                "V": "21000",
                                "W": "3",
                                "Pt": "F",
                                "Dp": "0.3",
                                "$": "480"
                            },
                            {
                                "D": "SSE",
                                "G": "10",
                                "H": "90.9",
                                "P": "1034",
                                "S": "3",
                                "T": "2.4",
                                "V": "19000",
                                "W": "8",
                                "Pt": "R",
                                "Dp": "1.1",
                                "$": "540"
                            },
                            {
                                "D": "S",
                                "G": "10",
                                "H": "88.4",
                                "P": "1034",
                                "S": "7",
                                "T": "3.9",
                                "V": "19000",
                                "W": "1",
                                "Pt": "F",
                                "Dp": "2.2",
                                "$": "600"
                            },
                            {
                                "D": "S",
                                "G": "11",
                                "H": "86.7",
                                "P": "1034",
                                "S": "7",
                                "T": "5.2",
                                "V": "18000",
                                "W": "7",
                                "Pt": "R",
                                "Dp": "3.2",
                                "$": "660"
                            },
                            {
                                "D": "S",
                                "G": "10",
                                "H": "82.6",
                                "P": "1034",
                                "S": "6",
                                "T": "7.3",
                                "V": "21000",
                                "W": "3",
                                "Pt": "F",
                                "Dp": "4.6",
                                "$": "720"
                            },
                            {
                                "D": "S",
                                "G": "15",
                                "H": "76.0",
                                "P": "1033",
                                "S": "9",
                                "T": "8.6",
                                "V": "23000",
                                "W": "1",
                                "Pt": "F",
                                "Dp": "4.7",
                                "$": "780"
                            },
                            {
                                "D": "S",
                                "G": "17",
                                "H": "73.9",
                                "P": "1032",
                                "S": "11",
                                "T": "8.6",
                                "V": "22000",
                                "W": "7",
                                "Pt": "F",
                                "Dp": "4.3",
                                "$": "840"
                            },
                            {
                                "D": "S",
                                "G": "18",
                                "H": "70.7",
                                "P": "1031",
                                "S": "10",
                                "T": "8.5",
                                "V": "26000",
                                "W": "3",
                                "Pt": "F",
                                "Dp": "3.6",
                                "$": "900"
                            },
                            {
                                "D": "S",
                                "G": "16",
                                "H": "72.1",
                                "P": "1031",
                                "S": "8",
                                "T": "7.8",
                                "V": "26000",
                                "W": "1",
                                "Pt": "F",
                                "Dp": "3.2",
                                "$": "960"
                            }
                        ]
                    }
                ]
            }
        }
    }
}