{
    "SiteRep": {
        "Wx": {
            "Param": [
                {
                    "name": "G",
                    "units": "mph",
                    "$": "Wind Gust"
                },
                {
                    "name": "T",
                    "units": "C",
                    "$": "Temperature"
                },
                {
                    "name": "V",
                    "units": "m",
                    "$": "Visibility"
                },
                {
                    "name": "D",
                    "units": "compass",
                    "$": "Wind Direction"
                },
                {
                    "name": "S",
                    "units": "mph",
                    "$": "Wind Speed"
                },
                {
                    "name": "W",
                    "units": "",
                    "$": "Weather Type"
                },
                {
                    "name": "P",
                    "units": "hpa",
                    "$": "Pressure"
                },
                {
                    "name": "Pt",
                    "units": "Pa/s",
                    "$": "Pressure Tendency"
                },
                {
                    "name": "Dp",
                    "units": "C",
                    "$": "Dew Point"
                },
                {
                    "name": "H",
                    "units": "%",
                    "$": "Screen Relative Humidity"
                }
            ]
        },
        "DV": {
            "dataDate": "2024-01-01T16:00:00Z",
            "type": "Obs",
            "Location": {
                "i": "3772",
                "lat": "51.479",
                "lon": "-0.449",
                "name": "HEATHROW",
                "country": "ENGLAND",
                "continent": "EUROPE",
                "elevation": "25.0",
                "Period": [
                    {
                        "type": "Day",
                        "value": "2023-12-31Z",
                        "Rep": [
                            {
                                "D": "SW",
                                "G": "39",
                                "H": "86.7",
                                "P": "989",
                                "S": "14",
                                "T": "8.0",
                                "V": "10000",
                                "W": "12",
                                "Pt": "R",
                                "Dp": "5.9",
                                "$": "960"
                            },
                            {
                                "D": "SW",
                                "G": "30",
                                "H": "87.2",
                                "P": "989",
                                "S": "14",
                                "T": "7.8",
                                "V": "35000",
                                "W": "12",
                                "Pt": "R",
                                "Dp": "5.8",
                                "$": "1020"
                            },
                            {
                                "D": "SW",
                                "G": "32",
                                "H": "81.4",
                                "P": "990",
                                "S": "21",
                                "T": "7.9",
                                "V": "40000",
                                "W": "8",
                                "Pt": "R",
                                "Dp": "4.9",
                                "$": "1080"
                            },
                            {
                                "D": "SW",
                                "G": "34",
                                "H": "85.4",
                                "P": "991",
                                "S": "17",
                                "T": "7.7",
                                "V": "13000",
                                "W": "12",
                                "Pt": "R",
                                "Dp": "5.4",
                                "$": "1140"
                            },
                            {
                                "D": "SW",
                                "G": "32",
                                "H": "84.2",
                                "P": "992",
                                "S": "19",
                                "T": "7.9",
                                "V": "30000",
                                "W": "8",
                                "Pt": "R",
                                "Dp": "5.4",
                                "$": "1200"
                            },
                            {
                                "D": "SW",
                                "G": "32",
                                "H": "85.4",
                                "P": "992",
                                "S": "21",
                                "T": "7.7",
                                "V": "30000",
                                "W": "12",
                                "Pt": "R",
                                "Dp": "5.4",
                                "$": "1260"
                            },
                            {
                                "D": "SW",
                                "G": "34",
                                "H": "85.4",
                                "P": "993",
                                "S": "21",
                                "T": "7.8",
                                "V": "27000",
                                "W": "7",
                                "Pt": "R",
                                "Dp": "5.5",
                                "$": "1320"
                            },
                            {
                                "D": "SW",
                                "G": "33",
                                "H": "84.8",
                                "P": "994",
                                "S": "22",
                                "T": "8.0",
                                "V": "24000",
                                "W": "8",
                                "Pt": "R",
                                "Dp": "5.6",
                                "$": "1380"
                            }
                        ]
                    },
                    {
                        "type": "Day",
                        "value": "2024-01-01Z",
                        "Rep": [
                            {
                                "D": "SW",
                                "G": "31",
                                "H": "82.5",
                                "P": "995",
                                "S": "19",
                                "T": "8.1",
                                "V": "28000",
                                "W": "8",
                                "Pt": "R",
                                "Dp": "5.3",
                                "$": "0"
                            },
                            {
                                "D": "WSW",
                                "G": "29",
                                "H": "81.2",
                                "P": "996",
                                "S": "19",
                                "T": "7.8",
                                "V": "30000",
                                "W": "7",
                                "Pt": "R",
                                "Dp": "4.8",
                                "$": "60"
                            },
                            {
                                "D": "WSW",
                                "G": "29",
                                "H": "78.6",
                                "P": "997",
                                "S": "19",
                                "T": "8.0",
                                "V": "30000",
                                "W": "8",
                                "Pt": "R",
                                "Dp": "4.5",
                                "$": "120"
                            },
                            {
                                "D": "WSW",
                                "G": "28",
                                "H": "77.5",
                                "P": "998",
                                "S": "19",
                                "T": "8.2",
                                "V": "30000",
                                "W": "8",
                                "Pt": "R",
                                "Dp": "4.5",
                                "$": "180"
                            },
                            {
                                "D": "WSW",
                                "G": "29",
                                "H": "75.9",
                                "P": "999",
                                "S": "18",
                                "T": "8.0",
                                "V": "35000",
                                "W": "8",
                                "Pt": "R",
                                "Dp": "4.0",
                                "$": "240"
                            },
                            {
                                "D": "WSW",
                                "G": "29",
                                "H": "76.3",
                                "P": "999",
                                "S": "17",
                                "T": "7.5",
                                "V": "30000",
                                "W": "2",
                                "Pt": "R",
                                "Dp": "3.6",
                                "$": "300"
                            },
                            {
                                "D": "WSW",
                                "G": "31",
                                "H": "77.9",
                                "P": "1000",
                                "S": "18",
                                "T": "7.2",
                                "V": "25000",
                                "W": "0",
                                "Pt": "R",
                                "Dp": "3.6",
                                "$": "360"
                            },
                            {
                                "D": "WSW",
                                "G": "25",
                                "H": "77.8",
                                "P": "1002",
                                "S": "15",
                                "T": "7.1",
                                "V": "22000",
                                "W": "8",
                                "Pt": "R",
                                "Dp": "3.5",
                                "$": "420"
                            },
                            {
                                "D": "WSW",
                                "G": "23",
                                "H": "80.1",
                                "P": "1002",
                                "S": "15",
                                "T": "7.2",
                                "V": "18000",
                                "W": "8",
                                "Pt": "R",
                                "Dp": "4.0",
                                "$": "480"
                            },
                            {
                                "D": "SW",
                                "G": "19",
                                "H": "79.4",
                                "P": "1003",
                                "S": "11",
                                "T": "6.9",
                                "V": "19000",
                                "W": "8",
                                "Pt": "R",
                                "Dp": "3.6",
                                "$": "540"
                            },
                            {
                                "D": "SW",
                                "G": "18",
                                "H": "75.3",
                                "P": "1004",
                                "S": "11",
                                "T": "7.7",
                                "V": "21000",
                                "W": "8",
                                "Pt": "R",
                                "Dp": "3.6",
                                "$": "600"
                            },
                            {
                                "D": "SSW",
                                "G": "21",
                                "H": "75.7",
                                "P": "1004",
                                "S": "11",
                                "T": "7.9",
                                "V": "23000",
                                "W": "8",
                                "Pt": "R",
                                "Dp": "3.9",
                                "$": "660"
                            },
                            {
                                "D": "SW",
                                "G": "18",
                                "H": "74.9",
                                "P": "1004",
                                "S": "13",
                                "T": "8.5",
                                "V": "26000",
                                "W": "7",
                                "Pt": "R",
                                "Dp": "4.3",
                                "$": "720"
                            },
                            {
                                "D": "SSW",
                                "G": "17",
                                "H": "73.2",
                                "P": "1004",
                                "S": "11",
                                "T": "8.7",
                                "V": "30000",
                                "W": "8",
                                "Pt": "R",
                                "Dp": "4.2",
                                "$": "780"
                            },
                            {
                                "D": "S",
                                "G": "14",
                                "H": "75.9",
                                "P": "1003",
                                "S": "8",
                                "T": "8.9",
                                "V": "27000",
                                "W": "8",
                                "Pt": "F",
                                "Dp": "4.9",
                                "$": "840"
                            },
                            {
                                "D": "SSE",
                                "G": "16",
                                "H": "77.1",
                                "P": "1003",
                                "S": "8",
                                "T": "9.0",
                                "V": "24000",
                                "W": "12",
                                "Pt": "F",
                                "Dp": "5.2",
                                "$": "900"
                            },
                            {
                                "D": "SSE",
                                "G": "16",
                                "H": "86.6",
                                "P": "1002",
                                "S": "10",
                                "T": "8.5",
                                "V": "15000",
                                "W": "12",
                                "Pt": "F",
                                "Dp": "6.4",
                                "$": "960"
                            }
                        ]
                    }
                ]
            }
        }
    }
}