{
    "SiteRep": {
        "Wx": {
            "Param": [
                {
                    "name": "G",
                    "units": "mph",
                    "$": "Wind Gust"
                },
                {
                    "name": "T",
                    "units": "C",
                    "$": "Temperature"
                },
                {
                    "name": "V",
                    "units": "m",
                    "$": "Visibility"
                },
                {
                    "name": "D",
                    "units": "compass",
                    "$": "Wind Direction"
                },
                {
                    "name": "S",
                    "units": "mph",
                    "$": "Wind Speed"
                },
                {
                    "name": "W",
                    "units": "",
                    "$": "Weather Type"
                },
                {
                    "name": "P",
                    "units": "hpa",
                    "$": "Pressure"
                },
                {
                    "name": "Pt",
                    "units": "Pa/s",
                    "$": "Pressure Tendency"
                },
                {
                    "name": "Dp",
                    "units": "C",
                    "$": "Dew Point"
                },
                {
                    "name": "H",
                    "units": "%",
                    "$": "Screen Relative Humidity"
                }
            ]
        },
        "DV": {
            "dataDate": "2025-08-30T15:00:00Z",
            "type": "Obs",
            "Location": {
                "i": "3772",
                "lat": "51.479",
                "lon": "-0.449",
                "name": "HEATHROW",
                "country": "ENGLAND",
                "continent": "EUROPE",
                "elevation": "25.0",
                "Period": [
                    {
                        "type": "Day",
                        "value": "2025-08-29Z",
                        "Rep": [
                            {
                                "D": "W",
                                "G": "17",
                                "H": "64.9",
                                "P": "997",
                                "S": "11",
                                "T": "19.8",
                                "V": "50000",
                                "W": "8",
                                "Pt": "R",
                                "Dp": "13.0",
                                "$": "960"
                            },
                            {
                                "D": "W",
                                "G": "19",
                                "H": "62.4",
                                "P": "997",
                                "S": "11",
                                "T": "20.0",
                                "V": "75000",
                                "W": "7",
                                "Pt": "R",
                                "Dp": "12.6",
                                "$": "1020"
                            },
                            {
                                "D": "WSW",
                                "G": "17",
                                "H": "66.4",
                                "P": "998",
                                "S": "13",
                                "T": "18.9",
                                "V": "75000",
                                "W": "7",
                                "Pt": "R",
                                "Dp": "12.5",
                                "$": "1080"
                            },
                            {
                                "D": "SW",
                                "G": "23",
                                "H": "78.8",
                                "P": "999",
                                "S": "10",
                                "T": "16.8",
                                "V": "60000",
                                "W": "2",
                                "Pt": "R",
                                "Dp": "13.1",
                                "$": "1140"
                            },
                            {
                                "D": "WSW",
                                "G": "18",
                                "H": "76.8",
                                "P": "999",
                                "S": "10",
                                "T": "17.1",
                                "V": "55000",
                                "W": "8",
                                "Pt": "R",
                                "Dp": "13.0",
                                "$": "1200"
                            },
                            {
                                "D": "WSW",
                                "G": "19",
                                "H": "79.7",
                                "P": "1000",
                                "S": "14",
                                "T": "16.1",
                                "V": "40000",
                                "W": "0",
                                "Pt": "R",
                                "Dp": "12.6",
                                "$": "1260"
                            },
                            {
                                "D": "WSW",
                                "G": "31",
                                "H": "81.8",
                                "P": "1001",
                                "S": "11",
                                "T": "15.5",
                                "V": "35000",
                                "W": "0",
                                "Pt": "R",
                                "Dp": "12.4",
                                "$": "1320"
                            },
                            {
                                "D": "W",
                                "G": "15",
                                "H": "86.0",
                                "P": "1001",
                                "S": "8",
                                "T": "14.1",
                                "V": "35000",
                                "W": "0",
                                "Pt": "R",
                                "Dp": "11.8",
                                "$": "1380"
                            }
                        ]
                    },
                    {
                        "type": "Day",
                        "value": "2025-08-30Z",
                        "Rep": [
                            {
                                "D": "WSW",
                                "G": "10",
                                "H": "89.5",
                                "P": "1002",
                                "S": "7",
                                "T": "13.5",
                                "V": "29000",
                                "W": "0",
                                "Pt": "R",
                                "Dp": "11.8",
                                "$": "0"
                            },
                            {
                                "D": "WSW",
                                "G": "9",
                                "H": "90.6",
                                "P": "1002",
                                "S": "6",
                                "T": "13.2",
                                "V": "28000",
                                "W": "0",
                                "Pt": "R",
                                "Dp": "11.7",
                                "$": "60"
                            },
                            {
                                "D": "SW",
                                "G": "9",
                                "H": "92.4",
                                "P": "1002",
                                "S": "5",
                                "T": "13.3",
                                "V": "28000",
                                "W": "0",
                                "Pt": "R",
                                "Dp": "12.1",
                                "$": "120"
                            },
                            {
                                "D": "SSW",
                                "G": "8",
                                "H": "91.2",
                                "P": "1003",
                                "S": "3",
                                "T": "12.7",
                                "V": "27000",
                                "W": "0",
                                "Pt": "R",
                                "Dp": "11.3",
                                "$": "180"
                            },
                            {
                                "D": "SSW",
                                "G": "9",
                                "H": "93.0",
                                "P": "1003",
                                "S": "6",
                                "T": "13.1",
                                "V": "29000",
                                "W": "0",
                                "Pt": "R",
                                "Dp": "12.0",
                                "$": "240"
                            },
                            {
                                "D": "SW",
                                "G": "9",
                                "H": "92.4",
                                "P": "1003",
                                "S": "6",
                                "T": "12.9",
                                "V": "28000",
                                "W": "2",
                                "Pt": "R",
                                "Dp": "11.7",
                                "$": "300"
                            },
                            {
                                "D": "SSE",
                                "G": "9",
                                "H": "93.7",
                                "P": "1003",
                                "S": "6",
                                "T": "13.0",
                                "V": "27000",
                                "W": "1",
                                "Pt": "R",
                                "Dp": "12.0",
                                "$": "360"
                            },
                            {
                                "D": "S",
                                "G": "10",
                                "H": "89.5",
                                "P": "1004",
                                "S": "6",
                                "T": "13.9",
                                "V": "29000",
                                "W": "1",
                                "Pt": "R",
                                "Dp": "12.2",
                                "$": "420"
                            },
                            {
                                "D": "SSW",
                                "G": "10",
                                "H": "82.4",
                                "P": "1004",
                                "S": "5",
                                "T": "16.0",
                                "V": "30000",
                                "W": "1",
                                "Pt": "R",
                                "Dp": "13.0",
                                "$": "480"
                            },
                            {
                                "D": "SSW",
                                "G": "16",
                                "H": "69.9",
                                "P": "1004",
                                "S": "9",
                                "T": "18.9",
                                "V": "30000",
                                "W": "1",
                                "Pt": "R",
                                "Dp": "13.3",
                                "$": "540"
                            },
                            {
                                "D": "SSW",
                                "G": "21",
                                "H": "62.2",
                                "P": "1004",
                                "S": "15",
                                "T": "19.6",
                                "V": "40000",
                                "W": "8",
                                "Pt": "R",
                                "Dp": "12.2",
                                "$": "600"
                            },
                            {
                                "D": "SSW",
                                "G": "24",
                                "H": "53.4",
                                "P": "1004",
                                "S": "15",
                                "T": "21.0",
                                "V": "50000",
                                "W": "8",
                                "Pt": "F",
                                "Dp": "11.2",
                                "$": "660"
                            },
                            {
                                "D": "SSW",
                                "G": "26",
                                "H": "62.7",
                                "P": "1004",
                                "S": "16",
                                "T": "19.8",
                                "V": "21000",
                                "W": "8",
                                "Pt": "F",
                                "Dp": "12.5",
                                "$": "720"
                            },
                            {
                                "D": "SSW",
                                "G": "25",
                                "H": "61.4",
                                "P": "1003",
                                "S": "17",
                                "T": "21.2",
                                "V": "50000",
                                "W": "8",
                                "Pt": "F",
                                "Dp": "13.5",
                                "$": "780"
                            },
                            {
                                "D": "S",
                                "G": "25",
                                "H": "64.6",
                                "P": "1003",
                                "S": "15",
                                "T": "20.5",
                                "V": "35000",
                                "W": "8",
                                "Pt": "F",
                                "Dp": "13.6",
                                "$": "840"
                            },
                            {
                                "D": "S",
                                "G": "29",
                                "H": "80.0",
                                "P": "1002",
                                "S": "17",
                                "T": "18.3",
                                "V": "13000",
                                "W": "11",
                                "Pt": "F",
                                "Dp": "14.8",
                                "$": "960"
                            }
                        ]
                    }
                ]
            }
        }
    }
}