{
    "SiteRep": {
        "Wx": {
            "Param": [
                {
                    "name": "G",
                    "units": "mph",
                    "$": "Wind Gust"
                },
                {
                    "name": "T",
                    "units": "C",
                    "$": "Temperature"
                },
                {
                    "name": "V",
                    "units": "m",
                    "$": "Visibility"
                },
                {
                    "name": "D",
                    "units": "compass",
                    "$": "Wind Direction"
                },
                {
                    "name": "S",
                    "units": "mph",
                    "$": "Wind Speed"
                },
                {
                    "name": "W",
                    "units": "",
                    "$": "Weather Type"
                },
                {
                    "name": "P",
                    "units": "hpa",
                    "$": "Pressure"
                },
                {
                    "name": "Pt",
                    "units": "Pa/s",
                    "$": "Pressure Tendency"
                },
                {
                    "name": "Dp",
                    "units": "C",
                    "$": "Dew Point"
                },
                {
                    "name": "H",
                    "units": "%",
                    "$": "Screen Relative Humidity"
                }
            ]
        },
        "DV": {
            "dataDate": "2024-04-04T16:00:00Z",
            "type": "Obs",
            "Location": {
                "i": "3772",
                "lat": "51.479",
                "lon": "-0.449",
                "name": "HEATHROW",
                "country": "ENGLAND",
                "continent": "EUROPE",
                "elevation": "25.0",
                "Period": [
                    {
                        "type": "Day",
                        "value": "2024-04-03Z",
                        "Rep": [
                            {
                                "D": "WSW",
                                "G": "38",
                                "H": "66.4",
                                "P": "1002",
                                "S": "21",
                                "T": "13.1",
                                "V": "65000",
                                "W": "8",
                                "Pt": "R",
                                "Dp": "7.0",
                                "$": "960"
                            },
                            {
                                "D": "WSW",
                                "G": "31",
                                "H": "67.2",
                                "P": "1003",
                                "S": "18",
                                "T": "12.6",
                                "V": "65000",
                                "W": "8",
                                "Pt": "R",
                                "Dp": "6.7",
                                "$": "1020"
                            },
                            {
                                "D": "WSW",
                                "G": "31",
                                "H": "65.3",
                                "P": "1003",
                                "S": "17",
                                "T": "12.3",
                                "V": "60000",
                                "W": "1",
                                "Pt": "R",
                                "Dp": "6.0",
                                "$": "1080"
                            },
                            {
                                "D": "SW",
                                "G": "19",
                                "H": "68.4",
                                "P": "1003",
                                "S": "11",
                                "T": "11.7",
                                "V": "55000",
                                "W": "2",
                                "Pt": "R",
                                "Dp": "6.1",
                                "$": "1140"
                            },
                            {
                                "D": "SSW",
                                "G": "19",
                                "H": "76.9",
                                "P": "1004",
                                "S": "11",
                                "T": "11.3",
                                "V": "30000",
                                "W": "8",
                                "Pt": "R",
                                "Dp": "7.4",
                                "$": "1200"
                            },
                            {
                                "D": "SSW",
                                "G": "21",
                                "H": "78.8",
                                "P": "1004",
                                "S": "13",
                                "T": "10.5",
                                "V": "27000",
                                "W": "8",
                                "Pt": "R",
                                "Dp": "7.0",
                                "$": "1260"
                            },
                            {
                                "D": "SSW",
                                "G": "17",
                                "H": "77.3",
                                "P": "1003",
                                "S": "11",
                                "T": "10.5",
                                "V": "27000",
                                "W": "8",
                                "Pt": "F",
                                "Dp": "6.7",
                                "$": "1320"
                            },
                            {
                                "D": "S",
                                "G": "17",
                                "H": "83.8",
                                "P": "1002",
                                "S": "10",
                                "T": "10.1",
                                "V": "15000",
                                "W": "8",
                                "Pt": "F",
                                "Dp": "7.5",
                                "$": "1380"
                            }
                        ]
                    },
                    {
                        "type": "Day",
                        "value": "2024-04-04Z",
                        "Rep": [
                            {
                                "D": "S",
                                "G": "14",
                                "H": "94.6",
                                "P": "1001",
                                "S": "8",
                                "T": "9.6",
                                "V": "7000",
                                "W": "11",
                                "Pt": "F",
                                "Dp": "8.8",
                                "$": "0"
                            },
                            {
                                "D": "SSE",
                                "G": "11",
                                "H": "96.7",
                                "P": "1000",
                                "S": "8",
                                "T": "10.0",
                                "V": "14000",
                                "W": "8",
                                "Pt": "F",
                                "Dp": "9.5",
                                "$": "60"
                            },
                            {
                                "D": "S",
                                "G": "15",
                                "H": "97.5",
                                "P": "999",
                                "S": "9",
                                "T": "10.9",
                                "V": "16000",
                                "W": "11",
                                "Pt": "F",
                                "Dp": "10.5",
                                "$": "120"
                            },
                            {
                                "D": "SSW",
                                "G": "15",
                                "H": "96.8",
                                "P": "999",
                                "S": "9",
                                "T": "11.5",
                                "V": "9000",
                                "W": "11",
                                "Pt": "F",
                                "Dp": "11.0",
                                "$": "180"
                            },
                            {
                                "D": "SSW",
                                "G": "17",
                                "H": "94.8",
                                "P": "999",
                                "S": "10",
                                "T": "11.8",
                                "V": "21000",
                                "W": "8",
                                "Pt": "F",
                                "Dp": "11.0",
                                "$": "240"
                            },
                            {
                                "D": "SW",
                                "G": "18",
                                "H": "91.7",
                                "P": "999",
                                "S": "11",
                                "T": "11.0",
                                "V": "25000",
                                "W": "12",
                                "Pt": "F",
                                "Dp": "9.7",
                                "$": "300"
                            },
                            {
                                "D": "SSW",
                                "G": "19",
                                "H": "90.4",
                                "P": "999",
                                "S": "14",
                                "T": "10.5",
                                "V": "28000",
                                "W": "8",
                                "Pt": "F",
                                "Dp": "9.0",
                                "$": "360"
                            },
                            {
                                "D": "SW",
                                "G": "30",
                                "H": "83.8",
                                "P": "1000",
                                "S": "17",
                                "T": "10.4",
                                "V": "30000",
                                "W": "7",
                                "Pt": "R",
                                "Dp": "7.8",
                                "$": "420"
                            },
                            {
                                "D": "SW",
                                "G": "32",
                                "H": "78.6",
                                "P": "1000",
                                "S": "16",
                                "T": "11.6",
                                "V": "30000",
                                "W": "3",
                                "Pt": "R",
                                "Dp": "8.0",
                                "$": "480"
                            },
                            {
                                "D": "SW",
                                "G": "26",
                                "H": "85.7",
                                "P": "1001",
                                "S": "17",
                                "T": "11.1",
                                "V": "22000",
                                "W": "12",
                                "Pt": "R",
                                "Dp": "8.8",
                                "$": "540"
                            },
                            {
                                "D": "WSW",
                                "G": "31",
                                "H": "75.5",
                                "P": "1002",
                                "S": "22",
                                "T": "12.6",
                                "V": "35000",
                                "W": "8",
                                "Pt": "R",
                                "Dp": "8.4",
                                "$": "600"
                            },
                            {
                                "D": "WSW",
                                "G": "33",
                                "H": "68.8",
                                "P": "1003",
                                "S": "21",
                                "T": "13.3",
                                "V": "50000",
                                "W": "8",
                                "Pt": "R",
                                "Dp": "7.7",
                                "$": "660"
                            },
                            {
                                "D": "W",
                                "G": "36",
                                "H": "61.9",
                                "P": "1003",
                                "S": "17",
                                "T": "14.4",
                                "V": "50000",
                                "W": "3",
                                "Pt": "R",
                                "Dp": "7.2",
                                "$": "720"
                            },
                            {
                                "D": "WSW",
                                "G": "23",
                                "H": "68.3",
                                "P": "1003",
                                "S": "14",
                                "T": "15.4",
                                "V": "19000",
                                "W": "8",
                                "Pt": "R",
                                "Dp": "9.6",
                                "$": "780"
                            },
                            {
                                "D": "SW",
                                "G": "25",
                                "H": "80.0",
                                "P": "1004",
                                "S": "16",
                                "T": "14.3",
                                "V": "2900",
                                "W": "12",
                                "Pt": "R",
                                "Dp": "10.9",
                                "$": "840"
                            },
                            {
                                "D": "SSW",
                                "G": "26",
                                "H": "78.4",
                                "P": "1004",
                                "S": "17",
                                "T": "14.4",
                                "V": "10000",
                                "W": "12",
                                "Pt": "R",
                                "Dp": "10.7",
                                "$": "900"
                            },
                            {
                                "D": "SW",
                                "G": "28",
                                "H": "81.5",
                                "P": "1004",
                                "S": "18",
                                "T": "13.9",
                                "V": "7000",
                                "W": "12",
                                "Pt": "R",
                                "Dp": "10.8",
                                "$": "960"
                            }
                        ]
                    }
                ]
            }
        }
    }
}