{
    "SiteRep": {
        "Wx": {
            "Param": [
                {
                    "name": "G",
                    "units": "mph",
                    "$": "Wind Gust"
                },
                {
                    "name": "T",
                    "units": "C",
                    "$": "Temperature"
                },
                {
                    "name": "V",
                    "units": "m",
                    "$": "Visibility"
                },
                {
                    "name": "D",
                    "units": "compass",
                    "$": "Wind Direction"
                },
                {
                    "name": "S",
                    "units": "mph",
                    "$": "Wind Speed"
                },
                {
                    "name": "W",
                    "units": "",
                    "$": "Weather Type"
                },
                {
                    "name": "P",
                    "units": "hpa",
                    "$": "Pressure"
                },
                {
                    "name": "Pt",
                    "units": "Pa/s",
                    "$": "Pressure Tendency"
                },
                {
                    "name": "Dp",
                    "units": "C",
                    "$": "Dew Point"
                },
                {
                    "name": "H",
                    "units": "%",
                    "$": "Screen Relative Humidity"
                }
            ]
        },
        "DV": {
            "dataDate": "2025-10-28T16:00:00Z",
            "type": "Obs",
            "Location": {
                "i": "3772",
                "lat": "51.479",
                "lon": "-0.449",
                "name": "HEATHROW",
                "country": "ENGLAND",
                "continent": "EUROPE",
                "elevation": "25.0",
                "Period": [
                    {
                        "type": "Day",
                        "value": "2025-10-27Z",
                        "Rep": [
                            {
                                "D": "W",
                                "G": "24",
                                "H": "56.5",
                                "P": "1009",
                                "S": "14",
                                "T": "12.9",
                                "V": "50000",
                                "W": "8",
                                "Pt": "R",
                                "Dp": "4.5",
                                "$": "960"
                            },
                            {
                                "D": "W",
                                "G": "22",
                                "H": "58.3",
                                "P": "1010",
                                "S": "11",
                                "T": "12.5",
                                "V": "45000",
                                "W": "8",
                                "Pt": "R",
                                "Dp": "4.6",
                                "$": "1020"
                            },
                            {
                                "D": "W",
                                "G": "14",
                                "H": "63.3",
                                "P": "1010",
                                "S": "8",
                                "T": "11.9",
                                "V": "40000",
                                "W": "8",
                                "Pt": "R",
                                "Dp": "5.2",
                                "$": "1080"
                            },
                            {
                                "D": "SW",
                                "G": "14",
                                "H": "63.0",
                                "P": "1010",
                                "S": "9",
                                "T": "12.1",
                                "V": "35000",
                                "W": "8",
                                "Pt": "R",
                                "Dp": "5.3",
                                "$": "1140"
                            },
                            {
                                "D": "SW",
                                "G": "16",
                                "H": "69.3",
                                "P": "1010",
                                "S": "11",
                                "T": "11.6",
                                "V": "35000",
                                "W": "8",
                                "Pt": "R",
                                "Dp": "6.2",
                                "$": "1200"
                            },
                            {
                                "D": "SW",
                                "G": "19",
                                "H": "72.3",
                                "P": "1009",
                                "S": "11",
                                "T": "11.6",
                                "V": "30000",
                                "W": "8",
                                "Pt": "F",
                                "Dp": "6.8",
                                "$": "1260"
                            },
                            {
                                "D": "SW",
                                "G": "19",
                                "H": "80.7",
                                "P": "1009",
                                "S": "14",
                                "T": "11.5",
                                "V": "30000",
                                "W": "8",
                                "Pt": "F",
                                "Dp": "8.3",
                                "$": "1320"
                            },
                            {
                                "D": "SW",
                                "G": "23",
                                "H": "87.5",
                                "P": "1008",
                                "S": "15",
                                "T": "11.7",
                                "V": "35000",
                                "W": "8",
                                "Pt": "F",
                                "Dp": "9.7",
                                "$": "1380"
                            }
                        ]
                    },
                    {
                        "type": "Day",
                        "value": "2025-10-28Z",
                        "Rep": [
                            {
                                "D": "SW",
                                "G": "21",
                                "H": "88.1",
                                "P": "1008",
                                "S": "11",
                                "T": "12.1",
                                "V": "45000",
                                "W": "8",
                                "Pt": "F",
                                "Dp": "10.2",
                                "$": "0"
                            },
                            {
                                "D": "SW",
                                "G": "24",
                                "H": "86.9",
                                "P": "1007",
                                "S": "17",
                                "T": "12.4",
                                "V": "50000",
                                "W": "8",
                                "Pt": "F",
                                "Dp": "10.3",
                                "$": "60"
                            },
                            {
                                "D": "WSW",
                                "G": "26",
                                "H": "83.0",
                                "P": "1007",
                                "S": "17",
                                "T": "12.4",
                                "V": "50000",
                                "W": "8",
                                "Pt": "F",
                                "Dp": "9.6",
                                "$": "120"
                            },
                            {
                                "D": "WSW",
                                "G": "28",
                                "H": "81.9",
                                "P": "1006",
                                "S": "18",
                                "T": "12.5",
                                "V": "45000",
                                "W": "8",
                                "Pt": "F",
                                "Dp": "9.5",
                                "$": "180"
                            },
                            {
                                "D": "WSW",
                                "G": "26",
                                "H": "81.9",
                                "P": "1006",
                                "S": "16",
                                "T": "12.4",
                                "V": "50000",
                                "W": "8",
                                "Pt": "F",
                                "Dp": "9.4",
                                "$": "240"
                            },
                            {
                                "D": "SW",
                                "G": "32",
                                "H": "82.4",
                                "P": "1006",
                                "S": "18",
                                "T": "12.2",
                                "V": "50000",
                                "W": "8",
                                "Pt": "F",
                                "Dp": "9.3",
                                "$": "300"
                            },
                            {
                                "D": "SW",
                                "G": "29",
                                "H": "85.2",
                                "P": "1006",
                                "S": "21",
                                "T": "12.1",
                                "V": "4500",
                                "W": "12",
                                "Pt": "F",
                                "Dp": "9.7",
                                "$": "360"
                            },
                            {
                                "D": "WSW",
                                "G": "30",
                                "H": "91.8",
                                "P": "1006",
                                "S": "19",
                                "T": "11.9",
                                "V": "13000",
                                "W": "11",
                                "Pt": "F",
                                "Dp": "10.6",
                                "$": "420"
                            },
                            {
                                "D": "WSW",
                                "G": "23",
                                "H": "85.1",
                                "P": "1006",
                                "S": "15",
                                "T": "11.8",
                                "V": "45000",
                                "W": "3",
                                "Pt": "R",
                                "Dp": "9.4",
                                "$": "480"
                            },
                            {
                                "D": "W",
                                "G": "21",
                                "H": "78.6",
                                "P": "1007",
                                "S": "14",
                                "T": "12.8",
                                "V": "40000",
                                "W": "7",
                                "Pt": "R",
                                "Dp": "9.2",
                                "$": "540"
                            },
                            {
                                "D": "WSW",
                                "G": "25",
                                "H": "70.6",
                                "P": "1007",
                                "S": "16",
                                "T": "12.9",
                                "V": "35000",
                                "W": "8",
                                "Pt": "R",
                                "Dp": "7.7",
                                "$": "600"
                            },
                            {
                                "D": "W",
                                "G": "28",
                                "H": "64.3",
                                "P": "1007",
                                "S": "18",
                                "T": "14.1",
                                "V": "35000",
                                "W": "7",
                                "Pt": "R",
                                "Dp": "7.5",
                                "$": "660"
                            },
                            {
                                "D": "WSW",
                                "G": "30",
                                "H": "61.3",
                                "P": "1007",
                                "S": "21",
                                "T": "14.0",
                                "V": "30000",
                                "W": "1",
                                "Pt": "F",
                                "Dp": "6.7",
                                "$": "720"
                            },
                            {
                                "D": "W",
                                "G": "30",
                                "H": "57.0",
                                "P": "1007",
                                "S": "17",
                                "T": "14.9",
                                "V": "35000",
                                "W": "8",
                                "Pt": "F",
                                "Dp": "6.5",
                                "$": "780"
                            },
                            {
                                "D": "WSW",
                                "G": "31",
                                "H": "57.5",
                                "P": "1006",
                                "S": "19",
                                "T": "15.3",
                                "V": "35000",
                                "W": "8",
                                "Pt": "F",
                                "Dp": "7.0",
                                "$": "840"
                            },
                            {
                                "D": "WSW",
                                "G": "33",
                                "H": "58.3",
                                "P": "1007",
                                "S": "19",
                                "T": "15.2",
                                "V": "35000",
                                "W": "8",
                                "Pt": "F",
                                "Dp": "7.1",
                                "$": "900"
                            },
                            {
                                "D": "W",
                                "G": "28",
                                "H": "59.6",
                                "P": "1007",
                                "S": "16",
                                "T": "14.2",
                                "V": "35000",
                                "W": "8",
                                "Pt": "F",
                                "Dp": "6.5",
                                "$": "960"
                            }
                        ]
                    }
                ]
            }
        }
    }
}