{
    "SiteRep": {
        "Wx": {
            "Param": [
                {
                    "name": "G",
                    "units": "mph",
                    "$": "Wind Gust"
                },
                {
                    "name": "T",
                    "units": "C",
                    "$": "Temperature"
                },
                {
                    "name": "V",
                    "units": "m",
                    "$": "Visibility"
                },
                {
                    "name": "D",
                    "units": "compass",
                    "$": "Wind Direction"
                },
                {
                    "name": "S",
                    "units": "mph",
                    "$": "Wind Speed"
                },
                {
                    "name": "W",
                    "units": "",
                    "$": "Weather Type"
                },
                {
                    "name": "P",
                    "units": "hpa",
                    "$": "Pressure"
                },
                {
                    "name": "Pt",
                    "units": "Pa/s",
                    "$": "Pressure Tendency"
                },
                {
                    "name": "Dp",
                    "units": "C",
                    "$": "Dew Point"
                },
                {
                    "name": "H",
                    "units": "%",
                    "$": "Screen Relative Humidity"
                }
            ]
        },
        "DV": {
            "dataDate": "2024-05-31T16:00:00Z",
            "type": "Obs",
            "Location": {
                "i": "3772",
                "lat": "51.479",
                "lon": "-0.449",
                "name": "HEATHROW",
                "country": "ENGLAND",
                "continent": "EUROPE",
                "elevation": "25.0",
                "Period": [
                    {
                        "type": "Day",
                        "value": "2024-05-30Z",
                        "Rep": [
                            {
                                "D": "WNW",
                                "G": "22",
                                "H": "68.0",
                                "P": "1011",
                                "S": "13",
                                "T": "16.8",
                                "V": "50000",
                                "W": "8",
                                "Pt": "R",
                                "Dp": "10.9",
                                "$": "960"
                            },
                            {
                                "D": "NNW",
                                "G": "21",
                                "H": "77.0",
                                "P": "1012",
                                "S": "8",
                                "T": "15.9",
                                "V": "55000",
                                "W": "8",
                                "Pt": "R",
                                "Dp": "11.9",
                                "$": "1020"
                            },
                            {
                                "D": "N",
                                "G": "16",
                                "H": "79.6",
                                "P": "1013",
                                "S": "7",
                                "T": "15.5",
                                "V": "60000",
                                "W": "12",
                                "Pt": "R",
                                "Dp": "12.0",
                                "$": "1080"
                            },
                            {
                                "D": "NW",
                                "G": "11",
                                "H": "76.0",
                                "P": "1013",
                                "S": "5",
                                "T": "15.7",
                                "V": "55000",
                                "W": "8",
                                "Pt": "R",
                                "Dp": "11.5",
                                "$": "1140"
                            },
                            {
                                "D": "WNW",
                                "G": "13",
                                "H": "81.1",
                                "P": "1014",
                                "S": "7",
                                "T": "15.0",
                                "V": "50000",
                                "W": "8",
                                "Pt": "R",
                                "Dp": "11.8",
                                "$": "1200"
                            },
                            {
                                "D": "WNW",
                                "G": "11",
                                "H": "83.7",
                                "P": "1015",
                                "S": "7",
                                "T": "14.2",
                                "V": "55000",
                                "W": "8",
                                "Pt": "R",
                                "Dp": "11.5",
                                "$": "1260"
                            },
                            {
                                "D": "NW",
                                "G": "13",
                                "H": "75.7",
                                "P": "1015",
                                "S": "7",
                                "T": "14.3",
                                "V": "60000",
                                "W": "8",
                                "Pt": "R",
                                "Dp": "10.1",
                                "$": "1320"
                            },
                            {
                                "D": "NNW",
                                "G": "17",
                                "H": "68.3",
                                "P": "1016",
                                "S": "10",
                                "T": "14.1",
                                "V": "65000",
                                "W": "8",
                                "Pt": "R",
                                "Dp": "8.4",
                                "$": "1380"
                            }
                        ]
                    },
                    {
                        "type": "Day",
                        "value": "2024-05-31Z",
                        "Rep": [
                            {
                                "D": "NW",
                                "G": "19",
                                "H": "71.0",
                                "P": "1016",
                                "S": "7",
                                "T": "13.2",
                                "V": "60000",
                                "W": "8",
                                "Pt": "R",
                                "Dp": "8.1",
                                "$": "0"
                            },
                            {
                                "D": "WNW",
                                "G": "9",
                                "H": "77.4",
                                "P": "1016",
                                "S": "6",
                                "T": "12.3",
                                "V": "50000",
                                "W": "8",
                                "Pt": "R",
                                "Dp": "8.5",
                                "$": "60"
                            },
                            {
                                "D": "WNW",
                                "G": "11",
                                "H": "79.0",
                                "P": "1016",
                                "S": "6",
                                "T": "12.1",
                                "V": "55000",
                                "W": "8",
                                "Pt": "R",
                                "Dp": "8.6",
                                "$": "120"
                            },
                            {
                                "D": "WNW",
                                "G": "11",
                                "H": "79.1",
                                "P": "1016",
                                "S": "7",
                                "T": "12.4",
                                "V": "55000",
                                "W": "8",
                                "Pt": "R",
                                "Dp": "8.9",
                                "$": "180"
                            },
                            {
                                "D": "NW",
                                "G": "15",
                                "H": "77.0",
                                "P": "1016",
                                "S": "8",
                                "T": "12.6",
                                "V": "50000",
                                "W": "8",
                                "Pt": "R",
                                "Dp": "8.7",
                                "$": "240"
                            },
                            {
                                "D": "NW",
                                "G": "16",
                                "H": "75.8",
                                "P": "1016",
                                "S": "9",
                                "T": "12.4",
                                "V": "50000",
                                "W": "8",
                                "Pt": "R",
                                "Dp": "8.3",
                                "$": "300"
                            },
                            {
                                "D": "NW",
                                "G": "19",
                                "H": "71.9",
                                "P": "1017",
                                "S": "9",
                                "T": "12.7",
                                "V": "45000",
                                "W": "8",
                                "Pt": "R",
                                "Dp": "7.8",
                                "$": "360"
                            },
                            {
                                "D": "NW",
                                "G": "22",
                                "H": "70.0",
                                "P": "1017",
                                "S": "13",
                                "T": "13.1",
                                "V": "50000",
                                "W": "8",
                                "Pt": "R",
                                "Dp": "7.8",
                                "$": "420"
                            },
                            {
                                "D": "NW",
                                "G": "25",
                                "H": "69.5",
                                "P": "1017",
                                "S": "13",
                                "T": "13.2",
                                "V": "45000",
                                "W": "8",
                                "Pt": "R",
                                "Dp": "7.8",
                                "$": "480"
                            },
                            {
                                "D": "NW",
                                "G": "24",
                                "H": "75.4",
                                "P": "1018",
                                "S": "11",
                                "T": "12.9",
                                "V": "50000",
                                "W": "8",
                                "Pt": "R",
                                "Dp": "8.7",
                                "$": "540"
                            },
                            {
                                "D": "NNW",
                                "G": "28",
                                "H": "73.1",
                                "P": "1018",
                                "S": "11",
                                "T": "13.8",
                                "V": "45000",
                                "W": "8",
                                "Pt": "R",
                                "Dp": "9.1",
                                "$": "600"
                            },
                            {
                                "D": "NNW",
                                "G": "30",
                                "H": "74.6",
                                "P": "1018",
                                "S": "14",
                                "T": "14.0",
                                "V": "40000",
                                "W": "8",
                                "Pt": "R",
                                "Dp": "9.6",
                                "$": "660"
                            },
                            {
                                "D": "NNW",
                                "G": "28",
                                "H": "74.6",
                                "P": "1019",
                                "S": "11",
                                "T": "14.0",
                                "V": "45000",
                                "W": "8",
                                "Pt": "R",
                                "Dp": "9.6",
                                "$": "720"
                            },
                            {
                                "D": "N",
                                "G": "26",
                                "H": "81.9",
                                "P": "1019",
                                "S": "11",
                                "T": "13.6",
                                "V": "11000",
                                "W": "12",
                                "Pt": "R",
                                "Dp": "10.6",
                                "$": "780"
                            },
                            {
                                "D": "N",
                                "G": "24",
                                "H": "87.0",
                                "P": "1020",
                                "S": "11",
                                "T": "13.3",
                                "V": "7000",
                                "W": "12",
                                "Pt": "R",
                                "Dp": "11.2",
                                "$": "840"
                            },
                            {
                                "D": "N",
                                "G": "25",
                                "H": "77.7",
                                "P": "1020",
                                "S": "13",
                                "T": "14.4",
                                "V": "29000",
                                "W": "8",
                                "Pt": "R",
                                "Dp": "10.6",
                                "$": "900"
                            },
                            {
                                "D": "N",
                                "G": "28",
                                "H": "76.2",
                                "P": "1020",
                                "S": "11",
                                "T": "14.5",
                                "V": "29000",
                                "W": "8",
                                "Pt": "R",
                                "Dp": "10.4",
                                "$": "960"
                            }
                        ]
                    }
                ]
            }
        }
    }
}