{
    "SiteRep": {
        "Wx": {
            "Param": [
                {
                    "name": "G",
                    "units": "mph",
                    "$": "Wind Gust"
                },
                {
                    "name": "T",
                    "units": "C",
                    "$": "Temperature"
                },
                {
                    "name": "V",
                    "units": "m",
                    "$": "Visibility"
                },
                {
                    "name": "D",
                    "units": "compass",
                    "$": "Wind Direction"
                },
                {
                    "name": "S",
                    "units": "mph",
                    "$": "Wind Speed"
                },
                {
                    "name": "W",
                    "units": "",
                    "$": "Weather Type"
                },
                {
                    "name": "P",
                    "units": "hpa",
                    "$": "Pressure"
                },
                {
                    "name": "Pt",
                    "units": "Pa/s",
                    "$": "Pressure Tendency"
                },
                {
                    "name": "Dp",
                    "units": "C",
                    "$": "Dew Point"
                },
                {
                    "name": "H",
                    "units": "%",
                    "$": "Screen Relative Humidity"
                }
            ]
        },
        "DV": {
            "dataDate": "2025-11-18T16:00:00Z",
            "type": "Obs",
            "Location": {
                "i": "3772",
                "lat": "51.479",
                "lon": "-0.449",
                "name": "HEATHROW",
                "country": "ENGLAND",
                "continent": "EUROPE",
                "elevation": "25.0",
                "Period": [
                    {
                        "type": "Day",
                        "value": "2025-11-17Z",
                        "Rep": [
                            {
                                "D": "N",
                                "G": "17",
                                "H": "61.9",
                                "P": "1024",
                                "S": "6",
                                "T": "7.2",
                                "V": "35000",
                                "W": "1",
                                "Pt": "R",
                                "Dp": "0.5",
                                "$": "960"
                            },
                            {
                                "D": "NNW",
                                "G": "11",
                                "H": "66.9",
                                "P": "1025",
                                "S": "3",
                                "T": "6.1",
                                "V": "30000",
                                "W": "0",
                                "Pt": "R",
                                "Dp": "0.5",
                                "$": "1020"
                            },
                            {
                                "D": "WNW",
                                "G": "6",
                                "H": "73.8",
                                "P": "1025",
                                "S": "3",
                                "T": "5.1",
                                "V": "22000",
                                "W": "0",
                                "Pt": "R",
                                "Dp": "0.9",
                                "$": "1080"
                            },
                            {
                                "D": "WNW",
                                "G": "7",
                                "H": "77.1",
                                "P": "1026",
                                "S": "6",
                                "T": "4.4",
                                "V": "26000",
                                "W": "0",
                                "Pt": "R",
                                "Dp": "0.8",
                                "$": "1140"
                            },
                            {
                                "D": "NW",
                                "G": "8",
                                "H": "81.5",
                                "P": "1026",
                                "S": "3",
                                "T": "3.3",
                                "V": "23000",
                                "W": "0",
                                "Pt": "R",
                                "Dp": "0.5",
                                "$": "1200"
                            },
                            {
                                "D": "W",
                                "G": "6",
                                "H": "85.2",
                                "P": "1026",
                                "S": "3",
                                "T": "2.7",
                                "V": "22000",
                                "W": "0",
                                "Pt": "R",
                                "Dp": "0.5",
                                "$": "1260"
                            },
                            {
                                "D": "NW",
                                "G": "7",
                                "H": "86.4",
                                "P": "1026",
                                "S": "2",
                                "T": "2.1",
                                "V": "22000",
                                "W": "0",
                                "Pt": "F",
                                "Dp": "0.1",
                                "$": "1320"
                            },
                            {
                                "D": "W",
                                "G": "6",
                                "H": "88.2",
                                "P": "1026",
                                "S": "5",
                                "T": "1.6",
                                "V": "26000",
                                "W": "0",
                                "Pt": "F",
                                "Dp": "-0.1",
                                "$": "1380"
                            }
                        ]
                    },
                    {
                        "type": "Day",
                        "value": "2025-11-18Z",
                        "Rep": [
                            {
                                "D": "W",
                                "G": "6",
                                "H": "88.9",
                                "P": "1025",
                                "S": "3",
                                "T": "1.8",
                                "V": "24000",
                                "W": "0",
                                "Pt": "F",
                                "Dp": "0.2",
                                "$": "0"
                            },
                            {
                                "D": "W",
                                "G": "7",
                                "H": "88.3",
                                "P": "1025",
                                "S": "5",
                                "T": "1.5",
                                "V": "22000",
                                "W": "0",
                                "Pt": "F",
                                "Dp": "-0.2",
                                "$": "60"
                            },
                            {
                                "D": "W",
                                "G": "9",
                                "H": "89.0",
                                "P": "1024",
                                "S": "3",
                                "T": "0.2",
                                "V": "18000",
                                "W": "0",
                                "Pt": "F",
                                "Dp": "-1.2",
                                "$": "120"
                            },
                            {
                                "D": "W",
                                "G": "6",
                                "H": "91.9",
                                "P": "1024",
                                "S": "3",
                                "T": "-0.2",
                                "V": "16000",
                                "W": "0",
                                "Pt": "F",
                                "Dp": "-1.2",
                                "$": "180"
                            },
                            {
                                "D": "WSW",
                                "G": "7",
                                "H": "92.7",
                                "P": "1023",
                                "S": "5",
                                "T": "-0.9",
                                "V": "13000",
                                "W": "0",
                                "Pt": "F",
                                "Dp": "-1.7",
                                "$": "240"
                            },
                            {
                                "D": "WSW",
                                "G": "8",
                                "H": "94.5",
                                "P": "1022",
                                "S": "6",
                                "T": "-0.7",
                                "V": "22000",
                                "W": "0",
                                "Pt": "F",
                                "Dp": "-1.3",
                                "$": "300"
                            },
                            {
                                "D": "W",
                                "G": "7",
                                "H": "94.6",
                                "P": "1022",
                                "S": "3",
                                "T": "-0.3",
                                "V": "21000",
                                "W": "8",
                                "Pt": "F",
                                "Dp": "-0.9",
                                "$": "360"
                            },
                            {
                                "D": "W",
                                "G": "8",
                                "H": "92.9",
                                "P": "1021",
                                "S": "6",
                                "T": "1.2",
                                "V": "25000",
                                "W": "8",
                                "Pt": "F",
                                "Dp": "0.2",
                                "$": "420"
                            },
                            {
                                "D": "WSW",
                                "G": "7",
                                "H": "88.2",
                                "P": "1021",
                                "S": "3",
                                "T": "1.8",
                                "V": "29000",
                                "W": "8",
                                "Pt": "F",
                                "Dp": "0.1",
                                "$": "480"
                            },
                            {
                                "D": "NNW",
                                "G": "9",
                                "H": "85.8",
                                "P": "1020",
                                "S": "2",
                                "T": "2.7",
                                "V": "24000",
                                "W": "8",
                                "Pt": "F",
                                "Dp": "0.6",
                                "$": "540"
                            },
                            {
                                "D": "W",
                                "G": "9",
                                "H": "82.9",
                                "P": "1020",
                                "S": "5",
                                "T": "4.1",
                                "V": "35000",
                                "W": "8",
                                "Pt": "F",
                                "Dp": "1.5",
                                "$": "600"
                            },
                            {
                                "D": "WSW",
                                "G": "15",
                                "H": "75.2",
                                "P": "1019",
                                "S": "7",
                                "T": "5.8",
                                "V": "35000",
                                "W": "8",
                                "Pt": "F",
                                "Dp": "1.8",
                                "$": "660"
                            },
                            {
                                "D": "WSW",
                                "G": "17",
                                "H": "72.7",
                                "P": "1017",
                                "S": "13",
                                "T": "6.4",
                                "V": "50000",
                                "W": "8",
                                "Pt": "F",
                                "Dp": "1.9",
                                "$": "720"
                            },
                            {
                                "D": "SW",
                                "G": "22",
                                "H": "73.4",
                                "P": "1016",
                                "S": "14",
                                "T": "6.8",
                                "V": "55000",
                                "W": "8",
                                "Pt": "F",
                                "Dp": "2.4",
                                "$": "780"
                            },
                            {
                                "D": "SW",
                                "G": "19",
                                "H": "71.9",
                                "P": "1015",
                                "S": "11",
                                "T": "7.8",
                                "V": "60000",
                                "W": "3",
                                "Pt": "F",
                                "Dp": "3.1",
                                "$": "840"
                            },
                            {
                                "D": "SW",
                                "G": "18",
                                "H": "72.9",
                                "P": "1014",
                                "S": "11",
                                "T": "7.0",
                                "V": "55000",
                                "W": "1",
                                "Pt": "F",
                                "Dp": "2.5",
                                "$": "900"
                            },
                            {
                                "D": "SW",
                                "G": "15",
                                "H": "76.1",
                                "P": "1013",
                                "S": "11",
                                "T": "6.9",
                                "V": "55000",
                                "W": "8",
                                "Pt": "F",
                                "Dp": "3.0",
                                "$": "960"
                            }
                        ]
                    }
                ]
            }
        }
    }
}