{
    "SiteRep": {
        "Wx": {
            "Param": [
                {
                    "name": "G",
                    "units": "mph",
                    "$": "Wind Gust"
                },
                {
                    "name": "T",
                    "units": "C",
                    "$": "Temperature"
                },
                {
                    "name": "V",
                    "units": "m",
                    "$": "Visibility"
                },
                {
                    "name": "D",
                    "units": "compass",
                    "$": "Wind Direction"
                },
                {
                    "name": "S",
                    "units": "mph",
                    "$": "Wind Speed"
                },
                {
                    "name": "W",
                    "units": "",
                    "$": "Weather Type"
                },
                {
                    "name": "P",
                    "units": "hpa",
                    "$": "Pressure"
                },
                {
                    "name": "Pt",
                    "units": "Pa/s",
                    "$": "Pressure Tendency"
                },
                {
                    "name": "Dp",
                    "units": "C",
                    "$": "Dew Point"
                },
                {
                    "name": "H",
                    "units": "%",
                    "$": "Screen Relative Humidity"
                }
            ]
        },
        "DV": {
            "dataDate": "2025-03-13T16:00:00Z",
            "type": "Obs",
            "Location": {
                "i": "3772",
                "lat": "51.479",
                "lon": "-0.449",
                "name": "HEATHROW",
                "country": "ENGLAND",
                "continent": "EUROPE",
                "elevation": "25.0",
                "Period": [
                    {
                        "type": "Day",
                        "value": "2025-03-12Z",
                        "Rep": [
                            {
                                "D": "NW",
                                "G": "19",
                                "H": "53.8",
                                "P": "1001",
                                "S": "6",
                                "T": "8.2",
                                "V": "40000",
                                "W": "3",
                                "Pt": "F",
                                "Dp": "-0.6",
                                "$": "960"
                            },
                            {
                                "D": "N",
                                "G": "16",
                                "H": "52.7",
                                "P": "1001",
                                "S": "7",
                                "T": "7.5",
                                "V": "45000",
                                "W": "7",
                                "Pt": "F",
                                "Dp": "-1.5",
                                "$": "1020"
                            },
                            {
                                "D": "NNW",
                                "G": "16",
                                "H": "60.7",
                                "P": "1002",
                                "S": "9",
                                "T": "6.4",
                                "V": "60000",
                                "W": "7",
                                "Pt": "R",
                                "Dp": "-0.6",
                                "$": "1080"
                            },
                            {
                                "D": "N",
                                "G": "17",
                                "H": "75.9",
                                "P": "1002",
                                "S": "10",
                                "T": "5.4",
                                "V": "30000",
                                "W": "12",
                                "Pt": "R",
                                "Dp": "1.5",
                                "$": "1140"
                            },
                            {
                                "D": "N",
                                "G": "21",
                                "H": "78.0",
                                "P": "1002",
                                "S": "6",
                                "T": "4.7",
                                "V": "55000",
                                "W": "0",
                                "Pt": "R",
                                "Dp": "1.2",
                                "$": "1200"
                            },
                            {
                                "D": "N",
                                "G": "13",
                                "H": "81.3",
                                "P": "1003",
                                "S": "6",
                                "T": "4.3",
                                "V": "45000",
                                "W": "7",
                                "Pt": "R",
                                "Dp": "1.4",
                                "$": "1260"
                            },
                            {
                                "D": "NNW",
                                "G": "11",
                                "H": "83.7",
                                "P": "1003",
                                "S": "5",
                                "T": "3.9",
                                "V": "40000",
                                "W": "8",
                                "Pt": "R",
                                "Dp": "1.4",
                                "$": "1320"
                            },
                            {
                                "D": "NNW",
                                "G": "10",
                                "H": "85.5",
                                "P": "1003",
                                "S": "5",
                                "T": "3.6",
                                "V": "50000",
                                "W": "0",
                                "Pt": "R",
                                "Dp": "1.4",
                                "$": "1380"
                            }
                        ]
                    },
                    {
                        "type": "Day",
                        "value": "2025-03-13Z",
                        "Rep": [
                            {
                                "D": "N",
                                "G": "13",
                                "H": "85.5",
                                "P": "1003",
                                "S": "7",
                                "T": "3.6",
                                "V": "35000",
                                "W": "0",
                                "Pt": "R",
                                "Dp": "1.4",
                                "$": "0"
                            },
                            {
                                "D": "N",
                                "G": "10",
                                "H": "86.7",
                                "P": "1003",
                                "S": "5",
                                "T": "3.0",
                                "V": "40000",
                                "W": "0",
                                "Pt": "R",
                                "Dp": "1.0",
                                "$": "60"
                            },
                            {
                                "D": "NW",
                                "G": "8",
                                "H": "89.0",
                                "P": "1003",
                                "S": "3",
                                "T": "2.0",
                                "V": "40000",
                                "W": "7",
                                "Pt": "R",
                                "Dp": "0.4",
                                "$": "120"
                            },
                            {
                                "D": "NW",
                                "G": "7",
                                "H": "90.4",
                                "P": "1002",
                                "S": "5",
                                "T": "1.7",
                                "V": "40000",
                                "W": "2",
                                "Pt": "F",
                                "Dp": "0.3",
                                "$": "180"
                            },
                            {
                                "D": "N",
                                "G": "18",
                                "H": "88.6",
                                "P": "1002",
                                "S": "10",
                                "T": "2.4",
                                "V": "30000",
                                "W": "8",
                                "Pt": "F",
                                "Dp": "0.7",
                                "$": "240"
                            },
                            {
                                "D": "N",
                                "G": "15",
                                "H": "84.8",
                                "P": "1002",
                                "S": "7",
                                "T": "3.1",
                                "V": "40000",
                                "W": "8",
                                "Pt": "F",
                                "Dp": "0.8",
                                "$": "300"
                            },
                            {
                                "D": "NW",
                                "G": "10",
                                "H": "83.7",
                                "P": "1003",
                                "S": "5",
                                "T": "3.6",
                                "V": "40000",
                                "W": "8",
                                "Pt": "R",
                                "Dp": "1.1",
                                "$": "360"
                            },
                            {
                                "D": "NNW",
                                "G": "13",
                                "H": "88.7",
                                "P": "1003",
                                "S": "6",
                                "T": "3.5",
                                "V": "7000",
                                "W": "12",
                                "Pt": "R",
                                "Dp": "1.8",
                                "$": "420"
                            },
                            {
                                "D": "NNW",
                                "G": "13",
                                "H": "89.1",
                                "P": "1003",
                                "S": "7",
                                "T": "3.6",
                                "V": "21000",
                                "W": "12",
                                "Pt": "R",
                                "Dp": "2.0",
                                "$": "480"
                            },
                            {
                                "D": "NNW",
                                "G": "14",
                                "H": "83.1",
                                "P": "1003",
                                "S": "8",
                                "T": "4.0",
                                "V": "30000",
                                "W": "8",
                                "Pt": "R",
                                "Dp": "1.4",
                                "$": "540"
                            },
                            {
                                "D": "N",
                                "G": "16",
                                "H": "78.1",
                                "P": "1003",
                                "S": "8",
                                "T": "4.6",
                                "V": "26000",
                                "W": "8",
                                "Pt": "R",
                                "Dp": "1.1",
                                "$": "600"
                            },
                            {
                                "D": "N",
                                "G": "18",
                                "H": "71.0",
                                "P": "1004",
                                "S": "10",
                                "T": "5.3",
                                "V": "30000",
                                "W": "8",
                                "Pt": "R",
                                "Dp": "0.5",
                                "$": "660"
                            },
                            {
                                "D": "N",
                                "G": "16",
                                "H": "67.3",
                                "P": "1004",
                                "S": "8",
                                "T": "6.4",
                                "V": "40000",
                                "W": "8",
                                "Pt": "R",
                                "Dp": "0.8",
                                "$": "720"
                            },
                            {
                                "D": "NNW",
                                "G": "15",
                                "H": "69.3",
                                "P": "1003",
                                "S": "9",
                                "T": "6.7",
                                "V": "50000",
                                "W": "12",
                                "Pt": "R",
                                "Dp": "1.5",
                                "$": "780"
                            },
                            {
                                "D": "NNW",
                                "G": "17",
                                "H": "55.8",
                                "P": "1003",
                                "S": "8",
                                "T": "8.6",
                                "V": "40000",
                                "W": "3",
                                "Pt": "F",
                                "Dp": "0.3",
                                "$": "840"
                            },
                            {
                                "D": "NNE",
                                "G": "21",
                                "H": "73.3",
                                "P": "1003",
                                "S": "6",
                                "T": "6.3",
                                "V": "30000",
                                "W": "8",
                                "Pt": "F",
                                "Dp": "1.9",
                                "$": "900"
                            },
                            {
                                "D": "N",
                                "G": "24",
                                "H": "79.6",
                                "P": "1004",
                                "S": "15",
                                "T": "5.1",
                                "V": "5000",
                                "W": "12",
                                "Pt": "R",
                                "Dp": "1.9",
                                "$": "960"
                            }
                        ]
                    }
                ]
            }
        }
    }
}