{
    "SiteRep": {
        "Wx": {
            "Param": [
                {
                    "name": "G",
                    "units": "mph",
                    "$": "Wind Gust"
                },
                {
                    "name": "T",
                    "units": "C",
                    "$": "Temperature"
                },
                {
                    "name": "V",
                    "units": "m",
                    "$": "Visibility"
                },
                {
                    "name": "D",
                    "units": "compass",
                    "$": "Wind Direction"
                },
                {
                    "name": "S",
                    "units": "mph",
                    "$": "Wind Speed"
                },
                {
                    "name": "W",
                    "units": "",
                    "$": "Weather Type"
                },
                {
                    "name": "P",
                    "units": "hpa",
                    "$": "Pressure"
                },
                {
                    "name": "Pt",
                    "units": "Pa/s",
                    "$": "Pressure Tendency"
                },
                {
                    "name": "Dp",
                    "units": "C",
                    "$": "Dew Point"
                },
                {
                    "name": "H",
                    "units": "%",
                    "$": "Screen Relative Humidity"
                }
            ]
        },
        "DV": {
            "dataDate": "2023-11-14T16:00:00Z",
            "type": "Obs",
            "Location": {
                "i": "3772",
                "lat": "51.479",
                "lon": "-0.449",
                "name": "HEATHROW",
                "country": "ENGLAND",
                "continent": "EUROPE",
                "elevation": "25.0",
                "Period": [
                    {
                        "type": "Day",
                        "value": "2023-11-13Z",
                        "Rep": [
                            {
                                "D": "WSW",
                                "G": "33",
                                "H": "65.7",
                                "P": "998",
                                "S": "23",
                                "T": "13.5",
                                "V": "23000",
                                "W": "8",
                                "Pt": "R",
                                "Dp": "7.2",
                                "$": "960"
                            },
                            {
                                "D": "WSW",
                                "G": "36",
                                "H": "68.3",
                                "P": "999",
                                "S": "23",
                                "T": "12.8",
                                "V": "22000",
                                "W": "2",
                                "Pt": "R",
                                "Dp": "7.1",
                                "$": "1020"
                            },
                            {
                                "D": "SW",
                                "G": "33",
                                "H": "70.6",
                                "P": "999",
                                "S": "21",
                                "T": "12.6",
                                "V": "20000",
                                "W": "7",
                                "Pt": "R",
                                "Dp": "7.4",
                                "$": "1080"
                            },
                            {
                                "D": "SW",
                                "G": "33",
                                "H": "71.0",
                                "P": "1000",
                                "S": "22",
                                "T": "12.5",
                                "V": "18000",
                                "W": "0",
                                "Pt": "R",
                                "Dp": "7.4",
                                "$": "1140"
                            },
                            {
                                "D": "WSW",
                                "G": "33",
                                "H": "73.0",
                                "P": "1001",
                                "S": "19",
                                "T": "12.3",
                                "V": "17000",
                                "W": "7",
                                "Pt": "R",
                                "Dp": "7.6",
                                "$": "1200"
                            },
                            {
                                "D": "WSW",
                                "G": "33",
                                "H": "76.0",
                                "P": "1001",
                                "S": "23",
                                "T": "12.0",
                                "V": "15000",
                                "W": "2",
                                "Pt": "R",
                                "Dp": "7.9",
                                "$": "1260"
                            },
                            {
                                "D": "WSW",
                                "G": "34",
                                "H": "77.0",
                                "P": "1002",
                                "S": "21",
                                "T": "12.0",
                                "V": "14000",
                                "W": "0",
                                "Pt": "R",
                                "Dp": "8.1",
                                "$": "1320"
                            },
                            {
                                "D": "SW",
                                "G": "32",
                                "H": "77.5",
                                "P": "1002",
                                "S": "21",
                                "T": "11.8",
                                "V": "14000",
                                "W": "0",
                                "Pt": "R",
                                "Dp": "8.0",
                                "$": "1380"
                            }
                        ]
                    },
                    {
                        "type": "Day",
                        "value": "2023-11-14Z",
                        "Rep": [
                            {
                                "D": "SW",
                                "G": "31",
                                "H": "78.5",
                                "P": "1002",
                                "S": "19",
                                "T": "11.7",
                                "V": "15000",
                                "W": "0",
                                "Pt": "R",
                                "Dp": "8.1",
                                "$": "0"
                            },
                            {
                                "D": "SW",
                                "G": "30",
                                "H": "81.2",
                                "P": "1003",
                                "S": "16",
                                "T": "11.5",
                                "V": "14000",
                                "W": "0",
                                "Pt": "R",
                                "Dp": "8.4",
                                "$": "60"
                            },
                            {
                                "D": "SW",
                                "G": "31",
                                "H": "82.3",
                                "P": "1003",
                                "S": "16",
                                "T": "11.3",
                                "V": "13000",
                                "W": "0",
                                "Pt": "R",
                                "Dp": "8.4",
                                "$": "120"
                            },
                            {
                                "D": "SW",
                                "G": "22",
                                "H": "85.7",
                                "P": "1003",
                                "S": "13",
                                "T": "10.9",
                                "V": "12000",
                                "W": "0",
                                "Pt": "R",
                                "Dp": "8.6",
                                "$": "180"
                            },
                            {
                                "D": "SW",
                                "G": "21",
                                "H": "85.2",
                                "P": "1003",
                                "S": "14",
                                "T": "11.4",
                                "V": "12000",
                                "W": "8",
                                "Pt": "R",
                                "Dp": "9.0",
                                "$": "240"
                            },
                            {
                                "D": "SW",
                                "G": "21",
                                "H": "84.0",
                                "P": "1003",
                                "S": "11",
                                "T": "11.2",
                                "V": "13000",
                                "W": "2",
                                "Pt": "F",
                                "Dp": "8.6",
                                "$": "300"
                            },
                            {
                                "D": "SW",
                                "G": "19",
                                "H": "84.0",
                                "P": "1003",
                                "S": "11",
                                "T": "11.2",
                                "V": "12000",
                                "W": "8",
                                "Pt": "R",
                                "Dp": "8.6",
                                "$": "360"
                            },
                            {
                                "D": "SW",
                                "G": "18",
                                "H": "85.2",
                                "P": "1003",
                                "S": "13",
                                "T": "11.7",
                                "V": "12000",
                                "W": "0",
                                "Pt": "F",
                                "Dp": "9.3",
                                "$": "420"
                            },
                            {
                                "D": "SSW",
                                "G": "19",
                                "H": "84.0",
                                "P": "1003",
                                "S": "11",
                                "T": "11.8",
                                "V": "12000",
                                "W": "3",
                                "Pt": "F",
                                "Dp": "9.2",
                                "$": "480"
                            },
                            {
                                "D": "SSW",
                                "G": "17",
                                "H": "84.1",
                                "P": "1002",
                                "S": "11",
                                "T": "12.2",
                                "V": "12000",
                                "W": "7",
                                "Pt": "F",
                                "Dp": "9.6",
                                "$": "540"
                            },
                            {
                                "D": "SW",
                                "G": "19",
                                "H": "79.8",
                                "P": "1002",
                                "S": "13",
                                "T": "12.9",
                                "V": "14000",
                                "W": "8",
                                "Pt": "F",
                                "Dp": "9.5",
                                "$": "600"
                            },
                            {
                                "D": "SSW",
                                "G": "19",
                                "H": "87.0",
                                "P": "1001",
                                "S": "11",
                                "T": "12.3",
                                "V": "6000",
                                "W": "12",
                                "Pt": "F",
                                "Dp": "10.2",
                                "$": "660"
                            },
                            {
                                "D": "W",
                                "G": "24",
                                "H": "91.0",
                                "P": "1001",
                                "S": "15",
                                "T": "10.5",
                                "V": "2400",
                                "W": "15",
                                "Pt": "F",
                                "Dp": "9.1",
                                "$": "720"
                            },
                            {
                                "D": "WSW",
                                "G": "24",
                                "H": "93.5",
                                "P": "1002",
                                "S": "14",
                                "T": "9.8",
                                "V": "2900",
                                "W": "15",
                                "Pt": "F",
                                "Dp": "8.8",
                                "$": "780"
                            },
                            {
                                "D": "W",
                                "G": "24",
                                "H": "93.5",
                                "P": "1002",
                                "S": "15",
                                "T": "9.8",
                                "V": "11000",
                                "W": "12",
                                "Pt": "R",
                                "Dp": "8.8",
                                "$": "840"
                            },
                            {
                                "D": "W",
                                "G": "24",
                                "H": "86.3",
                                "P": "1003",
                                "S": "16",
                                "T": "10.9",
                                "V": "55000",
                                "W": "3",
                                "Pt": "R",
                                "Dp": "8.7",
                                "$": "900"
                            },
                            {
                                "D": "WSW",
                                "G": "22",
                                "H": "89.7",
                                "P": "1004",
                                "S": "13",
                                "T": "10.4",
                                "V": "30000",
                                "W": "1",
                                "Pt": "R",
                                "Dp": "8.8",
                                "$": "960"
                            }
                        ]
                    }
                ]
            }
        }
    }
}