{
    "SiteRep": {
        "Wx": {
            "Param": [
                {
                    "name": "G",
                    "units": "mph",
                    "$": "Wind Gust"
                },
                {
                    "name": "T",
                    "units": "C",
                    "$": "Temperature"
                },
                {
                    "name": "V",
                    "units": "m",
                    "$": "Visibility"
                },
                {
                    "name": "D",
                    "units": "compass",
                    "$": "Wind Direction"
                },
                {
                    "name": "S",
                    "units": "mph",
                    "$": "Wind Speed"
                },
                {
                    "name": "W",
                    "units": "",
                    "$": "Weather Type"
                },
                {
                    "name": "P",
                    "units": "hpa",
                    "$": "Pressure"
                },
                {
                    "name": "Pt",
                    "units": "Pa/s",
                    "$": "Pressure Tendency"
                },
                {
                    "name": "Dp",
                    "units": "C",
                    "$": "Dew Point"
                },
                {
                    "name": "H",
                    "units": "%",
                    "$": "Screen Relative Humidity"
                }
            ]
        },
        "DV": {
            "dataDate": "2025-04-06T15:00:00Z",
            "type": "Obs",
            "Location": {
                "i": "3772",
                "lat": "51.479",
                "lon": "-0.449",
                "name": "HEATHROW",
                "country": "ENGLAND",
                "continent": "EUROPE",
                "elevation": "25.0",
                "Period": [
                    {
                        "type": "Day",
                        "value": "2025-04-05Z",
                        "Rep": [
                            {
                                "D": "ENE",
                                "G": "24",
                                "H": "30.8",
                                "P": "1019",
                                "S": "14",
                                "T": "17.8",
                                "V": "50000",
                                "W": "1",
                                "Pt": "F",
                                "Dp": "0.6",
                                "$": "960"
                            },
                            {
                                "D": "ENE",
                                "G": "23",
                                "H": "31.4",
                                "P": "1019",
                                "S": "11",
                                "T": "16.9",
                                "V": "65000",
                                "W": "1",
                                "Pt": "F",
                                "Dp": "0.1",
                                "$": "1020"
                            },
                            {
                                "D": "NE",
                                "G": "24",
                                "H": "32.1",
                                "P": "1019",
                                "S": "13",
                                "T": "15.3",
                                "V": "60000",
                                "W": "1",
                                "Pt": "R",
                                "Dp": "-1.0",
                                "$": "1080"
                            },
                            {
                                "D": "NE",
                                "G": "23",
                                "H": "28.8",
                                "P": "1020",
                                "S": "9",
                                "T": "13.1",
                                "V": "60000",
                                "W": "0",
                                "Pt": "R",
                                "Dp": "-4.3",
                                "$": "1140"
                            },
                            {
                                "D": "NE",
                                "G": "22",
                                "H": "34.1",
                                "P": "1021",
                                "S": "10",
                                "T": "11.3",
                                "V": "50000",
                                "W": "0",
                                "Pt": "R",
                                "Dp": "-3.7",
                                "$": "1200"
                            },
                            {
                                "D": "NE",
                                "G": "21",
                                "H": "45.4",
                                "P": "1021",
                                "S": "9",
                                "T": "9.4",
                                "V": "45000",
                                "W": "0",
                                "Pt": "R",
                                "Dp": "-1.6",
                                "$": "1260"
                            },
                            {
                                "D": "ENE",
                                "G": "22",
                                "H": "53.6",
                                "P": "1021",
                                "S": "11",
                                "T": "8.1",
                                "V": "45000",
                                "W": "0",
                                "Pt": "R",
                                "Dp": "-0.6",
                                "$": "1320"
                            },
                            {
                                "D": "NE",
                                "G": "19",
                                "H": "62.0",
                                "P": "1022",
                                "S": "9",
                                "T": "7.3",
                                "V": "40000",
                                "W": "0",
                                "Pt": "R",
                                "Dp": "0.6",
                                "$": "1380"
                            }
                        ]
                    },
                    {
                        "type": "Day",
                        "value": "2025-04-06Z",
                        "Rep": [
                            {
                                "D": "NE",
                                "G": "21",
                                "H": "69.9",
                                "P": "1022",
                                "S": "9",
                                "T": "6.6",
                                "V": "30000",
                                "W": "0",
                                "Pt": "R",
                                "Dp": "1.6",
                                "$": "0"
                            },
                            {
                                "D": "NE",
                                "G": "16",
                                "H": "75.2",
                                "P": "1022",
                                "S": "7",
                                "T": "6.0",
                                "V": "29000",
                                "W": "0",
                                "Pt": "R",
                                "Dp": "2.0",
                                "$": "60"
                            },
                            {
                                "D": "NE",
                                "G": "14",
                                "H": "79.6",
                                "P": "1022",
                                "S": "9",
                                "T": "5.7",
                                "V": "26000",
                                "W": "0",
                                "Pt": "F",
                                "Dp": "2.5",
                                "$": "120"
                            },
                            {
                                "D": "NE",
                                "G": "14",
                                "H": "82.5",
                                "P": "1022",
                                "S": "7",
                                "T": "5.5",
                                "V": "23000",
                                "W": "0",
                                "Pt": "S",
                                "Dp": "2.8",
                                "$": "180"
                            },
                            {
                                "D": "NNE",
                                "G": "10",
                                "H": "84.9",
                                "P": "1022",
                                "S": "7",
                                "T": "5.1",
                                "V": "22000",
                                "W": "0",
                                "Pt": "F",
                                "Dp": "2.8",
                                "$": "240"
                            },
                            {
                                "D": "NNE",
                                "G": "11",
                                "H": "85.4",
                                "P": "1022",
                                "S": "7",
                                "T": "5.2",
                                "V": "22000",
                                "W": "0",
                                "Pt": "R",
                                "Dp": "3.0",
                                "$": "300"
                            },
                            {
                                "D": "NE",
                                "G": "10",
                                "H": "86.1",
                                "P": "1023",
                                "S": "6",
                                "T": "5.3",
                                "V": "22000",
                                "W": "1",
                                "Pt": "R",
                                "Dp": "3.2",
                                "$": "360"
                            },
                            {
                                "D": "NE",
                                "G": "13",
                                "H": "79.2",
                                "P": "1023",
                                "S": "8",
                                "T": "7.2",
                                "V": "24000",
                                "W": "1",
                                "Pt": "R",
                                "Dp": "3.9",
                                "$": "420"
                            },
                            {
                                "D": "NE",
                                "G": "16",
                                "H": "68.6",
                                "P": "1023",
                                "S": "9",
                                "T": "9.2",
                                "V": "30000",
                                "W": "1",
                                "Pt": "R",
                                "Dp": "3.8",
                                "$": "480"
                            },
                            {
                                "D": "ENE",
                                "G": "18",
                                "H": "61.1",
                                "P": "1023",
                                "S": "10",
                                "T": "10.9",
                                "V": "30000",
                                "W": "1",
                                "Pt": "R",
                                "Dp": "3.8",
                                "$": "540"
                            },
                            {
                                "D": "ENE",
                                "G": "22",
                                "H": "57.7",
                                "P": "1023",
                                "S": "11",
                                "T": "12.5",
                                "V": "35000",
                                "W": "1",
                                "Pt": "R",
                                "Dp": "4.5",
                                "$": "600"
                            },
                            {
                                "D": "NE",
                                "G": "19",
                                "H": "47.1",
                                "P": "1023",
                                "S": "11",
                                "T": "13.9",
                                "V": "45000",
                                "W": "1",
                                "Pt": "R",
                                "Dp": "3.0",
                                "$": "660"
                            },
                            {
                                "D": "E",
                                "G": "23",
                                "H": "38.4",
                                "P": "1023",
                                "S": "15",
                                "T": "14.9",
                                "V": "40000",
                                "W": "1",
                                "Pt": "F",
                                "Dp": "1.1",
                                "$": "720"
                            },
                            {
                                "D": "E",
                                "G": "23",
                                "H": "35.7",
                                "P": "1023",
                                "S": "11",
                                "T": "15.7",
                                "V": "55000",
                                "W": "1",
                                "Pt": "S",
                                "Dp": "0.8",
                                "$": "780"
                            },
                            {
                                "D": "E",
                                "G": "22",
                                "H": "35.5",
                                "P": "1023",
                                "S": "11",
                                "T": "16.0",
                                "V": "50000",
                                "W": "1",
                                "Pt": "F",
                                "Dp": "1.0",
                                "$": "840"
                            },
                            {
                                "D": "ENE",
                                "G": "19",
                                "H": "29.6",
                                "P": "1023",
                                "S": "10",
                                "T": "16.0",
                                "V": "50000",
                                "W": "1",
                                "Pt": "F",
                                "Dp": "-1.4",
                                "$": "900"
                            },
                            {
                                "D": "ENE",
                                "G": "21",
                                "H": "29.4",
                                "P": "1022",
                                "S": "10",
                                "T": "15.4",
                                "V": "65000",
                                "W": "1",
                                "Pt": "F",
                                "Dp": "-2.0",
                                "$": "960"
                            }
                        ]
                    }
                ]
            }
        }
    }
}