{
    "SiteRep": {
        "Wx": {
            "Param": [
                {
                    "name": "G",
                    "units": "mph",
                    "$": "Wind Gust"
                },
                {
                    "name": "T",
                    "units": "C",
                    "$": "Temperature"
                },
                {
                    "name": "V",
                    "units": "m",
                    "$": "Visibility"
                },
                {
                    "name": "D",
                    "units": "compass",
                    "$": "Wind Direction"
                },
                {
                    "name": "S",
                    "units": "mph",
                    "$": "Wind Speed"
                },
                {
                    "name": "W",
                    "units": "",
                    "$": "Weather Type"
                },
                {
                    "name": "P",
                    "units": "hpa",
                    "$": "Pressure"
                },
                {
                    "name": "Pt",
                    "units": "Pa/s",
                    "$": "Pressure Tendency"
                },
                {
                    "name": "Dp",
                    "units": "C",
                    "$": "Dew Point"
                },
                {
                    "name": "H",
                    "units": "%",
                    "$": "Screen Relative Humidity"
                }
            ]
        },
        "DV": {
            "dataDate": "2025-10-27T16:00:00Z",
            "type": "Obs",
            "Location": {
                "i": "3772",
                "lat": "51.479",
                "lon": "-0.449",
                "name": "HEATHROW",
                "country": "ENGLAND",
                "continent": "EUROPE",
                "elevation": "25.0",
                "Period": [
                    {
                        "type": "Day",
                        "value": "2025-10-26Z",
                        "Rep": [
                            {
                                "D": "WSW",
                                "G": "26",
                                "H": "71.3",
                                "P": "1009",
                                "S": "15",
                                "T": "9.3",
                                "V": "16000",
                                "W": "12",
                                "Pt": "F",
                                "Dp": "4.4",
                                "$": "960"
                            },
                            {
                                "D": "SW",
                                "G": "23",
                                "H": "78.6",
                                "P": "1008",
                                "S": "14",
                                "T": "8.5",
                                "V": "55000",
                                "W": "11",
                                "Pt": "F",
                                "Dp": "5.0",
                                "$": "1020"
                            },
                            {
                                "D": "SW",
                                "G": "23",
                                "H": "84.1",
                                "P": "1007",
                                "S": "16",
                                "T": "8.4",
                                "V": "45000",
                                "W": "12",
                                "Pt": "F",
                                "Dp": "5.9",
                                "$": "1080"
                            },
                            {
                                "D": "SW",
                                "G": "24",
                                "H": "89.1",
                                "P": "1006",
                                "S": "15",
                                "T": "8.7",
                                "V": "15000",
                                "W": "12",
                                "Pt": "F",
                                "Dp": "7.0",
                                "$": "1140"
                            },
                            {
                                "D": "WSW",
                                "G": "24",
                                "H": "87.3",
                                "P": "1005",
                                "S": "16",
                                "T": "9.9",
                                "V": "75000",
                                "W": "12",
                                "Pt": "F",
                                "Dp": "7.9",
                                "$": "1200"
                            },
                            {
                                "D": "SW",
                                "G": "25",
                                "H": "89.2",
                                "P": "1004",
                                "S": "18",
                                "T": "10.4",
                                "V": "75000",
                                "W": "8",
                                "Pt": "F",
                                "Dp": "8.7",
                                "$": "1260"
                            },
                            {
                                "D": "WSW",
                                "G": "25",
                                "H": "88.6",
                                "P": "1003",
                                "S": "16",
                                "T": "11.1",
                                "V": "75000",
                                "W": "8",
                                "Pt": "F",
                                "Dp": "9.3",
                                "$": "1320"
                            },
                            {
                                "D": "WSW",
                                "G": "25",
                                "H": "88.1",
                                "P": "1003",
                                "S": "13",
                                "T": "11.4",
                                "V": "65000",
                                "W": "8",
                                "Pt": "F",
                                "Dp": "9.5",
                                "$": "1380"
                            }
                        ]
                    },
                    {
                        "type": "Day",
                        "value": "2025-10-27Z",
                        "Rep": [
                            {
                                "D": "W",
                                "G": "19",
                                "H": "86.9",
                                "P": "1003",
                                "S": "10",
                                "T": "11.4",
                                "V": "65000",
                                "W": "8",
                                "Pt": "F",
                                "Dp": "9.3",
                                "$": "0"
                            },
                            {
                                "D": "W",
                                "G": "21",
                                "H": "78.6",
                                "P": "1003",
                                "S": "13",
                                "T": "12.0",
                                "V": "65000",
                                "W": "8",
                                "Pt": "F",
                                "Dp": "8.4",
                                "$": "60"
                            },
                            {
                                "D": "W",
                                "G": "23",
                                "H": "68.4",
                                "P": "1003",
                                "S": "10",
                                "T": "11.9",
                                "V": "40000",
                                "W": "8",
                                "Pt": "F",
                                "Dp": "6.3",
                                "$": "120"
                            },
                            {
                                "D": "WSW",
                                "G": "18",
                                "H": "74.1",
                                "P": "1002",
                                "S": "11",
                                "T": "10.6",
                                "V": "40000",
                                "W": "8",
                                "Pt": "F",
                                "Dp": "6.2",
                                "$": "180"
                            },
                            {
                                "D": "W",
                                "G": "18",
                                "H": "80.4",
                                "P": "1002",
                                "S": "11",
                                "T": "9.9",
                                "V": "40000",
                                "W": "7",
                                "Pt": "F",
                                "Dp": "6.7",
                                "$": "240"
                            },
                            {
                                "D": "W",
                                "G": "17",
                                "H": "78.2",
                                "P": "1003",
                                "S": "10",
                                "T": "9.8",
                                "V": "30000",
                                "W": "2",
                                "Pt": "F",
                                "Dp": "6.2",
                                "$": "300"
                            },
                            {
                                "D": "W",
                                "G": "18",
                                "H": "79.2",
                                "P": "1003",
                                "S": "11",
                                "T": "9.2",
                                "V": "29000",
                                "W": "0",
                                "Pt": "R",
                                "Dp": "5.8",
                                "$": "360"
                            },
                            {
                                "D": "W",
                                "G": "22",
                                "H": "75.5",
                                "P": "1003",
                                "S": "14",
                                "T": "9.6",
                                "V": "27000",
                                "W": "0",
                                "Pt": "R",
                                "Dp": "5.5",
                                "$": "420"
                            },
                            {
                                "D": "W",
                                "G": "24",
                                "H": "70.6",
                                "P": "1004",
                                "S": "15",
                                "T": "10.5",
                                "V": "28000",
                                "W": "1",
                                "Pt": "R",
                                "Dp": "5.4",
                                "$": "480"
                            },
                            {
                                "D": "W",
                                "G": "28",
                                "H": "60.8",
                                "P": "1005",
                                "S": "15",
                                "T": "12.0",
                                "V": "30000",
                                "W": "1",
                                "Pt": "R",
                                "Dp": "4.7",
                                "$": "540"
                            },
                            {
                                "D": "WNW",
                                "G": "28",
                                "H": "56.1",
                                "P": "1006",
                                "S": "16",
                                "T": "12.8",
                                "V": "35000",
                                "W": "3",
                                "Pt": "R",
                                "Dp": "4.3",
                                "$": "600"
                            },
                            {
                                "D": "WNW",
                                "G": "31",
                                "H": "55.7",
                                "P": "1007",
                                "S": "18",
                                "T": "13.2",
                                "V": "35000",
                                "W": "3",
                                "Pt": "R",
                                "Dp": "4.6",
                                "$": "660"
                            },
                            {
                                "D": "WNW",
                                "G": "30",
                                "H": "55.3",
                                "P": "1007",
                                "S": "16",
                                "T": "13.2",
                                "V": "35000",
                                "W": "8",
                                "Pt": "R",
                                "Dp": "4.5",
                                "$": "720"
                            },
                            {
                                "D": "WNW",
                                "G": "28",
                                "H": "54.6",
                                "P": "1008",
                                "S": "17",
                                "T": "13.3",
                                "V": "40000",
                                "W": "8",
                                "Pt": "R",
                                "Dp": "4.4",
                                "$": "780"
                            },
                            {
                                "D": "W",
                                "G": "28",
                                "H": "55.1",
                                "P": "1009",
                                "S": "16",
                                "T": "13.6",
                                "V": "40000",
                                "W": "8",
                                "Pt": "R",
                                "Dp": "4.8",
                                "$": "840"
                            },
                            {
                                "D": "W",
                                "G": "28",
                                "H": "56.2",
                                "P": "1009",
                                "S": "11",
                                "T": "13.4",
                                "V": "45000",
                                "W": "8",
                                "Pt": "R",
                                "Dp": "4.9",
                                "$": "900"
                            },
                            {
                                "D": "W",
                                "G": "24",
                                "H": "56.5",
                                "P": "1009",
                                "S": "14",
                                "T": "12.9",
                                "V": "50000",
                                "W": "8",
                                "Pt": "R",
                                "Dp": "4.5",
                                "$": "960"
                            }
                        ]
                    }
                ]
            }
        }
    }
}