{
    "SiteRep": {
        "Wx": {
            "Param": [
                {
                    "name": "G",
                    "units": "mph",
                    "$": "Wind Gust"
                },
                {
                    "name": "T",
                    "units": "C",
                    "$": "Temperature"
                },
                {
                    "name": "V",
                    "units": "m",
                    "$": "Visibility"
                },
                {
                    "name": "D",
                    "units": "compass",
                    "$": "Wind Direction"
                },
                {
                    "name": "S",
                    "units": "mph",
                    "$": "Wind Speed"
                },
                {
                    "name": "W",
                    "units": "",
                    "$": "Weather Type"
                },
                {
                    "name": "P",
                    "units": "hpa",
                    "$": "Pressure"
                },
                {
                    "name": "Pt",
                    "units": "Pa/s",
                    "$": "Pressure Tendency"
                },
                {
                    "name": "Dp",
                    "units": "C",
                    "$": "Dew Point"
                },
                {
                    "name": "H",
                    "units": "%",
                    "$": "Screen Relative Humidity"
                }
            ]
        },
        "DV": {
            "dataDate": "2024-04-29T16:00:00Z",
            "type": "Obs",
            "Location": {
                "i": "3772",
                "lat": "51.479",
                "lon": "-0.449",
                "name": "HEATHROW",
                "country": "ENGLAND",
                "continent": "EUROPE",
                "elevation": "25.0",
                "Period": [
                    {
                        "type": "Day",
                        "value": "2024-04-28Z",
                        "Rep": [
                            {
                                "D": "SW",
                                "G": "17",
                                "H": "55.3",
                                "P": "1009",
                                "S": "13",
                                "T": "13.1",
                                "V": "75000",
                                "W": "3",
                                "Pt": "R",
                                "Dp": "4.4",
                                "$": "960"
                            },
                            {
                                "D": "SW",
                                "G": "18",
                                "H": "52.5",
                                "P": "1009",
                                "S": "11",
                                "T": "12.7",
                                "V": "75000",
                                "W": "8",
                                "Pt": "R",
                                "Dp": "3.3",
                                "$": "1020"
                            },
                            {
                                "D": "SSW",
                                "G": "23",
                                "H": "62.0",
                                "P": "1010",
                                "S": "13",
                                "T": "11.9",
                                "V": "55000",
                                "W": "8",
                                "Pt": "R",
                                "Dp": "4.9",
                                "$": "1080"
                            },
                            {
                                "D": "SSW",
                                "G": "24",
                                "H": "60.8",
                                "P": "1011",
                                "S": "11",
                                "T": "10.6",
                                "V": "75000",
                                "W": "8",
                                "Pt": "R",
                                "Dp": "3.4",
                                "$": "1140"
                            },
                            {
                                "D": "SSW",
                                "G": "16",
                                "H": "67.5",
                                "P": "1012",
                                "S": "10",
                                "T": "9.9",
                                "V": "65000",
                                "W": "8",
                                "Pt": "R",
                                "Dp": "4.2",
                                "$": "1200"
                            },
                            {
                                "D": "S",
                                "G": "16",
                                "H": "76.3",
                                "P": "1012",
                                "S": "10",
                                "T": "8.8",
                                "V": "45000",
                                "W": "0",
                                "Pt": "R",
                                "Dp": "4.9",
                                "$": "1260"
                            },
                            {
                                "D": "S",
                                "G": "15",
                                "H": "81.3",
                                "P": "1013",
                                "S": "9",
                                "T": "8.5",
                                "V": "35000",
                                "W": "2",
                                "Pt": "R",
                                "Dp": "5.5",
                                "$": "1320"
                            },
                            {
                                "D": "S",
                                "G": "13",
                                "H": "84.7",
                                "P": "1013",
                                "S": "8",
                                "T": "7.9",
                                "V": "35000",
                                "W": "8",
                                "Pt": "R",
                                "Dp": "5.5",
                                "$": "1380"
                            }
                        ]
                    },
                    {
                        "type": "Day",
                        "value": "2024-04-29Z",
                        "Rep": [
                            {
                                "D": "S",
                                "G": "11",
                                "H": "87.6",
                                "P": "1014",
                                "S": "8",
                                "T": "7.1",
                                "V": "29000",
                                "W": "0",
                                "Pt": "R",
                                "Dp": "5.2",
                                "$": "0"
                            },
                            {
                                "D": "S",
                                "G": "13",
                                "H": "89.4",
                                "P": "1014",
                                "S": "9",
                                "T": "7.0",
                                "V": "30000",
                                "W": "0",
                                "Pt": "R",
                                "Dp": "5.4",
                                "$": "60"
                            },
                            {
                                "D": "S",
                                "G": "13",
                                "H": "90.7",
                                "P": "1014",
                                "S": "8",
                                "T": "6.9",
                                "V": "28000",
                                "W": "0",
                                "Pt": "R",
                                "Dp": "5.5",
                                "$": "120"
                            },
                            {
                                "D": "S",
                                "G": "13",
                                "H": "92.7",
                                "P": "1014",
                                "S": "9",
                                "T": "6.5",
                                "V": "26000",
                                "W": "0",
                                "Pt": "R",
                                "Dp": "5.4",
                                "$": "180"
                            },
                            {
                                "D": "SSE",
                                "G": "13",
                                "H": "93.9",
                                "P": "1014",
                                "S": "7",
                                "T": "6.3",
                                "V": "23000",
                                "W": "0",
                                "Pt": "R",
                                "Dp": "5.4",
                                "$": "240"
                            },
                            {
                                "D": "S",
                                "G": "14",
                                "H": "92.0",
                                "P": "1014",
                                "S": "8",
                                "T": "7.0",
                                "V": "28000",
                                "W": "7",
                                "Pt": "R",
                                "Dp": "5.8",
                                "$": "300"
                            },
                            {
                                "D": "SSE",
                                "G": "11",
                                "H": "90.2",
                                "P": "1015",
                                "S": "7",
                                "T": "7.9",
                                "V": "27000",
                                "W": "3",
                                "Pt": "R",
                                "Dp": "6.4",
                                "$": "360"
                            },
                            {
                                "D": "S",
                                "G": "14",
                                "H": "83.8",
                                "P": "1015",
                                "S": "9",
                                "T": "10.1",
                                "V": "30000",
                                "W": "1",
                                "Pt": "R",
                                "Dp": "7.5",
                                "$": "420"
                            },
                            {
                                "D": "S",
                                "G": "21",
                                "H": "75.3",
                                "P": "1015",
                                "S": "14",
                                "T": "11.6",
                                "V": "40000",
                                "W": "3",
                                "Pt": "R",
                                "Dp": "7.4",
                                "$": "480"
                            },
                            {
                                "D": "S",
                                "G": "23",
                                "H": "67.5",
                                "P": "1015",
                                "S": "16",
                                "T": "12.6",
                                "V": "55000",
                                "W": "8",
                                "Pt": "R",
                                "Dp": "6.8",
                                "$": "540"
                            },
                            {
                                "D": "S",
                                "G": "28",
                                "H": "55.9",
                                "P": "1015",
                                "S": "18",
                                "T": "14.4",
                                "V": "55000",
                                "W": "3",
                                "Pt": "R",
                                "Dp": "5.8",
                                "$": "600"
                            },
                            {
                                "D": "S",
                                "G": "31",
                                "H": "53.3",
                                "P": "1015",
                                "S": "17",
                                "T": "14.8",
                                "V": "50000",
                                "W": "1",
                                "Pt": "F",
                                "Dp": "5.5",
                                "$": "660"
                            },
                            {
                                "D": "S",
                                "G": "28",
                                "H": "52.1",
                                "P": "1015",
                                "S": "17",
                                "T": "15.7",
                                "V": "75000",
                                "W": "8",
                                "Pt": "F",
                                "Dp": "6.0",
                                "$": "720"
                            },
                            {
                                "D": "S",
                                "G": "31",
                                "H": "50.3",
                                "P": "1015",
                                "S": "16",
                                "T": "15.6",
                                "V": "65000",
                                "W": "3",
                                "Pt": "F",
                                "Dp": "5.4",
                                "$": "780"
                            },
                            {
                                "D": "S",
                                "G": "30",
                                "H": "42.1",
                                "P": "1015",
                                "S": "19",
                                "T": "15.6",
                                "V": "75000",
                                "W": "3",
                                "Pt": "F",
                                "Dp": "2.9",
                                "$": "840"
                            },
                            {
                                "D": "S",
                                "G": "28",
                                "H": "47.2",
                                "P": "1014",
                                "S": "16",
                                "T": "15.6",
                                "V": "75000",
                                "W": "7",
                                "Pt": "F",
                                "Dp": "4.5",
                                "$": "900"
                            },
                            {
                                "D": "S",
                                "G": "28",
                                "H": "50.6",
                                "P": "1014",
                                "S": "16",
                                "T": "15.4",
                                "V": "75000",
                                "W": "7",
                                "Pt": "F",
                                "Dp": "5.3",
                                "$": "960"
                            }
                        ]
                    }
                ]
            }
        }
    }
}