{
    "SiteRep": {
        "Wx": {
            "Param": [
                {
                    "name": "G",
                    "units": "mph",
                    "$": "Wind Gust"
                },
                {
                    "name": "T",
                    "units": "C",
                    "$": "Temperature"
                },
                {
                    "name": "V",
                    "units": "m",
                    "$": "Visibility"
                },
                {
                    "name": "D",
                    "units": "compass",
                    "$": "Wind Direction"
                },
                {
                    "name": "S",
                    "units": "mph",
                    "$": "Wind Speed"
                },
                {
                    "name": "W",
                    "units": "",
                    "$": "Weather Type"
                },
                {
                    "name": "P",
                    "units": "hpa",
                    "$": "Pressure"
                },
                {
                    "name": "Pt",
                    "units": "Pa/s",
                    "$": "Pressure Tendency"
                },
                {
                    "name": "Dp",
                    "units": "C",
                    "$": "Dew Point"
                },
                {
                    "name": "H",
                    "units": "%",
                    "$": "Screen Relative Humidity"
                }
            ]
        },
        "DV": {
            "dataDate": "2023-11-16T16:00:00Z",
            "type": "Obs",
            "Location": {
                "i": "3772",
                "lat": "51.479",
                "lon": "-0.449",
                "name": "HEATHROW",
                "country": "ENGLAND",
                "continent": "EUROPE",
                "elevation": "25.0",
                "Period": [
                    {
                        "type": "Day",
                        "value": "2023-11-15Z",
                        "Rep": [
                            {
                                "D": "W",
                                "G": "24",
                                "H": "67.3",
                                "P": "1018",
                                "S": "10",
                                "T": "10.0",
                                "V": "45000",
                                "W": "3",
                                "Pt": "R",
                                "Dp": "4.3",
                                "$": "960"
                            },
                            {
                                "D": "WSW",
                                "G": "15",
                                "H": "73.1",
                                "P": "1018",
                                "S": "8",
                                "T": "8.7",
                                "V": "40000",
                                "W": "2",
                                "Pt": "R",
                                "Dp": "4.2",
                                "$": "1020"
                            },
                            {
                                "D": "SW",
                                "G": "11",
                                "H": "76.2",
                                "P": "1018",
                                "S": "8",
                                "T": "8.4",
                                "V": "35000",
                                "W": "0",
                                "Pt": "R",
                                "Dp": "4.5",
                                "$": "1080"
                            },
                            {
                                "D": "W",
                                "G": "11",
                                "H": "78.2",
                                "P": "1018",
                                "S": "6",
                                "T": "7.9",
                                "V": "30000",
                                "W": "0",
                                "Pt": "R",
                                "Dp": "4.4",
                                "$": "1140"
                            },
                            {
                                "D": "W",
                                "G": "13",
                                "H": "81.7",
                                "P": "1018",
                                "S": "6",
                                "T": "7.7",
                                "V": "24000",
                                "W": "8",
                                "Pt": "R",
                                "Dp": "4.8",
                                "$": "1200"
                            },
                            {
                                "D": "WSW",
                                "G": "13",
                                "H": "82.7",
                                "P": "1018",
                                "S": "7",
                                "T": "6.8",
                                "V": "27000",
                                "W": "8",
                                "Pt": "R",
                                "Dp": "4.1",
                                "$": "1260"
                            },
                            {
                                "D": "SW",
                                "G": "11",
                                "H": "84.0",
                                "P": "1018",
                                "S": "8",
                                "T": "7.3",
                                "V": "26000",
                                "W": "8",
                                "Pt": "F",
                                "Dp": "4.8",
                                "$": "1320"
                            },
                            {
                                "D": "SW",
                                "G": "11",
                                "H": "88.6",
                                "P": "1018",
                                "S": "7",
                                "T": "6.1",
                                "V": "20000",
                                "W": "8",
                                "Pt": "F",
                                "Dp": "4.4",
                                "$": "1380"
                            }
                        ]
                    },
                    {
                        "type": "Day",
                        "value": "2023-11-16Z",
                        "Rep": [
                            {
                                "D": "SSW",
                                "G": "7",
                                "H": "91.9",
                                "P": "1018",
                                "S": "3",
                                "T": "4.8",
                                "V": "17000",
                                "W": "8",
                                "Pt": "F",
                                "Dp": "3.6",
                                "$": "0"
                            },
                            {
                                "D": "S",
                                "G": "5",
                                "H": "94.4",
                                "P": "1017",
                                "S": "3",
                                "T": "5.1",
                                "V": "16000",
                                "W": "8",
                                "Pt": "F",
                                "Dp": "4.3",
                                "$": "60"
                            },
                            {
                                "D": "ESE",
                                "G": "8",
                                "H": "95.1",
                                "P": "1016",
                                "S": "3",
                                "T": "4.4",
                                "V": "13000",
                                "W": "8",
                                "Pt": "F",
                                "Dp": "3.7",
                                "$": "120"
                            },
                            {
                                "D": "ESE",
                                "G": "3",
                                "H": "96.4",
                                "P": "1015",
                                "S": "3",
                                "T": "4.5",
                                "V": "12000",
                                "W": "8",
                                "Pt": "F",
                                "Dp": "4.0",
                                "$": "180"
                            },
                            {
                                "D": "NE",
                                "G": "6",
                                "H": "96.6",
                                "P": "1014",
                                "S": "3",
                                "T": "5.2",
                                "V": "15000",
                                "W": "8",
                                "Pt": "F",
                                "Dp": "4.7",
                                "$": "240"
                            },
                            {
                                "D": "NNE",
                                "G": "7",
                                "H": "96.7",
                                "P": "1013",
                                "S": "5",
                                "T": "5.4",
                                "V": "13000",
                                "W": "8",
                                "Pt": "F",
                                "Dp": "4.9",
                                "$": "300"
                            },
                            {
                                "D": "NNE",
                                "G": "7",
                                "H": "95.2",
                                "P": "1012",
                                "S": "5",
                                "T": "5.9",
                                "V": "15000",
                                "W": "8",
                                "Pt": "F",
                                "Dp": "5.2",
                                "$": "360"
                            },
                            {
                                "D": "E",
                                "G": "7",
                                "H": "93.8",
                                "P": "1011",
                                "S": "3",
                                "T": "6.1",
                                "V": "16000",
                                "W": "8",
                                "Pt": "F",
                                "Dp": "5.2",
                                "$": "420"
                            },
                            {
                                "D": "E",
                                "G": "9",
                                "H": "93.3",
                                "P": "1011",
                                "S": "6",
                                "T": "6.1",
                                "V": "19000",
                                "W": "8",
                                "Pt": "F",
                                "Dp": "5.1",
                                "$": "480"
                            },
                            {
                                "D": "E",
                                "G": "8",
                                "H": "90.0",
                                "P": "1011",
                                "S": "5",
                                "T": "6.7",
                                "V": "12000",
                                "W": "12",
                                "Pt": "F",
                                "Dp": "5.2",
                                "$": "540"
                            },
                            {
                                "D": "NNE",
                                "G": "8",
                                "H": "90.2",
                                "P": "1010",
                                "S": "5",
                                "T": "6.9",
                                "V": "15000",
                                "W": "12",
                                "Pt": "F",
                                "Dp": "5.4",
                                "$": "600"
                            },
                            {
                                "D": "NNE",
                                "G": "9",
                                "H": "87.0",
                                "P": "1010",
                                "S": "6",
                                "T": "7.3",
                                "V": "20000",
                                "W": "8",
                                "Pt": "F",
                                "Dp": "5.3",
                                "$": "660"
                            },
                            {
                                "D": "NNW",
                                "G": "9",
                                "H": "86.5",
                                "P": "1011",
                                "S": "5",
                                "T": "7.6",
                                "V": "19000",
                                "W": "8",
                                "Pt": "R",
                                "Dp": "5.5",
                                "$": "720"
                            },
                            {
                                "D": "NNW",
                                "G": "11",
                                "H": "84.6",
                                "P": "1011",
                                "S": "5",
                                "T": "8.0",
                                "V": "19000",
                                "W": "8",
                                "Pt": "R",
                                "Dp": "5.6",
                                "$": "780"
                            },
                            {
                                "D": "NNW",
                                "G": "9",
                                "H": "84.8",
                                "P": "1011",
                                "S": "5",
                                "T": "8.5",
                                "V": "17000",
                                "W": "12",
                                "Pt": "R",
                                "Dp": "6.1",
                                "$": "840"
                            },
                            {
                                "D": "NW",
                                "G": "13",
                                "H": "83.5",
                                "P": "1013",
                                "S": "7",
                                "T": "8.2",
                                "V": "17000",
                                "W": "12",
                                "Pt": "R",
                                "Dp": "5.6",
                                "$": "900"
                            },
                            {
                                "D": "WNW",
                                "G": "11",
                                "H": "87.6",
                                "P": "1014",
                                "S": "7",
                                "T": "7.8",
                                "V": "19000",
                                "W": "12",
                                "Pt": "R",
                                "Dp": "5.9",
                                "$": "960"
                            }
                        ]
                    }
                ]
            }
        }
    }
}