{
    "SiteRep": {
        "Wx": {
            "Param": [
                {
                    "name": "G",
                    "units": "mph",
                    "$": "Wind Gust"
                },
                {
                    "name": "T",
                    "units": "C",
                    "$": "Temperature"
                },
                {
                    "name": "V",
                    "units": "m",
                    "$": "Visibility"
                },
                {
                    "name": "D",
                    "units": "compass",
                    "$": "Wind Direction"
                },
                {
                    "name": "S",
                    "units": "mph",
                    "$": "Wind Speed"
                },
                {
                    "name": "W",
                    "units": "",
                    "$": "Weather Type"
                },
                {
                    "name": "P",
                    "units": "hpa",
                    "$": "Pressure"
                },
                {
                    "name": "Pt",
                    "units": "Pa/s",
                    "$": "Pressure Tendency"
                },
                {
                    "name": "Dp",
                    "units": "C",
                    "$": "Dew Point"
                },
                {
                    "name": "H",
                    "units": "%",
                    "$": "Screen Relative Humidity"
                }
            ]
        },
        "DV": {
            "dataDate": "2024-04-16T16:00:00Z",
            "type": "Obs",
            "Location": {
                "i": "3772",
                "lat": "51.479",
                "lon": "-0.449",
                "name": "HEATHROW",
                "country": "ENGLAND",
                "continent": "EUROPE",
                "elevation": "25.0",
                "Period": [
                    {
                        "type": "Day",
                        "value": "2024-04-15Z",
                        "Rep": [
                            {
                                "D": "W",
                                "G": "44",
                                "H": "62.9",
                                "P": "1007",
                                "S": "17",
                                "T": "10.1",
                                "V": "50000",
                                "W": "12",
                                "Pt": "R",
                                "Dp": "3.4",
                                "$": "960"
                            },
                            {
                                "D": "W",
                                "G": "36",
                                "H": "56.5",
                                "P": "1007",
                                "S": "18",
                                "T": "9.9",
                                "V": "55000",
                                "W": "8",
                                "Pt": "R",
                                "Dp": "1.7",
                                "$": "1020"
                            },
                            {
                                "D": "W",
                                "G": "28",
                                "H": "52.6",
                                "P": "1008",
                                "S": "16",
                                "T": "10.3",
                                "V": "50000",
                                "W": "8",
                                "Pt": "R",
                                "Dp": "1.1",
                                "$": "1080"
                            },
                            {
                                "D": "W",
                                "G": "38",
                                "H": "54.8",
                                "P": "1008",
                                "S": "19",
                                "T": "8.7",
                                "V": "65000",
                                "W": "7",
                                "Pt": "R",
                                "Dp": "0.2",
                                "$": "1140"
                            },
                            {
                                "D": "W",
                                "G": "32",
                                "H": "61.5",
                                "P": "1009",
                                "S": "19",
                                "T": "8.0",
                                "V": "60000",
                                "W": "0",
                                "Pt": "R",
                                "Dp": "1.1",
                                "$": "1200"
                            },
                            {
                                "D": "W",
                                "G": "30",
                                "H": "63.6",
                                "P": "1008",
                                "S": "18",
                                "T": "7.4",
                                "V": "65000",
                                "W": "0",
                                "Pt": "R",
                                "Dp": "1.0",
                                "$": "1260"
                            },
                            {
                                "D": "W",
                                "G": "34",
                                "H": "60.7",
                                "P": "1009",
                                "S": "21",
                                "T": "8.5",
                                "V": "60000",
                                "W": "8",
                                "Pt": "R",
                                "Dp": "1.4",
                                "$": "1320"
                            },
                            {
                                "D": "W",
                                "G": "34",
                                "H": "67.2",
                                "P": "1009",
                                "S": "16",
                                "T": "8.4",
                                "V": "16000",
                                "W": "12",
                                "Pt": "F",
                                "Dp": "2.7",
                                "$": "1380"
                            }
                        ]
                    },
                    {
                        "type": "Day",
                        "value": "2024-04-16Z",
                        "Rep": [
                            {
                                "D": "W",
                                "G": "32",
                                "H": "72.6",
                                "P": "1008",
                                "S": "17",
                                "T": "8.1",
                                "V": "45000",
                                "W": "8",
                                "Pt": "F",
                                "Dp": "3.5",
                                "$": "0"
                            },
                            {
                                "D": "W",
                                "G": "33",
                                "H": "71.6",
                                "P": "1008",
                                "S": "18",
                                "T": "8.6",
                                "V": "50000",
                                "W": "8",
                                "Pt": "F",
                                "Dp": "3.8",
                                "$": "60"
                            },
                            {
                                "D": "WNW",
                                "G": "29",
                                "H": "71.1",
                                "P": "1009",
                                "S": "17",
                                "T": "8.8",
                                "V": "45000",
                                "W": "8",
                                "Pt": "F",
                                "Dp": "3.9",
                                "$": "120"
                            },
                            {
                                "D": "WNW",
                                "G": "28",
                                "H": "71.7",
                                "P": "1009",
                                "S": "14",
                                "T": "8.9",
                                "V": "45000",
                                "W": "8",
                                "Pt": "R",
                                "Dp": "4.1",
                                "$": "180"
                            },
                            {
                                "D": "WNW",
                                "G": "26",
                                "H": "74.2",
                                "P": "1009",
                                "S": "14",
                                "T": "8.7",
                                "V": "45000",
                                "W": "8",
                                "Pt": "R",
                                "Dp": "4.4",
                                "$": "240"
                            },
                            {
                                "D": "WNW",
                                "G": "22",
                                "H": "74.2",
                                "P": "1010",
                                "S": "13",
                                "T": "8.7",
                                "V": "40000",
                                "W": "8",
                                "Pt": "R",
                                "Dp": "4.4",
                                "$": "300"
                            },
                            {
                                "D": "W",
                                "G": "24",
                                "H": "74.2",
                                "P": "1010",
                                "S": "11",
                                "T": "8.9",
                                "V": "40000",
                                "W": "7",
                                "Pt": "R",
                                "Dp": "4.6",
                                "$": "360"
                            },
                            {
                                "D": "WNW",
                                "G": "28",
                                "H": "73.8",
                                "P": "1011",
                                "S": "16",
                                "T": "9.5",
                                "V": "40000",
                                "W": "7",
                                "Pt": "R",
                                "Dp": "5.1",
                                "$": "420"
                            },
                            {
                                "D": "WNW",
                                "G": "29",
                                "H": "71.8",
                                "P": "1011",
                                "S": "14",
                                "T": "9.7",
                                "V": "35000",
                                "W": "7",
                                "Pt": "R",
                                "Dp": "4.9",
                                "$": "480"
                            },
                            {
                                "D": "WNW",
                                "G": "31",
                                "H": "65.3",
                                "P": "1012",
                                "S": "18",
                                "T": "11.0",
                                "V": "30000",
                                "W": "8",
                                "Pt": "R",
                                "Dp": "4.8",
                                "$": "540"
                            },
                            {
                                "D": "NW",
                                "G": "28",
                                "H": "72.5",
                                "P": "1013",
                                "S": "14",
                                "T": "10.3",
                                "V": "18000",
                                "W": "12",
                                "Pt": "R",
                                "Dp": "5.6",
                                "$": "600"
                            },
                            {
                                "D": "WNW",
                                "G": "25",
                                "H": "59.8",
                                "P": "1013",
                                "S": "15",
                                "T": "11.7",
                                "V": "55000",
                                "W": "8",
                                "Pt": "R",
                                "Dp": "4.2",
                                "$": "660"
                            },
                            {
                                "D": "WNW",
                                "G": "31",
                                "H": "60.4",
                                "P": "1013",
                                "S": "11",
                                "T": "12.7",
                                "V": "40000",
                                "W": "3",
                                "Pt": "R",
                                "Dp": "5.3",
                                "$": "720"
                            },
                            {
                                "D": "WNW",
                                "G": "29",
                                "H": "70.4",
                                "P": "1013",
                                "S": "11",
                                "T": "12.9",
                                "V": "50000",
                                "W": "7",
                                "Pt": "R",
                                "Dp": "7.7",
                                "$": "780"
                            },
                            {
                                "D": "NW",
                                "G": "28",
                                "H": "61.8",
                                "P": "1013",
                                "S": "11",
                                "T": "11.0",
                                "V": "50000",
                                "W": "12",
                                "Pt": "R",
                                "Dp": "4.0",
                                "$": "840"
                            },
                            {
                                "D": "N",
                                "G": "30",
                                "H": "55.1",
                                "P": "1014",
                                "S": "16",
                                "T": "11.1",
                                "V": "50000",
                                "W": "12",
                                "Pt": "R",
                                "Dp": "2.5",
                                "$": "900"
                            },
                            {
                                "D": "WNW",
                                "G": "26",
                                "H": "59.2",
                                "P": "1014",
                                "S": "6",
                                "T": "11.3",
                                "V": "75000",
                                "W": "8",
                                "Pt": "R",
                                "Dp": "3.7",
                                "$": "960"
                            }
                        ]
                    }
                ]
            }
        }
    }
}