{
    "SiteRep": {
        "Wx": {
            "Param": [
                {
                    "name": "G",
                    "units": "mph",
                    "$": "Wind Gust"
                },
                {
                    "name": "T",
                    "units": "C",
                    "$": "Temperature"
                },
                {
                    "name": "V",
                    "units": "m",
                    "$": "Visibility"
                },
                {
                    "name": "D",
                    "units": "compass",
                    "$": "Wind Direction"
                },
                {
                    "name": "S",
                    "units": "mph",
                    "$": "Wind Speed"
                },
                {
                    "name": "W",
                    "units": "",
                    "$": "Weather Type"
                },
                {
                    "name": "P",
                    "units": "hpa",
                    "$": "Pressure"
                },
                {
                    "name": "Pt",
                    "units": "Pa/s",
                    "$": "Pressure Tendency"
                },
                {
                    "name": "Dp",
                    "units": "C",
                    "$": "Dew Point"
                },
                {
                    "name": "H",
                    "units": "%",
                    "$": "Screen Relative Humidity"
                }
            ]
        },
        "DV": {
            "dataDate": "2024-10-26T16:00:00Z",
            "type": "Obs",
            "Location": {
                "i": "3772",
                "lat": "51.479",
                "lon": "-0.449",
                "name": "HEATHROW",
                "country": "ENGLAND",
                "continent": "EUROPE",
                "elevation": "25.0",
                "Period": [
                    {
                        "type": "Day",
                        "value": "2024-10-25Z",
                        "Rep": [
                            {
                                "D": "SSW",
                                "G": "14",
                                "H": "88.4",
                                "P": "1014",
                                "S": "5",
                                "T": "14.8",
                                "V": "29000",
                                "W": "8",
                                "Pt": "R",
                                "Dp": "12.9",
                                "$": "960"
                            },
                            {
                                "D": "SSE",
                                "G": "10",
                                "H": "86.5",
                                "P": "1014",
                                "S": "5",
                                "T": "14.9",
                                "V": "27000",
                                "W": "8",
                                "Pt": "R",
                                "Dp": "12.7",
                                "$": "1020"
                            },
                            {
                                "D": "S",
                                "G": "9",
                                "H": "88.9",
                                "P": "1015",
                                "S": "7",
                                "T": "14.7",
                                "V": "27000",
                                "W": "8",
                                "Pt": "R",
                                "Dp": "12.9",
                                "$": "1080"
                            },
                            {
                                "D": "SSW",
                                "G": "11",
                                "H": "83.1",
                                "P": "1016",
                                "S": "7",
                                "T": "14.1",
                                "V": "27000",
                                "W": "0",
                                "Pt": "R",
                                "Dp": "11.3",
                                "$": "1140"
                            },
                            {
                                "D": "SSW",
                                "G": "11",
                                "H": "83.1",
                                "P": "1016",
                                "S": "6",
                                "T": "13.6",
                                "V": "24000",
                                "W": "8",
                                "Pt": "R",
                                "Dp": "10.8",
                                "$": "1200"
                            },
                            {
                                "D": "S",
                                "G": "9",
                                "H": "85.3",
                                "P": "1016",
                                "S": "3",
                                "T": "13.3",
                                "V": "21000",
                                "W": "8",
                                "Pt": "R",
                                "Dp": "10.9",
                                "$": "1260"
                            },
                            {
                                "D": "SE",
                                "G": "7",
                                "H": "88.1",
                                "P": "1017",
                                "S": "3",
                                "T": "12.7",
                                "V": "18000",
                                "W": "8",
                                "Pt": "R",
                                "Dp": "10.8",
                                "$": "1320"
                            },
                            {
                                "D": "SE",
                                "G": "7",
                                "H": "92.3",
                                "P": "1017",
                                "S": "3",
                                "T": "10.9",
                                "V": "14000",
                                "W": "8",
                                "Pt": "R",
                                "Dp": "9.7",
                                "$": "1380"
                            }
                        ]
                    },
                    {
                        "type": "Day",
                        "value": "2024-10-26Z",
                        "Rep": [
                            {
                                "D": "SSE",
                                "G": "3",
                                "H": "94.7",
                                "P": "1017",
                                "S": "1",
                                "T": "10.1",
                                "V": "6000",
                                "W": "5",
                                "Pt": "R",
                                "Dp": "9.3",
                                "$": "0"
                            },
                            {
                                "D": "WSW",
                                "G": "3",
                                "H": "98.0",
                                "P": "1017",
                                "S": "1",
                                "T": "10.4",
                                "V": "11000",
                                "W": "7",
                                "Pt": "R",
                                "Dp": "10.1",
                                "$": "60"
                            },
                            {
                                "D": "N",
                                "G": "3",
                                "H": "98.7",
                                "P": "1017",
                                "S": "0",
                                "T": "10.0",
                                "V": "10000",
                                "W": "2",
                                "Pt": "F",
                                "Dp": "9.8",
                                "$": "120"
                            },
                            {
                                "D": "N",
                                "G": "5",
                                "H": "97.3",
                                "P": "1016",
                                "S": "1",
                                "T": "9.1",
                                "V": "15000",
                                "W": "0",
                                "Pt": "F",
                                "Dp": "8.7",
                                "$": "180"
                            },
                            {
                                "D": "NE",
                                "G": "5",
                                "H": "99.3",
                                "P": "1016",
                                "S": "3",
                                "T": "9.8",
                                "V": "13000",
                                "W": "8",
                                "Pt": "F",
                                "Dp": "9.7",
                                "$": "240"
                            },
                            {
                                "D": "ENE",
                                "G": "5",
                                "H": "98.7",
                                "P": "1016",
                                "S": "2",
                                "T": "10.0",
                                "V": "13000",
                                "W": "8",
                                "Pt": "F",
                                "Dp": "9.8",
                                "$": "300"
                            },
                            {
                                "D": "NNE",
                                "G": "6",
                                "H": "98.6",
                                "P": "1016",
                                "S": "3",
                                "T": "10.2",
                                "V": "12000",
                                "W": "8",
                                "Pt": "F",
                                "Dp": "10.0",
                                "$": "360"
                            },
                            {
                                "D": "NE",
                                "G": "5",
                                "H": "98.0",
                                "P": "1016",
                                "S": "2",
                                "T": "10.4",
                                "V": "14000",
                                "W": "8",
                                "Pt": "F",
                                "Dp": "10.1",
                                "$": "420"
                            },
                            {
                                "D": "NNE",
                                "G": "5",
                                "H": "98.0",
                                "P": "1016",
                                "S": "2",
                                "T": "10.9",
                                "V": "15000",
                                "W": "8",
                                "Pt": "R",
                                "Dp": "10.6",
                                "$": "480"
                            },
                            {
                                "D": "NE",
                                "G": "5",
                                "H": "97.4",
                                "P": "1016",
                                "S": "2",
                                "T": "11.7",
                                "V": "12000",
                                "W": "11",
                                "Pt": "R",
                                "Dp": "11.3",
                                "$": "540"
                            },
                            {
                                "D": "E",
                                "G": "7",
                                "H": "96.1",
                                "P": "1016",
                                "S": "3",
                                "T": "12.5",
                                "V": "14000",
                                "W": "11",
                                "Pt": "R",
                                "Dp": "11.9",
                                "$": "600"
                            },
                            {
                                "D": "E",
                                "G": "9",
                                "H": "93.0",
                                "P": "1016",
                                "S": "3",
                                "T": "13.6",
                                "V": "11000",
                                "W": "12",
                                "Pt": "F",
                                "Dp": "12.5",
                                "$": "660"
                            },
                            {
                                "D": "SE",
                                "G": "10",
                                "H": "88.3",
                                "P": "1015",
                                "S": "5",
                                "T": "14.6",
                                "V": "19000",
                                "W": "8",
                                "Pt": "F",
                                "Dp": "12.7",
                                "$": "720"
                            },
                            {
                                "D": "N",
                                "G": "9",
                                "H": "80.5",
                                "P": "1015",
                                "S": "0",
                                "T": "15.0",
                                "V": "35000",
                                "W": "8",
                                "Pt": "F",
                                "Dp": "11.7",
                                "$": "780"
                            },
                            {
                                "D": "NW",
                                "G": "7",
                                "H": "83.7",
                                "P": "1015",
                                "S": "3",
                                "T": "14.5",
                                "V": "30000",
                                "W": "8",
                                "Pt": "F",
                                "Dp": "11.8",
                                "$": "840"
                            },
                            {
                                "D": "S",
                                "G": "10",
                                "H": "79.9",
                                "P": "1014",
                                "S": "5",
                                "T": "14.8",
                                "V": "40000",
                                "W": "8",
                                "Pt": "F",
                                "Dp": "11.4",
                                "$": "900"
                            },
                            {
                                "D": "S",
                                "G": "9",
                                "H": "83.8",
                                "P": "1014",
                                "S": "3",
                                "T": "14.7",
                                "V": "35000",
                                "W": "11",
                                "Pt": "F",
                                "Dp": "12.0",
                                "$": "960"
                            }
                        ]
                    }
                ]
            }
        }
    }
}