{
    "SiteRep": {
        "Wx": {
            "Param": [
                {
                    "name": "G",
                    "units": "mph",
                    "$": "Wind Gust"
                },
                {
                    "name": "T",
                    "units": "C",
                    "$": "Temperature"
                },
                {
                    "name": "V",
                    "units": "m",
                    "$": "Visibility"
                },
                {
                    "name": "D",
                    "units": "compass",
                    "$": "Wind Direction"
                },
                {
                    "name": "S",
                    "units": "mph",
                    "$": "Wind Speed"
                },
                {
                    "name": "W",
                    "units": "",
                    "$": "Weather Type"
                },
                {
                    "name": "P",
                    "units": "hpa",
                    "$": "Pressure"
                },
                {
                    "name": "Pt",
                    "units": "Pa/s",
                    "$": "Pressure Tendency"
                },
                {
                    "name": "Dp",
                    "units": "C",
                    "$": "Dew Point"
                },
                {
                    "name": "H",
                    "units": "%",
                    "$": "Screen Relative Humidity"
                }
            ]
        },
        "DV": {
            "dataDate": "2025-09-16T15:00:00Z",
            "type": "Obs",
            "Location": {
                "i": "3772",
                "lat": "51.479",
                "lon": "-0.449",
                "name": "HEATHROW",
                "country": "ENGLAND",
                "continent": "EUROPE",
                "elevation": "25.0",
                "Period": [
                    {
                        "type": "Day",
                        "value": "2025-09-15Z",
                        "Rep": [
                            {
                                "D": "WSW",
                                "G": "46",
                                "H": "57.5",
                                "P": "1006",
                                "S": "24",
                                "T": "18.3",
                                "V": "45000",
                                "W": "7",
                                "Pt": "R",
                                "Dp": "9.8",
                                "$": "960"
                            },
                            {
                                "D": "WSW",
                                "G": "44",
                                "H": "56.2",
                                "P": "1006",
                                "S": "26",
                                "T": "17.6",
                                "V": "35000",
                                "W": "7",
                                "Pt": "R",
                                "Dp": "8.8",
                                "$": "1020"
                            },
                            {
                                "D": "WSW",
                                "G": "45",
                                "H": "59.1",
                                "P": "1007",
                                "S": "25",
                                "T": "16.8",
                                "V": "30000",
                                "W": "8",
                                "Pt": "R",
                                "Dp": "8.8",
                                "$": "1080"
                            },
                            {
                                "D": "WSW",
                                "G": "40",
                                "H": "66.4",
                                "P": "1008",
                                "S": "24",
                                "T": "15.5",
                                "V": "30000",
                                "W": "0",
                                "Pt": "R",
                                "Dp": "9.3",
                                "$": "1140"
                            },
                            {
                                "D": "WSW",
                                "G": "40",
                                "H": "67.3",
                                "P": "1009",
                                "S": "22",
                                "T": "15.4",
                                "V": "29000",
                                "W": "2",
                                "Pt": "R",
                                "Dp": "9.4",
                                "$": "1200"
                            },
                            {
                                "D": "WSW",
                                "G": "33",
                                "H": "71.9",
                                "P": "1010",
                                "S": "23",
                                "T": "14.8",
                                "V": "30000",
                                "W": "0",
                                "Pt": "R",
                                "Dp": "9.8",
                                "$": "1260"
                            },
                            {
                                "D": "WSW",
                                "G": "32",
                                "H": "74.2",
                                "P": "1011",
                                "S": "21",
                                "T": "14.3",
                                "V": "29000",
                                "W": "0",
                                "Pt": "R",
                                "Dp": "9.8",
                                "$": "1320"
                            },
                            {
                                "D": "WSW",
                                "G": "30",
                                "H": "77.2",
                                "P": "1012",
                                "S": "19",
                                "T": "13.8",
                                "V": "28000",
                                "W": "0",
                                "Pt": "R",
                                "Dp": "9.9",
                                "$": "1380"
                            }
                        ]
                    },
                    {
                        "type": "Day",
                        "value": "2025-09-16Z",
                        "Rep": [
                            {
                                "D": "WSW",
                                "G": "29",
                                "H": "77.6",
                                "P": "1012",
                                "S": "17",
                                "T": "13.4",
                                "V": "28000",
                                "W": "0",
                                "Pt": "R",
                                "Dp": "9.6",
                                "$": "0"
                            },
                            {
                                "D": "WSW",
                                "G": "23",
                                "H": "79.7",
                                "P": "1012",
                                "S": "15",
                                "T": "13.0",
                                "V": "28000",
                                "W": "0",
                                "Pt": "R",
                                "Dp": "9.6",
                                "$": "60"
                            },
                            {
                                "D": "WSW",
                                "G": "25",
                                "H": "78.2",
                                "P": "1013",
                                "S": "16",
                                "T": "12.9",
                                "V": "30000",
                                "W": "0",
                                "Pt": "R",
                                "Dp": "9.2",
                                "$": "120"
                            },
                            {
                                "D": "WSW",
                                "G": "22",
                                "H": "82.3",
                                "P": "1013",
                                "S": "11",
                                "T": "12.2",
                                "V": "30000",
                                "W": "0",
                                "Pt": "R",
                                "Dp": "9.3",
                                "$": "180"
                            },
                            {
                                "D": "WSW",
                                "G": "19",
                                "H": "84.0",
                                "P": "1014",
                                "S": "13",
                                "T": "11.7",
                                "V": "28000",
                                "W": "0",
                                "Pt": "R",
                                "Dp": "9.1",
                                "$": "240"
                            },
                            {
                                "D": "WSW",
                                "G": "21",
                                "H": "84.0",
                                "P": "1014",
                                "S": "13",
                                "T": "11.7",
                                "V": "30000",
                                "W": "0",
                                "Pt": "R",
                                "Dp": "9.1",
                                "$": "300"
                            },
                            {
                                "D": "WSW",
                                "G": "21",
                                "H": "80.6",
                                "P": "1015",
                                "S": "13",
                                "T": "12.0",
                                "V": "30000",
                                "W": "1",
                                "Pt": "R",
                                "Dp": "8.8",
                                "$": "360"
                            },
                            {
                                "D": "WSW",
                                "G": "23",
                                "H": "80.7",
                                "P": "1016",
                                "S": "15",
                                "T": "12.7",
                                "V": "35000",
                                "W": "1",
                                "Pt": "R",
                                "Dp": "9.5",
                                "$": "420"
                            },
                            {
                                "D": "W",
                                "G": "28",
                                "H": "72.2",
                                "P": "1016",
                                "S": "18",
                                "T": "14.4",
                                "V": "40000",
                                "W": "1",
                                "Pt": "R",
                                "Dp": "9.5",
                                "$": "480"
                            },
                            {
                                "D": "W",
                                "G": "29",
                                "H": "62.6",
                                "P": "1017",
                                "S": "18",
                                "T": "16.3",
                                "V": "50000",
                                "W": "1",
                                "Pt": "R",
                                "Dp": "9.2",
                                "$": "540"
                            },
                            {
                                "D": "W",
                                "G": "29",
                                "H": "55.8",
                                "P": "1017",
                                "S": "18",
                                "T": "17.0",
                                "V": "65000",
                                "W": "1",
                                "Pt": "R",
                                "Dp": "8.2",
                                "$": "600"
                            },
                            {
                                "D": "W",
                                "G": "30",
                                "H": "51.9",
                                "P": "1018",
                                "S": "22",
                                "T": "17.6",
                                "V": "55000",
                                "W": "8",
                                "Pt": "R",
                                "Dp": "7.7",
                                "$": "660"
                            },
                            {
                                "D": "W",
                                "G": "31",
                                "H": "51.0",
                                "P": "1018",
                                "S": "21",
                                "T": "18.2",
                                "V": "75000",
                                "W": "8",
                                "Pt": "R",
                                "Dp": "8.0",
                                "$": "720"
                            },
                            {
                                "D": "W",
                                "G": "32",
                                "H": "44.6",
                                "P": "1018",
                                "S": "17",
                                "T": "19.2",
                                "V": "75000",
                                "W": "7",
                                "Pt": "R",
                                "Dp": "7.0",
                                "$": "780"
                            },
                            {
                                "D": "W",
                                "G": "29",
                                "H": "43.7",
                                "P": "1018",
                                "S": "19",
                                "T": "19.2",
                                "V": "75000",
                                "W": "3",
                                "Pt": "R",
                                "Dp": "6.7",
                                "$": "840"
                            },
                            {
                                "D": "W",
                                "G": "28",
                                "H": "44.6",
                                "P": "1018",
                                "S": "18",
                                "T": "19.1",
                                "V": "75000",
                                "W": "1",
                                "Pt": "F",
                                "Dp": "6.9",
                                "$": "900"
                            },
                            {
                                "D": "W",
                                "G": "26",
                                "H": "47.3",
                                "P": "1018",
                                "S": "15",
                                "T": "18.2",
                                "V": "75000",
                                "W": "1",
                                "Pt": "R",
                                "Dp": "6.9",
                                "$": "960"
                            }
                        ]
                    }
                ]
            }
        }
    }
}