{
    "SiteRep": {
        "Wx": {
            "Param": [
                {
                    "name": "G",
                    "units": "mph",
                    "$": "Wind Gust"
                },
                {
                    "name": "T",
                    "units": "C",
                    "$": "Temperature"
                },
                {
                    "name": "V",
                    "units": "m",
                    "$": "Visibility"
                },
                {
                    "name": "D",
                    "units": "compass",
                    "$": "Wind Direction"
                },
                {
                    "name": "S",
                    "units": "mph",
                    "$": "Wind Speed"
                },
                {
                    "name": "W",
                    "units": "",
                    "$": "Weather Type"
                },
                {
                    "name": "P",
                    "units": "hpa",
                    "$": "Pressure"
                },
                {
                    "name": "Pt",
                    "units": "Pa/s",
                    "$": "Pressure Tendency"
                },
                {
                    "name": "Dp",
                    "units": "C",
                    "$": "Dew Point"
                },
                {
                    "name": "H",
                    "units": "%",
                    "$": "Screen Relative Humidity"
                }
            ]
        },
        "DV": {
            "dataDate": "2024-03-01T17:00:00Z",
            "type": "Obs",
            "Location": {
                "i": "3772",
                "lat": "51.479",
                "lon": "-0.449",
                "name": "HEATHROW",
                "country": "ENGLAND",
                "continent": "EUROPE",
                "elevation": "25.0",
                "Period": [
                    {
                        "type": "Day",
                        "value": "2024-02-29Z",
                        "Rep": [
                            {
                                "D": "W",
                                "G": "13",
                                "H": "91.5",
                                "P": "1001",
                                "S": "5",
                                "T": "8.5",
                                "V": "21000",
                                "W": "12",
                                "Pt": "F",
                                "Dp": "7.2",
                                "$": "960"
                            },
                            {
                                "D": "WNW",
                                "G": "13",
                                "H": "90.9",
                                "P": "1002",
                                "S": "6",
                                "T": "8.7",
                                "V": "22000",
                                "W": "12",
                                "Pt": "F",
                                "Dp": "7.3",
                                "$": "1020"
                            },
                            {
                                "D": "NNW",
                                "G": "19",
                                "H": "80.1",
                                "P": "1002",
                                "S": "3",
                                "T": "6.8",
                                "V": "18000",
                                "W": "12",
                                "Pt": "R",
                                "Dp": "3.6",
                                "$": "1080"
                            },
                            {
                                "D": "W",
                                "G": "9",
                                "H": "81.8",
                                "P": "1002",
                                "S": "6",
                                "T": "6.8",
                                "V": "40000",
                                "W": "8",
                                "Pt": "R",
                                "Dp": "3.9",
                                "$": "1140"
                            },
                            {
                                "D": "SSW",
                                "G": "10",
                                "H": "79.5",
                                "P": "1002",
                                "S": "6",
                                "T": "6.8",
                                "V": "45000",
                                "W": "8",
                                "Pt": "R",
                                "Dp": "3.5",
                                "$": "1200"
                            },
                            {
                                "D": "S",
                                "G": "14",
                                "H": "82.7",
                                "P": "1002",
                                "S": "7",
                                "T": "6.4",
                                "V": "40000",
                                "W": "8",
                                "Pt": "F",
                                "Dp": "3.7",
                                "$": "1260"
                            },
                            {
                                "D": "SSW",
                                "G": "14",
                                "H": "88.2",
                                "P": "1001",
                                "S": "8",
                                "T": "6.1",
                                "V": "28000",
                                "W": "8",
                                "Pt": "F",
                                "Dp": "4.3",
                                "$": "1320"
                            },
                            {
                                "D": "SW",
                                "G": "14",
                                "H": "87.7",
                                "P": "1001",
                                "S": "8",
                                "T": "6.2",
                                "V": "26000",
                                "W": "8",
                                "Pt": "F",
                                "Dp": "4.3",
                                "$": "1380"
                            }
                        ]
                    },
                    {
                        "type": "Day",
                        "value": "2024-03-01Z",
                        "Rep": [
                            {
                                "D": "SSW",
                                "G": "14",
                                "H": "91.3",
                                "P": "1001",
                                "S": "9",
                                "T": "5.0",
                                "V": "23000",
                                "W": "7",
                                "Pt": "F",
                                "Dp": "3.7",
                                "$": "0"
                            },
                            {
                                "D": "S",
                                "G": "11",
                                "H": "93.1",
                                "P": "1001",
                                "S": "8",
                                "T": "4.5",
                                "V": "22000",
                                "W": "0",
                                "Pt": "F",
                                "Dp": "3.5",
                                "$": "60"
                            },
                            {
                                "D": "SSW",
                                "G": "14",
                                "H": "93.1",
                                "P": "1000",
                                "S": "9",
                                "T": "4.0",
                                "V": "29000",
                                "W": "0",
                                "Pt": "F",
                                "Dp": "3.0",
                                "$": "120"
                            },
                            {
                                "D": "SSE",
                                "G": "11",
                                "H": "93.1",
                                "P": "999",
                                "S": "8",
                                "T": "2.9",
                                "V": "30000",
                                "W": "0",
                                "Pt": "F",
                                "Dp": "1.9",
                                "$": "180"
                            },
                            {
                                "D": "SE",
                                "G": "10",
                                "H": "95.9",
                                "P": "997",
                                "S": "8",
                                "T": "2.5",
                                "V": "29000",
                                "W": "0",
                                "Pt": "F",
                                "Dp": "1.9",
                                "$": "240"
                            },
                            {
                                "D": "ESE",
                                "G": "17",
                                "H": "93.8",
                                "P": "995",
                                "S": "11",
                                "T": "3.6",
                                "V": "28000",
                                "W": "8",
                                "Pt": "F",
                                "Dp": "2.7",
                                "$": "300"
                            },
                            {
                                "D": "ESE",
                                "G": "18",
                                "H": "88.2",
                                "P": "993",
                                "S": "13",
                                "T": "4.9",
                                "V": "28000",
                                "W": "8",
                                "Pt": "F",
                                "Dp": "3.1",
                                "$": "360"
                            },
                            {
                                "D": "SE",
                                "G": "29",
                                "H": "88.3",
                                "P": "991",
                                "S": "19",
                                "T": "5.7",
                                "V": "2300",
                                "W": "12",
                                "Pt": "F",
                                "Dp": "3.9",
                                "$": "420"
                            },
                            {
                                "D": "SE",
                                "G": "43",
                                "H": "94.0",
                                "P": "990",
                                "S": "22",
                                "T": "4.8",
                                "V": "7000",
                                "W": "12",
                                "Pt": "F",
                                "Dp": "3.9",
                                "$": "480"
                            },
                            {
                                "D": "S",
                                "G": "31",
                                "H": "90.8",
                                "P": "989",
                                "S": "14",
                                "T": "6.1",
                                "V": "45000",
                                "W": "8",
                                "Pt": "F",
                                "Dp": "4.7",
                                "$": "540"
                            },
                            {
                                "D": "SSW",
                                "G": "28",
                                "H": "88.2",
                                "P": "989",
                                "S": "17",
                                "T": "5.1",
                                "V": "5000",
                                "W": "12",
                                "Pt": "F",
                                "Dp": "3.3",
                                "$": "600"
                            },
                            {
                                "D": "SSW",
                                "G": "30",
                                "H": "87.1",
                                "P": "990",
                                "S": "16",
                                "T": "6.3",
                                "V": "14000",
                                "W": "12",
                                "Pt": "F",
                                "Dp": "4.3",
                                "$": "660"
                            },
                            {
                                "D": "SW",
                                "G": "28",
                                "H": "83.6",
                                "P": "991",
                                "S": "18",
                                "T": "7.0",
                                "V": "50000",
                                "W": "12",
                                "Pt": "R",
                                "Dp": "4.4",
                                "$": "720"
                            },
                            {
                                "D": "SSW",
                                "G": "28",
                                "H": "68.7",
                                "P": "991",
                                "S": "15",
                                "T": "7.3",
                                "V": "50000",
                                "W": "8",
                                "Pt": "R",
                                "Dp": "1.9",
                                "$": "780"
                            },
                            {
                                "D": "SSW",
                                "G": "30",
                                "H": "58.4",
                                "P": "991",
                                "S": "17",
                                "T": "8.3",
                                "V": "45000",
                                "W": "7",
                                "Pt": "R",
                                "Dp": "0.6",
                                "$": "840"
                            },
                            {
                                "D": "SSW",
                                "G": "28",
                                "H": "53.8",
                                "P": "991",
                                "S": "18",
                                "T": "9.1",
                                "V": "55000",
                                "W": "3",
                                "Pt": "R",
                                "Dp": "0.2",
                                "$": "900"
                            },
                            {
                                "D": "SSW",
                                "G": "31",
                                "H": "54.3",
                                "P": "991",
                                "S": "18",
                                "T": "9.0",
                                "V": "50000",
                                "W": "3",
                                "Pt": "R",
                                "Dp": "0.2",
                                "$": "960"
                            }
                        ]
                    }
                ]
            }
        }
    }
}