{
    "SiteRep": {
        "Wx": {
            "Param": [
                {
                    "name": "G",
                    "units": "mph",
                    "$": "Wind Gust"
                },
                {
                    "name": "T",
                    "units": "C",
                    "$": "Temperature"
                },
                {
                    "name": "V",
                    "units": "m",
                    "$": "Visibility"
                },
                {
                    "name": "D",
                    "units": "compass",
                    "$": "Wind Direction"
                },
                {
                    "name": "S",
                    "units": "mph",
                    "$": "Wind Speed"
                },
                {
                    "name": "W",
                    "units": "",
                    "$": "Weather Type"
                },
                {
                    "name": "P",
                    "units": "hpa",
                    "$": "Pressure"
                },
                {
                    "name": "Pt",
                    "units": "Pa/s",
                    "$": "Pressure Tendency"
                },
                {
                    "name": "Dp",
                    "units": "C",
                    "$": "Dew Point"
                },
                {
                    "name": "H",
                    "units": "%",
                    "$": "Screen Relative Humidity"
                }
            ]
        },
        "DV": {
            "dataDate": "2025-04-28T16:00:00Z",
            "type": "Obs",
            "Location": {
                "i": "3772",
                "lat": "51.479",
                "lon": "-0.449",
                "name": "HEATHROW",
                "country": "ENGLAND",
                "continent": "EUROPE",
                "elevation": "25.0",
                "Period": [
                    {
                        "type": "Day",
                        "value": "2025-04-27Z",
                        "Rep": [
                            {
                                "D": "WSW",
                                "G": "13",
                                "H": "41.5",
                                "P": "1025",
                                "S": "7",
                                "T": "20.2",
                                "V": "35000",
                                "W": "7",
                                "Pt": "F",
                                "Dp": "6.9",
                                "$": "960"
                            },
                            {
                                "D": "SSW",
                                "G": "14",
                                "H": "42.7",
                                "P": "1025",
                                "S": "6",
                                "T": "20.3",
                                "V": "35000",
                                "W": "1",
                                "Pt": "F",
                                "Dp": "7.4",
                                "$": "1020"
                            },
                            {
                                "D": "SSW",
                                "G": "11",
                                "H": "44.8",
                                "P": "1025",
                                "S": "6",
                                "T": "19.3",
                                "V": "40000",
                                "W": "1",
                                "Pt": "F",
                                "Dp": "7.2",
                                "$": "1080"
                            },
                            {
                                "D": "SSW",
                                "G": "15",
                                "H": "51.2",
                                "P": "1025",
                                "S": "10",
                                "T": "18.3",
                                "V": "30000",
                                "W": "1",
                                "Pt": "R",
                                "Dp": "8.2",
                                "$": "1140"
                            },
                            {
                                "D": "WSW",
                                "G": "14",
                                "H": "55.6",
                                "P": "1026",
                                "S": "9",
                                "T": "16.8",
                                "V": "40000",
                                "W": "0",
                                "Pt": "R",
                                "Dp": "8.0",
                                "$": "1200"
                            },
                            {
                                "D": "SW",
                                "G": "15",
                                "H": "56.2",
                                "P": "1026",
                                "S": "9",
                                "T": "15.9",
                                "V": "45000",
                                "W": "0",
                                "Pt": "R",
                                "Dp": "7.3",
                                "$": "1260"
                            },
                            {
                                "D": "WSW",
                                "G": "14",
                                "H": "61.1",
                                "P": "1026",
                                "S": "9",
                                "T": "14.7",
                                "V": "45000",
                                "W": "0",
                                "Pt": "R",
                                "Dp": "7.4",
                                "$": "1320"
                            },
                            {
                                "D": "SSW",
                                "G": "11",
                                "H": "67.9",
                                "P": "1027",
                                "S": "5",
                                "T": "13.0",
                                "V": "40000",
                                "W": "0",
                                "Pt": "R",
                                "Dp": "7.3",
                                "$": "1380"
                            }
                        ]
                    },
                    {
                        "type": "Day",
                        "value": "2025-04-28Z",
                        "Rep": [
                            {
                                "D": "SSW",
                                "G": "7",
                                "H": "76.2",
                                "P": "1027",
                                "S": "5",
                                "T": "12.0",
                                "V": "30000",
                                "W": "0",
                                "Pt": "R",
                                "Dp": "8.0",
                                "$": "0"
                            },
                            {
                                "D": "SSW",
                                "G": "7",
                                "H": "76.6",
                                "P": "1026",
                                "S": "3",
                                "T": "11.4",
                                "V": "28000",
                                "W": "0",
                                "Pt": "R",
                                "Dp": "7.5",
                                "$": "60"
                            },
                            {
                                "D": "WSW",
                                "G": "6",
                                "H": "80.3",
                                "P": "1026",
                                "S": "3",
                                "T": "10.8",
                                "V": "29000",
                                "W": "0",
                                "Pt": "F",
                                "Dp": "7.6",
                                "$": "120"
                            },
                            {
                                "D": "WSW",
                                "G": "5",
                                "H": "82.5",
                                "P": "1026",
                                "S": "2",
                                "T": "10.1",
                                "V": "26000",
                                "W": "0",
                                "Pt": "F",
                                "Dp": "7.3",
                                "$": "180"
                            },
                            {
                                "D": "W",
                                "G": "3",
                                "H": "84.8",
                                "P": "1026",
                                "S": "2",
                                "T": "10.2",
                                "V": "22000",
                                "W": "0",
                                "Pt": "F",
                                "Dp": "7.8",
                                "$": "240"
                            },
                            {
                                "D": "NW",
                                "G": "3",
                                "H": "88.9",
                                "P": "1026",
                                "S": "1",
                                "T": "9.0",
                                "V": "14000",
                                "W": "1",
                                "Pt": "R",
                                "Dp": "7.3",
                                "$": "300"
                            },
                            {
                                "D": "WNW",
                                "G": "3",
                                "H": "87.1",
                                "P": "1027",
                                "S": "1",
                                "T": "10.1",
                                "V": "17000",
                                "W": "1",
                                "Pt": "R",
                                "Dp": "8.1",
                                "$": "360"
                            },
                            {
                                "D": "W",
                                "G": "3",
                                "H": "80.0",
                                "P": "1027",
                                "S": "1",
                                "T": "12.0",
                                "V": "16000",
                                "W": "1",
                                "Pt": "R",
                                "Dp": "8.7",
                                "$": "420"
                            },
                            {
                                "D": "N",
                                "G": "3",
                                "H": "69.8",
                                "P": "1027",
                                "S": "1",
                                "T": "15.1",
                                "V": "16000",
                                "W": "1",
                                "Pt": "R",
                                "Dp": "9.7",
                                "$": "480"
                            },
                            {
                                "D": "SE",
                                "G": "5",
                                "H": "56.0",
                                "P": "1027",
                                "S": "1",
                                "T": "18.3",
                                "V": "21000",
                                "W": "12",
                                "Pt": "R",
                                "Dp": "9.5",
                                "$": "540"
                            },
                            {
                                "D": "N",
                                "G": "8",
                                "H": "47.8",
                                "P": "1027",
                                "S": "3",
                                "T": "19.7",
                                "V": "40000",
                                "W": "1",
                                "Pt": "S",
                                "Dp": "8.5",
                                "$": "600"
                            },
                            {
                                "D": "N",
                                "G": "10",
                                "H": "41.7",
                                "P": "1027",
                                "S": "3",
                                "T": "20.1",
                                "V": "35000",
                                "W": "1",
                                "Pt": "F",
                                "Dp": "6.9",
                                "$": "660"
                            },
                            {
                                "D": "N",
                                "G": "13",
                                "H": "36.9",
                                "P": "1026",
                                "S": "5",
                                "T": "21.7",
                                "V": "35000",
                                "W": "12",
                                "Pt": "F",
                                "Dp": "6.6",
                                "$": "720"
                            },
                            {
                                "D": "S",
                                "G": "13",
                                "H": "37.6",
                                "P": "1026",
                                "S": "6",
                                "T": "22.2",
                                "V": "40000",
                                "W": "1",
                                "Pt": "F",
                                "Dp": "7.3",
                                "$": "780"
                            },
                            {
                                "D": "N",
                                "G": "11",
                                "H": "37.7",
                                "P": "1026",
                                "S": "3",
                                "T": "21.8",
                                "V": "35000",
                                "W": "3",
                                "Pt": "F",
                                "Dp": "7.0",
                                "$": "840"
                            },
                            {
                                "D": "NE",
                                "G": "10",
                                "H": "35.8",
                                "P": "1025",
                                "S": "5",
                                "T": "23.0",
                                "V": "40000",
                                "W": "7",
                                "Pt": "F",
                                "Dp": "7.3",
                                "$": "900"
                            },
                            {
                                "D": "N",
                                "G": "11",
                                "H": "36.9",
                                "P": "1025",
                                "S": "2",
                                "T": "21.7",
                                "V": "40000",
                                "W": "1",
                                "Pt": "F",
                                "Dp": "6.6",
                                "$": "960"
                            }
                        ]
                    }
                ]
            }
        }
    }
}