{
    "SiteRep": {
        "Wx": {
            "Param": [
                {
                    "name": "G",
                    "units": "mph",
                    "$": "Wind Gust"
                },
                {
                    "name": "T",
                    "units": "C",
                    "$": "Temperature"
                },
                {
                    "name": "V",
                    "units": "m",
                    "$": "Visibility"
                },
                {
                    "name": "D",
                    "units": "compass",
                    "$": "Wind Direction"
                },
                {
                    "name": "S",
                    "units": "mph",
                    "$": "Wind Speed"
                },
                {
                    "name": "W",
                    "units": "",
                    "$": "Weather Type"
                },
                {
                    "name": "P",
                    "units": "hpa",
                    "$": "Pressure"
                },
                {
                    "name": "Pt",
                    "units": "Pa/s",
                    "$": "Pressure Tendency"
                },
                {
                    "name": "Dp",
                    "units": "C",
                    "$": "Dew Point"
                },
                {
                    "name": "H",
                    "units": "%",
                    "$": "Screen Relative Humidity"
                }
            ]
        },
        "DV": {
            "dataDate": "2025-10-24T16:00:00Z",
            "type": "Obs",
            "Location": {
                "i": "3772",
                "lat": "51.479",
                "lon": "-0.449",
                "name": "HEATHROW",
                "country": "ENGLAND",
                "continent": "EUROPE",
                "elevation": "25.0",
                "Period": [
                    {
                        "type": "Day",
                        "value": "2025-10-23Z",
                        "Rep": [
                            {
                                "D": "WNW",
                                "G": "32",
                                "H": "71.3",
                                "P": "992",
                                "S": "16",
                                "T": "10.9",
                                "V": "75000",
                                "W": "8",
                                "Pt": "R",
                                "Dp": "5.9",
                                "$": "960"
                            },
                            {
                                "D": "WNW",
                                "G": "26",
                                "H": "75.7",
                                "P": "993",
                                "S": "16",
                                "T": "9.9",
                                "V": "75000",
                                "W": "8",
                                "Pt": "R",
                                "Dp": "5.8",
                                "$": "1020"
                            },
                            {
                                "D": "WNW",
                                "G": "34",
                                "H": "79.3",
                                "P": "995",
                                "S": "16",
                                "T": "8.7",
                                "V": "75000",
                                "W": "8",
                                "Pt": "R",
                                "Dp": "5.3",
                                "$": "1080"
                            },
                            {
                                "D": "W",
                                "G": "29",
                                "H": "77.6",
                                "P": "996",
                                "S": "17",
                                "T": "8.1",
                                "V": "75000",
                                "W": "8",
                                "Pt": "R",
                                "Dp": "4.4",
                                "$": "1140"
                            },
                            {
                                "D": "WNW",
                                "G": "26",
                                "H": "71.8",
                                "P": "998",
                                "S": "14",
                                "T": "8.3",
                                "V": "75000",
                                "W": "8",
                                "Pt": "R",
                                "Dp": "3.5",
                                "$": "1200"
                            },
                            {
                                "D": "W",
                                "G": "25",
                                "H": "77.3",
                                "P": "998",
                                "S": "14",
                                "T": "7.6",
                                "V": "75000",
                                "W": "8",
                                "Pt": "R",
                                "Dp": "3.9",
                                "$": "1260"
                            },
                            {
                                "D": "WSW",
                                "G": "24",
                                "H": "81.3",
                                "P": "998",
                                "S": "15",
                                "T": "6.8",
                                "V": "65000",
                                "W": "7",
                                "Pt": "R",
                                "Dp": "3.8",
                                "$": "1320"
                            },
                            {
                                "D": "W",
                                "G": "23",
                                "H": "82.9",
                                "P": "999",
                                "S": "14",
                                "T": "6.6",
                                "V": "55000",
                                "W": "8",
                                "Pt": "R",
                                "Dp": "3.9",
                                "$": "1380"
                            }
                        ]
                    },
                    {
                        "type": "Day",
                        "value": "2025-10-24Z",
                        "Rep": [
                            {
                                "D": "WSW",
                                "G": "21",
                                "H": "81.6",
                                "P": "999",
                                "S": "13",
                                "T": "6.3",
                                "V": "55000",
                                "W": "8",
                                "Pt": "R",
                                "Dp": "3.4",
                                "$": "0"
                            },
                            {
                                "D": "WSW",
                                "G": "19",
                                "H": "84.0",
                                "P": "999",
                                "S": "10",
                                "T": "5.7",
                                "V": "55000",
                                "W": "0",
                                "Pt": "R",
                                "Dp": "3.2",
                                "$": "60"
                            },
                            {
                                "D": "WSW",
                                "G": "19",
                                "H": "85.1",
                                "P": "999",
                                "S": "13",
                                "T": "5.4",
                                "V": "50000",
                                "W": "0",
                                "Pt": "R",
                                "Dp": "3.1",
                                "$": "120"
                            },
                            {
                                "D": "WSW",
                                "G": "19",
                                "H": "85.1",
                                "P": "1000",
                                "S": "10",
                                "T": "5.4",
                                "V": "50000",
                                "W": "0",
                                "Pt": "R",
                                "Dp": "3.1",
                                "$": "180"
                            },
                            {
                                "D": "WSW",
                                "G": "21",
                                "S": "14",
                                "$": "240"
                            },
                            {
                                "D": "WSW",
                                "G": "21",
                                "S": "14",
                                "$": "300"
                            },
                            {
                                "D": "SW",
                                "G": "19",
                                "S": "11",
                                "$": "360"
                            },
                            {
                                "D": "SW",
                                "G": "21",
                                "S": "14",
                                "$": "420"
                            },
                            {
                                "D": "SW",
                                "G": "19",
                                "S": "13",
                                "$": "480"
                            },
                            {
                                "D": "WSW",
                                "G": "21",
                                "S": "13",
                                "$": "540"
                            },
                            {
                                "D": "WSW",
                                "G": "26",
                                "S": "18",
                                "$": "600"
                            },
                            {
                                "D": "WSW",
                                "G": "30",
                                "S": "18",
                                "$": "660"
                            },
                            {
                                "D": "SW",
                                "G": "29",
                                "S": "19",
                                "$": "720"
                            },
                            {
                                "D": "WSW",
                                "G": "31",
                                "S": "21",
                                "$": "780"
                            },
                            {
                                "D": "WSW",
                                "G": "32",
                                "S": "21",
                                "$": "840"
                            },
                            {
                                "D": "SW",
                                "G": "31",
                                "S": "16",
                                "$": "900"
                            },
                            {
                                "D": "SW",
                                "G": "31",
                                "S": "15",
                                "$": "960"
                            }
                        ]
                    }
                ]
            }
        }
    }
}