{
    "SiteRep": {
        "Wx": {
            "Param": [
                {
                    "name": "G",
                    "units": "mph",
                    "$": "Wind Gust"
                },
                {
                    "name": "T",
                    "units": "C",
                    "$": "Temperature"
                },
                {
                    "name": "V",
                    "units": "m",
                    "$": "Visibility"
                },
                {
                    "name": "D",
                    "units": "compass",
                    "$": "Wind Direction"
                },
                {
                    "name": "S",
                    "units": "mph",
                    "$": "Wind Speed"
                },
                {
                    "name": "W",
                    "units": "",
                    "$": "Weather Type"
                },
                {
                    "name": "P",
                    "units": "hpa",
                    "$": "Pressure"
                },
                {
                    "name": "Pt",
                    "units": "Pa/s",
                    "$": "Pressure Tendency"
                },
                {
                    "name": "Dp",
                    "units": "C",
                    "$": "Dew Point"
                },
                {
                    "name": "H",
                    "units": "%",
                    "$": "Screen Relative Humidity"
                }
            ]
        },
        "DV": {
            "dataDate": "2023-10-15T16:00:00Z",
            "type": "Obs",
            "Location": {
                "i": "3772",
                "lat": "51.479",
                "lon": "-0.449",
                "name": "HEATHROW",
                "country": "ENGLAND",
                "continent": "EUROPE",
                "elevation": "25.0",
                "Period": [
                    {
                        "type": "Day",
                        "value": "2023-10-14Z",
                        "Rep": [
                            {
                                "D": "NNW",
                                "G": "16",
                                "H": "61.3",
                                "P": "1019",
                                "S": "8",
                                "T": "11.6",
                                "V": "45000",
                                "W": "8",
                                "Pt": "R",
                                "Dp": "4.5",
                                "$": "960"
                            },
                            {
                                "D": "WNW",
                                "G": "14",
                                "H": "68.0",
                                "P": "1020",
                                "S": "3",
                                "T": "10.9",
                                "V": "50000",
                                "W": "7",
                                "Pt": "R",
                                "Dp": "5.3",
                                "$": "1020"
                            },
                            {
                                "D": "WNW",
                                "G": "16",
                                "H": "65.9",
                                "P": "1020",
                                "S": "6",
                                "T": "10.3",
                                "V": "60000",
                                "W": "2",
                                "Pt": "R",
                                "Dp": "4.3",
                                "$": "1080"
                            },
                            {
                                "D": "W",
                                "G": "9",
                                "H": "73.1",
                                "P": "1021",
                                "S": "5",
                                "T": "8.9",
                                "V": "45000",
                                "W": "0",
                                "Pt": "R",
                                "Dp": "4.4",
                                "$": "1140"
                            },
                            {
                                "D": "W",
                                "G": "10",
                                "H": "77.3",
                                "P": "1021",
                                "S": "6",
                                "T": "8.9",
                                "V": "50000",
                                "W": "0",
                                "Pt": "R",
                                "Dp": "5.2",
                                "$": "1200"
                            },
                            {
                                "D": "W",
                                "G": "10",
                                "H": "80.5",
                                "P": "1022",
                                "S": "3",
                                "T": "8.3",
                                "V": "35000",
                                "W": "0",
                                "Pt": "R",
                                "Dp": "5.2",
                                "$": "1260"
                            },
                            {
                                "D": "W",
                                "G": "10",
                                "H": "81.7",
                                "P": "1022",
                                "S": "6",
                                "T": "7.9",
                                "V": "35000",
                                "W": "0",
                                "Pt": "R",
                                "Dp": "5.0",
                                "$": "1320"
                            },
                            {
                                "D": "W",
                                "G": "13",
                                "H": "85.7",
                                "P": "1022",
                                "S": "7",
                                "T": "7.2",
                                "V": "40000",
                                "W": "0",
                                "Pt": "R",
                                "Dp": "5.0",
                                "$": "1380"
                            }
                        ]
                    },
                    {
                        "type": "Day",
                        "value": "2023-10-15Z",
                        "Rep": [
                            {
                                "D": "W",
                                "G": "10",
                                "H": "86.2",
                                "P": "1023",
                                "S": "6",
                                "T": "6.6",
                                "V": "40000",
                                "W": "0",
                                "Pt": "R",
                                "Dp": "4.5",
                                "$": "0"
                            },
                            {
                                "D": "W",
                                "G": "9",
                                "H": "87.4",
                                "P": "1023",
                                "S": "6",
                                "T": "6.2",
                                "V": "45000",
                                "W": "0",
                                "Pt": "R",
                                "Dp": "4.3",
                                "$": "60"
                            },
                            {
                                "D": "W",
                                "G": "10",
                                "H": "87.4",
                                "P": "1023",
                                "S": "6",
                                "T": "5.9",
                                "V": "45000",
                                "W": "0",
                                "Pt": "R",
                                "Dp": "4.0",
                                "$": "120"
                            },
                            {
                                "D": "W",
                                "G": "9",
                                "H": "86.1",
                                "P": "1024",
                                "S": "5",
                                "T": "5.2",
                                "V": "45000",
                                "W": "0",
                                "Pt": "R",
                                "Dp": "3.1",
                                "$": "180"
                            },
                            {
                                "D": "WNW",
                                "G": "9",
                                "H": "90.5",
                                "P": "1024",
                                "S": "5",
                                "T": "5.0",
                                "V": "45000",
                                "W": "0",
                                "Pt": "R",
                                "Dp": "3.6",
                                "$": "240"
                            },
                            {
                                "D": "W",
                                "G": "8",
                                "H": "89.8",
                                "P": "1024",
                                "S": "6",
                                "T": "5.0",
                                "V": "45000",
                                "W": "0",
                                "Pt": "R",
                                "Dp": "3.5",
                                "$": "300"
                            },
                            {
                                "D": "W",
                                "G": "8",
                                "H": "91.8",
                                "P": "1024",
                                "S": "5",
                                "T": "4.3",
                                "V": "45000",
                                "W": "0",
                                "Pt": "R",
                                "Dp": "3.1",
                                "$": "360"
                            },
                            {
                                "D": "W",
                                "G": "7",
                                "H": "93.8",
                                "P": "1025",
                                "S": "3",
                                "T": "4.1",
                                "V": "40000",
                                "W": "1",
                                "Pt": "R",
                                "Dp": "3.2",
                                "$": "420"
                            },
                            {
                                "D": "NW",
                                "G": "8",
                                "H": "87.3",
                                "P": "1026",
                                "S": "3",
                                "T": "5.6",
                                "V": "45000",
                                "W": "1",
                                "Pt": "R",
                                "Dp": "3.7",
                                "$": "480"
                            },
                            {
                                "D": "W",
                                "G": "9",
                                "H": "76.5",
                                "P": "1026",
                                "S": "6",
                                "T": "7.7",
                                "V": "40000",
                                "W": "1",
                                "Pt": "R",
                                "Dp": "3.9",
                                "$": "540"
                            },
                            {
                                "D": "N",
                                "G": "15",
                                "H": "61.0",
                                "P": "1026",
                                "S": "8",
                                "T": "9.1",
                                "V": "50000",
                                "W": "1",
                                "Pt": "R",
                                "Dp": "2.1",
                                "$": "600"
                            },
                            {
                                "D": "NNW",
                                "G": "15",
                                "H": "51.2",
                                "P": "1027",
                                "S": "8",
                                "T": "9.5",
                                "V": "50000",
                                "W": "1",
                                "Pt": "R",
                                "Dp": "0.1",
                                "$": "660"
                            },
                            {
                                "D": "N",
                                "G": "15",
                                "S": "5",
                                "$": "720"
                            },
                            {
                                "D": "NNW",
                                "G": "16",
                                "H": "46.9",
                                "P": "1026",
                                "S": "7",
                                "T": "10.9",
                                "V": "55000",
                                "W": "1",
                                "Pt": "F",
                                "Dp": "0.2",
                                "$": "780"
                            },
                            {
                                "D": "NNW",
                                "G": "16",
                                "H": "43.5",
                                "P": "1026",
                                "S": "8",
                                "T": "10.9",
                                "V": "60000",
                                "W": "1",
                                "Pt": "F",
                                "Dp": "-0.8",
                                "$": "840"
                            },
                            {
                                "D": "NNW",
                                "G": "15",
                                "H": "42.5",
                                "P": "1026",
                                "S": "5",
                                "T": "11.1",
                                "V": "60000",
                                "W": "1",
                                "Pt": "F",
                                "Dp": "-0.9",
                                "$": "900"
                            },
                            {
                                "D": "NNE",
                                "G": "13",
                                "H": "44.6",
                                "P": "1026",
                                "S": "7",
                                "T": "10.5",
                                "V": "65000",
                                "W": "1",
                                "Pt": "F",
                                "Dp": "-0.8",
                                "$": "960"
                            }
                        ]
                    }
                ]
            }
        }
    }
}