{
    "SiteRep": {
        "Wx": {
            "Param": [
                {
                    "name": "G",
                    "units": "mph",
                    "$": "Wind Gust"
                },
                {
                    "name": "T",
                    "units": "C",
                    "$": "Temperature"
                },
                {
                    "name": "V",
                    "units": "m",
                    "$": "Visibility"
                },
                {
                    "name": "D",
                    "units": "compass",
                    "$": "Wind Direction"
                },
                {
                    "name": "S",
                    "units": "mph",
                    "$": "Wind Speed"
                },
                {
                    "name": "W",
                    "units": "",
                    "$": "Weather Type"
                },
                {
                    "name": "P",
                    "units": "hpa",
                    "$": "Pressure"
                },
                {
                    "name": "Pt",
                    "units": "Pa/s",
                    "$": "Pressure Tendency"
                },
                {
                    "name": "Dp",
                    "units": "C",
                    "$": "Dew Point"
                },
                {
                    "name": "H",
                    "units": "%",
                    "$": "Screen Relative Humidity"
                }
            ]
        },
        "DV": {
            "dataDate": "2024-05-18T16:00:00Z",
            "type": "Obs",
            "Location": {
                "i": "3772",
                "lat": "51.479",
                "lon": "-0.449",
                "name": "HEATHROW",
                "country": "ENGLAND",
                "continent": "EUROPE",
                "elevation": "25.0",
                "Period": [
                    {
                        "type": "Day",
                        "value": "2024-05-17Z",
                        "Rep": [
                            {
                                "D": "NW",
                                "G": "13",
                                "H": "41.1",
                                "P": "1010",
                                "S": "5",
                                "T": "21.5",
                                "V": "75000",
                                "W": "5",
                                "Pt": "R",
                                "Dp": "7.8",
                                "$": "960"
                            },
                            {
                                "D": "NNW",
                                "G": "8",
                                "H": "44.1",
                                "P": "1010",
                                "S": "3",
                                "T": "20.9",
                                "V": "75000",
                                "W": "8",
                                "Pt": "R",
                                "Dp": "8.3",
                                "$": "1020"
                            },
                            {
                                "D": "NNE",
                                "G": "9",
                                "H": "48.6",
                                "P": "1010",
                                "S": "5",
                                "T": "20.3",
                                "V": "60000",
                                "W": "8",
                                "Pt": "R",
                                "Dp": "9.2",
                                "$": "1080"
                            },
                            {
                                "D": "NE",
                                "G": "10",
                                "H": "51.6",
                                "P": "1011",
                                "S": "7",
                                "T": "20.0",
                                "V": "60000",
                                "W": "8",
                                "Pt": "R",
                                "Dp": "9.8",
                                "$": "1140"
                            },
                            {
                                "D": "NNE",
                                "G": "10",
                                "H": "55.0",
                                "P": "1011",
                                "S": "3",
                                "T": "19.1",
                                "V": "55000",
                                "W": "2",
                                "Pt": "R",
                                "Dp": "9.9",
                                "$": "1200"
                            },
                            {
                                "D": "NNE",
                                "G": "9",
                                "H": "59.7",
                                "P": "1011",
                                "S": "6",
                                "T": "18.2",
                                "V": "60000",
                                "W": "2",
                                "Pt": "R",
                                "Dp": "10.3",
                                "$": "1260"
                            },
                            {
                                "D": "ENE",
                                "G": "9",
                                "H": "64.3",
                                "P": "1012",
                                "S": "3",
                                "T": "16.1",
                                "V": "55000",
                                "W": "8",
                                "Pt": "R",
                                "Dp": "9.4",
                                "$": "1320"
                            },
                            {
                                "D": "N",
                                "G": "6",
                                "H": "78.5",
                                "P": "1012",
                                "S": "0",
                                "T": "15.5",
                                "V": "60000",
                                "W": "7",
                                "Pt": "R",
                                "Dp": "11.8",
                                "$": "1380"
                            }
                        ]
                    },
                    {
                        "type": "Day",
                        "value": "2024-05-18Z",
                        "Rep": [
                            {
                                "D": "N",
                                "G": "6",
                                "H": "75.8",
                                "P": "1012",
                                "S": "3",
                                "T": "14.7",
                                "V": "45000",
                                "W": "0",
                                "Pt": "R",
                                "Dp": "10.5",
                                "$": "0"
                            },
                            {
                                "D": "N",
                                "G": "6",
                                "H": "79.9",
                                "P": "1012",
                                "S": "2",
                                "T": "14.3",
                                "V": "40000",
                                "W": "2",
                                "Pt": "R",
                                "Dp": "10.9",
                                "$": "60"
                            },
                            {
                                "D": "NW",
                                "G": "5",
                                "H": "86.4",
                                "P": "1012",
                                "S": "2",
                                "T": "13.1",
                                "V": "30000",
                                "W": "0",
                                "Pt": "S",
                                "Dp": "10.9",
                                "$": "120"
                            },
                            {
                                "D": "NW",
                                "G": "6",
                                "H": "88.8",
                                "P": "1011",
                                "S": "3",
                                "T": "12.6",
                                "V": "30000",
                                "W": "0",
                                "Pt": "F",
                                "Dp": "10.8",
                                "$": "180"
                            },
                            {
                                "D": "NNW",
                                "G": "5",
                                "H": "90.5",
                                "P": "1012",
                                "S": "2",
                                "T": "12.5",
                                "V": "28000",
                                "W": "8",
                                "Pt": "R",
                                "Dp": "11.0",
                                "$": "240"
                            },
                            {
                                "D": "N",
                                "G": "10",
                                "H": "88.8",
                                "P": "1012",
                                "S": "5",
                                "T": "13.0",
                                "V": "16000",
                                "W": "3",
                                "Pt": "R",
                                "Dp": "11.2",
                                "$": "300"
                            },
                            {
                                "D": "NNE",
                                "G": "11",
                                "H": "89.3",
                                "P": "1012",
                                "S": "5",
                                "T": "13.2",
                                "V": "11000",
                                "W": "7",
                                "Pt": "R",
                                "Dp": "11.5",
                                "$": "360"
                            },
                            {
                                "D": "NNE",
                                "G": "13",
                                "H": "86.0",
                                "P": "1013",
                                "S": "8",
                                "T": "14.0",
                                "V": "11000",
                                "W": "8",
                                "Pt": "R",
                                "Dp": "11.7",
                                "$": "420"
                            },
                            {
                                "D": "N",
                                "G": "16",
                                "H": "82.1",
                                "P": "1013",
                                "S": "6",
                                "T": "14.3",
                                "V": "13000",
                                "W": "8",
                                "Pt": "R",
                                "Dp": "11.3",
                                "$": "480"
                            },
                            {
                                "D": "N",
                                "G": "10",
                                "H": "84.3",
                                "P": "1013",
                                "S": "5",
                                "T": "14.6",
                                "V": "6000",
                                "W": "12",
                                "Pt": "R",
                                "Dp": "12.0",
                                "$": "540"
                            },
                            {
                                "D": "NE",
                                "G": "10",
                                "H": "80.6",
                                "P": "1013",
                                "S": "6",
                                "T": "15.5",
                                "V": "11000",
                                "W": "8",
                                "Pt": "R",
                                "Dp": "12.2",
                                "$": "600"
                            },
                            {
                                "D": "NNE",
                                "G": "13",
                                "H": "78.0",
                                "P": "1013",
                                "S": "6",
                                "T": "15.7",
                                "V": "11000",
                                "W": "8",
                                "Pt": "R",
                                "Dp": "11.9",
                                "$": "660"
                            },
                            {
                                "D": "N",
                                "G": "11",
                                "H": "76.0",
                                "P": "1014",
                                "S": "6",
                                "T": "16.0",
                                "V": "11000",
                                "W": "8",
                                "Pt": "R",
                                "Dp": "11.8",
                                "$": "720"
                            },
                            {
                                "D": "N",
                                "G": "10",
                                "H": "73.6",
                                "P": "1013",
                                "S": "5",
                                "T": "16.5",
                                "V": "17000",
                                "W": "8",
                                "Pt": "R",
                                "Dp": "11.8",
                                "$": "780"
                            },
                            {
                                "D": "N",
                                "G": "10",
                                "H": "70.0",
                                "P": "1013",
                                "S": "6",
                                "T": "17.4",
                                "V": "21000",
                                "W": "8",
                                "Pt": "F",
                                "Dp": "11.9",
                                "$": "840"
                            },
                            {
                                "D": "NNE",
                                "G": "10",
                                "H": "69.1",
                                "P": "1013",
                                "S": "5",
                                "T": "17.8",
                                "V": "26000",
                                "W": "8",
                                "Pt": "F",
                                "Dp": "12.1",
                                "$": "900"
                            },
                            {
                                "D": "N",
                                "G": "9",
                                "H": "63.0",
                                "P": "1013",
                                "S": "5",
                                "T": "19.8",
                                "V": "27000",
                                "W": "7",
                                "Pt": "F",
                                "Dp": "12.6",
                                "$": "960"
                            }
                        ]
                    }
                ]
            }
        }
    }
}