{
    "SiteRep": {
        "Wx": {
            "Param": [
                {
                    "name": "G",
                    "units": "mph",
                    "$": "Wind Gust"
                },
                {
                    "name": "T",
                    "units": "C",
                    "$": "Temperature"
                },
                {
                    "name": "V",
                    "units": "m",
                    "$": "Visibility"
                },
                {
                    "name": "D",
                    "units": "compass",
                    "$": "Wind Direction"
                },
                {
                    "name": "S",
                    "units": "mph",
                    "$": "Wind Speed"
                },
                {
                    "name": "W",
                    "units": "",
                    "$": "Weather Type"
                },
                {
                    "name": "P",
                    "units": "hpa",
                    "$": "Pressure"
                },
                {
                    "name": "Pt",
                    "units": "Pa/s",
                    "$": "Pressure Tendency"
                },
                {
                    "name": "Dp",
                    "units": "C",
                    "$": "Dew Point"
                },
                {
                    "name": "H",
                    "units": "%",
                    "$": "Screen Relative Humidity"
                }
            ]
        },
        "DV": {
            "dataDate": "2024-08-25T16:00:00Z",
            "type": "Obs",
            "Location": {
                "i": "3772",
                "lat": "51.479",
                "lon": "-0.449",
                "name": "HEATHROW",
                "country": "ENGLAND",
                "continent": "EUROPE",
                "elevation": "25.0",
                "Period": [
                    {
                        "type": "Day",
                        "value": "2024-08-24Z",
                        "Rep": [
                            {
                                "D": "W",
                                "G": "17",
                                "H": "78.9",
                                "P": "1004",
                                "S": "9",
                                "T": "18.1",
                                "V": "75000",
                                "W": "7",
                                "Pt": "R",
                                "Dp": "14.4",
                                "$": "960"
                            },
                            {
                                "D": "NW",
                                "G": "18",
                                "H": "86.0",
                                "P": "1005",
                                "S": "6",
                                "T": "14.1",
                                "V": "900",
                                "W": "15",
                                "Pt": "R",
                                "Dp": "11.8",
                                "$": "1020"
                            },
                            {
                                "D": "W",
                                "G": "8",
                                "H": "86.7",
                                "P": "1006",
                                "S": "6",
                                "T": "15.4",
                                "V": "35000",
                                "W": "7",
                                "Pt": "R",
                                "Dp": "13.2",
                                "$": "1080"
                            },
                            {
                                "D": "W",
                                "G": "10",
                                "H": "85.6",
                                "P": "1007",
                                "S": "6",
                                "T": "15.7",
                                "V": "45000",
                                "W": "8",
                                "Pt": "R",
                                "Dp": "13.3",
                                "$": "1140"
                            },
                            {
                                "D": "W",
                                "G": "18",
                                "H": "78.5",
                                "P": "1009",
                                "S": "10",
                                "T": "14.9",
                                "V": "45000",
                                "W": "2",
                                "Pt": "R",
                                "Dp": "11.2",
                                "$": "1200"
                            },
                            {
                                "D": "W",
                                "G": "16",
                                "H": "81.5",
                                "P": "1010",
                                "S": "10",
                                "T": "13.8",
                                "V": "40000",
                                "W": "8",
                                "Pt": "R",
                                "Dp": "10.7",
                                "$": "1260"
                            },
                            {
                                "D": "W",
                                "G": "14",
                                "H": "84.1",
                                "P": "1012",
                                "S": "9",
                                "T": "12.9",
                                "V": "45000",
                                "W": "0",
                                "Pt": "R",
                                "Dp": "10.3",
                                "$": "1320"
                            },
                            {
                                "D": "W",
                                "G": "16",
                                "H": "85.7",
                                "P": "1013",
                                "S": "10",
                                "T": "12.2",
                                "V": "40000",
                                "W": "0",
                                "Pt": "R",
                                "Dp": "9.9",
                                "$": "1380"
                            }
                        ]
                    },
                    {
                        "type": "Day",
                        "value": "2024-08-25Z",
                        "Rep": [
                            {
                                "D": "WSW",
                                "G": "13",
                                "H": "86.9",
                                "P": "1014",
                                "S": "8",
                                "T": "11.9",
                                "V": "40000",
                                "W": "0",
                                "Pt": "R",
                                "Dp": "9.8",
                                "$": "0"
                            },
                            {
                                "D": "SW",
                                "G": "11",
                                "H": "86.9",
                                "P": "1014",
                                "S": "9",
                                "T": "11.6",
                                "V": "35000",
                                "W": "0",
                                "Pt": "R",
                                "Dp": "9.5",
                                "$": "60"
                            },
                            {
                                "D": "SW",
                                "G": "15",
                                "H": "88.1",
                                "P": "1015",
                                "S": "10",
                                "T": "11.4",
                                "V": "30000",
                                "W": "0",
                                "Pt": "R",
                                "Dp": "9.5",
                                "$": "120"
                            },
                            {
                                "D": "SW",
                                "G": "13",
                                "H": "88.1",
                                "P": "1016",
                                "S": "8",
                                "T": "11.3",
                                "V": "29000",
                                "W": "0",
                                "Pt": "R",
                                "Dp": "9.4",
                                "$": "180"
                            },
                            {
                                "D": "SW",
                                "G": "10",
                                "H": "91.0",
                                "P": "1016",
                                "S": "7",
                                "T": "10.7",
                                "V": "18000",
                                "W": "0",
                                "Pt": "R",
                                "Dp": "9.3",
                                "$": "240"
                            },
                            {
                                "D": "WSW",
                                "G": "13",
                                "H": "90.3",
                                "P": "1017",
                                "S": "8",
                                "T": "10.5",
                                "V": "23000",
                                "W": "0",
                                "Pt": "R",
                                "Dp": "9.0",
                                "$": "300"
                            },
                            {
                                "D": "SW",
                                "G": "11",
                                "H": "90.4",
                                "P": "1018",
                                "S": "7",
                                "T": "11.5",
                                "V": "22000",
                                "W": "1",
                                "Pt": "R",
                                "Dp": "10.0",
                                "$": "360"
                            },
                            {
                                "D": "SSW",
                                "G": "10",
                                "H": "88.1",
                                "P": "1018",
                                "S": "7",
                                "T": "12.3",
                                "V": "24000",
                                "W": "1",
                                "Pt": "R",
                                "Dp": "10.4",
                                "$": "420"
                            },
                            {
                                "D": "SW",
                                "G": "13",
                                "H": "78.3",
                                "P": "1019",
                                "S": "6",
                                "T": "14.7",
                                "V": "30000",
                                "W": "1",
                                "Pt": "R",
                                "Dp": "11.0",
                                "$": "480"
                            },
                            {
                                "D": "SW",
                                "G": "16",
                                "H": "67.0",
                                "P": "1019",
                                "S": "11",
                                "T": "16.9",
                                "V": "40000",
                                "W": "1",
                                "Pt": "R",
                                "Dp": "10.8",
                                "$": "540"
                            },
                            {
                                "D": "WSW",
                                "G": "22",
                                "H": "57.6",
                                "P": "1019",
                                "S": "15",
                                "T": "18.0",
                                "V": "35000",
                                "W": "7",
                                "Pt": "R",
                                "Dp": "9.6",
                                "$": "600"
                            },
                            {
                                "D": "SW",
                                "G": "25",
                                "H": "50.7",
                                "P": "1019",
                                "S": "15",
                                "T": "19.6",
                                "V": "35000",
                                "W": "7",
                                "Pt": "R",
                                "Dp": "9.2",
                                "$": "660"
                            },
                            {
                                "D": "SW",
                                "G": "30",
                                "H": "46.4",
                                "P": "1019",
                                "S": "19",
                                "T": "19.8",
                                "V": "45000",
                                "W": "7",
                                "Pt": "F",
                                "Dp": "8.1",
                                "$": "720"
                            },
                            {
                                "D": "SW",
                                "G": "30",
                                "H": "44.4",
                                "P": "1018",
                                "S": "19",
                                "T": "21.6",
                                "V": "45000",
                                "W": "8",
                                "Pt": "F",
                                "Dp": "9.1",
                                "$": "780"
                            },
                            {
                                "D": "SW",
                                "G": "29",
                                "H": "53.5",
                                "P": "1018",
                                "S": "18",
                                "T": "19.7",
                                "V": "45000",
                                "W": "8",
                                "Pt": "F",
                                "Dp": "10.1",
                                "$": "840"
                            },
                            {
                                "D": "SSW",
                                "G": "30",
                                "H": "47.5",
                                "P": "1018",
                                "S": "22",
                                "T": "20.2",
                                "V": "40000",
                                "W": "8",
                                "Pt": "F",
                                "Dp": "8.8",
                                "$": "900"
                            },
                            {
                                "D": "SSW",
                                "G": "29",
                                "H": "47.6",
                                "P": "1018",
                                "S": "19",
                                "T": "19.7",
                                "V": "40000",
                                "W": "7",
                                "Pt": "F",
                                "Dp": "8.4",
                                "$": "960"
                            }
                        ]
                    }
                ]
            }
        }
    }
}