{
    "SiteRep": {
        "Wx": {
            "Param": [
                {
                    "name": "G",
                    "units": "mph",
                    "$": "Wind Gust"
                },
                {
                    "name": "T",
                    "units": "C",
                    "$": "Temperature"
                },
                {
                    "name": "V",
                    "units": "m",
                    "$": "Visibility"
                },
                {
                    "name": "D",
                    "units": "compass",
                    "$": "Wind Direction"
                },
                {
                    "name": "S",
                    "units": "mph",
                    "$": "Wind Speed"
                },
                {
                    "name": "W",
                    "units": "",
                    "$": "Weather Type"
                },
                {
                    "name": "P",
                    "units": "hpa",
                    "$": "Pressure"
                },
                {
                    "name": "Pt",
                    "units": "Pa/s",
                    "$": "Pressure Tendency"
                },
                {
                    "name": "Dp",
                    "units": "C",
                    "$": "Dew Point"
                },
                {
                    "name": "H",
                    "units": "%",
                    "$": "Screen Relative Humidity"
                }
            ]
        },
        "DV": {
            "dataDate": "2025-04-09T16:00:00Z",
            "type": "Obs",
            "Location": {
                "i": "3772",
                "lat": "51.479",
                "lon": "-0.449",
                "name": "HEATHROW",
                "country": "ENGLAND",
                "continent": "EUROPE",
                "elevation": "25.0",
                "Period": [
                    {
                        "type": "Day",
                        "value": "2025-04-08Z",
                        "Rep": [
                            {
                                "D": "E",
                                "G": "17",
                                "H": "39.0",
                                "P": "1025",
                                "S": "10",
                                "T": "15.1",
                                "V": "30000",
                                "W": "7",
                                "Pt": "F",
                                "Dp": "1.5",
                                "$": "960"
                            },
                            {
                                "D": "E",
                                "G": "17",
                                "H": "41.3",
                                "P": "1025",
                                "S": "10",
                                "T": "14.8",
                                "V": "35000",
                                "W": "3",
                                "Pt": "F",
                                "Dp": "2.0",
                                "$": "1020"
                            },
                            {
                                "D": "ESE",
                                "G": "16",
                                "H": "42.2",
                                "P": "1025",
                                "S": "11",
                                "T": "12.8",
                                "V": "35000",
                                "W": "1",
                                "Pt": "F",
                                "Dp": "0.5",
                                "$": "1080"
                            },
                            {
                                "D": "E",
                                "G": "16",
                                "H": "47.4",
                                "P": "1026",
                                "S": "10",
                                "T": "10.4",
                                "V": "35000",
                                "W": "0",
                                "Pt": "R",
                                "Dp": "-0.1",
                                "$": "1140"
                            },
                            {
                                "D": "E",
                                "G": "13",
                                "H": "50.5",
                                "P": "1026",
                                "S": "8",
                                "T": "8.7",
                                "V": "35000",
                                "W": "0",
                                "Pt": "R",
                                "Dp": "-0.8",
                                "$": "1200"
                            },
                            {
                                "D": "E",
                                "G": "13",
                                "H": "54.2",
                                "P": "1026",
                                "S": "5",
                                "T": "9.0",
                                "V": "35000",
                                "W": "0",
                                "Pt": "R",
                                "Dp": "0.4",
                                "$": "1260"
                            },
                            {
                                "D": "ENE",
                                "G": "10",
                                "H": "51.7",
                                "P": "1027",
                                "S": "5",
                                "T": "8.6",
                                "V": "30000",
                                "W": "0",
                                "Pt": "R",
                                "Dp": "-0.6",
                                "$": "1320"
                            },
                            {
                                "D": "ENE",
                                "G": "10",
                                "H": "60.5",
                                "P": "1027",
                                "S": "5",
                                "T": "7.8",
                                "V": "35000",
                                "W": "0",
                                "Pt": "R",
                                "Dp": "0.8",
                                "$": "1380"
                            }
                        ]
                    },
                    {
                        "type": "Day",
                        "value": "2025-04-09Z",
                        "Rep": [
                            {
                                "D": "NNE",
                                "G": "7",
                                "H": "63.1",
                                "P": "1027",
                                "S": "5",
                                "T": "7.1",
                                "V": "35000",
                                "W": "0",
                                "Pt": "R",
                                "Dp": "0.7",
                                "$": "0"
                            },
                            {
                                "D": "NNE",
                                "G": "7",
                                "H": "56.8",
                                "P": "1027",
                                "S": "5",
                                "T": "6.4",
                                "V": "60000",
                                "W": "0",
                                "Pt": "R",
                                "Dp": "-1.4",
                                "$": "60"
                            },
                            {
                                "D": "NNE",
                                "G": "8",
                                "H": "63.2",
                                "P": "1027",
                                "S": "5",
                                "T": "5.4",
                                "V": "55000",
                                "W": "0",
                                "Pt": "F",
                                "Dp": "-0.9",
                                "$": "120"
                            },
                            {
                                "D": "N",
                                "G": "10",
                                "H": "71.2",
                                "P": "1027",
                                "S": "5",
                                "T": "4.7",
                                "V": "45000",
                                "W": "0",
                                "Pt": "F",
                                "Dp": "0.0",
                                "$": "180"
                            },
                            {
                                "D": "NNE",
                                "G": "9",
                                "H": "78.7",
                                "P": "1027",
                                "S": "6",
                                "T": "4.0",
                                "V": "40000",
                                "W": "0",
                                "Pt": "F",
                                "Dp": "0.7",
                                "$": "240"
                            },
                            {
                                "D": "NNE",
                                "G": "10",
                                "H": "84.0",
                                "P": "1027",
                                "S": "5",
                                "T": "3.8",
                                "V": "29000",
                                "W": "0",
                                "Pt": "R",
                                "Dp": "1.4",
                                "$": "300"
                            },
                            {
                                "D": "NNE",
                                "G": "9",
                                "H": "87.1",
                                "P": "1028",
                                "S": "6",
                                "T": "3.9",
                                "V": "24000",
                                "W": "1",
                                "Pt": "R",
                                "Dp": "2.0",
                                "$": "360"
                            },
                            {
                                "D": "NE",
                                "G": "17",
                                "H": "90.5",
                                "P": "1028",
                                "S": "8",
                                "T": "4.9",
                                "V": "17000",
                                "W": "8",
                                "Pt": "R",
                                "Dp": "3.5",
                                "$": "420"
                            },
                            {
                                "D": "NE",
                                "G": "14",
                                "H": "82.0",
                                "P": "1029",
                                "S": "8",
                                "T": "6.5",
                                "V": "26000",
                                "W": "3",
                                "Pt": "R",
                                "Dp": "3.7",
                                "$": "480"
                            },
                            {
                                "D": "NE",
                                "G": "19",
                                "H": "65.6",
                                "P": "1029",
                                "S": "10",
                                "T": "9.4",
                                "V": "55000",
                                "W": "8",
                                "Pt": "R",
                                "Dp": "3.4",
                                "$": "540"
                            },
                            {
                                "D": "NNE",
                                "G": "17",
                                "H": "60.0",
                                "P": "1029",
                                "S": "9",
                                "T": "10.6",
                                "V": "65000",
                                "W": "8",
                                "Pt": "R",
                                "Dp": "3.3",
                                "$": "600"
                            },
                            {
                                "D": "ENE",
                                "G": "19",
                                "H": "57.3",
                                "P": "1029",
                                "S": "10",
                                "T": "11.4",
                                "V": "65000",
                                "W": "7",
                                "Pt": "R",
                                "Dp": "3.4",
                                "$": "660"
                            },
                            {
                                "D": "ENE",
                                "G": "22",
                                "H": "56.0",
                                "P": "1029",
                                "S": "11",
                                "T": "11.3",
                                "V": "55000",
                                "W": "3",
                                "Pt": "R",
                                "Dp": "3.0",
                                "$": "720"
                            },
                            {
                                "D": "NE",
                                "G": "21",
                                "H": "54.6",
                                "P": "1029",
                                "S": "9",
                                "T": "12.2",
                                "V": "50000",
                                "W": "3",
                                "Pt": "R",
                                "Dp": "3.5",
                                "$": "780"
                            },
                            {
                                "D": "NE",
                                "G": "18",
                                "H": "53.3",
                                "P": "1029",
                                "S": "9",
                                "T": "13.3",
                                "V": "50000",
                                "W": "1",
                                "Pt": "F",
                                "Dp": "4.2",
                                "$": "840"
                            },
                            {
                                "D": "NE",
                                "G": "19",
                                "H": "47.7",
                                "P": "1029",
                                "S": "10",
                                "T": "14.0",
                                "V": "45000",
                                "W": "1",
                                "Pt": "F",
                                "Dp": "3.3",
                                "$": "900"
                            },
                            {
                                "D": "ENE",
                                "G": "17",
                                "H": "48.2",
                                "P": "1028",
                                "S": "8",
                                "T": "14.3",
                                "V": "50000",
                                "W": "1",
                                "Pt": "F",
                                "Dp": "3.7",
                                "$": "960"
                            }
                        ]
                    }
                ]
            }
        }
    }
}