{
    "SiteRep": {
        "Wx": {
            "Param": [
                {
                    "name": "G",
                    "units": "mph",
                    "$": "Wind Gust"
                },
                {
                    "name": "T",
                    "units": "C",
                    "$": "Temperature"
                },
                {
                    "name": "V",
                    "units": "m",
                    "$": "Visibility"
                },
                {
                    "name": "D",
                    "units": "compass",
                    "$": "Wind Direction"
                },
                {
                    "name": "S",
                    "units": "mph",
                    "$": "Wind Speed"
                },
                {
                    "name": "W",
                    "units": "",
                    "$": "Weather Type"
                },
                {
                    "name": "P",
                    "units": "hpa",
                    "$": "Pressure"
                },
                {
                    "name": "Pt",
                    "units": "Pa/s",
                    "$": "Pressure Tendency"
                },
                {
                    "name": "Dp",
                    "units": "C",
                    "$": "Dew Point"
                },
                {
                    "name": "H",
                    "units": "%",
                    "$": "Screen Relative Humidity"
                }
            ]
        },
        "DV": {
            "dataDate": "2025-09-09T15:00:00Z",
            "type": "Obs",
            "Location": {
                "i": "3772",
                "lat": "51.479",
                "lon": "-0.449",
                "name": "HEATHROW",
                "country": "ENGLAND",
                "continent": "EUROPE",
                "elevation": "25.0",
                "Period": [
                    {
                        "type": "Day",
                        "value": "2025-09-08Z",
                        "Rep": [
                            {
                                "D": "SW",
                                "G": "22",
                                "H": "43.9",
                                "P": "1016",
                                "S": "15",
                                "T": "21.6",
                                "V": "40000",
                                "W": "3",
                                "Pt": "F",
                                "Dp": "8.9",
                                "$": "960"
                            },
                            {
                                "D": "SSW",
                                "G": "21",
                                "H": "48.6",
                                "P": "1016",
                                "S": "11",
                                "T": "20.3",
                                "V": "45000",
                                "W": "3",
                                "Pt": "F",
                                "Dp": "9.2",
                                "$": "1020"
                            },
                            {
                                "D": "SSW",
                                "G": "28",
                                "H": "52.7",
                                "P": "1016",
                                "S": "13",
                                "T": "19.1",
                                "V": "40000",
                                "W": "1",
                                "Pt": "F",
                                "Dp": "9.3",
                                "$": "1080"
                            },
                            {
                                "D": "SSW",
                                "G": "22",
                                "H": "59.6",
                                "P": "1017",
                                "S": "9",
                                "T": "17.7",
                                "V": "40000",
                                "W": "2",
                                "Pt": "R",
                                "Dp": "9.8",
                                "$": "1140"
                            },
                            {
                                "D": "SSW",
                                "G": "16",
                                "H": "64.7",
                                "P": "1017",
                                "S": "9",
                                "T": "16.6",
                                "V": "35000",
                                "W": "0",
                                "Pt": "R",
                                "Dp": "10.0",
                                "$": "1200"
                            },
                            {
                                "D": "SW",
                                "G": "15",
                                "H": "72.0",
                                "P": "1017",
                                "S": "9",
                                "T": "15.7",
                                "V": "29000",
                                "W": "0",
                                "Pt": "R",
                                "Dp": "10.7",
                                "$": "1260"
                            },
                            {
                                "D": "SW",
                                "G": "11",
                                "H": "76.7",
                                "P": "1018",
                                "S": "7",
                                "T": "14.7",
                                "V": "29000",
                                "W": "0",
                                "Pt": "R",
                                "Dp": "10.7",
                                "$": "1320"
                            },
                            {
                                "D": "SE",
                                "G": "9",
                                "H": "81.8",
                                "P": "1017",
                                "S": "5",
                                "T": "13.1",
                                "V": "11000",
                                "W": "0",
                                "Pt": "R",
                                "Dp": "10.1",
                                "$": "1380"
                            }
                        ]
                    },
                    {
                        "type": "Day",
                        "value": "2025-09-09Z",
                        "Rep": [
                            {
                                "D": "S",
                                "G": "7",
                                "H": "87.5",
                                "P": "1017",
                                "S": "5",
                                "T": "12.7",
                                "V": "30000",
                                "W": "0",
                                "Pt": "F",
                                "Dp": "10.7",
                                "$": "0"
                            },
                            {
                                "D": "SSW",
                                "G": "9",
                                "H": "85.1",
                                "P": "1017",
                                "S": "6",
                                "T": "12.4",
                                "V": "30000",
                                "W": "0",
                                "Pt": "F",
                                "Dp": "10.0",
                                "$": "60"
                            },
                            {
                                "D": "SSW",
                                "G": "9",
                                "H": "87.5",
                                "P": "1017",
                                "S": "5",
                                "T": "12.3",
                                "V": "27000",
                                "W": "0",
                                "Pt": "F",
                                "Dp": "10.3",
                                "$": "120"
                            },
                            {
                                "D": "SW",
                                "G": "7",
                                "H": "90.3",
                                "P": "1017",
                                "S": "3",
                                "T": "11.0",
                                "V": "26000",
                                "W": "0",
                                "Pt": "F",
                                "Dp": "9.5",
                                "$": "180"
                            },
                            {
                                "D": "N",
                                "G": "6",
                                "H": "93.5",
                                "P": "1016",
                                "S": "0",
                                "T": "10.3",
                                "V": "26000",
                                "W": "0",
                                "Pt": "F",
                                "Dp": "9.3",
                                "$": "240"
                            },
                            {
                                "D": "N",
                                "G": "6",
                                "H": "94.1",
                                "P": "1016",
                                "S": "0",
                                "T": "9.8",
                                "V": "28000",
                                "W": "0",
                                "Pt": "F",
                                "Dp": "8.9",
                                "$": "300"
                            },
                            {
                                "D": "E",
                                "G": "6",
                                "H": "96.0",
                                "P": "1016",
                                "S": "2",
                                "T": "10.7",
                                "V": "25000",
                                "W": "1",
                                "Pt": "S",
                                "Dp": "10.1",
                                "$": "360"
                            },
                            {
                                "D": "SE",
                                "G": "7",
                                "H": "88.7",
                                "P": "1017",
                                "S": "5",
                                "T": "13.0",
                                "V": "28000",
                                "W": "1",
                                "Pt": "R",
                                "Dp": "11.2",
                                "$": "420"
                            },
                            {
                                "D": "S",
                                "G": "8",
                                "H": "76.9",
                                "P": "1017",
                                "S": "5",
                                "T": "15.4",
                                "V": "30000",
                                "W": "1",
                                "Pt": "R",
                                "Dp": "11.4",
                                "$": "480"
                            },
                            {
                                "D": "SSW",
                                "G": "10",
                                "H": "66.4",
                                "P": "1016",
                                "S": "7",
                                "T": "18.0",
                                "V": "35000",
                                "W": "1",
                                "Pt": "F",
                                "Dp": "11.7",
                                "$": "540"
                            },
                            {
                                "D": "S",
                                "G": "17",
                                "H": "59.6",
                                "P": "1016",
                                "S": "10",
                                "T": "19.3",
                                "V": "40000",
                                "W": "3",
                                "Pt": "F",
                                "Dp": "11.3",
                                "$": "600"
                            },
                            {
                                "D": "SSW",
                                "G": "17",
                                "H": "51.0",
                                "P": "1016",
                                "S": "9",
                                "T": "20.5",
                                "V": "45000",
                                "W": "3",
                                "Pt": "F",
                                "Dp": "10.1",
                                "$": "660"
                            },
                            {
                                "D": "S",
                                "G": "18",
                                "H": "44.2",
                                "P": "1015",
                                "S": "11",
                                "T": "20.5",
                                "V": "55000",
                                "W": "1",
                                "Pt": "F",
                                "Dp": "8.0",
                                "$": "720"
                            },
                            {
                                "D": "S",
                                "G": "21",
                                "H": "45.5",
                                "P": "1014",
                                "S": "11",
                                "T": "20.7",
                                "V": "55000",
                                "W": "3",
                                "Pt": "F",
                                "Dp": "8.6",
                                "$": "780"
                            },
                            {
                                "D": "S",
                                "G": "22",
                                "H": "51.7",
                                "P": "1014",
                                "S": "14",
                                "T": "20.5",
                                "V": "40000",
                                "W": "3",
                                "Pt": "F",
                                "Dp": "10.3",
                                "$": "840"
                            },
                            {
                                "D": "S",
                                "G": "21",
                                "H": "47.9",
                                "P": "1014",
                                "S": "11",
                                "T": "21.2",
                                "V": "45000",
                                "W": "7",
                                "Pt": "F",
                                "Dp": "9.8",
                                "$": "900"
                            },
                            {
                                "D": "S",
                                "G": "22",
                                "H": "49.3",
                                "P": "1013",
                                "S": "15",
                                "T": "19.3",
                                "V": "50000",
                                "W": "7",
                                "Pt": "F",
                                "Dp": "8.5",
                                "$": "960"
                            }
                        ]
                    }
                ]
            }
        }
    }
}