{
    "SiteRep": {
        "Wx": {
            "Param": [
                {
                    "name": "G",
                    "units": "mph",
                    "$": "Wind Gust"
                },
                {
                    "name": "T",
                    "units": "C",
                    "$": "Temperature"
                },
                {
                    "name": "V",
                    "units": "m",
                    "$": "Visibility"
                },
                {
                    "name": "D",
                    "units": "compass",
                    "$": "Wind Direction"
                },
                {
                    "name": "S",
                    "units": "mph",
                    "$": "Wind Speed"
                },
                {
                    "name": "W",
                    "units": "",
                    "$": "Weather Type"
                },
                {
                    "name": "P",
                    "units": "hpa",
                    "$": "Pressure"
                },
                {
                    "name": "Pt",
                    "units": "Pa/s",
                    "$": "Pressure Tendency"
                },
                {
                    "name": "Dp",
                    "units": "C",
                    "$": "Dew Point"
                },
                {
                    "name": "H",
                    "units": "%",
                    "$": "Screen Relative Humidity"
                }
            ]
        },
        "DV": {
            "dataDate": "2023-10-01T16:00:00Z",
            "type": "Obs",
            "Location": {
                "i": "3772",
                "lat": "51.479",
                "lon": "-0.449",
                "name": "HEATHROW",
                "country": "ENGLAND",
                "continent": "EUROPE",
                "elevation": "25.0",
                "Period": [
                    {
                        "type": "Day",
                        "value": "2023-09-30Z",
                        "Rep": [
                            {
                                "D": "S",
                                "G": "22",
                                "H": "58.9",
                                "P": "1022",
                                "S": "14",
                                "T": "18.5",
                                "V": "40000",
                                "W": "8",
                                "Pt": "F",
                                "Dp": "10.4",
                                "$": "960"
                            },
                            {
                                "D": "S",
                                "G": "22",
                                "H": "64.1",
                                "P": "1022",
                                "S": "13",
                                "T": "17.8",
                                "V": "35000",
                                "W": "8",
                                "Pt": "F",
                                "Dp": "11.0",
                                "$": "1020"
                            },
                            {
                                "D": "S",
                                "G": "18",
                                "H": "66.6",
                                "P": "1022",
                                "S": "10",
                                "T": "17.1",
                                "V": "30000",
                                "W": "8",
                                "Pt": "F",
                                "Dp": "10.9",
                                "$": "1080"
                            },
                            {
                                "D": "S",
                                "G": "18",
                                "H": "72.1",
                                "P": "1022",
                                "S": "11",
                                "T": "16.6",
                                "V": "29000",
                                "W": "7",
                                "Pt": "F",
                                "Dp": "11.6",
                                "$": "1140"
                            },
                            {
                                "D": "SSW",
                                "G": "16",
                                "H": "74.4",
                                "P": "1022",
                                "S": "9",
                                "T": "16.1",
                                "V": "27000",
                                "W": "2",
                                "Pt": "F",
                                "Dp": "11.6",
                                "$": "1200"
                            },
                            {
                                "D": "S",
                                "G": "15",
                                "H": "76.4",
                                "P": "1022",
                                "S": "9",
                                "T": "16.4",
                                "V": "27000",
                                "W": "8",
                                "Pt": "F",
                                "Dp": "12.3",
                                "$": "1260"
                            },
                            {
                                "D": "SSW",
                                "G": "18",
                                "H": "76.5",
                                "P": "1022",
                                "S": "10",
                                "T": "16.8",
                                "V": "27000",
                                "W": "8",
                                "Pt": "F",
                                "Dp": "12.7",
                                "$": "1320"
                            },
                            {
                                "D": "S",
                                "G": "19",
                                "H": "82.7",
                                "P": "1021",
                                "S": "9",
                                "T": "15.8",
                                "V": "25000",
                                "W": "0",
                                "Pt": "F",
                                "Dp": "12.9",
                                "$": "1380"
                            }
                        ]
                    },
                    {
                        "type": "Day",
                        "value": "2023-10-01Z",
                        "Rep": [
                            {
                                "D": "SSE",
                                "G": "14",
                                "H": "87.7",
                                "P": "1022",
                                "S": "5",
                                "T": "14.9",
                                "V": "22000",
                                "W": "0",
                                "Pt": "F",
                                "Dp": "12.9",
                                "$": "0"
                            },
                            {
                                "D": "S",
                                "G": "8",
                                "H": "89.5",
                                "P": "1021",
                                "S": "5",
                                "T": "15.4",
                                "V": "21000",
                                "W": "0",
                                "Pt": "F",
                                "Dp": "13.7",
                                "$": "60"
                            },
                            {
                                "D": "SSW",
                                "G": "10",
                                "H": "87.2",
                                "P": "1021",
                                "S": "7",
                                "T": "15.8",
                                "V": "20000",
                                "W": "8",
                                "Pt": "F",
                                "Dp": "13.7",
                                "$": "120"
                            },
                            {
                                "D": "S",
                                "G": "11",
                                "H": "88.4",
                                "P": "1020",
                                "S": "7",
                                "T": "15.8",
                                "V": "20000",
                                "W": "7",
                                "Pt": "F",
                                "Dp": "13.9",
                                "$": "180"
                            },
                            {
                                "D": "S",
                                "G": "13",
                                "H": "90.8",
                                "P": "1020",
                                "S": "9",
                                "T": "15.7",
                                "V": "17000",
                                "W": "2",
                                "Pt": "F",
                                "Dp": "14.2",
                                "$": "240"
                            },
                            {
                                "D": "S",
                                "G": "14",
                                "H": "90.8",
                                "P": "1020",
                                "S": "8",
                                "T": "16.2",
                                "V": "17000",
                                "W": "8",
                                "Pt": "F",
                                "Dp": "14.7",
                                "$": "300"
                            },
                            {
                                "D": "S",
                                "G": "13",
                                "H": "90.2",
                                "P": "1020",
                                "S": "9",
                                "T": "16.6",
                                "V": "18000",
                                "W": "8",
                                "Pt": "F",
                                "Dp": "15.0",
                                "$": "360"
                            },
                            {
                                "D": "S",
                                "G": "13",
                                "H": "89.6",
                                "P": "1020",
                                "S": "8",
                                "T": "17.1",
                                "V": "19000",
                                "W": "8",
                                "Pt": "S",
                                "Dp": "15.4",
                                "$": "420"
                            },
                            {
                                "D": "S",
                                "G": "14",
                                "H": "87.4",
                                "P": "1020",
                                "S": "9",
                                "T": "18.0",
                                "V": "23000",
                                "W": "8",
                                "Pt": "R",
                                "Dp": "15.9",
                                "$": "480"
                            },
                            {
                                "D": "S",
                                "G": "15",
                                "H": "84.7",
                                "P": "1020",
                                "S": "10",
                                "T": "18.8",
                                "V": "26000",
                                "W": "8",
                                "Pt": "S",
                                "Dp": "16.2",
                                "$": "540"
                            },
                            {
                                "D": "SSW",
                                "G": "17",
                                "H": "83.2",
                                "P": "1020",
                                "S": "10",
                                "T": "19.5",
                                "V": "28000",
                                "W": "8",
                                "Pt": "R",
                                "Dp": "16.6",
                                "$": "600"
                            },
                            {
                                "D": "SSW",
                                "G": "17",
                                "H": "80.7",
                                "P": "1020",
                                "S": "11",
                                "T": "20.5",
                                "V": "27000",
                                "W": "8",
                                "Pt": "S",
                                "Dp": "17.1",
                                "$": "660"
                            },
                            {
                                "D": "S",
                                "G": "19",
                                "H": "77.4",
                                "P": "1020",
                                "S": "11",
                                "T": "21.8",
                                "V": "27000",
                                "W": "8",
                                "Pt": "F",
                                "Dp": "17.7",
                                "$": "720"
                            },
                            {
                                "D": "S",
                                "G": "18",
                                "H": "75.9",
                                "P": "1019",
                                "S": "11",
                                "T": "21.5",
                                "V": "27000",
                                "W": "8",
                                "Pt": "F",
                                "Dp": "17.1",
                                "$": "780"
                            },
                            {
                                "D": "S",
                                "G": "16",
                                "H": "75.4",
                                "P": "1019",
                                "S": "7",
                                "T": "21.6",
                                "V": "29000",
                                "W": "8",
                                "Pt": "F",
                                "Dp": "17.1",
                                "$": "840"
                            },
                            {
                                "D": "SSW",
                                "G": "13",
                                "H": "73.6",
                                "P": "1019",
                                "S": "7",
                                "T": "22.1",
                                "V": "29000",
                                "W": "8",
                                "Pt": "F",
                                "Dp": "17.2",
                                "$": "900"
                            },
                            {
                                "D": "WSW",
                                "G": "18",
                                "H": "73.5",
                                "P": "1018",
                                "S": "11",
                                "T": "21.7",
                                "V": "28000",
                                "W": "8",
                                "Pt": "F",
                                "Dp": "16.8",
                                "$": "960"
                            }
                        ]
                    }
                ]
            }
        }
    }
}