{
    "SiteRep": {
        "Wx": {
            "Param": [
                {
                    "name": "G",
                    "units": "mph",
                    "$": "Wind Gust"
                },
                {
                    "name": "T",
                    "units": "C",
                    "$": "Temperature"
                },
                {
                    "name": "V",
                    "units": "m",
                    "$": "Visibility"
                },
                {
                    "name": "D",
                    "units": "compass",
                    "$": "Wind Direction"
                },
                {
                    "name": "S",
                    "units": "mph",
                    "$": "Wind Speed"
                },
                {
                    "name": "W",
                    "units": "",
                    "$": "Weather Type"
                },
                {
                    "name": "P",
                    "units": "hpa",
                    "$": "Pressure"
                },
                {
                    "name": "Pt",
                    "units": "Pa/s",
                    "$": "Pressure Tendency"
                },
                {
                    "name": "Dp",
                    "units": "C",
                    "$": "Dew Point"
                },
                {
                    "name": "H",
                    "units": "%",
                    "$": "Screen Relative Humidity"
                }
            ]
        },
        "DV": {
            "dataDate": "2024-12-13T16:00:00Z",
            "type": "Obs",
            "Location": {
                "i": "3772",
                "lat": "51.479",
                "lon": "-0.449",
                "name": "HEATHROW",
                "country": "ENGLAND",
                "continent": "EUROPE",
                "elevation": "25.0",
                "Period": [
                    {
                        "type": "Day",
                        "value": "2024-12-12Z",
                        "Rep": [
                            {
                                "D": "NNE",
                                "G": "8",
                                "H": "95.2",
                                "P": "1029",
                                "S": "5",
                                "T": "7.7",
                                "V": "4600",
                                "W": "5",
                                "Pt": "F",
                                "Dp": "7.0",
                                "$": "960"
                            },
                            {
                                "D": "NNE",
                                "G": "10",
                                "H": "95.2",
                                "P": "1029",
                                "S": "3",
                                "T": "7.7",
                                "V": "12000",
                                "W": "8",
                                "Pt": "F",
                                "Dp": "7.0",
                                "$": "1020"
                            },
                            {
                                "D": "NNE",
                                "G": "8",
                                "H": "95.9",
                                "P": "1029",
                                "S": "5",
                                "T": "7.6",
                                "V": "6000",
                                "W": "8",
                                "Pt": "F",
                                "Dp": "7.0",
                                "$": "1080"
                            },
                            {
                                "D": "NE",
                                "G": "11",
                                "H": "95.2",
                                "P": "1029",
                                "S": "7",
                                "T": "7.6",
                                "V": "6000",
                                "W": "11",
                                "Pt": "F",
                                "Dp": "6.9",
                                "$": "1140"
                            },
                            {
                                "D": "NE",
                                "G": "11",
                                "H": "93.3",
                                "P": "1029",
                                "S": "5",
                                "T": "7.7",
                                "V": "20000",
                                "W": "8",
                                "Pt": "F",
                                "Dp": "6.7",
                                "$": "1200"
                            },
                            {
                                "D": "NNE",
                                "G": "9",
                                "H": "95.2",
                                "P": "1029",
                                "S": "5",
                                "T": "7.6",
                                "V": "9000",
                                "W": "8",
                                "Pt": "F",
                                "Dp": "6.9",
                                "$": "1260"
                            },
                            {
                                "D": "NE",
                                "G": "13",
                                "H": "95.3",
                                "P": "1028",
                                "S": "9",
                                "T": "7.2",
                                "V": "6000",
                                "W": "11",
                                "Pt": "F",
                                "Dp": "6.5",
                                "$": "1320"
                            },
                            {
                                "D": "ENE",
                                "G": "13",
                                "H": "96.5",
                                "P": "1028",
                                "S": "6",
                                "T": "7.1",
                                "V": "4900",
                                "W": "11",
                                "Pt": "F",
                                "Dp": "6.6",
                                "$": "1380"
                            }
                        ]
                    },
                    {
                        "type": "Day",
                        "value": "2024-12-13Z",
                        "Rep": [
                            {
                                "D": "NE",
                                "G": "7",
                                "H": "96.5",
                                "P": "1028",
                                "S": "5",
                                "T": "7.1",
                                "V": "5000",
                                "W": "8",
                                "Pt": "F",
                                "Dp": "6.6",
                                "$": "0"
                            },
                            {
                                "D": "E",
                                "G": "7",
                                "H": "96.0",
                                "P": "1028",
                                "S": "3",
                                "T": "6.8",
                                "V": "6000",
                                "W": "5",
                                "Pt": "F",
                                "Dp": "6.2",
                                "$": "60"
                            },
                            {
                                "D": "E",
                                "G": "10",
                                "H": "94.6",
                                "P": "1027",
                                "S": "6",
                                "T": "6.6",
                                "V": "5000",
                                "W": "5",
                                "Pt": "F",
                                "Dp": "5.8",
                                "$": "120"
                            },
                            {
                                "D": "ENE",
                                "G": "9",
                                "H": "95.2",
                                "P": "1027",
                                "S": "5",
                                "T": "6.5",
                                "V": "5000",
                                "W": "5",
                                "Pt": "F",
                                "Dp": "5.8",
                                "$": "180"
                            },
                            {
                                "D": "E",
                                "G": "9",
                                "H": "94.5",
                                "P": "1027",
                                "S": "5",
                                "T": "6.4",
                                "V": "6000",
                                "W": "5",
                                "Pt": "F",
                                "Dp": "5.6",
                                "$": "240"
                            },
                            {
                                "D": "E",
                                "G": "9",
                                "H": "95.9",
                                "P": "1026",
                                "S": "5",
                                "T": "6.2",
                                "V": "4000",
                                "W": "5",
                                "Pt": "F",
                                "Dp": "5.6",
                                "$": "300"
                            },
                            {
                                "D": "E",
                                "G": "6",
                                "H": "97.2",
                                "P": "1026",
                                "S": "5",
                                "T": "6.0",
                                "V": "1900",
                                "W": "11",
                                "Pt": "F",
                                "Dp": "5.6",
                                "$": "360"
                            },
                            {
                                "D": "E",
                                "G": "8",
                                "H": "97.2",
                                "P": "1026",
                                "S": "5",
                                "T": "6.0",
                                "V": "3200",
                                "W": "11",
                                "Pt": "F",
                                "Dp": "5.6",
                                "$": "420"
                            },
                            {
                                "D": "E",
                                "G": "7",
                                "H": "97.2",
                                "P": "1026",
                                "S": "5",
                                "T": "6.0",
                                "V": "4700",
                                "W": "11",
                                "Pt": "F",
                                "Dp": "5.6",
                                "$": "480"
                            },
                            {
                                "D": "E",
                                "G": "11",
                                "H": "96.6",
                                "P": "1026",
                                "S": "6",
                                "T": "5.8",
                                "V": "2500",
                                "W": "11",
                                "Pt": "R",
                                "Dp": "5.3",
                                "$": "540"
                            },
                            {
                                "D": "ESE",
                                "G": "10",
                                "H": "97.9",
                                "P": "1026",
                                "S": "3",
                                "T": "5.5",
                                "V": "4600",
                                "W": "8",
                                "Pt": "R",
                                "Dp": "5.2",
                                "$": "600"
                            },
                            {
                                "D": "E",
                                "G": "8",
                                "H": "96.5",
                                "P": "1026",
                                "S": "6",
                                "T": "5.4",
                                "V": "6000",
                                "W": "5",
                                "Pt": "R",
                                "Dp": "4.9",
                                "$": "660"
                            },
                            {
                                "D": "SE",
                                "G": "10",
                                "H": "92.5",
                                "P": "1025",
                                "S": "6",
                                "T": "5.4",
                                "V": "16000",
                                "W": "8",
                                "Pt": "F",
                                "Dp": "4.3",
                                "$": "720"
                            },
                            {
                                "D": "SE",
                                "G": "10",
                                "H": "91.2",
                                "P": "1025",
                                "S": "7",
                                "T": "5.2",
                                "V": "20000",
                                "W": "8",
                                "Pt": "F",
                                "Dp": "3.9",
                                "$": "780"
                            },
                            {
                                "D": "SSE",
                                "G": "10",
                                "H": "93.2",
                                "P": "1024",
                                "S": "6",
                                "T": "4.6",
                                "V": "7000",
                                "W": "5",
                                "Pt": "F",
                                "Dp": "3.6",
                                "$": "840"
                            },
                            {
                                "D": "S",
                                "G": "11",
                                "H": "93.1",
                                "P": "1024",
                                "S": "6",
                                "T": "4.4",
                                "V": "6000",
                                "W": "5",
                                "Pt": "F",
                                "Dp": "3.4",
                                "$": "900"
                            },
                            {
                                "D": "S",
                                "G": "9",
                                "H": "92.4",
                                "P": "1024",
                                "S": "3",
                                "T": "4.4",
                                "V": "7000",
                                "W": "5",
                                "Pt": "F",
                                "Dp": "3.3",
                                "$": "960"
                            }
                        ]
                    }
                ]
            }
        }
    }
}