{
    "SiteRep": {
        "Wx": {
            "Param": [
                {
                    "name": "G",
                    "units": "mph",
                    "$": "Wind Gust"
                },
                {
                    "name": "T",
                    "units": "C",
                    "$": "Temperature"
                },
                {
                    "name": "V",
                    "units": "m",
                    "$": "Visibility"
                },
                {
                    "name": "D",
                    "units": "compass",
                    "$": "Wind Direction"
                },
                {
                    "name": "S",
                    "units": "mph",
                    "$": "Wind Speed"
                },
                {
                    "name": "W",
                    "units": "",
                    "$": "Weather Type"
                },
                {
                    "name": "P",
                    "units": "hpa",
                    "$": "Pressure"
                },
                {
                    "name": "Pt",
                    "units": "Pa/s",
                    "$": "Pressure Tendency"
                },
                {
                    "name": "Dp",
                    "units": "C",
                    "$": "Dew Point"
                },
                {
                    "name": "H",
                    "units": "%",
                    "$": "Screen Relative Humidity"
                }
            ]
        },
        "DV": {
            "dataDate": "2025-07-21T16:00:00Z",
            "type": "Obs",
            "Location": {
                "i": "3772",
                "lat": "51.479",
                "lon": "-0.449",
                "name": "HEATHROW",
                "country": "ENGLAND",
                "continent": "EUROPE",
                "elevation": "25.0",
                "Period": [
                    {
                        "type": "Day",
                        "value": "2025-07-20Z",
                        "Rep": [
                            {
                                "D": "SSW",
                                "G": "25",
                                "H": "52.3",
                                "P": "999",
                                "S": "17",
                                "T": "21.8",
                                "V": "55000",
                                "W": "7",
                                "Pt": "R",
                                "Dp": "11.6",
                                "$": "960"
                            },
                            {
                                "D": "SSW",
                                "G": "25",
                                "H": "53.6",
                                "P": "999",
                                "S": "15",
                                "T": "21.1",
                                "V": "60000",
                                "W": "8",
                                "Pt": "R",
                                "Dp": "11.3",
                                "$": "1020"
                            },
                            {
                                "D": "SW",
                                "G": "25",
                                "H": "51.8",
                                "P": "999",
                                "S": "16",
                                "T": "20.9",
                                "V": "40000",
                                "W": "7",
                                "Pt": "R",
                                "Dp": "10.6",
                                "$": "1080"
                            },
                            {
                                "D": "SSW",
                                "G": "21",
                                "H": "59.9",
                                "P": "1000",
                                "S": "13",
                                "T": "19.4",
                                "V": "40000",
                                "W": "1",
                                "Pt": "R",
                                "Dp": "11.4",
                                "$": "1140"
                            },
                            {
                                "D": "S",
                                "G": "18",
                                "H": "62.9",
                                "P": "1000",
                                "S": "10",
                                "T": "18.4",
                                "V": "17000",
                                "W": "0",
                                "Pt": "R",
                                "Dp": "11.2",
                                "$": "1200"
                            },
                            {
                                "D": "S",
                                "G": "16",
                                "H": "64.8",
                                "P": "1000",
                                "S": "9",
                                "T": "17.8",
                                "V": "18000",
                                "W": "11",
                                "Pt": "R",
                                "Dp": "11.1",
                                "$": "1260"
                            },
                            {
                                "D": "SSE",
                                "G": "16",
                                "H": "71.5",
                                "P": "1000",
                                "S": "8",
                                "T": "17.3",
                                "V": "45000",
                                "W": "8",
                                "Pt": "R",
                                "Dp": "12.1",
                                "$": "1320"
                            },
                            {
                                "D": "SE",
                                "G": "14",
                                "H": "77.7",
                                "P": "1000",
                                "S": "7",
                                "T": "16.7",
                                "V": "40000",
                                "W": "8",
                                "Pt": "R",
                                "Dp": "12.8",
                                "$": "1380"
                            }
                        ]
                    },
                    {
                        "type": "Day",
                        "value": "2025-07-21Z",
                        "Rep": [
                            {
                                "D": "SE",
                                "G": "13",
                                "H": "80.8",
                                "P": "1000",
                                "S": "7",
                                "T": "16.2",
                                "V": "40000",
                                "W": "8",
                                "Pt": "F",
                                "Dp": "12.9",
                                "$": "0"
                            },
                            {
                                "D": "ESE",
                                "G": "10",
                                "H": "87.8",
                                "P": "999",
                                "S": "8",
                                "T": "15.1",
                                "V": "30000",
                                "W": "0",
                                "Pt": "F",
                                "Dp": "13.1",
                                "$": "60"
                            },
                            {
                                "D": "E",
                                "G": "10",
                                "H": "89.0",
                                "P": "999",
                                "S": "3",
                                "T": "14.4",
                                "V": "35000",
                                "W": "0",
                                "Pt": "F",
                                "Dp": "12.6",
                                "$": "120"
                            },
                            {
                                "D": "NE",
                                "G": "8",
                                "H": "91.9",
                                "P": "999",
                                "S": "2",
                                "T": "14.4",
                                "V": "35000",
                                "W": "7",
                                "Pt": "F",
                                "Dp": "13.1",
                                "$": "180"
                            },
                            {
                                "D": "NNE",
                                "G": "6",
                                "H": "89.0",
                                "P": "998",
                                "S": "3",
                                "T": "15.2",
                                "V": "40000",
                                "W": "8",
                                "Pt": "F",
                                "Dp": "13.4",
                                "$": "240"
                            },
                            {
                                "D": "NNE",
                                "G": "7",
                                "H": "89.6",
                                "P": "998",
                                "S": "3",
                                "T": "14.9",
                                "V": "35000",
                                "W": "7",
                                "Pt": "F",
                                "Dp": "13.2",
                                "$": "300"
                            },
                            {
                                "D": "NNE",
                                "G": "8",
                                "H": "89.0",
                                "P": "998",
                                "S": "5",
                                "T": "15.1",
                                "V": "30000",
                                "W": "7",
                                "Pt": "F",
                                "Dp": "13.3",
                                "$": "360"
                            },
                            {
                                "D": "NNE",
                                "G": "8",
                                "H": "82.5",
                                "P": "998",
                                "S": "5",
                                "T": "17.1",
                                "V": "35000",
                                "W": "8",
                                "Pt": "R",
                                "Dp": "14.1",
                                "$": "420"
                            },
                            {
                                "D": "NNW",
                                "G": "9",
                                "H": "71.7",
                                "P": "999",
                                "S": "6",
                                "T": "18.5",
                                "V": "45000",
                                "W": "8",
                                "Pt": "R",
                                "Dp": "13.3",
                                "$": "480"
                            },
                            {
                                "D": "WNW",
                                "G": "11",
                                "H": "66.4",
                                "P": "999",
                                "S": "8",
                                "T": "18.9",
                                "V": "50000",
                                "W": "8",
                                "Pt": "R",
                                "Dp": "12.5",
                                "$": "540"
                            },
                            {
                                "D": "WNW",
                                "G": "14",
                                "H": "60.7",
                                "P": "999",
                                "S": "7",
                                "T": "21.2",
                                "V": "50000",
                                "W": "3",
                                "Pt": "R",
                                "Dp": "13.3",
                                "$": "600"
                            },
                            {
                                "D": "NW",
                                "G": "15",
                                "H": "57.8",
                                "P": "999",
                                "S": "6",
                                "T": "20.6",
                                "V": "50000",
                                "W": "8",
                                "Pt": "R",
                                "Dp": "12.0",
                                "$": "660"
                            },
                            {
                                "D": "WNW",
                                "G": "16",
                                "H": "46.4",
                                "P": "999",
                                "S": "7",
                                "T": "22.9",
                                "V": "60000",
                                "W": "3",
                                "Pt": "R",
                                "Dp": "10.8",
                                "$": "720"
                            },
                            {
                                "D": "W",
                                "G": "18",
                                "H": "41.7",
                                "P": "1000",
                                "S": "10",
                                "T": "22.8",
                                "V": "55000",
                                "W": "7",
                                "Pt": "R",
                                "Dp": "9.1",
                                "$": "780"
                            },
                            {
                                "D": "WSW",
                                "G": "19",
                                "H": "40.4",
                                "P": "1000",
                                "S": "10",
                                "T": "24.3",
                                "V": "65000",
                                "W": "3",
                                "Pt": "R",
                                "Dp": "10.0",
                                "$": "840"
                            },
                            {
                                "D": "W",
                                "G": "19",
                                "H": "37.5",
                                "P": "1000",
                                "S": "11",
                                "T": "25.1",
                                "V": "75000",
                                "W": "1",
                                "Pt": "R",
                                "Dp": "9.6",
                                "$": "900"
                            },
                            {
                                "D": "WSW",
                                "G": "22",
                                "H": "45.3",
                                "P": "1001",
                                "S": "15",
                                "T": "23.3",
                                "V": "55000",
                                "W": "8",
                                "Pt": "R",
                                "Dp": "10.8",
                                "$": "960"
                            }
                        ]
                    }
                ]
            }
        }
    }
}