{
    "SiteRep": {
        "Wx": {
            "Param": [
                {
                    "name": "G",
                    "units": "mph",
                    "$": "Wind Gust"
                },
                {
                    "name": "T",
                    "units": "C",
                    "$": "Temperature"
                },
                {
                    "name": "V",
                    "units": "m",
                    "$": "Visibility"
                },
                {
                    "name": "D",
                    "units": "compass",
                    "$": "Wind Direction"
                },
                {
                    "name": "S",
                    "units": "mph",
                    "$": "Wind Speed"
                },
                {
                    "name": "W",
                    "units": "",
                    "$": "Weather Type"
                },
                {
                    "name": "P",
                    "units": "hpa",
                    "$": "Pressure"
                },
                {
                    "name": "Pt",
                    "units": "Pa/s",
                    "$": "Pressure Tendency"
                },
                {
                    "name": "Dp",
                    "units": "C",
                    "$": "Dew Point"
                },
                {
                    "name": "H",
                    "units": "%",
                    "$": "Screen Relative Humidity"
                }
            ]
        },
        "DV": {
            "dataDate": "2023-08-22T16:00:00Z",
            "type": "Obs",
            "Location": {
                "i": "3772",
                "lat": "51.479",
                "lon": "-0.449",
                "name": "HEATHROW",
                "country": "ENGLAND",
                "continent": "EUROPE",
                "elevation": "25.0",
                "Period": [
                    {
                        "type": "Day",
                        "value": "2023-08-21Z",
                        "Rep": [
                            {
                                "D": "SSW",
                                "G": "18",
                                "H": "55.0",
                                "P": "1021",
                                "S": "10",
                                "T": "23.8",
                                "V": "50000",
                                "W": "3",
                                "Pt": "F",
                                "Dp": "14.3",
                                "$": "960"
                            },
                            {
                                "D": "SSW",
                                "G": "18",
                                "H": "56.6",
                                "P": "1021",
                                "S": "10",
                                "T": "23.0",
                                "V": "50000",
                                "W": "1",
                                "Pt": "F",
                                "Dp": "14.0",
                                "$": "1020"
                            },
                            {
                                "D": "SSW",
                                "G": "18",
                                "H": "58.6",
                                "P": "1021",
                                "S": "11",
                                "T": "22.0",
                                "V": "50000",
                                "W": "8",
                                "Pt": "F",
                                "Dp": "13.6",
                                "$": "1080"
                            },
                            {
                                "D": "SSW",
                                "G": "16",
                                "H": "64.4",
                                "P": "1021",
                                "S": "10",
                                "T": "20.9",
                                "V": "55000",
                                "W": "7",
                                "Pt": "F",
                                "Dp": "14.0",
                                "$": "1140"
                            },
                            {
                                "D": "S",
                                "G": "15",
                                "H": "69.4",
                                "P": "1021",
                                "S": "9",
                                "T": "19.9",
                                "V": "45000",
                                "W": "7",
                                "Pt": "F",
                                "Dp": "14.2",
                                "$": "1200"
                            },
                            {
                                "D": "SSW",
                                "G": "16",
                                "H": "73.0",
                                "P": "1021",
                                "S": "10",
                                "T": "18.8",
                                "V": "45000",
                                "W": "0",
                                "Pt": "R",
                                "Dp": "13.9",
                                "$": "1260"
                            },
                            {
                                "D": "SSW",
                                "G": "17",
                                "S": "10",
                                "$": "1320"
                            },
                            {
                                "D": "SSW",
                                "G": "17",
                                "H": "84.5",
                                "P": "1021",
                                "S": "11",
                                "T": "16.8",
                                "V": "30000",
                                "W": "2",
                                "Pt": "F",
                                "Dp": "14.2",
                                "$": "1380"
                            }
                        ]
                    },
                    {
                        "type": "Day",
                        "value": "2023-08-22Z",
                        "Rep": [
                            {
                                "D": "SSW",
                                "G": "14",
                                "H": "89.0",
                                "P": "1021",
                                "S": "7",
                                "T": "16.2",
                                "V": "30000",
                                "W": "2",
                                "Pt": "F",
                                "Dp": "14.4",
                                "$": "0"
                            },
                            {
                                "D": "SSW",
                                "G": "11",
                                "H": "90.7",
                                "P": "1020",
                                "S": "6",
                                "T": "15.8",
                                "V": "29000",
                                "W": "2",
                                "Pt": "F",
                                "Dp": "14.3",
                                "$": "60"
                            },
                            {
                                "D": "SSW",
                                "G": "10",
                                "H": "90.7",
                                "P": "1020",
                                "S": "6",
                                "T": "15.6",
                                "V": "21000",
                                "W": "0",
                                "Pt": "F",
                                "Dp": "14.1",
                                "$": "120"
                            },
                            {
                                "D": "SW",
                                "G": "8",
                                "H": "93.1",
                                "P": "1020",
                                "S": "6",
                                "T": "15.2",
                                "V": "26000",
                                "W": "2",
                                "Pt": "F",
                                "Dp": "14.1",
                                "$": "180"
                            },
                            {
                                "D": "SW",
                                "G": "7",
                                "H": "93.1",
                                "P": "1020",
                                "S": "6",
                                "T": "15.3",
                                "V": "28000",
                                "W": "8",
                                "Pt": "F",
                                "Dp": "14.2",
                                "$": "240"
                            },
                            {
                                "D": "SW",
                                "G": "9",
                                "H": "93.1",
                                "P": "1020",
                                "S": "7",
                                "T": "15.5",
                                "V": "30000",
                                "W": "8",
                                "Pt": "F",
                                "Dp": "14.4",
                                "$": "300"
                            },
                            {
                                "D": "WSW",
                                "G": "11",
                                "H": "92.5",
                                "P": "1020",
                                "S": "7",
                                "T": "15.9",
                                "V": "30000",
                                "W": "7",
                                "Pt": "R",
                                "Dp": "14.7",
                                "$": "360"
                            },
                            {
                                "D": "WSW",
                                "G": "11",
                                "H": "89.6",
                                "P": "1020",
                                "S": "7",
                                "T": "16.8",
                                "V": "35000",
                                "W": "8",
                                "Pt": "R",
                                "Dp": "15.1",
                                "$": "420"
                            },
                            {
                                "D": "W",
                                "G": "11",
                                "H": "85.2",
                                "P": "1021",
                                "S": "8",
                                "T": "17.8",
                                "V": "35000",
                                "W": "8",
                                "Pt": "R",
                                "Dp": "15.3",
                                "$": "480"
                            },
                            {
                                "D": "WSW",
                                "G": "17",
                                "H": "71.8",
                                "P": "1021",
                                "S": "10",
                                "T": "20.1",
                                "V": "45000",
                                "W": "8",
                                "Pt": "R",
                                "Dp": "14.9",
                                "$": "540"
                            },
                            {
                                "D": "WSW",
                                "G": "17",
                                "H": "64.0",
                                "P": "1021",
                                "S": "10",
                                "T": "21.1",
                                "V": "55000",
                                "W": "7",
                                "Pt": "R",
                                "Dp": "14.1",
                                "$": "600"
                            },
                            {
                                "D": "WSW",
                                "G": "18",
                                "H": "58.7",
                                "P": "1020",
                                "S": "11",
                                "T": "23.9",
                                "V": "75000",
                                "W": "7",
                                "Pt": "F",
                                "Dp": "15.4",
                                "$": "660"
                            },
                            {
                                "D": "SW",
                                "G": "19",
                                "H": "53.7",
                                "P": "1020",
                                "S": "13",
                                "T": "24.6",
                                "V": "75000",
                                "W": "7",
                                "Pt": "F",
                                "Dp": "14.7",
                                "$": "720"
                            },
                            {
                                "D": "SW",
                                "G": "23",
                                "H": "48.2",
                                "P": "1020",
                                "S": "13",
                                "T": "25.2",
                                "V": "75000",
                                "W": "1",
                                "Pt": "F",
                                "Dp": "13.6",
                                "$": "780"
                            },
                            {
                                "D": "WSW",
                                "G": "21",
                                "H": "42.9",
                                "P": "1020",
                                "S": "11",
                                "T": "25.5",
                                "V": "60000",
                                "W": "1",
                                "Pt": "F",
                                "Dp": "12.1",
                                "$": "840"
                            },
                            {
                                "D": "WSW",
                                "G": "22",
                                "H": "41.2",
                                "P": "1019",
                                "S": "13",
                                "T": "25.6",
                                "V": "65000",
                                "W": "1",
                                "Pt": "F",
                                "Dp": "11.6",
                                "$": "900"
                            },
                            {
                                "D": "W",
                                "G": "21",
                                "H": "44.0",
                                "P": "1019",
                                "S": "11",
                                "T": "25.3",
                                "V": "55000",
                                "W": "1",
                                "Pt": "F",
                                "Dp": "12.3",
                                "$": "960"
                            }
                        ]
                    }
                ]
            }
        }
    }
}