{
    "SiteRep": {
        "Wx": {
            "Param": [
                {
                    "name": "G",
                    "units": "mph",
                    "$": "Wind Gust"
                },
                {
                    "name": "T",
                    "units": "C",
                    "$": "Temperature"
                },
                {
                    "name": "V",
                    "units": "m",
                    "$": "Visibility"
                },
                {
                    "name": "D",
                    "units": "compass",
                    "$": "Wind Direction"
                },
                {
                    "name": "S",
                    "units": "mph",
                    "$": "Wind Speed"
                },
                {
                    "name": "W",
                    "units": "",
                    "$": "Weather Type"
                },
                {
                    "name": "P",
                    "units": "hpa",
                    "$": "Pressure"
                },
                {
                    "name": "Pt",
                    "units": "Pa/s",
                    "$": "Pressure Tendency"
                },
                {
                    "name": "Dp",
                    "units": "C",
                    "$": "Dew Point"
                },
                {
                    "name": "H",
                    "units": "%",
                    "$": "Screen Relative Humidity"
                }
            ]
        },
        "DV": {
            "dataDate": "2024-02-09T16:00:00Z",
            "type": "Obs",
            "Location": {
                "i": "3772",
                "lat": "51.479",
                "lon": "-0.449",
                "name": "HEATHROW",
                "country": "ENGLAND",
                "continent": "EUROPE",
                "elevation": "25.0",
                "Period": [
                    {
                        "type": "Day",
                        "value": "2024-02-08Z",
                        "Rep": [
                            {
                                "D": "S",
                                "G": "16",
                                "H": "93.0",
                                "P": "985",
                                "S": "8",
                                "T": "11.9",
                                "V": "4400",
                                "W": "11",
                                "Pt": "F",
                                "Dp": "10.8",
                                "$": "960"
                            },
                            {
                                "D": "S",
                                "G": "16",
                                "H": "96.1",
                                "P": "985",
                                "S": "9",
                                "T": "11.5",
                                "V": "9000",
                                "W": "12",
                                "Pt": "F",
                                "Dp": "10.9",
                                "$": "1020"
                            },
                            {
                                "D": "S",
                                "G": "16",
                                "H": "96.1",
                                "P": "984",
                                "S": "11",
                                "T": "11.1",
                                "V": "3400",
                                "W": "12",
                                "Pt": "F",
                                "Dp": "10.5",
                                "$": "1080"
                            },
                            {
                                "D": "S",
                                "G": "23",
                                "H": "91.7",
                                "P": "984",
                                "S": "14",
                                "T": "10.8",
                                "V": "9000",
                                "W": "12",
                                "Pt": "F",
                                "Dp": "9.5",
                                "$": "1140"
                            },
                            {
                                "D": "S",
                                "G": "23",
                                "H": "93.0",
                                "P": "983",
                                "S": "13",
                                "T": "10.3",
                                "V": "18000",
                                "W": "12",
                                "Pt": "F",
                                "Dp": "9.2",
                                "$": "1200"
                            },
                            {
                                "D": "SE",
                                "G": "21",
                                "H": "94.9",
                                "P": "981",
                                "S": "11",
                                "T": "10.0",
                                "V": "3200",
                                "W": "12",
                                "Pt": "F",
                                "Dp": "9.2",
                                "$": "1260"
                            },
                            {
                                "D": "SSE",
                                "G": "18",
                                "H": "94.8",
                                "P": "980",
                                "S": "13",
                                "T": "10.3",
                                "V": "19000",
                                "W": "12",
                                "Pt": "F",
                                "Dp": "9.5",
                                "$": "1320"
                            },
                            {
                                "D": "SSE",
                                "G": "23",
                                "H": "96.1",
                                "P": "979",
                                "S": "11",
                                "T": "10.3",
                                "V": "5000",
                                "W": "12",
                                "Pt": "F",
                                "Dp": "9.7",
                                "$": "1380"
                            }
                        ]
                    },
                    {
                        "type": "Day",
                        "value": "2024-02-09Z",
                        "Rep": [
                            {
                                "D": "S",
                                "G": "19",
                                "H": "94.8",
                                "P": "978",
                                "S": "13",
                                "T": "10.6",
                                "V": "13000",
                                "W": "8",
                                "Pt": "F",
                                "Dp": "9.8",
                                "$": "0"
                            },
                            {
                                "D": "S",
                                "G": "22",
                                "H": "94.2",
                                "P": "978",
                                "S": "10",
                                "T": "10.7",
                                "V": "21000",
                                "W": "12",
                                "Pt": "F",
                                "Dp": "9.8",
                                "$": "60"
                            },
                            {
                                "D": "S",
                                "G": "18",
                                "H": "93.5",
                                "P": "977",
                                "S": "10",
                                "T": "10.6",
                                "V": "1600",
                                "W": "12",
                                "Pt": "F",
                                "Dp": "9.6",
                                "$": "120"
                            },
                            {
                                "D": "S",
                                "G": "14",
                                "H": "94.9",
                                "P": "976",
                                "S": "9",
                                "T": "10.7",
                                "V": "2000",
                                "W": "12",
                                "Pt": "F",
                                "Dp": "9.9",
                                "$": "180"
                            },
                            {
                                "D": "S",
                                "G": "15",
                                "H": "94.8",
                                "P": "976",
                                "S": "9",
                                "T": "10.6",
                                "V": "14000",
                                "W": "8",
                                "Pt": "F",
                                "Dp": "9.8",
                                "$": "240"
                            },
                            {
                                "D": "S",
                                "G": "15",
                                "H": "94.3",
                                "P": "976",
                                "S": "10",
                                "T": "10.3",
                                "V": "12000",
                                "W": "12",
                                "Pt": "F",
                                "Dp": "9.4",
                                "$": "300"
                            },
                            {
                                "D": "S",
                                "G": "16",
                                "H": "94.3",
                                "P": "976",
                                "S": "11",
                                "T": "10.3",
                                "V": "18000",
                                "W": "8",
                                "Pt": "F",
                                "Dp": "9.4",
                                "$": "360"
                            },
                            {
                                "D": "S",
                                "G": "23",
                                "H": "96.1",
                                "P": "976",
                                "S": "14",
                                "T": "10.2",
                                "V": "10000",
                                "W": "12",
                                "Pt": "F",
                                "Dp": "9.6",
                                "$": "420"
                            },
                            {
                                "D": "S",
                                "G": "26",
                                "H": "92.4",
                                "P": "976",
                                "S": "15",
                                "T": "11.0",
                                "V": "25000",
                                "W": "8",
                                "Pt": "R",
                                "Dp": "9.8",
                                "$": "480"
                            },
                            {
                                "D": "SSW",
                                "G": "28",
                                "H": "90.6",
                                "P": "977",
                                "S": "19",
                                "T": "11.2",
                                "V": "22000",
                                "W": "12",
                                "Pt": "R",
                                "Dp": "9.7",
                                "$": "540"
                            },
                            {
                                "D": "SSW",
                                "G": "31",
                                "H": "84.9",
                                "P": "977",
                                "S": "17",
                                "T": "11.7",
                                "V": "22000",
                                "W": "8",
                                "Pt": "R",
                                "Dp": "9.2",
                                "$": "600"
                            },
                            {
                                "D": "SSW",
                                "G": "29",
                                "H": "81.5",
                                "P": "977",
                                "S": "17",
                                "T": "12.2",
                                "V": "35000",
                                "W": "8",
                                "Pt": "R",
                                "Dp": "9.1",
                                "$": "660"
                            },
                            {
                                "D": "SSW",
                                "G": "31",
                                "H": "81.6",
                                "P": "978",
                                "S": "18",
                                "T": "12.8",
                                "V": "45000",
                                "W": "8",
                                "Pt": "R",
                                "Dp": "9.7",
                                "$": "720"
                            },
                            {
                                "D": "SSW",
                                "G": "28",
                                "H": "87.7",
                                "P": "978",
                                "S": "17",
                                "T": "12.6",
                                "V": "20000",
                                "W": "12",
                                "Pt": "R",
                                "Dp": "10.6",
                                "$": "780"
                            },
                            {
                                "D": "SSW",
                                "G": "28",
                                "H": "80.5",
                                "P": "978",
                                "S": "16",
                                "T": "12.8",
                                "V": "20000",
                                "W": "8",
                                "Pt": "R",
                                "Dp": "9.5",
                                "$": "840"
                            },
                            {
                                "D": "S",
                                "G": "24",
                                "H": "85.4",
                                "P": "978",
                                "S": "13",
                                "T": "12.0",
                                "V": "18000",
                                "W": "11",
                                "Pt": "S",
                                "Dp": "9.6",
                                "$": "900"
                            },
                            {
                                "D": "S",
                                "G": "25",
                                "H": "88.9",
                                "P": "978",
                                "S": "14",
                                "T": "11.3",
                                "V": "6000",
                                "W": "11",
                                "Pt": "S",
                                "Dp": "9.5",
                                "$": "960"
                            }
                        ]
                    }
                ]
            }
        }
    }
}