{
    "SiteRep": {
        "Wx": {
            "Param": [
                {
                    "name": "G",
                    "units": "mph",
                    "$": "Wind Gust"
                },
                {
                    "name": "T",
                    "units": "C",
                    "$": "Temperature"
                },
                {
                    "name": "V",
                    "units": "m",
                    "$": "Visibility"
                },
                {
                    "name": "D",
                    "units": "compass",
                    "$": "Wind Direction"
                },
                {
                    "name": "S",
                    "units": "mph",
                    "$": "Wind Speed"
                },
                {
                    "name": "W",
                    "units": "",
                    "$": "Weather Type"
                },
                {
                    "name": "P",
                    "units": "hpa",
                    "$": "Pressure"
                },
                {
                    "name": "Pt",
                    "units": "Pa/s",
                    "$": "Pressure Tendency"
                },
                {
                    "name": "Dp",
                    "units": "C",
                    "$": "Dew Point"
                },
                {
                    "name": "H",
                    "units": "%",
                    "$": "Screen Relative Humidity"
                }
            ]
        },
        "DV": {
            "dataDate": "2024-10-17T16:00:00Z",
            "type": "Obs",
            "Location": {
                "i": "3772",
                "lat": "51.479",
                "lon": "-0.449",
                "name": "HEATHROW",
                "country": "ENGLAND",
                "continent": "EUROPE",
                "elevation": "25.0",
                "Period": [
                    {
                        "type": "Day",
                        "value": "2024-10-16Z",
                        "Rep": [
                            {
                                "D": "SSE",
                                "G": "22",
                                "H": "74.5",
                                "P": "1000",
                                "S": "11",
                                "T": "20.7",
                                "V": "35000",
                                "W": "8",
                                "Pt": "F",
                                "Dp": "16.0",
                                "$": "960"
                            },
                            {
                                "D": "ESE",
                                "G": "21",
                                "H": "80.3",
                                "P": "1000",
                                "S": "10",
                                "T": "19.8",
                                "V": "30000",
                                "W": "8",
                                "Pt": "F",
                                "Dp": "16.3",
                                "$": "1020"
                            },
                            {
                                "D": "S",
                                "G": "25",
                                "H": "88.7",
                                "P": "1000",
                                "S": "15",
                                "T": "18.2",
                                "V": "11000",
                                "W": "12",
                                "Pt": "F",
                                "Dp": "16.3",
                                "$": "1140"
                            },
                            {
                                "D": "S",
                                "G": "24",
                                "H": "94.5",
                                "P": "1000",
                                "S": "11",
                                "T": "17.5",
                                "V": "22000",
                                "W": "12",
                                "Pt": "R",
                                "Dp": "16.6",
                                "$": "1200"
                            },
                            {
                                "D": "SSW",
                                "G": "18",
                                "H": "92.7",
                                "P": "1001",
                                "S": "11",
                                "T": "17.4",
                                "V": "45000",
                                "W": "8",
                                "Pt": "R",
                                "Dp": "16.2",
                                "$": "1260"
                            },
                            {
                                "D": "S",
                                "G": "16",
                                "H": "92.6",
                                "P": "1002",
                                "S": "7",
                                "T": "16.7",
                                "V": "24000",
                                "W": "12",
                                "Pt": "R",
                                "Dp": "15.5",
                                "$": "1320"
                            },
                            {
                                "D": "S",
                                "G": "11",
                                "H": "95.0",
                                "P": "1002",
                                "S": "7",
                                "T": "16.3",
                                "V": "10000",
                                "W": "12",
                                "Pt": "R",
                                "Dp": "15.5",
                                "$": "1380"
                            }
                        ]
                    },
                    {
                        "type": "Day",
                        "value": "2024-10-17Z",
                        "Rep": [
                            {
                                "D": "S",
                                "G": "11",
                                "H": "96.2",
                                "P": "1003",
                                "S": "6",
                                "T": "15.8",
                                "V": "40000",
                                "W": "12",
                                "Pt": "R",
                                "Dp": "15.2",
                                "$": "0"
                            },
                            {
                                "D": "S",
                                "G": "9",
                                "H": "96.2",
                                "P": "1003",
                                "S": "6",
                                "T": "15.7",
                                "V": "30000",
                                "W": "8",
                                "Pt": "R",
                                "Dp": "15.1",
                                "$": "60"
                            },
                            {
                                "D": "S",
                                "G": "10",
                                "H": "96.2",
                                "P": "1003",
                                "S": "6",
                                "T": "15.7",
                                "V": "30000",
                                "W": "8",
                                "Pt": "R",
                                "Dp": "15.1",
                                "$": "120"
                            },
                            {
                                "D": "SSW",
                                "G": "9",
                                "H": "96.8",
                                "P": "1003",
                                "S": "7",
                                "T": "15.6",
                                "V": "16000",
                                "W": "12",
                                "Pt": "R",
                                "Dp": "15.1",
                                "$": "180"
                            },
                            {
                                "D": "SSW",
                                "G": "11",
                                "H": "96.8",
                                "P": "1004",
                                "S": "8",
                                "T": "15.9",
                                "V": "16000",
                                "W": "8",
                                "Pt": "R",
                                "Dp": "15.4",
                                "$": "240"
                            },
                            {
                                "D": "SW",
                                "G": "14",
                                "H": "94.4",
                                "P": "1005",
                                "S": "9",
                                "T": "15.9",
                                "V": "30000",
                                "W": "8",
                                "Pt": "R",
                                "Dp": "15.0",
                                "$": "300"
                            },
                            {
                                "D": "W",
                                "G": "19",
                                "H": "86.7",
                                "P": "1006",
                                "S": "8",
                                "T": "15.3",
                                "V": "40000",
                                "W": "8",
                                "Pt": "R",
                                "Dp": "13.1",
                                "$": "360"
                            },
                            {
                                "D": "WSW",
                                "G": "16",
                                "H": "90.6",
                                "P": "1007",
                                "S": "9",
                                "T": "13.9",
                                "V": "30000",
                                "W": "1",
                                "Pt": "R",
                                "Dp": "12.4",
                                "$": "420"
                            },
                            {
                                "D": "WSW",
                                "G": "14",
                                "H": "90.0",
                                "P": "1008",
                                "S": "9",
                                "T": "14.0",
                                "V": "30000",
                                "W": "8",
                                "Pt": "R",
                                "Dp": "12.4",
                                "$": "480"
                            },
                            {
                                "D": "SSW",
                                "G": "14",
                                "H": "85.5",
                                "P": "1009",
                                "S": "9",
                                "T": "15.6",
                                "V": "30000",
                                "W": "7",
                                "Pt": "R",
                                "Dp": "13.2",
                                "$": "540"
                            },
                            {
                                "D": "WSW",
                                "G": "16",
                                "H": "78.5",
                                "P": "1009",
                                "S": "9",
                                "T": "15.3",
                                "V": "30000",
                                "W": "3",
                                "Pt": "R",
                                "Dp": "11.6",
                                "$": "600"
                            },
                            {
                                "D": "SW",
                                "G": "15",
                                "H": "74.1",
                                "P": "1010",
                                "S": "10",
                                "T": "16.1",
                                "V": "30000",
                                "W": "3",
                                "Pt": "R",
                                "Dp": "11.5",
                                "$": "660"
                            },
                            {
                                "D": "SW",
                                "G": "17",
                                "H": "70.8",
                                "P": "1010",
                                "S": "10",
                                "T": "17.0",
                                "V": "30000",
                                "W": "7",
                                "Pt": "R",
                                "Dp": "11.7",
                                "$": "720"
                            },
                            {
                                "D": "SW",
                                "G": "18",
                                "H": "67.8",
                                "P": "1010",
                                "S": "13",
                                "T": "17.5",
                                "V": "30000",
                                "W": "3",
                                "Pt": "R",
                                "Dp": "11.5",
                                "$": "780"
                            },
                            {
                                "D": "SW",
                                "G": "18",
                                "H": "62.7",
                                "P": "1011",
                                "S": "10",
                                "T": "18.6",
                                "V": "30000",
                                "W": "3",
                                "Pt": "R",
                                "Dp": "11.4",
                                "$": "840"
                            },
                            {
                                "D": "SW",
                                "G": "16",
                                "H": "60.2",
                                "P": "1011",
                                "S": "9",
                                "T": "18.2",
                                "V": "35000",
                                "W": "1",
                                "Pt": "R",
                                "Dp": "10.4",
                                "$": "900"
                            },
                            {
                                "D": "SW",
                                "G": "16",
                                "H": "60.5",
                                "P": "1011",
                                "S": "8",
                                "T": "17.6",
                                "V": "30000",
                                "W": "1",
                                "Pt": "R",
                                "Dp": "9.9",
                                "$": "960"
                            }
                        ]
                    }
                ]
            }
        }
    }
}