{
    "SiteRep": {
        "Wx": {
            "Param": [
                {
                    "name": "G",
                    "units": "mph",
                    "$": "Wind Gust"
                },
                {
                    "name": "T",
                    "units": "C",
                    "$": "Temperature"
                },
                {
                    "name": "V",
                    "units": "m",
                    "$": "Visibility"
                },
                {
                    "name": "D",
                    "units": "compass",
                    "$": "Wind Direction"
                },
                {
                    "name": "S",
                    "units": "mph",
                    "$": "Wind Speed"
                },
                {
                    "name": "W",
                    "units": "",
                    "$": "Weather Type"
                },
                {
                    "name": "P",
                    "units": "hpa",
                    "$": "Pressure"
                },
                {
                    "name": "Pt",
                    "units": "Pa/s",
                    "$": "Pressure Tendency"
                },
                {
                    "name": "Dp",
                    "units": "C",
                    "$": "Dew Point"
                },
                {
                    "name": "H",
                    "units": "%",
                    "$": "Screen Relative Humidity"
                }
            ]
        },
        "DV": {
            "dataDate": "2024-08-24T16:00:00Z",
            "type": "Obs",
            "Location": {
                "i": "3772",
                "lat": "51.479",
                "lon": "-0.449",
                "name": "HEATHROW",
                "country": "ENGLAND",
                "continent": "EUROPE",
                "elevation": "25.0",
                "Period": [
                    {
                        "type": "Day",
                        "value": "2024-08-23Z",
                        "Rep": [
                            {
                                "D": "WSW",
                                "G": "23",
                                "H": "41.7",
                                "P": "1007",
                                "S": "15",
                                "T": "21.5",
                                "V": "50000",
                                "W": "7",
                                "Pt": "R",
                                "Dp": "8.0",
                                "$": "960"
                            },
                            {
                                "D": "WSW",
                                "G": "23",
                                "H": "43.3",
                                "P": "1007",
                                "S": "13",
                                "T": "21.1",
                                "V": "55000",
                                "W": "1",
                                "Pt": "R",
                                "Dp": "8.2",
                                "$": "1020"
                            },
                            {
                                "D": "SW",
                                "G": "21",
                                "H": "48.8",
                                "P": "1007",
                                "S": "10",
                                "T": "20.4",
                                "V": "50000",
                                "W": "8",
                                "Pt": "R",
                                "Dp": "9.3",
                                "$": "1080"
                            },
                            {
                                "D": "SSW",
                                "G": "24",
                                "H": "59.2",
                                "P": "1007",
                                "S": "14",
                                "T": "19.0",
                                "V": "40000",
                                "W": "8",
                                "Pt": "F",
                                "Dp": "10.9",
                                "$": "1140"
                            },
                            {
                                "D": "SSW",
                                "G": "21",
                                "H": "65.6",
                                "P": "1007",
                                "S": "11",
                                "T": "17.8",
                                "V": "35000",
                                "W": "8",
                                "Pt": "R",
                                "Dp": "11.3",
                                "$": "1200"
                            },
                            {
                                "D": "SW",
                                "G": "19",
                                "H": "65.5",
                                "P": "1007",
                                "S": "14",
                                "T": "17.3",
                                "V": "35000",
                                "W": "8",
                                "Pt": "R",
                                "Dp": "10.8",
                                "$": "1260"
                            },
                            {
                                "D": "S",
                                "G": "19",
                                "H": "69.4",
                                "P": "1007",
                                "S": "13",
                                "T": "16.6",
                                "V": "30000",
                                "W": "8",
                                "Pt": "R",
                                "Dp": "11.0",
                                "$": "1320"
                            },
                            {
                                "D": "S",
                                "G": "19",
                                "H": "73.6",
                                "P": "1006",
                                "S": "11",
                                "T": "16.2",
                                "V": "28000",
                                "W": "8",
                                "Pt": "F",
                                "Dp": "11.5",
                                "$": "1380"
                            }
                        ]
                    },
                    {
                        "type": "Day",
                        "value": "2024-08-24Z",
                        "Rep": [
                            {
                                "D": "SSW",
                                "G": "16",
                                "H": "75.5",
                                "P": "1006",
                                "S": "9",
                                "T": "16.0",
                                "V": "27000",
                                "W": "8",
                                "Pt": "F",
                                "Dp": "11.7",
                                "$": "0"
                            },
                            {
                                "D": "SSW",
                                "G": "14",
                                "H": "76.5",
                                "P": "1006",
                                "S": "8",
                                "T": "15.8",
                                "V": "26000",
                                "W": "12",
                                "Pt": "F",
                                "Dp": "11.7",
                                "$": "60"
                            },
                            {
                                "D": "SW",
                                "G": "15",
                                "H": "81.7",
                                "P": "1006",
                                "S": "8",
                                "T": "15.5",
                                "V": "19000",
                                "W": "12",
                                "Pt": "F",
                                "Dp": "12.4",
                                "$": "120"
                            },
                            {
                                "D": "S",
                                "G": "13",
                                "H": "86.6",
                                "P": "1005",
                                "S": "7",
                                "T": "14.9",
                                "V": "14000",
                                "W": "12",
                                "Pt": "F",
                                "Dp": "12.7",
                                "$": "180"
                            },
                            {
                                "D": "SSE",
                                "G": "13",
                                "H": "93.1",
                                "P": "1004",
                                "S": "8",
                                "T": "14.2",
                                "V": "26000",
                                "W": "12",
                                "Pt": "F",
                                "Dp": "13.1",
                                "$": "240"
                            },
                            {
                                "D": "SSE",
                                "G": "14",
                                "H": "93.7",
                                "P": "1003",
                                "S": "8",
                                "T": "14.1",
                                "V": "22000",
                                "W": "12",
                                "Pt": "F",
                                "Dp": "13.1",
                                "$": "300"
                            },
                            {
                                "D": "SSW",
                                "G": "14",
                                "H": "91.3",
                                "P": "1004",
                                "S": "8",
                                "T": "14.1",
                                "V": "10000",
                                "W": "12",
                                "Pt": "F",
                                "Dp": "12.7",
                                "$": "360"
                            },
                            {
                                "D": "SE",
                                "G": "11",
                                "H": "93.6",
                                "P": "1004",
                                "S": "5",
                                "T": "13.9",
                                "V": "6000",
                                "W": "12",
                                "Pt": "F",
                                "Dp": "12.9",
                                "$": "420"
                            },
                            {
                                "D": "SE",
                                "G": "11",
                                "H": "96.2",
                                "P": "1003",
                                "S": "7",
                                "T": "14.3",
                                "V": "2900",
                                "W": "12",
                                "Pt": "F",
                                "Dp": "13.7",
                                "$": "480"
                            },
                            {
                                "D": "SE",
                                "G": "13",
                                "H": "96.2",
                                "P": "1003",
                                "S": "7",
                                "T": "15.3",
                                "V": "8000",
                                "W": "12",
                                "Pt": "F",
                                "Dp": "14.7",
                                "$": "540"
                            },
                            {
                                "D": "SSE",
                                "G": "14",
                                "H": "95.5",
                                "P": "1003",
                                "S": "8",
                                "T": "15.8",
                                "V": "11000",
                                "W": "12",
                                "Pt": "F",
                                "Dp": "15.1",
                                "$": "600"
                            },
                            {
                                "D": "ESE",
                                "G": "17",
                                "H": "94.4",
                                "P": "1001",
                                "S": "10",
                                "T": "16.2",
                                "V": "10000",
                                "W": "12",
                                "Pt": "F",
                                "Dp": "15.3",
                                "$": "660"
                            },
                            {
                                "D": "SSE",
                                "G": "14",
                                "H": "92.6",
                                "P": "1001",
                                "S": "6",
                                "T": "16.3",
                                "V": "50000",
                                "W": "12",
                                "Pt": "F",
                                "Dp": "15.1",
                                "$": "720"
                            },
                            {
                                "D": "SSW",
                                "G": "11",
                                "H": "90.9",
                                "P": "1002",
                                "S": "8",
                                "T": "16.7",
                                "V": "22000",
                                "W": "12",
                                "Pt": "F",
                                "Dp": "15.2",
                                "$": "780"
                            },
                            {
                                "D": "WNW",
                                "G": "19",
                                "H": "93.2",
                                "P": "1003",
                                "S": "9",
                                "T": "15.4",
                                "V": "7000",
                                "W": "12",
                                "Pt": "R",
                                "Dp": "14.3",
                                "$": "840"
                            },
                            {
                                "D": "W",
                                "G": "13",
                                "H": "89.1",
                                "P": "1004",
                                "S": "8",
                                "T": "15.7",
                                "V": "50000",
                                "W": "8",
                                "Pt": "R",
                                "Dp": "13.9",
                                "$": "900"
                            },
                            {
                                "D": "W",
                                "G": "17",
                                "H": "78.9",
                                "P": "1004",
                                "S": "9",
                                "T": "18.1",
                                "V": "75000",
                                "W": "7",
                                "Pt": "R",
                                "Dp": "14.4",
                                "$": "960"
                            }
                        ]
                    }
                ]
            }
        }
    }
}