{
    "SiteRep": {
        "Wx": {
            "Param": [
                {
                    "name": "G",
                    "units": "mph",
                    "$": "Wind Gust"
                },
                {
                    "name": "T",
                    "units": "C",
                    "$": "Temperature"
                },
                {
                    "name": "V",
                    "units": "m",
                    "$": "Visibility"
                },
                {
                    "name": "D",
                    "units": "compass",
                    "$": "Wind Direction"
                },
                {
                    "name": "S",
                    "units": "mph",
                    "$": "Wind Speed"
                },
                {
                    "name": "W",
                    "units": "",
                    "$": "Weather Type"
                },
                {
                    "name": "P",
                    "units": "hpa",
                    "$": "Pressure"
                },
                {
                    "name": "Pt",
                    "units": "Pa/s",
                    "$": "Pressure Tendency"
                },
                {
                    "name": "Dp",
                    "units": "C",
                    "$": "Dew Point"
                },
                {
                    "name": "H",
                    "units": "%",
                    "$": "Screen Relative Humidity"
                }
            ]
        },
        "DV": {
            "dataDate": "2025-05-21T16:00:00Z",
            "type": "Obs",
            "Location": {
                "i": "3772",
                "lat": "51.479",
                "lon": "-0.449",
                "name": "HEATHROW",
                "country": "ENGLAND",
                "continent": "EUROPE",
                "elevation": "25.0",
                "Period": [
                    {
                        "type": "Day",
                        "value": "2025-05-20Z",
                        "Rep": [
                            {
                                "D": "NW",
                                "G": "14",
                                "H": "34.2",
                                "P": "1019",
                                "S": "6",
                                "T": "21.9",
                                "V": "50000",
                                "W": "8",
                                "Pt": "F",
                                "Dp": "5.6",
                                "$": "960"
                            },
                            {
                                "D": "WNW",
                                "G": "11",
                                "H": "33.1",
                                "P": "1019",
                                "S": "5",
                                "T": "21.0",
                                "V": "55000",
                                "W": "1",
                                "Pt": "F",
                                "Dp": "4.4",
                                "$": "1020"
                            },
                            {
                                "D": "NNW",
                                "G": "10",
                                "H": "32.2",
                                "P": "1019",
                                "S": "6",
                                "T": "21.1",
                                "V": "50000",
                                "W": "1",
                                "Pt": "F",
                                "Dp": "4.1",
                                "$": "1080"
                            },
                            {
                                "D": "NW",
                                "G": "11",
                                "H": "31.9",
                                "P": "1018",
                                "S": "5",
                                "T": "19.9",
                                "V": "60000",
                                "W": "3",
                                "Pt": "F",
                                "Dp": "2.9",
                                "$": "1140"
                            },
                            {
                                "D": "NW",
                                "G": "8",
                                "H": "35.0",
                                "P": "1018",
                                "S": "5",
                                "T": "19.0",
                                "V": "45000",
                                "W": "8",
                                "Pt": "F",
                                "Dp": "3.4",
                                "$": "1200"
                            },
                            {
                                "D": "N",
                                "G": "8",
                                "H": "40.4",
                                "P": "1018",
                                "S": "3",
                                "T": "18.1",
                                "V": "50000",
                                "W": "8",
                                "Pt": "F",
                                "Dp": "4.6",
                                "$": "1260"
                            },
                            {
                                "D": "E",
                                "G": "9",
                                "H": "54.0",
                                "P": "1018",
                                "S": "6",
                                "T": "16.3",
                                "V": "45000",
                                "W": "8",
                                "Pt": "F",
                                "Dp": "7.1",
                                "$": "1320"
                            },
                            {
                                "D": "SE",
                                "G": "11",
                                "H": "57.2",
                                "P": "1018",
                                "S": "8",
                                "T": "14.6",
                                "V": "55000",
                                "W": "8",
                                "Pt": "F",
                                "Dp": "6.3",
                                "$": "1380"
                            }
                        ]
                    },
                    {
                        "type": "Day",
                        "value": "2025-05-21Z",
                        "Rep": [
                            {
                                "D": "SSE",
                                "G": "11",
                                "H": "50.6",
                                "P": "1018",
                                "S": "7",
                                "T": "14.3",
                                "V": "75000",
                                "W": "8",
                                "Pt": "F",
                                "Dp": "4.3",
                                "$": "0"
                            },
                            {
                                "D": "SW",
                                "G": "10",
                                "H": "52.3",
                                "P": "1018",
                                "S": "3",
                                "T": "14.1",
                                "V": "65000",
                                "W": "8",
                                "Pt": "F",
                                "Dp": "4.6",
                                "$": "60"
                            },
                            {
                                "D": "N",
                                "G": "6",
                                "H": "59.0",
                                "P": "1017",
                                "S": "2",
                                "T": "14.0",
                                "V": "50000",
                                "W": "8",
                                "Pt": "F",
                                "Dp": "6.2",
                                "$": "120"
                            },
                            {
                                "D": "W",
                                "G": "5",
                                "H": "60.7",
                                "P": "1017",
                                "S": "2",
                                "T": "13.9",
                                "V": "45000",
                                "W": "8",
                                "Pt": "F",
                                "Dp": "6.5",
                                "$": "180"
                            },
                            {
                                "D": "NNW",
                                "G": "8",
                                "H": "64.9",
                                "P": "1017",
                                "S": "3",
                                "T": "13.5",
                                "V": "40000",
                                "W": "8",
                                "Pt": "F",
                                "Dp": "7.1",
                                "$": "240"
                            },
                            {
                                "D": "NNW",
                                "G": "8",
                                "H": "82.9",
                                "P": "1017",
                                "S": "6",
                                "T": "12.5",
                                "V": "8000",
                                "W": "12",
                                "Pt": "F",
                                "Dp": "9.7",
                                "$": "300"
                            },
                            {
                                "D": "NE",
                                "G": "10",
                                "H": "87.5",
                                "P": "1017",
                                "S": "3",
                                "T": "12.0",
                                "V": "8000",
                                "W": "12",
                                "Pt": "R",
                                "Dp": "10.0",
                                "$": "360"
                            },
                            {
                                "D": "NE",
                                "G": "9",
                                "H": "89.9",
                                "P": "1017",
                                "S": "2",
                                "T": "12.3",
                                "V": "23000",
                                "W": "12",
                                "Pt": "R",
                                "Dp": "10.7",
                                "$": "420"
                            },
                            {
                                "D": "WNW",
                                "G": "8",
                                "H": "87.6",
                                "P": "1017",
                                "S": "3",
                                "T": "13.0",
                                "V": "14000",
                                "W": "12",
                                "Pt": "R",
                                "Dp": "11.0",
                                "$": "480"
                            },
                            {
                                "D": "W",
                                "G": "8",
                                "H": "84.7",
                                "P": "1017",
                                "S": "6",
                                "T": "13.5",
                                "V": "28000",
                                "W": "8",
                                "Pt": "F",
                                "Dp": "11.0",
                                "$": "540"
                            },
                            {
                                "D": "W",
                                "G": "8",
                                "H": "74.2",
                                "P": "1017",
                                "S": "6",
                                "T": "14.5",
                                "V": "35000",
                                "W": "8",
                                "Pt": "F",
                                "Dp": "10.0",
                                "$": "600"
                            },
                            {
                                "D": "W",
                                "G": "9",
                                "H": "77.5",
                                "P": "1016",
                                "S": "6",
                                "T": "16.1",
                                "V": "26000",
                                "W": "8",
                                "Pt": "F",
                                "Dp": "12.2",
                                "$": "660"
                            },
                            {
                                "D": "N",
                                "G": "10",
                                "H": "59.3",
                                "P": "1016",
                                "S": "3",
                                "T": "18.1",
                                "V": "30000",
                                "W": "7",
                                "Pt": "F",
                                "Dp": "10.1",
                                "$": "720"
                            },
                            {
                                "D": "N",
                                "G": "10",
                                "H": "61.2",
                                "P": "1016",
                                "S": "3",
                                "T": "17.6",
                                "V": "30000",
                                "W": "12",
                                "Pt": "F",
                                "Dp": "10.1",
                                "$": "780"
                            },
                            {
                                "D": "SSW",
                                "G": "13",
                                "H": "60.7",
                                "P": "1016",
                                "S": "10",
                                "T": "17.4",
                                "V": "35000",
                                "W": "8",
                                "Pt": "F",
                                "Dp": "9.8",
                                "$": "840"
                            },
                            {
                                "D": "WSW",
                                "G": "15",
                                "H": "54.5",
                                "P": "1015",
                                "S": "7",
                                "T": "19.1",
                                "V": "40000",
                                "W": "8",
                                "Pt": "F",
                                "Dp": "9.8",
                                "$": "900"
                            },
                            {
                                "D": "N",
                                "G": "13",
                                "H": "55.2",
                                "P": "1015",
                                "S": "6",
                                "T": "19.1",
                                "V": "40000",
                                "W": "8",
                                "Pt": "F",
                                "Dp": "10.0",
                                "$": "960"
                            }
                        ]
                    }
                ]
            }
        }
    }
}