{
    "SiteRep": {
        "Wx": {
            "Param": [
                {
                    "name": "G",
                    "units": "mph",
                    "$": "Wind Gust"
                },
                {
                    "name": "T",
                    "units": "C",
                    "$": "Temperature"
                },
                {
                    "name": "V",
                    "units": "m",
                    "$": "Visibility"
                },
                {
                    "name": "D",
                    "units": "compass",
                    "$": "Wind Direction"
                },
                {
                    "name": "S",
                    "units": "mph",
                    "$": "Wind Speed"
                },
                {
                    "name": "W",
                    "units": "",
                    "$": "Weather Type"
                },
                {
                    "name": "P",
                    "units": "hpa",
                    "$": "Pressure"
                },
                {
                    "name": "Pt",
                    "units": "Pa/s",
                    "$": "Pressure Tendency"
                },
                {
                    "name": "Dp",
                    "units": "C",
                    "$": "Dew Point"
                },
                {
                    "name": "H",
                    "units": "%",
                    "$": "Screen Relative Humidity"
                }
            ]
        },
        "DV": {
            "dataDate": "2025-08-12T15:00:00Z",
            "type": "Obs",
            "Location": {
                "i": "3772",
                "lat": "51.479",
                "lon": "-0.449",
                "name": "HEATHROW",
                "country": "ENGLAND",
                "continent": "EUROPE",
                "elevation": "25.0",
                "Period": [
                    {
                        "type": "Day",
                        "value": "2025-08-11Z",
                        "Rep": [
                            {
                                "D": "E",
                                "G": "17",
                                "H": "26.2",
                                "P": "1018",
                                "S": "9",
                                "T": "30.8",
                                "V": "29000",
                                "W": "1",
                                "Pt": "F",
                                "Dp": "9.4",
                                "$": "960"
                            },
                            {
                                "D": "E",
                                "G": "16",
                                "H": "37.7",
                                "P": "1019",
                                "S": "7",
                                "T": "28.7",
                                "V": "25000",
                                "W": "1",
                                "Pt": "F",
                                "Dp": "13.0",
                                "$": "1020"
                            },
                            {
                                "D": "ESE",
                                "G": "16",
                                "H": "42.1",
                                "P": "1019",
                                "S": "11",
                                "T": "27.4",
                                "V": "21000",
                                "W": "8",
                                "Pt": "F",
                                "Dp": "13.5",
                                "$": "1080"
                            },
                            {
                                "D": "E",
                                "G": "18",
                                "H": "51.5",
                                "P": "1018",
                                "S": "11",
                                "T": "24.9",
                                "V": "10000",
                                "W": "12",
                                "Pt": "F",
                                "Dp": "14.3",
                                "$": "1140"
                            },
                            {
                                "D": "E",
                                "G": "19",
                                "H": "50.8",
                                "P": "1018",
                                "S": "10",
                                "T": "23.8",
                                "V": "28000",
                                "W": "8",
                                "Pt": "F",
                                "Dp": "13.1",
                                "$": "1200"
                            },
                            {
                                "D": "E",
                                "G": "19",
                                "H": "54.6",
                                "P": "1018",
                                "S": "10",
                                "T": "22.4",
                                "V": "28000",
                                "W": "8",
                                "Pt": "F",
                                "Dp": "12.9",
                                "$": "1260"
                            },
                            {
                                "D": "NE",
                                "G": "14",
                                "H": "65.0",
                                "P": "1019",
                                "S": "5",
                                "T": "21.3",
                                "V": "24000",
                                "W": "12",
                                "Pt": "R",
                                "Dp": "14.5",
                                "$": "1320"
                            },
                            {
                                "D": "E",
                                "G": "13",
                                "H": "62.9",
                                "P": "1017",
                                "S": "7",
                                "T": "21.3",
                                "V": "26000",
                                "W": "8",
                                "Pt": "F",
                                "Dp": "14.0",
                                "$": "1380"
                            }
                        ]
                    },
                    {
                        "type": "Day",
                        "value": "2025-08-12Z",
                        "Rep": [
                            {
                                "D": "E",
                                "G": "22",
                                "H": "68.7",
                                "P": "1016",
                                "S": "13",
                                "T": "20.4",
                                "V": "22000",
                                "W": "12",
                                "Pt": "F",
                                "Dp": "14.5",
                                "$": "0"
                            },
                            {
                                "D": "E",
                                "G": "21",
                                "H": "68.3",
                                "P": "1016",
                                "S": "7",
                                "T": "20.4",
                                "V": "22000",
                                "W": "12",
                                "Pt": "F",
                                "Dp": "14.4",
                                "$": "60"
                            },
                            {
                                "D": "N",
                                "G": "9",
                                "H": "76.6",
                                "P": "1017",
                                "S": "3",
                                "T": "19.7",
                                "V": "15000",
                                "W": "12",
                                "Pt": "F",
                                "Dp": "15.5",
                                "$": "120"
                            },
                            {
                                "D": "NNW",
                                "G": "11",
                                "H": "82.7",
                                "P": "1017",
                                "S": "6",
                                "T": "19.0",
                                "V": "15000",
                                "W": "8",
                                "Pt": "R",
                                "Dp": "16.0",
                                "$": "180"
                            },
                            {
                                "D": "NNE",
                                "G": "11",
                                "H": "82.1",
                                "P": "1016",
                                "S": "6",
                                "T": "18.5",
                                "V": "16000",
                                "W": "8",
                                "Pt": "F",
                                "Dp": "15.4",
                                "$": "240"
                            },
                            {
                                "D": "NE",
                                "G": "10",
                                "H": "83.7",
                                "P": "1015",
                                "S": "5",
                                "T": "18.4",
                                "V": "14000",
                                "W": "8",
                                "Pt": "F",
                                "Dp": "15.6",
                                "$": "300"
                            },
                            {
                                "D": "ENE",
                                "G": "9",
                                "H": "81.6",
                                "P": "1015",
                                "S": "5",
                                "T": "18.9",
                                "V": "14000",
                                "W": "1",
                                "Pt": "F",
                                "Dp": "15.7",
                                "$": "360"
                            },
                            {
                                "D": "NE",
                                "G": "10",
                                "H": "74.9",
                                "P": "1015",
                                "S": "5",
                                "T": "21.1",
                                "V": "13000",
                                "W": "1",
                                "Pt": "F",
                                "Dp": "16.5",
                                "$": "420"
                            },
                            {
                                "D": "ENE",
                                "G": "13",
                                "H": "67.1",
                                "P": "1014",
                                "S": "7",
                                "T": "23.4",
                                "V": "15000",
                                "W": "3",
                                "Pt": "F",
                                "Dp": "17.0",
                                "$": "480"
                            },
                            {
                                "D": "NNE",
                                "G": "11",
                                "H": "60.1",
                                "P": "1014",
                                "S": "7",
                                "T": "24.5",
                                "V": "17000",
                                "W": "1",
                                "Pt": "F",
                                "Dp": "16.3",
                                "$": "540"
                            },
                            {
                                "D": "NNE",
                                "G": "11",
                                "H": "53.4",
                                "P": "1014",
                                "S": "6",
                                "T": "26.6",
                                "V": "20000",
                                "W": "1",
                                "Pt": "F",
                                "Dp": "16.4",
                                "$": "600"
                            },
                            {
                                "D": "ENE",
                                "G": "16",
                                "H": "41.1",
                                "P": "1013",
                                "S": "9",
                                "T": "29.5",
                                "V": "24000",
                                "W": "1",
                                "Pt": "F",
                                "Dp": "15.0",
                                "$": "660"
                            },
                            {
                                "D": "ENE",
                                "G": "18",
                                "H": "33.0",
                                "P": "1013",
                                "S": "8",
                                "T": "31.4",
                                "V": "30000",
                                "W": "1",
                                "Pt": "F",
                                "Dp": "13.3",
                                "$": "720"
                            },
                            {
                                "D": "E",
                                "G": "21",
                                "H": "26.0",
                                "P": "1013",
                                "S": "10",
                                "T": "31.8",
                                "V": "35000",
                                "W": "1",
                                "Pt": "F",
                                "Dp": "10.1",
                                "$": "780"
                            },
                            {
                                "D": "E",
                                "G": "19",
                                "H": "26.5",
                                "P": "1012",
                                "S": "11",
                                "T": "32.8",
                                "V": "30000",
                                "W": "1",
                                "Pt": "F",
                                "Dp": "11.2",
                                "$": "840"
                            },
                            {
                                "D": "ESE",
                                "G": "18",
                                "H": "26.8",
                                "P": "1012",
                                "S": "9",
                                "T": "32.6",
                                "V": "30000",
                                "W": "1",
                                "Pt": "F",
                                "Dp": "11.2",
                                "$": "900"
                            },
                            {
                                "D": "ENE",
                                "G": "16",
                                "H": "26.9",
                                "P": "1012",
                                "S": "7",
                                "T": "32.3",
                                "V": "30000",
                                "W": "1",
                                "Pt": "F",
                                "Dp": "11.0",
                                "$": "960"
                            }
                        ]
                    }
                ]
            }
        }
    }
}