{
    "SiteRep": {
        "Wx": {
            "Param": [
                {
                    "name": "G",
                    "units": "mph",
                    "$": "Wind Gust"
                },
                {
                    "name": "T",
                    "units": "C",
                    "$": "Temperature"
                },
                {
                    "name": "V",
                    "units": "m",
                    "$": "Visibility"
                },
                {
                    "name": "D",
                    "units": "compass",
                    "$": "Wind Direction"
                },
                {
                    "name": "S",
                    "units": "mph",
                    "$": "Wind Speed"
                },
                {
                    "name": "W",
                    "units": "",
                    "$": "Weather Type"
                },
                {
                    "name": "P",
                    "units": "hpa",
                    "$": "Pressure"
                },
                {
                    "name": "Pt",
                    "units": "Pa/s",
                    "$": "Pressure Tendency"
                },
                {
                    "name": "Dp",
                    "units": "C",
                    "$": "Dew Point"
                },
                {
                    "name": "H",
                    "units": "%",
                    "$": "Screen Relative Humidity"
                }
            ]
        },
        "DV": {
            "dataDate": "2024-10-13T16:00:00Z",
            "type": "Obs",
            "Location": {
                "i": "3772",
                "lat": "51.479",
                "lon": "-0.449",
                "name": "HEATHROW",
                "country": "ENGLAND",
                "continent": "EUROPE",
                "elevation": "25.0",
                "Period": [
                    {
                        "type": "Day",
                        "value": "2024-10-12Z",
                        "Rep": [
                            {
                                "D": "W",
                                "G": "21",
                                "H": "70.9",
                                "P": "1004",
                                "S": "15",
                                "T": "14.6",
                                "V": "55000",
                                "W": "3",
                                "Pt": "F",
                                "Dp": "9.4",
                                "$": "960"
                            },
                            {
                                "D": "W",
                                "G": "23",
                                "H": "70.7",
                                "P": "1005",
                                "S": "17",
                                "T": "13.4",
                                "V": "55000",
                                "W": "1",
                                "Pt": "R",
                                "Dp": "8.2",
                                "$": "1020"
                            },
                            {
                                "D": "W",
                                "G": "23",
                                "H": "70.3",
                                "P": "1006",
                                "S": "13",
                                "T": "11.8",
                                "V": "60000",
                                "W": "0",
                                "Pt": "R",
                                "Dp": "6.6",
                                "$": "1080"
                            },
                            {
                                "D": "W",
                                "G": "22",
                                "H": "73.6",
                                "P": "1007",
                                "S": "13",
                                "T": "10.6",
                                "V": "60000",
                                "W": "0",
                                "Pt": "R",
                                "Dp": "6.1",
                                "$": "1140"
                            },
                            {
                                "D": "WNW",
                                "G": "23",
                                "H": "74.0",
                                "P": "1008",
                                "S": "8",
                                "T": "10.2",
                                "V": "75000",
                                "W": "8",
                                "Pt": "R",
                                "Dp": "5.8",
                                "$": "1200"
                            },
                            {
                                "D": "W",
                                "G": "17",
                                "H": "73.4",
                                "P": "1009",
                                "S": "13",
                                "T": "9.8",
                                "V": "65000",
                                "W": "0",
                                "Pt": "R",
                                "Dp": "5.3",
                                "$": "1260"
                            },
                            {
                                "D": "W",
                                "G": "17",
                                "H": "79.1",
                                "P": "1010",
                                "S": "13",
                                "T": "8.8",
                                "V": "60000",
                                "W": "0",
                                "Pt": "R",
                                "Dp": "5.4",
                                "$": "1320"
                            },
                            {
                                "D": "W",
                                "G": "23",
                                "H": "78.6",
                                "P": "1011",
                                "S": "13",
                                "T": "8.5",
                                "V": "50000",
                                "W": "0",
                                "Pt": "R",
                                "Dp": "5.0",
                                "$": "1380"
                            }
                        ]
                    },
                    {
                        "type": "Day",
                        "value": "2024-10-13Z",
                        "Rep": [
                            {
                                "D": "W",
                                "G": "18",
                                "H": "76.8",
                                "P": "1012",
                                "S": "11",
                                "T": "8.1",
                                "V": "50000",
                                "W": "0",
                                "Pt": "R",
                                "Dp": "4.3",
                                "$": "0"
                            },
                            {
                                "D": "WSW",
                                "G": "18",
                                "H": "82.2",
                                "P": "1013",
                                "S": "14",
                                "T": "6.9",
                                "V": "50000",
                                "W": "0",
                                "Pt": "R",
                                "Dp": "4.1",
                                "$": "60"
                            },
                            {
                                "D": "W",
                                "G": "18",
                                "H": "82.2",
                                "P": "1013",
                                "S": "10",
                                "T": "6.6",
                                "V": "45000",
                                "W": "0",
                                "Pt": "R",
                                "Dp": "3.8",
                                "$": "120"
                            },
                            {
                                "D": "WSW",
                                "G": "14",
                                "H": "79.3",
                                "P": "1014",
                                "S": "6",
                                "T": "6.5",
                                "V": "45000",
                                "W": "0",
                                "Pt": "R",
                                "Dp": "3.2",
                                "$": "180"
                            },
                            {
                                "D": "W",
                                "G": "11",
                                "H": "78.6",
                                "P": "1015",
                                "S": "8",
                                "T": "5.9",
                                "V": "45000",
                                "W": "0",
                                "Pt": "R",
                                "Dp": "2.5",
                                "$": "240"
                            },
                            {
                                "D": "W",
                                "G": "14",
                                "H": "81.6",
                                "P": "1015",
                                "S": "8",
                                "T": "5.8",
                                "V": "40000",
                                "W": "0",
                                "Pt": "R",
                                "Dp": "2.9",
                                "$": "300"
                            },
                            {
                                "D": "W",
                                "G": "13",
                                "H": "78.6",
                                "P": "1016",
                                "S": "9",
                                "T": "6.4",
                                "V": "40000",
                                "W": "0",
                                "Pt": "R",
                                "Dp": "3.0",
                                "$": "360"
                            },
                            {
                                "D": "W",
                                "G": "14",
                                "H": "83.2",
                                "P": "1018",
                                "S": "6",
                                "T": "5.7",
                                "V": "40000",
                                "W": "1",
                                "Pt": "R",
                                "Dp": "3.1",
                                "$": "420"
                            },
                            {
                                "D": "W",
                                "G": "11",
                                "H": "77.5",
                                "P": "1018",
                                "S": "7",
                                "T": "6.7",
                                "V": "40000",
                                "W": "8",
                                "Pt": "R",
                                "Dp": "3.1",
                                "$": "480"
                            },
                            {
                                "D": "W",
                                "G": "11",
                                "H": "75.5",
                                "P": "1019",
                                "S": "6",
                                "T": "7.5",
                                "V": "35000",
                                "W": "8",
                                "Pt": "R",
                                "Dp": "3.5",
                                "$": "540"
                            },
                            {
                                "D": "W",
                                "G": "11",
                                "H": "72.0",
                                "P": "1020",
                                "S": "6",
                                "T": "8.9",
                                "V": "35000",
                                "W": "8",
                                "Pt": "R",
                                "Dp": "4.2",
                                "$": "600"
                            },
                            {
                                "D": "WNW",
                                "G": "10",
                                "H": "68.8",
                                "P": "1020",
                                "S": "5",
                                "T": "9.9",
                                "V": "35000",
                                "W": "8",
                                "Pt": "R",
                                "Dp": "4.5",
                                "$": "660"
                            },
                            {
                                "D": "NW",
                                "G": "7",
                                "H": "58.6",
                                "P": "1020",
                                "S": "3",
                                "T": "10.9",
                                "V": "40000",
                                "W": "3",
                                "Pt": "R",
                                "Dp": "3.2",
                                "$": "720"
                            },
                            {
                                "D": "NE",
                                "G": "6",
                                "H": "58.6",
                                "P": "1019",
                                "S": "2",
                                "T": "11.2",
                                "V": "35000",
                                "W": "3",
                                "Pt": "F",
                                "Dp": "3.5",
                                "$": "780"
                            },
                            {
                                "D": "S",
                                "G": "9",
                                "H": "63.7",
                                "P": "1020",
                                "S": "3",
                                "T": "10.5",
                                "V": "35000",
                                "W": "8",
                                "Pt": "R",
                                "Dp": "4.0",
                                "$": "840"
                            },
                            {
                                "D": "S",
                                "G": "11",
                                "H": "65.1",
                                "P": "1020",
                                "S": "7",
                                "T": "10.5",
                                "V": "35000",
                                "W": "7",
                                "Pt": "F",
                                "Dp": "4.3",
                                "$": "900"
                            },
                            {
                                "D": "SW",
                                "G": "13",
                                "H": "65.0",
                                "P": "1020",
                                "S": "5",
                                "T": "10.0",
                                "V": "35000",
                                "W": "8",
                                "Pt": "R",
                                "Dp": "3.8",
                                "$": "960"
                            }
                        ]
                    }
                ]
            }
        }
    }
}