{
    "SiteRep": {
        "Wx": {
            "Param": [
                {
                    "name": "G",
                    "units": "mph",
                    "$": "Wind Gust"
                },
                {
                    "name": "T",
                    "units": "C",
                    "$": "Temperature"
                },
                {
                    "name": "V",
                    "units": "m",
                    "$": "Visibility"
                },
                {
                    "name": "D",
                    "units": "compass",
                    "$": "Wind Direction"
                },
                {
                    "name": "S",
                    "units": "mph",
                    "$": "Wind Speed"
                },
                {
                    "name": "W",
                    "units": "",
                    "$": "Weather Type"
                },
                {
                    "name": "P",
                    "units": "hpa",
                    "$": "Pressure"
                },
                {
                    "name": "Pt",
                    "units": "Pa/s",
                    "$": "Pressure Tendency"
                },
                {
                    "name": "Dp",
                    "units": "C",
                    "$": "Dew Point"
                },
                {
                    "name": "H",
                    "units": "%",
                    "$": "Screen Relative Humidity"
                }
            ]
        },
        "DV": {
            "dataDate": "2024-12-10T16:00:00Z",
            "type": "Obs",
            "Location": {
                "i": "3772",
                "lat": "51.479",
                "lon": "-0.449",
                "name": "HEATHROW",
                "country": "ENGLAND",
                "continent": "EUROPE",
                "elevation": "25.0",
                "Period": [
                    {
                        "type": "Day",
                        "value": "2024-12-09Z",
                        "Rep": [
                            {
                                "D": "NNE",
                                "G": "23",
                                "H": "83.3",
                                "P": "1031",
                                "S": "14",
                                "T": "7.7",
                                "V": "30000",
                                "W": "8",
                                "Pt": "S",
                                "Dp": "5.1",
                                "$": "960"
                            },
                            {
                                "D": "NNE",
                                "G": "25",
                                "H": "79.9",
                                "P": "1031",
                                "S": "13",
                                "T": "8.1",
                                "V": "28000",
                                "W": "8",
                                "Pt": "R",
                                "Dp": "4.9",
                                "$": "1020"
                            },
                            {
                                "D": "NNE",
                                "G": "25",
                                "H": "77.6",
                                "P": "1031",
                                "S": "14",
                                "T": "8.0",
                                "V": "29000",
                                "W": "8",
                                "Pt": "R",
                                "Dp": "4.4",
                                "$": "1080"
                            },
                            {
                                "D": "NNE",
                                "G": "26",
                                "H": "78.1",
                                "P": "1031",
                                "S": "15",
                                "T": "7.9",
                                "V": "27000",
                                "W": "8",
                                "Pt": "R",
                                "Dp": "4.4",
                                "$": "1140"
                            },
                            {
                                "D": "NNE",
                                "G": "34",
                                "H": "79.3",
                                "P": "1032",
                                "S": "14",
                                "T": "7.9",
                                "V": "21000",
                                "W": "12",
                                "Pt": "R",
                                "Dp": "4.6",
                                "$": "1200"
                            },
                            {
                                "D": "NNE",
                                "G": "25",
                                "H": "78.6",
                                "P": "1032",
                                "S": "13",
                                "T": "7.6",
                                "V": "29000",
                                "W": "8",
                                "Pt": "R",
                                "Dp": "4.2",
                                "$": "1260"
                            },
                            {
                                "D": "NNE",
                                "G": "26",
                                "H": "79.2",
                                "P": "1032",
                                "S": "13",
                                "T": "7.3",
                                "V": "29000",
                                "W": "8",
                                "Pt": "R",
                                "Dp": "4.0",
                                "$": "1320"
                            },
                            {
                                "D": "NNE",
                                "G": "25",
                                "H": "73.7",
                                "P": "1032",
                                "S": "15",
                                "T": "7.3",
                                "V": "30000",
                                "W": "8",
                                "Pt": "R",
                                "Dp": "3.0",
                                "$": "1380"
                            }
                        ]
                    },
                    {
                        "type": "Day",
                        "value": "2024-12-10Z",
                        "Rep": [
                            {
                                "D": "NNE",
                                "G": "24",
                                "H": "74.7",
                                "P": "1032",
                                "S": "13",
                                "T": "7.1",
                                "V": "30000",
                                "W": "8",
                                "Pt": "R",
                                "Dp": "3.0",
                                "$": "0"
                            },
                            {
                                "D": "NNE",
                                "G": "23",
                                "H": "78.0",
                                "P": "1032",
                                "S": "11",
                                "T": "6.9",
                                "V": "30000",
                                "W": "8",
                                "Pt": "R",
                                "Dp": "3.4",
                                "$": "60"
                            },
                            {
                                "D": "NNE",
                                "G": "25",
                                "H": "83.2",
                                "P": "1032",
                                "S": "13",
                                "T": "6.5",
                                "V": "18000",
                                "W": "8",
                                "Pt": "R",
                                "Dp": "3.9",
                                "$": "120"
                            },
                            {
                                "D": "NNE",
                                "G": "24",
                                "H": "84.4",
                                "P": "1032",
                                "S": "13",
                                "T": "6.5",
                                "V": "23000",
                                "W": "8",
                                "Pt": "F",
                                "Dp": "4.1",
                                "$": "180"
                            },
                            {
                                "D": "NNE",
                                "G": "24",
                                "H": "85.6",
                                "P": "1032",
                                "S": "15",
                                "T": "6.5",
                                "V": "35000",
                                "W": "8",
                                "Pt": "S",
                                "Dp": "4.3",
                                "$": "240"
                            },
                            {
                                "D": "NNE",
                                "G": "24",
                                "H": "84.4",
                                "P": "1032",
                                "S": "13",
                                "T": "6.6",
                                "V": "30000",
                                "W": "8",
                                "Pt": "F",
                                "Dp": "4.2",
                                "$": "300"
                            },
                            {
                                "D": "NNE",
                                "G": "24",
                                "H": "82.6",
                                "P": "1032",
                                "S": "13",
                                "T": "6.6",
                                "V": "40000",
                                "W": "8",
                                "Pt": "S",
                                "Dp": "3.9",
                                "$": "360"
                            },
                            {
                                "D": "NNE",
                                "G": "25",
                                "H": "84.4",
                                "P": "1032",
                                "S": "11",
                                "T": "6.5",
                                "V": "14000",
                                "W": "8",
                                "Pt": "R",
                                "Dp": "4.1",
                                "$": "420"
                            },
                            {
                                "D": "NE",
                                "G": "24",
                                "H": "82.6",
                                "P": "1032",
                                "S": "14",
                                "T": "6.6",
                                "V": "50000",
                                "W": "8",
                                "Pt": "R",
                                "Dp": "3.9",
                                "$": "480"
                            },
                            {
                                "D": "NE",
                                "G": "26",
                                "H": "77.9",
                                "P": "1033",
                                "S": "14",
                                "T": "6.8",
                                "V": "45000",
                                "W": "8",
                                "Pt": "R",
                                "Dp": "3.3",
                                "$": "540"
                            },
                            {
                                "D": "NE",
                                "G": "22",
                                "H": "77.9",
                                "P": "1033",
                                "S": "14",
                                "T": "6.8",
                                "V": "35000",
                                "W": "8",
                                "Pt": "R",
                                "Dp": "3.3",
                                "$": "600"
                            },
                            {
                                "D": "NE",
                                "G": "26",
                                "H": "74.7",
                                "P": "1033",
                                "S": "13",
                                "T": "7.1",
                                "V": "40000",
                                "W": "8",
                                "Pt": "R",
                                "Dp": "3.0",
                                "$": "660"
                            },
                            {
                                "D": "NE",
                                "G": "30",
                                "H": "72.0",
                                "P": "1032",
                                "S": "15",
                                "T": "7.2",
                                "V": "40000",
                                "W": "8",
                                "Pt": "F",
                                "Dp": "2.6",
                                "$": "720"
                            },
                            {
                                "D": "NE",
                                "G": "25",
                                "H": "72.5",
                                "P": "1032",
                                "S": "10",
                                "T": "7.2",
                                "V": "40000",
                                "W": "8",
                                "Pt": "F",
                                "Dp": "2.7",
                                "$": "780"
                            },
                            {
                                "D": "NE",
                                "G": "23",
                                "H": "71.1",
                                "P": "1032",
                                "S": "11",
                                "T": "7.4",
                                "V": "40000",
                                "W": "8",
                                "Pt": "F",
                                "Dp": "2.6",
                                "$": "840"
                            },
                            {
                                "D": "NNE",
                                "G": "23",
                                "H": "70.6",
                                "P": "1032",
                                "S": "11",
                                "T": "7.4",
                                "V": "40000",
                                "W": "8",
                                "Pt": "F",
                                "Dp": "2.5",
                                "$": "900"
                            },
                            {
                                "D": "NE",
                                "G": "23",
                                "H": "69.0",
                                "P": "1032",
                                "S": "11",
                                "T": "7.5",
                                "V": "40000",
                                "W": "8",
                                "Pt": "F",
                                "Dp": "2.3",
                                "$": "960"
                            }
                        ]
                    }
                ]
            }
        }
    }
}