{
    "SiteRep": {
        "Wx": {
            "Param": [
                {
                    "name": "G",
                    "units": "mph",
                    "$": "Wind Gust"
                },
                {
                    "name": "T",
                    "units": "C",
                    "$": "Temperature"
                },
                {
                    "name": "V",
                    "units": "m",
                    "$": "Visibility"
                },
                {
                    "name": "D",
                    "units": "compass",
                    "$": "Wind Direction"
                },
                {
                    "name": "S",
                    "units": "mph",
                    "$": "Wind Speed"
                },
                {
                    "name": "W",
                    "units": "",
                    "$": "Weather Type"
                },
                {
                    "name": "P",
                    "units": "hpa",
                    "$": "Pressure"
                },
                {
                    "name": "Pt",
                    "units": "Pa/s",
                    "$": "Pressure Tendency"
                },
                {
                    "name": "Dp",
                    "units": "C",
                    "$": "Dew Point"
                },
                {
                    "name": "H",
                    "units": "%",
                    "$": "Screen Relative Humidity"
                }
            ]
        },
        "DV": {
            "dataDate": "2025-08-29T16:00:00Z",
            "type": "Obs",
            "Location": {
                "i": "3772",
                "lat": "51.479",
                "lon": "-0.449",
                "name": "HEATHROW",
                "country": "ENGLAND",
                "continent": "EUROPE",
                "elevation": "25.0",
                "Period": [
                    {
                        "type": "Day",
                        "value": "2025-08-28Z",
                        "Rep": [
                            {
                                "D": "SSW",
                                "G": "28",
                                "H": "61.4",
                                "P": "1000",
                                "S": "15",
                                "T": "20.7",
                                "V": "45000",
                                "W": "8",
                                "Pt": "F",
                                "Dp": "13.0",
                                "$": "960"
                            },
                            {
                                "D": "SW",
                                "G": "30",
                                "H": "56.8",
                                "P": "1000",
                                "S": "21",
                                "T": "19.7",
                                "V": "35000",
                                "W": "8",
                                "Pt": "F",
                                "Dp": "10.9",
                                "$": "1020"
                            },
                            {
                                "D": "SW",
                                "G": "28",
                                "H": "62.6",
                                "P": "1000",
                                "S": "19",
                                "T": "18.9",
                                "V": "35000",
                                "W": "8",
                                "Pt": "F",
                                "Dp": "11.6",
                                "$": "1080"
                            },
                            {
                                "D": "SW",
                                "G": "25",
                                "H": "76.4",
                                "P": "1000",
                                "S": "10",
                                "T": "17.5",
                                "V": "50000",
                                "W": "8",
                                "Pt": "F",
                                "Dp": "13.3",
                                "$": "1140"
                            },
                            {
                                "D": "SSW",
                                "G": "16",
                                "H": "73.8",
                                "P": "1000",
                                "S": "10",
                                "T": "17.0",
                                "V": "35000",
                                "W": "2",
                                "Pt": "S",
                                "Dp": "12.3",
                                "$": "1200"
                            },
                            {
                                "D": "S",
                                "G": "19",
                                "H": "74.7",
                                "P": "1000",
                                "S": "8",
                                "T": "16.4",
                                "V": "30000",
                                "W": "2",
                                "Pt": "F",
                                "Dp": "11.9",
                                "$": "1260"
                            },
                            {
                                "D": "S",
                                "G": "16",
                                "H": "77.6",
                                "P": "999",
                                "S": "7",
                                "T": "15.9",
                                "V": "30000",
                                "W": "7",
                                "Pt": "F",
                                "Dp": "12.0",
                                "$": "1320"
                            },
                            {
                                "D": "SSW",
                                "G": "18",
                                "H": "74.2",
                                "P": "999",
                                "S": "11",
                                "T": "15.9",
                                "V": "35000",
                                "W": "8",
                                "Pt": "F",
                                "Dp": "11.3",
                                "$": "1380"
                            }
                        ]
                    },
                    {
                        "type": "Day",
                        "value": "2025-08-29Z",
                        "Rep": [
                            {
                                "D": "S",
                                "G": "18",
                                "H": "79.7",
                                "P": "998",
                                "S": "9",
                                "T": "15.5",
                                "V": "30000",
                                "W": "8",
                                "Pt": "F",
                                "Dp": "12.0",
                                "$": "0"
                            },
                            {
                                "D": "S",
                                "G": "14",
                                "H": "82.9",
                                "P": "997",
                                "S": "7",
                                "T": "15.5",
                                "V": "25000",
                                "W": "8",
                                "Pt": "F",
                                "Dp": "12.6",
                                "$": "60"
                            },
                            {
                                "D": "SSE",
                                "G": "11",
                                "H": "85.1",
                                "P": "997",
                                "S": "8",
                                "T": "15.4",
                                "V": "11000",
                                "W": "12",
                                "Pt": "F",
                                "Dp": "12.9",
                                "$": "120"
                            },
                            {
                                "D": "SE",
                                "G": "16",
                                "H": "89.0",
                                "P": "996",
                                "S": "7",
                                "T": "14.9",
                                "V": "28000",
                                "W": "8",
                                "Pt": "F",
                                "Dp": "13.1",
                                "$": "180"
                            },
                            {
                                "D": "SSE",
                                "G": "9",
                                "H": "91.3",
                                "P": "996",
                                "S": "6",
                                "T": "14.3",
                                "V": "3800",
                                "W": "12",
                                "Pt": "F",
                                "Dp": "12.9",
                                "$": "240"
                            },
                            {
                                "D": "ESE",
                                "G": "9",
                                "H": "94.9",
                                "P": "995",
                                "S": "6",
                                "T": "14.2",
                                "V": "7000",
                                "W": "12",
                                "Pt": "F",
                                "Dp": "13.4",
                                "$": "300"
                            },
                            {
                                "D": "ESE",
                                "G": "15",
                                "H": "96.2",
                                "P": "994",
                                "S": "10",
                                "T": "14.3",
                                "V": "15000",
                                "W": "12",
                                "Pt": "F",
                                "Dp": "13.7",
                                "$": "360"
                            },
                            {
                                "D": "NE",
                                "G": "11",
                                "H": "96.2",
                                "P": "994",
                                "S": "3",
                                "T": "14.9",
                                "V": "14000",
                                "W": "12",
                                "Pt": "F",
                                "Dp": "14.3",
                                "$": "420"
                            },
                            {
                                "D": "N",
                                "G": "7",
                                "H": "95.6",
                                "P": "994",
                                "S": "3",
                                "T": "14.9",
                                "V": "1600",
                                "W": "15",
                                "Pt": "F",
                                "Dp": "14.2",
                                "$": "480"
                            },
                            {
                                "D": "W",
                                "G": "7",
                                "H": "96.8",
                                "P": "994",
                                "S": "5",
                                "T": "14.9",
                                "V": "14000",
                                "W": "12",
                                "Pt": "F",
                                "Dp": "14.4",
                                "$": "540"
                            },
                            {
                                "D": "W",
                                "G": "15",
                                "H": "89.6",
                                "P": "994",
                                "S": "10",
                                "T": "16.0",
                                "V": "50000",
                                "W": "8",
                                "Pt": "R",
                                "Dp": "14.3",
                                "$": "600"
                            },
                            {
                                "D": "W",
                                "G": "16",
                                "H": "77.4",
                                "P": "995",
                                "S": "9",
                                "T": "17.4",
                                "V": "65000",
                                "W": "8",
                                "Pt": "R",
                                "Dp": "13.4",
                                "$": "660"
                            },
                            {
                                "D": "W",
                                "G": "14",
                                "H": "70.4",
                                "P": "995",
                                "S": "9",
                                "T": "18.5",
                                "V": "45000",
                                "W": "8",
                                "Pt": "R",
                                "Dp": "13.0",
                                "$": "720"
                            },
                            {
                                "D": "W",
                                "G": "17",
                                "H": "59.4",
                                "P": "995",
                                "S": "11",
                                "T": "20.5",
                                "V": "50000",
                                "W": "8",
                                "Pt": "R",
                                "Dp": "12.3",
                                "$": "780"
                            },
                            {
                                "D": "W",
                                "G": "19",
                                "H": "75.0",
                                "P": "996",
                                "S": "9",
                                "T": "17.9",
                                "V": "30000",
                                "W": "12",
                                "Pt": "R",
                                "Dp": "13.4",
                                "$": "840"
                            },
                            {
                                "D": "W",
                                "G": "14",
                                "H": "66.7",
                                "P": "996",
                                "S": "9",
                                "T": "19.9",
                                "V": "60000",
                                "W": "12",
                                "Pt": "R",
                                "Dp": "13.5",
                                "$": "900"
                            },
                            {
                                "D": "W",
                                "G": "17",
                                "H": "64.9",
                                "P": "997",
                                "S": "11",
                                "T": "19.8",
                                "V": "50000",
                                "W": "8",
                                "Pt": "R",
                                "Dp": "13.0",
                                "$": "960"
                            }
                        ]
                    }
                ]
            }
        }
    }
}