{
    "SiteRep": {
        "Wx": {
            "Param": [
                {
                    "name": "G",
                    "units": "mph",
                    "$": "Wind Gust"
                },
                {
                    "name": "T",
                    "units": "C",
                    "$": "Temperature"
                },
                {
                    "name": "V",
                    "units": "m",
                    "$": "Visibility"
                },
                {
                    "name": "D",
                    "units": "compass",
                    "$": "Wind Direction"
                },
                {
                    "name": "S",
                    "units": "mph",
                    "$": "Wind Speed"
                },
                {
                    "name": "W",
                    "units": "",
                    "$": "Weather Type"
                },
                {
                    "name": "P",
                    "units": "hpa",
                    "$": "Pressure"
                },
                {
                    "name": "Pt",
                    "units": "Pa/s",
                    "$": "Pressure Tendency"
                },
                {
                    "name": "Dp",
                    "units": "C",
                    "$": "Dew Point"
                },
                {
                    "name": "H",
                    "units": "%",
                    "$": "Screen Relative Humidity"
                }
            ]
        },
        "DV": {
            "dataDate": "2024-05-12T16:00:00Z",
            "type": "Obs",
            "Location": {
                "i": "3772",
                "lat": "51.479",
                "lon": "-0.449",
                "name": "HEATHROW",
                "country": "ENGLAND",
                "continent": "EUROPE",
                "elevation": "25.0",
                "Period": [
                    {
                        "type": "Day",
                        "value": "2024-05-11Z",
                        "Rep": [
                            {
                                "D": "E",
                                "G": "22",
                                "H": "45.5",
                                "P": "1019",
                                "S": "13",
                                "T": "22.3",
                                "V": "25000",
                                "W": "1",
                                "Pt": "F",
                                "Dp": "10.1",
                                "$": "960"
                            },
                            {
                                "D": "E",
                                "G": "22",
                                "H": "49.6",
                                "P": "1018",
                                "S": "16",
                                "T": "20.5",
                                "V": "27000",
                                "W": "1",
                                "Pt": "F",
                                "Dp": "9.7",
                                "$": "1020"
                            },
                            {
                                "D": "E",
                                "G": "23",
                                "H": "52.5",
                                "P": "1018",
                                "S": "13",
                                "T": "19.8",
                                "V": "19000",
                                "W": "1",
                                "Pt": "F",
                                "Dp": "9.9",
                                "$": "1080"
                            },
                            {
                                "D": "E",
                                "G": "21",
                                "H": "61.6",
                                "P": "1018",
                                "S": "11",
                                "T": "17.9",
                                "V": "18000",
                                "W": "1",
                                "Pt": "F",
                                "Dp": "10.5",
                                "$": "1140"
                            },
                            {
                                "D": "E",
                                "G": "17",
                                "H": "67.0",
                                "P": "1018",
                                "S": "9",
                                "T": "16.7",
                                "V": "15000",
                                "W": "0",
                                "Pt": "S",
                                "Dp": "10.6",
                                "$": "1200"
                            },
                            {
                                "D": "E",
                                "G": "16",
                                "H": "73.4",
                                "P": "1018",
                                "S": "8",
                                "T": "15.8",
                                "V": "12000",
                                "W": "0",
                                "Pt": "R",
                                "Dp": "11.1",
                                "$": "1260"
                            },
                            {
                                "D": "E",
                                "G": "17",
                                "H": "78.2",
                                "P": "1018",
                                "S": "7",
                                "T": "14.2",
                                "V": "10000",
                                "W": "7",
                                "Pt": "F",
                                "Dp": "10.5",
                                "$": "1320"
                            },
                            {
                                "D": "ENE",
                                "G": "11",
                                "H": "75.8",
                                "P": "1018",
                                "S": "6",
                                "T": "14.9",
                                "V": "12000",
                                "W": "2",
                                "Pt": "F",
                                "Dp": "10.7",
                                "$": "1380"
                            }
                        ]
                    },
                    {
                        "type": "Day",
                        "value": "2024-05-12Z",
                        "Rep": [
                            {
                                "D": "ENE",
                                "G": "11",
                                "H": "75.2",
                                "P": "1017",
                                "S": "6",
                                "T": "14.6",
                                "V": "13000",
                                "W": "0",
                                "Pt": "F",
                                "Dp": "10.3",
                                "$": "0"
                            },
                            {
                                "D": "ENE",
                                "G": "8",
                                "H": "78.2",
                                "P": "1016",
                                "S": "5",
                                "T": "13.9",
                                "V": "12000",
                                "W": "0",
                                "Pt": "F",
                                "Dp": "10.2",
                                "$": "60"
                            },
                            {
                                "D": "NE",
                                "G": "9",
                                "H": "80.8",
                                "P": "1016",
                                "S": "3",
                                "T": "13.2",
                                "V": "12000",
                                "W": "0",
                                "Pt": "F",
                                "Dp": "10.0",
                                "$": "120"
                            },
                            {
                                "D": "NE",
                                "G": "6",
                                "H": "84.0",
                                "P": "1015",
                                "S": "2",
                                "T": "12.8",
                                "V": "10000",
                                "W": "0",
                                "Pt": "F",
                                "Dp": "10.2",
                                "$": "180"
                            },
                            {
                                "D": "NE",
                                "G": "5",
                                "H": "85.8",
                                "P": "1015",
                                "S": "3",
                                "T": "12.6",
                                "V": "9000",
                                "W": "5",
                                "Pt": "F",
                                "Dp": "10.3",
                                "$": "240"
                            },
                            {
                                "D": "NNE",
                                "G": "6",
                                "H": "87.0",
                                "P": "1014",
                                "S": "3",
                                "T": "12.8",
                                "V": "8000",
                                "W": "5",
                                "Pt": "F",
                                "Dp": "10.7",
                                "$": "300"
                            },
                            {
                                "D": "NE",
                                "G": "6",
                                "H": "84.3",
                                "P": "1014",
                                "S": "2",
                                "T": "14.3",
                                "V": "8000",
                                "W": "5",
                                "Pt": "F",
                                "Dp": "11.7",
                                "$": "360"
                            },
                            {
                                "D": "NE",
                                "G": "9",
                                "H": "77.6",
                                "P": "1014",
                                "S": "6",
                                "T": "16.5",
                                "V": "7000",
                                "W": "5",
                                "Pt": "F",
                                "Dp": "12.6",
                                "$": "420"
                            },
                            {
                                "D": "E",
                                "G": "11",
                                "H": "69.2",
                                "P": "1014",
                                "S": "6",
                                "T": "18.5",
                                "V": "9000",
                                "W": "5",
                                "Pt": "F",
                                "Dp": "12.8",
                                "$": "480"
                            },
                            {
                                "D": "E",
                                "G": "10",
                                "H": "60.8",
                                "P": "1013",
                                "S": "6",
                                "T": "20.7",
                                "V": "12000",
                                "W": "1",
                                "Pt": "F",
                                "Dp": "12.9",
                                "$": "540"
                            },
                            {
                                "D": "ESE",
                                "G": "9",
                                "H": "53.7",
                                "P": "1013",
                                "S": "5",
                                "T": "22.7",
                                "V": "17000",
                                "W": "3",
                                "Pt": "F",
                                "Dp": "12.9",
                                "$": "600"
                            },
                            {
                                "D": "SE",
                                "G": "17",
                                "H": "50.3",
                                "P": "1012",
                                "S": "6",
                                "T": "25.0",
                                "V": "40000",
                                "W": "1",
                                "Pt": "F",
                                "Dp": "14.0",
                                "$": "660"
                            },
                            {
                                "D": "SE",
                                "G": "18",
                                "H": "40.4",
                                "P": "1012",
                                "S": "10",
                                "T": "25.8",
                                "V": "55000",
                                "W": "1",
                                "Pt": "F",
                                "Dp": "11.4",
                                "$": "720"
                            },
                            {
                                "D": "ESE",
                                "G": "19",
                                "H": "39.4",
                                "P": "1011",
                                "S": "9",
                                "T": "26.1",
                                "V": "75000",
                                "W": "7",
                                "Pt": "F",
                                "Dp": "11.3",
                                "$": "780"
                            },
                            {
                                "D": "ESE",
                                "G": "18",
                                "H": "36.5",
                                "P": "1010",
                                "S": "9",
                                "T": "26.5",
                                "V": "60000",
                                "W": "1",
                                "Pt": "F",
                                "Dp": "10.5",
                                "$": "840"
                            },
                            {
                                "D": "SSE",
                                "G": "16",
                                "H": "37.7",
                                "P": "1010",
                                "S": "10",
                                "T": "26.2",
                                "V": "65000",
                                "W": "1",
                                "Pt": "F",
                                "Dp": "10.7",
                                "$": "900"
                            },
                            {
                                "D": "SE",
                                "G": "18",
                                "H": "38.1",
                                "P": "1009",
                                "S": "10",
                                "T": "25.9",
                                "V": "55000",
                                "W": "1",
                                "Pt": "F",
                                "Dp": "10.6",
                                "$": "960"
                            }
                        ]
                    }
                ]
            }
        }
    }
}