{
    "SiteRep": {
        "Wx": {
            "Param": [
                {
                    "name": "G",
                    "units": "mph",
                    "$": "Wind Gust"
                },
                {
                    "name": "T",
                    "units": "C",
                    "$": "Temperature"
                },
                {
                    "name": "V",
                    "units": "m",
                    "$": "Visibility"
                },
                {
                    "name": "D",
                    "units": "compass",
                    "$": "Wind Direction"
                },
                {
                    "name": "S",
                    "units": "mph",
                    "$": "Wind Speed"
                },
                {
                    "name": "W",
                    "units": "",
                    "$": "Weather Type"
                },
                {
                    "name": "P",
                    "units": "hpa",
                    "$": "Pressure"
                },
                {
                    "name": "Pt",
                    "units": "Pa/s",
                    "$": "Pressure Tendency"
                },
                {
                    "name": "Dp",
                    "units": "C",
                    "$": "Dew Point"
                },
                {
                    "name": "H",
                    "units": "%",
                    "$": "Screen Relative Humidity"
                }
            ]
        },
        "DV": {
            "dataDate": "2023-10-30T16:00:00Z",
            "type": "Obs",
            "Location": {
                "i": "3772",
                "lat": "51.479",
                "lon": "-0.449",
                "name": "HEATHROW",
                "country": "ENGLAND",
                "continent": "EUROPE",
                "elevation": "25.0",
                "Period": [
                    {
                        "type": "Day",
                        "value": "2023-10-29Z",
                        "Rep": [
                            {
                                "D": "SSE",
                                "G": "13",
                                "H": "87.6",
                                "P": "989",
                                "S": "8",
                                "T": "11.9",
                                "V": "45000",
                                "W": "1",
                                "Pt": "R",
                                "Dp": "9.9",
                                "$": "960"
                            },
                            {
                                "D": "S",
                                "G": "14",
                                "H": "89.9",
                                "P": "990",
                                "S": "8",
                                "T": "11.0",
                                "V": "30000",
                                "W": "2",
                                "Pt": "R",
                                "Dp": "9.4",
                                "$": "1020"
                            },
                            {
                                "D": "S",
                                "G": "19",
                                "H": "86.9",
                                "P": "990",
                                "S": "13",
                                "T": "11.3",
                                "V": "25000",
                                "W": "7",
                                "Pt": "R",
                                "Dp": "9.2",
                                "$": "1080"
                            },
                            {
                                "D": "S",
                                "G": "23",
                                "H": "85.2",
                                "P": "991",
                                "S": "9",
                                "T": "10.7",
                                "V": "35000",
                                "W": "2",
                                "Pt": "R",
                                "Dp": "8.3",
                                "$": "1140"
                            },
                            {
                                "D": "S",
                                "G": "15",
                                "H": "85.2",
                                "P": "992",
                                "S": "8",
                                "T": "10.7",
                                "V": "29000",
                                "W": "2",
                                "Pt": "R",
                                "Dp": "8.3",
                                "$": "1200"
                            },
                            {
                                "D": "S",
                                "G": "22",
                                "H": "84.0",
                                "P": "992",
                                "S": "10",
                                "T": "10.3",
                                "V": "35000",
                                "W": "8",
                                "Pt": "R",
                                "Dp": "7.7",
                                "$": "1260"
                            },
                            {
                                "D": "S",
                                "G": "21",
                                "H": "86.8",
                                "P": "993",
                                "S": "10",
                                "T": "10.2",
                                "V": "30000",
                                "W": "0",
                                "Pt": "R",
                                "Dp": "8.1",
                                "$": "1320"
                            },
                            {
                                "D": "SSW",
                                "G": "16",
                                "H": "90.4",
                                "P": "993",
                                "S": "9",
                                "T": "10.2",
                                "V": "2900",
                                "W": "12",
                                "Pt": "R",
                                "Dp": "8.7",
                                "$": "1380"
                            }
                        ]
                    },
                    {
                        "type": "Day",
                        "value": "2023-10-30Z",
                        "Rep": [
                            {
                                "D": "S",
                                "G": "14",
                                "H": "94.8",
                                "P": "993",
                                "S": "5",
                                "T": "9.9",
                                "V": "20000",
                                "W": "12",
                                "Pt": "R",
                                "Dp": "9.1",
                                "$": "0"
                            },
                            {
                                "D": "S",
                                "G": "11",
                                "H": "97.3",
                                "P": "994",
                                "S": "6",
                                "T": "10.1",
                                "V": "12000",
                                "W": "12",
                                "Pt": "R",
                                "Dp": "9.7",
                                "$": "60"
                            },
                            {
                                "D": "S",
                                "G": "13",
                                "H": "93.5",
                                "P": "993",
                                "S": "7",
                                "T": "9.9",
                                "V": "19000",
                                "W": "8",
                                "Pt": "R",
                                "Dp": "8.9",
                                "$": "120"
                            },
                            {
                                "D": "SSW",
                                "G": "13",
                                "H": "94.2",
                                "P": "993",
                                "S": "5",
                                "T": "10.3",
                                "V": "13000",
                                "W": "12",
                                "Pt": "S",
                                "Dp": "9.4",
                                "$": "180"
                            },
                            {
                                "D": "S",
                                "G": "17",
                                "H": "89.8",
                                "P": "993",
                                "S": "9",
                                "T": "10.1",
                                "V": "27000",
                                "W": "0",
                                "Pt": "F",
                                "Dp": "8.5",
                                "$": "240"
                            },
                            {
                                "D": "SSE",
                                "G": "13",
                                "H": "92.9",
                                "P": "994",
                                "S": "6",
                                "T": "9.4",
                                "V": "24000",
                                "W": "0",
                                "Pt": "F",
                                "Dp": "8.3",
                                "$": "300"
                            },
                            {
                                "D": "S",
                                "G": "9",
                                "H": "94.1",
                                "P": "994",
                                "S": "6",
                                "T": "9.6",
                                "V": "21000",
                                "W": "8",
                                "Pt": "R",
                                "Dp": "8.7",
                                "$": "360"
                            },
                            {
                                "D": "SSW",
                                "G": "11",
                                "H": "89.8",
                                "P": "994",
                                "S": "6",
                                "T": "10.4",
                                "V": "28000",
                                "W": "8",
                                "Pt": "R",
                                "Dp": "8.8",
                                "$": "420"
                            },
                            {
                                "D": "SSE",
                                "G": "10",
                                "H": "90.4",
                                "P": "995",
                                "S": "6",
                                "T": "10.3",
                                "V": "24000",
                                "W": "3",
                                "Pt": "R",
                                "Dp": "8.8",
                                "$": "480"
                            },
                            {
                                "D": "SE",
                                "G": "10",
                                "H": "88.7",
                                "P": "995",
                                "S": "7",
                                "T": "11.3",
                                "V": "23000",
                                "W": "3",
                                "Pt": "R",
                                "Dp": "9.5",
                                "$": "540"
                            },
                            {
                                "D": "SE",
                                "G": "11",
                                "H": "84.9",
                                "P": "995",
                                "S": "5",
                                "T": "13.6",
                                "V": "23000",
                                "W": "1",
                                "Pt": "R",
                                "Dp": "11.1",
                                "$": "600"
                            },
                            {
                                "D": "SSE",
                                "G": "13",
                                "H": "83.7",
                                "P": "996",
                                "S": "8",
                                "T": "13.4",
                                "V": "25000",
                                "W": "1",
                                "Pt": "R",
                                "Dp": "10.7",
                                "$": "660"
                            },
                            {
                                "D": "SSE",
                                "G": "13",
                                "H": "84.3",
                                "P": "995",
                                "S": "8",
                                "T": "13.7",
                                "V": "30000",
                                "W": "3",
                                "Pt": "R",
                                "Dp": "11.1",
                                "$": "720"
                            },
                            {
                                "D": "SSW",
                                "G": "13",
                                "H": "71.7",
                                "P": "994",
                                "S": "8",
                                "T": "15.3",
                                "V": "30000",
                                "W": "3",
                                "Pt": "F",
                                "Dp": "10.2",
                                "$": "780"
                            },
                            {
                                "D": "S",
                                "G": "14",
                                "H": "71.2",
                                "P": "994",
                                "S": "8",
                                "T": "15.2",
                                "V": "28000",
                                "W": "1",
                                "Pt": "F",
                                "Dp": "10.0",
                                "$": "840"
                            },
                            {
                                "D": "S",
                                "G": "15",
                                "H": "75.9",
                                "P": "994",
                                "S": "8",
                                "T": "14.2",
                                "V": "30000",
                                "W": "3",
                                "Pt": "F",
                                "Dp": "10.0",
                                "$": "900"
                            },
                            {
                                "D": "SSW",
                                "G": "11",
                                "H": "80.4",
                                "P": "995",
                                "S": "7",
                                "T": "13.4",
                                "V": "29000",
                                "W": "8",
                                "Pt": "F",
                                "Dp": "10.1",
                                "$": "960"
                            }
                        ]
                    }
                ]
            }
        }
    }
}