{
    "SiteRep": {
        "Wx": {
            "Param": [
                {
                    "name": "G",
                    "units": "mph",
                    "$": "Wind Gust"
                },
                {
                    "name": "T",
                    "units": "C",
                    "$": "Temperature"
                },
                {
                    "name": "V",
                    "units": "m",
                    "$": "Visibility"
                },
                {
                    "name": "D",
                    "units": "compass",
                    "$": "Wind Direction"
                },
                {
                    "name": "S",
                    "units": "mph",
                    "$": "Wind Speed"
                },
                {
                    "name": "W",
                    "units": "",
                    "$": "Weather Type"
                },
                {
                    "name": "P",
                    "units": "hpa",
                    "$": "Pressure"
                },
                {
                    "name": "Pt",
                    "units": "Pa/s",
                    "$": "Pressure Tendency"
                },
                {
                    "name": "Dp",
                    "units": "C",
                    "$": "Dew Point"
                },
                {
                    "name": "H",
                    "units": "%",
                    "$": "Screen Relative Humidity"
                }
            ]
        },
        "DV": {
            "dataDate": "2025-01-04T16:00:00Z",
            "type": "Obs",
            "Location": {
                "i": "3772",
                "lat": "51.479",
                "lon": "-0.449",
                "name": "HEATHROW",
                "country": "ENGLAND",
                "continent": "EUROPE",
                "elevation": "25.0",
                "Period": [
                    {
                        "type": "Day",
                        "value": "2025-01-03Z",
                        "Rep": [
                            {
                                "D": "WNW",
                                "G": "13",
                                "H": "68.0",
                                "P": "1023",
                                "S": "6",
                                "T": "4.4",
                                "V": "50000",
                                "W": "0",
                                "Pt": "F",
                                "Dp": "-0.9",
                                "$": "960"
                            },
                            {
                                "D": "W",
                                "G": "10",
                                "H": "74.0",
                                "P": "1023",
                                "S": "7",
                                "T": "3.2",
                                "V": "55000",
                                "W": "0",
                                "Pt": "R",
                                "Dp": "-0.9",
                                "$": "1020"
                            },
                            {
                                "D": "W",
                                "G": "15",
                                "H": "74.7",
                                "P": "1023",
                                "S": "7",
                                "T": "3.0",
                                "V": "50000",
                                "W": "0",
                                "Pt": "R",
                                "Dp": "-1.0",
                                "$": "1080"
                            },
                            {
                                "D": "W",
                                "G": "15",
                                "H": "77.3",
                                "P": "1023",
                                "S": "7",
                                "T": "2.5",
                                "V": "30000",
                                "W": "0",
                                "Pt": "R",
                                "Dp": "-1.0",
                                "$": "1140"
                            },
                            {
                                "D": "W",
                                "G": "14",
                                "H": "80.8",
                                "P": "1023",
                                "S": "8",
                                "T": "1.7",
                                "V": "40000",
                                "W": "0",
                                "Pt": "R",
                                "Dp": "-1.2",
                                "$": "1200"
                            },
                            {
                                "D": "W",
                                "G": "13",
                                "H": "82.5",
                                "P": "1023",
                                "S": "7",
                                "T": "1.4",
                                "V": "30000",
                                "W": "0",
                                "Pt": "S",
                                "Dp": "-1.2",
                                "$": "1260"
                            },
                            {
                                "D": "W",
                                "G": "8",
                                "H": "85.6",
                                "P": "1023",
                                "S": "3",
                                "T": "0.8",
                                "V": "22000",
                                "W": "0",
                                "Pt": "S",
                                "Dp": "-1.3",
                                "$": "1320"
                            },
                            {
                                "D": "W",
                                "G": "11",
                                "H": "87.5",
                                "P": "1023",
                                "S": "6",
                                "T": "1.0",
                                "V": "22000",
                                "W": "0",
                                "Pt": "R",
                                "Dp": "-0.8",
                                "$": "1380"
                            }
                        ]
                    },
                    {
                        "type": "Day",
                        "value": "2025-01-04Z",
                        "Rep": [
                            {
                                "D": "SW",
                                "G": "6",
                                "H": "86.9",
                                "P": "1023",
                                "S": "2",
                                "T": "-1.3",
                                "V": "15000",
                                "W": "2",
                                "Pt": "F",
                                "Dp": "-2.8",
                                "$": "0"
                            },
                            {
                                "D": "N",
                                "G": "3",
                                "H": "90.7",
                                "P": "1022",
                                "S": "0",
                                "T": "-1.4",
                                "V": "12000",
                                "W": "8",
                                "Pt": "F",
                                "Dp": "-2.4",
                                "$": "60"
                            },
                            {
                                "D": "WSW",
                                "G": "5",
                                "H": "94.9",
                                "P": "1022",
                                "S": "3",
                                "T": "-1.1",
                                "V": "12000",
                                "W": "5",
                                "Pt": "F",
                                "Dp": "-1.6",
                                "$": "120"
                            },
                            {
                                "D": "N",
                                "G": "5",
                                "H": "93.6",
                                "P": "1021",
                                "S": "0",
                                "T": "-1.5",
                                "V": "12000",
                                "W": "8",
                                "Pt": "F",
                                "Dp": "-2.1",
                                "$": "180"
                            },
                            {
                                "D": "N",
                                "G": "2",
                                "H": "94.2",
                                "P": "1021",
                                "S": "0",
                                "T": "-1.8",
                                "V": "8000",
                                "W": "8",
                                "Pt": "F",
                                "Dp": "-2.3",
                                "$": "240"
                            },
                            {
                                "D": "ESE",
                                "G": "5",
                                "H": "93.7",
                                "P": "1020",
                                "S": "2",
                                "T": "-2.1",
                                "V": "7000",
                                "W": "5",
                                "Pt": "F",
                                "Dp": "-2.6",
                                "$": "300"
                            },
                            {
                                "D": "SW",
                                "G": "7",
                                "H": "94.9",
                                "P": "1020",
                                "S": "3",
                                "T": "-1.1",
                                "V": "14000",
                                "W": "8",
                                "Pt": "F",
                                "Dp": "-1.6",
                                "$": "360"
                            },
                            {
                                "D": "N",
                                "G": "6",
                                "H": "94.5",
                                "P": "1019",
                                "S": "0",
                                "T": "-0.6",
                                "V": "15000",
                                "W": "8",
                                "Pt": "F",
                                "Dp": "-1.2",
                                "$": "420"
                            },
                            {
                                "D": "NE",
                                "G": "5",
                                "H": "94.5",
                                "P": "1019",
                                "S": "3",
                                "T": "-0.7",
                                "V": "14000",
                                "W": "8",
                                "Pt": "F",
                                "Dp": "-1.3",
                                "$": "480"
                            },
                            {
                                "D": "E",
                                "G": "5",
                                "H": "95.1",
                                "P": "1018",
                                "S": "3",
                                "T": "-0.9",
                                "V": "9000",
                                "W": "5",
                                "Pt": "F",
                                "Dp": "-1.4",
                                "$": "540"
                            },
                            {
                                "D": "E",
                                "G": "7",
                                "H": "96.5",
                                "P": "1018",
                                "S": "5",
                                "T": "0.2",
                                "V": "15000",
                                "W": "8",
                                "Pt": "F",
                                "Dp": "-0.3",
                                "$": "600"
                            },
                            {
                                "D": "E",
                                "G": "5",
                                "H": "95.0",
                                "P": "1017",
                                "S": "3",
                                "T": "1.0",
                                "V": "13000",
                                "W": "8",
                                "Pt": "F",
                                "Dp": "0.3",
                                "$": "660"
                            },
                            {
                                "D": "NE",
                                "G": "5",
                                "H": "91.6",
                                "P": "1016",
                                "S": "3",
                                "T": "1.7",
                                "V": "16000",
                                "W": "8",
                                "Pt": "F",
                                "Dp": "0.5",
                                "$": "720"
                            },
                            {
                                "D": "ESE",
                                "G": "7",
                                "H": "89.2",
                                "P": "1015",
                                "S": "5",
                                "T": "2.5",
                                "V": "24000",
                                "W": "8",
                                "Pt": "F",
                                "Dp": "0.9",
                                "$": "780"
                            },
                            {
                                "D": "E",
                                "G": "10",
                                "H": "84.6",
                                "P": "1013",
                                "S": "7",
                                "T": "3.4",
                                "V": "40000",
                                "W": "8",
                                "Pt": "F",
                                "Dp": "1.1",
                                "$": "840"
                            },
                            {
                                "D": "ESE",
                                "G": "13",
                                "H": "81.8",
                                "P": "1012",
                                "S": "9",
                                "T": "3.6",
                                "V": "45000",
                                "W": "8",
                                "Pt": "F",
                                "Dp": "0.8",
                                "$": "900"
                            },
                            {
                                "D": "ESE",
                                "G": "14",
                                "H": "81.0",
                                "P": "1011",
                                "S": "9",
                                "T": "3.4",
                                "V": "50000",
                                "W": "8",
                                "Pt": "F",
                                "Dp": "0.5",
                                "$": "960"
                            }
                        ]
                    }
                ]
            }
        }
    }
}