{
    "SiteRep": {
        "Wx": {
            "Param": [
                {
                    "name": "G",
                    "units": "mph",
                    "$": "Wind Gust"
                },
                {
                    "name": "T",
                    "units": "C",
                    "$": "Temperature"
                },
                {
                    "name": "V",
                    "units": "m",
                    "$": "Visibility"
                },
                {
                    "name": "D",
                    "units": "compass",
                    "$": "Wind Direction"
                },
                {
                    "name": "S",
                    "units": "mph",
                    "$": "Wind Speed"
                },
                {
                    "name": "W",
                    "units": "",
                    "$": "Weather Type"
                },
                {
                    "name": "P",
                    "units": "hpa",
                    "$": "Pressure"
                },
                {
                    "name": "Pt",
                    "units": "Pa/s",
                    "$": "Pressure Tendency"
                },
                {
                    "name": "Dp",
                    "units": "C",
                    "$": "Dew Point"
                },
                {
                    "name": "H",
                    "units": "%",
                    "$": "Screen Relative Humidity"
                }
            ]
        },
        "DV": {
            "dataDate": "2024-01-09T16:00:00Z",
            "type": "Obs",
            "Location": {
                "i": "3772",
                "lat": "51.479",
                "lon": "-0.449",
                "name": "HEATHROW",
                "country": "ENGLAND",
                "continent": "EUROPE",
                "elevation": "25.0",
                "Period": [
                    {
                        "type": "Day",
                        "value": "2024-01-08Z",
                        "Rep": [
                            {
                                "D": "NE",
                                "G": "24",
                                "H": "63.7",
                                "P": "1031",
                                "S": "11",
                                "T": "2.2",
                                "V": "29000",
                                "W": "24",
                                "Pt": "F",
                                "Dp": "-3.8",
                                "$": "960"
                            },
                            {
                                "D": "NE",
                                "G": "22",
                                "H": "70.3",
                                "P": "1031",
                                "S": "10",
                                "T": "1.8",
                                "V": "10000",
                                "W": "24",
                                "Pt": "S",
                                "Dp": "-2.9",
                                "$": "1020"
                            },
                            {
                                "D": "NE",
                                "G": "18",
                                "H": "78.9",
                                "P": "1031",
                                "S": "9",
                                "T": "1.6",
                                "V": "23000",
                                "W": "18",
                                "Pt": "S",
                                "Dp": "-1.6",
                                "$": "1080"
                            },
                            {
                                "D": "NE",
                                "G": "21",
                                "H": "68.2",
                                "P": "1031",
                                "S": "11",
                                "T": "1.9",
                                "V": "35000",
                                "W": "12",
                                "Pt": "S",
                                "Dp": "-3.2",
                                "$": "1140"
                            },
                            {
                                "D": "NE",
                                "G": "24",
                                "H": "67.2",
                                "P": "1031",
                                "S": "11",
                                "T": "1.9",
                                "V": "25000",
                                "W": "12",
                                "Pt": "R",
                                "Dp": "-3.4",
                                "$": "1200"
                            },
                            {
                                "D": "NE",
                                "G": "18",
                                "H": "66.7",
                                "P": "1031",
                                "S": "10",
                                "T": "2.0",
                                "V": "30000",
                                "W": "8",
                                "Pt": "R",
                                "Dp": "-3.4",
                                "$": "1260"
                            },
                            {
                                "D": "NE",
                                "G": "18",
                                "H": "68.8",
                                "P": "1031",
                                "S": "10",
                                "T": "2.1",
                                "V": "26000",
                                "W": "8",
                                "Pt": "S",
                                "Dp": "-2.9",
                                "$": "1320"
                            },
                            {
                                "D": "ENE",
                                "G": "22",
                                "H": "63.8",
                                "P": "1031",
                                "S": "14",
                                "T": "2.3",
                                "V": "29000",
                                "W": "8",
                                "Pt": "F",
                                "Dp": "-3.7",
                                "$": "1380"
                            }
                        ]
                    },
                    {
                        "type": "Day",
                        "value": "2024-01-09Z",
                        "Rep": [
                            {
                                "D": "ENE",
                                "G": "28",
                                "H": "64.2",
                                "P": "1031",
                                "S": "13",
                                "T": "2.0",
                                "V": "29000",
                                "W": "8",
                                "Pt": "S",
                                "Dp": "-3.9",
                                "$": "0"
                            },
                            {
                                "D": "ENE",
                                "G": "24",
                                "H": "67.3",
                                "P": "1031",
                                "S": "13",
                                "T": "2.0",
                                "V": "27000",
                                "W": "8",
                                "Pt": "R",
                                "Dp": "-3.3",
                                "$": "60"
                            },
                            {
                                "D": "NE",
                                "G": "16",
                                "H": "67.3",
                                "P": "1031",
                                "S": "9",
                                "T": "2.0",
                                "V": "28000",
                                "W": "8",
                                "Pt": "F",
                                "Dp": "-3.3",
                                "$": "120"
                            },
                            {
                                "D": "NE",
                                "G": "19",
                                "H": "67.7",
                                "P": "1031",
                                "S": "10",
                                "T": "2.1",
                                "V": "28000",
                                "W": "8",
                                "Pt": "F",
                                "Dp": "-3.1",
                                "$": "180"
                            },
                            {
                                "D": "ENE",
                                "G": "29",
                                "H": "66.8",
                                "P": "1030",
                                "S": "14",
                                "T": "2.2",
                                "V": "27000",
                                "W": "8",
                                "Pt": "F",
                                "Dp": "-3.2",
                                "$": "240"
                            },
                            {
                                "D": "ENE",
                                "G": "22",
                                "H": "69.4",
                                "P": "1030",
                                "S": "11",
                                "T": "2.2",
                                "V": "27000",
                                "W": "8",
                                "Pt": "F",
                                "Dp": "-2.7",
                                "$": "300"
                            },
                            {
                                "D": "NE",
                                "G": "19",
                                "H": "70.0",
                                "P": "1030",
                                "S": "10",
                                "T": "2.2",
                                "V": "26000",
                                "W": "8",
                                "Pt": "F",
                                "Dp": "-2.6",
                                "$": "360"
                            },
                            {
                                "D": "NE",
                                "G": "21",
                                "H": "70.5",
                                "P": "1031",
                                "S": "11",
                                "T": "2.1",
                                "V": "26000",
                                "W": "8",
                                "Pt": "R",
                                "Dp": "-2.6",
                                "$": "420"
                            },
                            {
                                "D": "NE",
                                "G": "22",
                                "H": "70.8",
                                "P": "1031",
                                "S": "11",
                                "T": "2.0",
                                "V": "27000",
                                "W": "8",
                                "Pt": "R",
                                "Dp": "-2.6",
                                "$": "480"
                            },
                            {
                                "D": "ENE",
                                "G": "24",
                                "H": "71.4",
                                "P": "1031",
                                "S": "11",
                                "T": "2.1",
                                "V": "26000",
                                "W": "8",
                                "Pt": "R",
                                "Dp": "-2.4",
                                "$": "540"
                            },
                            {
                                "D": "NE",
                                "G": "25",
                                "H": "72.7",
                                "P": "1031",
                                "S": "11",
                                "T": "2.3",
                                "V": "25000",
                                "W": "8",
                                "Pt": "R",
                                "Dp": "-2.0",
                                "$": "600"
                            },
                            {
                                "D": "NE",
                                "G": "25",
                                "H": "70.1",
                                "P": "1031",
                                "S": "10",
                                "T": "2.9",
                                "V": "27000",
                                "W": "7",
                                "Pt": "R",
                                "Dp": "-1.9",
                                "$": "660"
                            },
                            {
                                "D": "ENE",
                                "G": "25",
                                "H": "63.7",
                                "P": "1031",
                                "S": "13",
                                "T": "3.8",
                                "V": "30000",
                                "W": "1",
                                "Pt": "F",
                                "Dp": "-2.3",
                                "$": "720"
                            },
                            {
                                "D": "ENE",
                                "G": "32",
                                "H": "57.8",
                                "P": "1030",
                                "S": "17",
                                "T": "4.1",
                                "V": "35000",
                                "W": "1",
                                "Pt": "F",
                                "Dp": "-3.3",
                                "$": "780"
                            },
                            {
                                "D": "NE",
                                "G": "26",
                                "H": "60.6",
                                "P": "1030",
                                "S": "17",
                                "T": "4.1",
                                "V": "30000",
                                "W": "1",
                                "Pt": "F",
                                "Dp": "-2.7",
                                "$": "840"
                            },
                            {
                                "D": "NE",
                                "G": "25",
                                "H": "64.2",
                                "P": "1030",
                                "S": "13",
                                "T": "3.8",
                                "V": "30000",
                                "W": "1",
                                "Pt": "F",
                                "Dp": "-2.2",
                                "$": "900"
                            },
                            {
                                "D": "NE",
                                "G": "25",
                                "H": "64.6",
                                "P": "1030",
                                "S": "15",
                                "T": "3.3",
                                "V": "30000",
                                "W": "0",
                                "Pt": "F",
                                "Dp": "-2.6",
                                "$": "960"
                            }
                        ]
                    }
                ]
            }
        }
    }
}