{
    "SiteRep": {
        "Wx": {
            "Param": [
                {
                    "name": "G",
                    "units": "mph",
                    "$": "Wind Gust"
                },
                {
                    "name": "T",
                    "units": "C",
                    "$": "Temperature"
                },
                {
                    "name": "V",
                    "units": "m",
                    "$": "Visibility"
                },
                {
                    "name": "D",
                    "units": "compass",
                    "$": "Wind Direction"
                },
                {
                    "name": "S",
                    "units": "mph",
                    "$": "Wind Speed"
                },
                {
                    "name": "W",
                    "units": "",
                    "$": "Weather Type"
                },
                {
                    "name": "P",
                    "units": "hpa",
                    "$": "Pressure"
                },
                {
                    "name": "Pt",
                    "units": "Pa/s",
                    "$": "Pressure Tendency"
                },
                {
                    "name": "Dp",
                    "units": "C",
                    "$": "Dew Point"
                },
                {
                    "name": "H",
                    "units": "%",
                    "$": "Screen Relative Humidity"
                }
            ]
        },
        "DV": {
            "dataDate": "2024-01-06T16:00:00Z",
            "type": "Obs",
            "Location": {
                "i": "3772",
                "lat": "51.479",
                "lon": "-0.449",
                "name": "HEATHROW",
                "country": "ENGLAND",
                "continent": "EUROPE",
                "elevation": "25.0",
                "Period": [
                    {
                        "type": "Day",
                        "value": "2024-01-05Z",
                        "Rep": [
                            {
                                "D": "WNW",
                                "G": "13",
                                "H": "78.9",
                                "P": "1004",
                                "S": "7",
                                "T": "7.4",
                                "V": "35000",
                                "W": "8",
                                "Pt": "R",
                                "Dp": "4.0",
                                "$": "960"
                            },
                            {
                                "D": "WNW",
                                "G": "13",
                                "H": "76.8",
                                "P": "1005",
                                "S": "8",
                                "T": "7.5",
                                "V": "45000",
                                "W": "8",
                                "Pt": "R",
                                "Dp": "3.7",
                                "$": "1020"
                            },
                            {
                                "D": "WNW",
                                "G": "11",
                                "H": "81.1",
                                "P": "1006",
                                "S": "6",
                                "T": "7.3",
                                "V": "35000",
                                "W": "8",
                                "Pt": "R",
                                "Dp": "4.3",
                                "$": "1080"
                            },
                            {
                                "D": "NW",
                                "G": "13",
                                "H": "83.4",
                                "P": "1007",
                                "S": "5",
                                "T": "7.0",
                                "V": "20000",
                                "W": "12",
                                "Pt": "R",
                                "Dp": "4.4",
                                "$": "1140"
                            },
                            {
                                "D": "W",
                                "G": "8",
                                "H": "86.4",
                                "P": "1007",
                                "S": "6",
                                "T": "7.0",
                                "V": "26000",
                                "W": "8",
                                "Pt": "R",
                                "Dp": "4.9",
                                "$": "1200"
                            },
                            {
                                "D": "NW",
                                "G": "9",
                                "H": "88.3",
                                "P": "1008",
                                "S": "3",
                                "T": "6.8",
                                "V": "20000",
                                "W": "12",
                                "Pt": "R",
                                "Dp": "5.0",
                                "$": "1260"
                            },
                            {
                                "D": "WNW",
                                "G": "5",
                                "H": "88.8",
                                "P": "1008",
                                "S": "3",
                                "T": "6.6",
                                "V": "21000",
                                "W": "8",
                                "Pt": "R",
                                "Dp": "4.9",
                                "$": "1320"
                            },
                            {
                                "D": "NW",
                                "G": "6",
                                "H": "88.8",
                                "P": "1009",
                                "S": "2",
                                "T": "6.5",
                                "V": "19000",
                                "W": "8",
                                "Pt": "R",
                                "Dp": "4.8",
                                "$": "1380"
                            }
                        ]
                    },
                    {
                        "type": "Day",
                        "value": "2024-01-06Z",
                        "Rep": [
                            {
                                "D": "NW",
                                "G": "5",
                                "H": "90.1",
                                "P": "1010",
                                "S": "3",
                                "T": "6.2",
                                "V": "15000",
                                "W": "8",
                                "Pt": "R",
                                "Dp": "4.7",
                                "$": "0"
                            },
                            {
                                "D": "W",
                                "G": "6",
                                "H": "90.7",
                                "P": "1010",
                                "S": "2",
                                "T": "6.1",
                                "V": "10000",
                                "W": "8",
                                "Pt": "R",
                                "Dp": "4.7",
                                "$": "60"
                            },
                            {
                                "D": "NW",
                                "G": "9",
                                "H": "90.6",
                                "P": "1010",
                                "S": "5",
                                "T": "5.9",
                                "V": "10000",
                                "W": "8",
                                "Pt": "R",
                                "Dp": "4.5",
                                "$": "120"
                            },
                            {
                                "D": "NW",
                                "G": "7",
                                "H": "91.4",
                                "P": "1011",
                                "S": "2",
                                "T": "6.0",
                                "V": "8000",
                                "W": "5",
                                "Pt": "R",
                                "Dp": "4.7",
                                "$": "180"
                            },
                            {
                                "D": "WNW",
                                "G": "7",
                                "H": "92.0",
                                "P": "1011",
                                "S": "3",
                                "T": "6.0",
                                "V": "7000",
                                "W": "8",
                                "Pt": "R",
                                "Dp": "4.8",
                                "$": "240"
                            },
                            {
                                "D": "N",
                                "G": "8",
                                "H": "92.5",
                                "P": "1012",
                                "S": "3",
                                "T": "5.8",
                                "V": "7000",
                                "W": "8",
                                "Pt": "R",
                                "Dp": "4.7",
                                "$": "300"
                            },
                            {
                                "D": "NNW",
                                "G": "9",
                                "H": "87.4",
                                "P": "1013",
                                "S": "5",
                                "T": "5.7",
                                "V": "17000",
                                "W": "8",
                                "Pt": "R",
                                "Dp": "3.8",
                                "$": "360"
                            },
                            {
                                "D": "N",
                                "G": "9",
                                "H": "83.8",
                                "P": "1014",
                                "S": "3",
                                "T": "5.7",
                                "V": "30000",
                                "W": "5",
                                "Pt": "R",
                                "Dp": "3.2",
                                "$": "420"
                            },
                            {
                                "D": "NNW",
                                "G": "9",
                                "H": "83.7",
                                "P": "1015",
                                "S": "6",
                                "T": "5.7",
                                "V": "24000",
                                "W": "8",
                                "Pt": "R",
                                "Dp": "3.2",
                                "$": "480"
                            },
                            {
                                "D": "NW",
                                "G": "9",
                                "H": "84.9",
                                "P": "1015",
                                "S": "6",
                                "T": "5.5",
                                "V": "28000",
                                "W": "8",
                                "Pt": "R",
                                "Dp": "3.2",
                                "$": "540"
                            },
                            {
                                "D": "NW",
                                "G": "10",
                                "H": "85.5",
                                "P": "1016",
                                "S": "6",
                                "T": "5.6",
                                "V": "29000",
                                "W": "8",
                                "Pt": "R",
                                "Dp": "3.4",
                                "$": "600"
                            },
                            {
                                "D": "NNW",
                                "G": "10",
                                "H": "82.1",
                                "P": "1017",
                                "S": "5",
                                "T": "6.1",
                                "V": "30000",
                                "W": "8",
                                "Pt": "R",
                                "Dp": "3.3",
                                "$": "660"
                            },
                            {
                                "D": "N",
                                "G": "13",
                                "H": "80.2",
                                "P": "1017",
                                "S": "6",
                                "T": "6.4",
                                "V": "30000",
                                "W": "8",
                                "Pt": "R",
                                "Dp": "3.3",
                                "$": "720"
                            },
                            {
                                "D": "NNW",
                                "G": "10",
                                "H": "79.2",
                                "P": "1017",
                                "S": "7",
                                "T": "6.6",
                                "V": "35000",
                                "W": "7",
                                "Pt": "R",
                                "Dp": "3.3",
                                "$": "780"
                            },
                            {
                                "D": "N",
                                "G": "13",
                                "H": "76.0",
                                "P": "1017",
                                "S": "6",
                                "T": "6.9",
                                "V": "40000",
                                "W": "8",
                                "Pt": "R",
                                "Dp": "3.0",
                                "$": "840"
                            },
                            {
                                "D": "NNW",
                                "G": "15",
                                "H": "76.4",
                                "P": "1018",
                                "S": "6",
                                "T": "6.6",
                                "V": "50000",
                                "W": "8",
                                "Pt": "R",
                                "Dp": "2.8",
                                "$": "900"
                            },
                            {
                                "D": "N",
                                "G": "13",
                                "H": "75.3",
                                "P": "1018",
                                "S": "7",
                                "T": "6.3",
                                "V": "55000",
                                "W": "8",
                                "Pt": "R",
                                "Dp": "2.3",
                                "$": "960"
                            }
                        ]
                    }
                ]
            }
        }
    }
}