{
    "SiteRep": {
        "Wx": {
            "Param": [
                {
                    "name": "G",
                    "units": "mph",
                    "$": "Wind Gust"
                },
                {
                    "name": "T",
                    "units": "C",
                    "$": "Temperature"
                },
                {
                    "name": "V",
                    "units": "m",
                    "$": "Visibility"
                },
                {
                    "name": "D",
                    "units": "compass",
                    "$": "Wind Direction"
                },
                {
                    "name": "S",
                    "units": "mph",
                    "$": "Wind Speed"
                },
                {
                    "name": "W",
                    "units": "",
                    "$": "Weather Type"
                },
                {
                    "name": "P",
                    "units": "hpa",
                    "$": "Pressure"
                },
                {
                    "name": "Pt",
                    "units": "Pa/s",
                    "$": "Pressure Tendency"
                },
                {
                    "name": "Dp",
                    "units": "C",
                    "$": "Dew Point"
                },
                {
                    "name": "H",
                    "units": "%",
                    "$": "Screen Relative Humidity"
                }
            ]
        },
        "DV": {
            "dataDate": "2023-09-03T16:00:00Z",
            "type": "Obs",
            "Location": {
                "i": "3772",
                "lat": "51.479",
                "lon": "-0.449",
                "name": "HEATHROW",
                "country": "ENGLAND",
                "continent": "EUROPE",
                "elevation": "25.0",
                "Period": [
                    {
                        "type": "Day",
                        "value": "2023-09-02Z",
                        "Rep": [
                            {
                                "D": "E",
                                "G": "18",
                                "H": "54.4",
                                "P": "1022",
                                "S": "10",
                                "T": "24.2",
                                "V": "45000",
                                "W": "1",
                                "Pt": "R",
                                "Dp": "14.5",
                                "$": "960"
                            },
                            {
                                "D": "E",
                                "G": "15",
                                "H": "58.4",
                                "P": "1022",
                                "S": "10",
                                "T": "22.7",
                                "V": "40000",
                                "W": "7",
                                "Pt": "R",
                                "Dp": "14.2",
                                "$": "1020"
                            },
                            {
                                "D": "E",
                                "G": "14",
                                "H": "63.3",
                                "P": "1022",
                                "S": "7",
                                "T": "21.8",
                                "V": "35000",
                                "W": "1",
                                "Pt": "R",
                                "Dp": "14.6",
                                "$": "1080"
                            },
                            {
                                "D": "E",
                                "G": "14",
                                "H": "70.4",
                                "P": "1023",
                                "S": "9",
                                "T": "20.0",
                                "V": "28000",
                                "W": "0",
                                "Pt": "R",
                                "Dp": "14.5",
                                "$": "1140"
                            },
                            {
                                "D": "E",
                                "G": "15",
                                "H": "77.4",
                                "P": "1024",
                                "S": "9",
                                "T": "18.8",
                                "V": "22000",
                                "W": "0",
                                "Pt": "R",
                                "Dp": "14.8",
                                "$": "1200"
                            },
                            {
                                "D": "E",
                                "G": "14",
                                "H": "82.0",
                                "P": "1025",
                                "S": "6",
                                "T": "18.2",
                                "V": "16000",
                                "W": "0",
                                "Pt": "R",
                                "Dp": "15.1",
                                "$": "1260"
                            },
                            {
                                "D": "ENE",
                                "G": "11",
                                "H": "86.8",
                                "P": "1025",
                                "S": "6",
                                "T": "17.8",
                                "V": "11000",
                                "W": "0",
                                "Pt": "R",
                                "Dp": "15.6",
                                "$": "1320"
                            },
                            {
                                "D": "E",
                                "G": "7",
                                "H": "87.2",
                                "P": "1025",
                                "S": "3",
                                "T": "16.4",
                                "V": "10000",
                                "W": "5",
                                "Pt": "R",
                                "Dp": "14.3",
                                "$": "1380"
                            }
                        ]
                    },
                    {
                        "type": "Day",
                        "value": "2023-09-03Z",
                        "Rep": [
                            {
                                "D": "NNE",
                                "G": "5",
                                "H": "88.4",
                                "P": "1026",
                                "S": "3",
                                "T": "16.4",
                                "V": "9000",
                                "W": "0",
                                "Pt": "R",
                                "Dp": "14.5",
                                "$": "0"
                            },
                            {
                                "D": "NNE",
                                "G": "6",
                                "H": "92.5",
                                "P": "1026",
                                "S": "3",
                                "T": "15.9",
                                "V": "5000",
                                "W": "5",
                                "Pt": "R",
                                "Dp": "14.7",
                                "$": "60"
                            },
                            {
                                "D": "N",
                                "G": "5",
                                "H": "93.0",
                                "P": "1026",
                                "S": "1",
                                "T": "15.0",
                                "V": "5000",
                                "W": "5",
                                "Pt": "R",
                                "Dp": "13.9",
                                "$": "120"
                            },
                            {
                                "D": "N",
                                "G": "6",
                                "H": "94.9",
                                "P": "1026",
                                "S": "3",
                                "T": "14.8",
                                "V": "3800",
                                "W": "5",
                                "Pt": "R",
                                "Dp": "14.0",
                                "$": "180"
                            },
                            {
                                "D": "NNE",
                                "G": "7",
                                "H": "95.6",
                                "P": "1026",
                                "S": "3",
                                "T": "14.4",
                                "V": "4700",
                                "W": "5",
                                "Pt": "R",
                                "Dp": "13.7",
                                "$": "240"
                            },
                            {
                                "D": "N",
                                "G": "6",
                                "H": "94.9",
                                "P": "1026",
                                "S": "0",
                                "T": "13.6",
                                "V": "4500",
                                "W": "5",
                                "Pt": "R",
                                "Dp": "12.8",
                                "$": "300"
                            },
                            {
                                "D": "N",
                                "G": "5",
                                "H": "96.2",
                                "P": "1027",
                                "S": "0",
                                "T": "14.1",
                                "V": "4800",
                                "W": "5",
                                "Pt": "R",
                                "Dp": "13.5",
                                "$": "360"
                            },
                            {
                                "D": "N",
                                "G": "6",
                                "H": "93.7",
                                "P": "1027",
                                "S": "3",
                                "T": "15.4",
                                "V": "7000",
                                "W": "5",
                                "Pt": "R",
                                "Dp": "14.4",
                                "$": "420"
                            },
                            {
                                "D": "NNE",
                                "G": "7",
                                "H": "85.7",
                                "P": "1027",
                                "S": "3",
                                "T": "17.4",
                                "V": "10000",
                                "W": "1",
                                "Pt": "R",
                                "Dp": "15.0",
                                "$": "480"
                            },
                            {
                                "D": "N",
                                "G": "7",
                                "H": "73.3",
                                "P": "1027",
                                "S": "5",
                                "T": "20.7",
                                "V": "19000",
                                "W": "1",
                                "Pt": "R",
                                "Dp": "15.8",
                                "$": "540"
                            },
                            {
                                "D": "NNE",
                                "G": "11",
                                "H": "62.5",
                                "P": "1027",
                                "S": "6",
                                "T": "22.0",
                                "V": "30000",
                                "W": "1",
                                "Pt": "R",
                                "Dp": "14.6",
                                "$": "600"
                            },
                            {
                                "D": "E",
                                "G": "10",
                                "H": "57.7",
                                "P": "1027",
                                "S": "6",
                                "T": "23.3",
                                "V": "35000",
                                "W": "1",
                                "Pt": "R",
                                "Dp": "14.6",
                                "$": "660"
                            },
                            {
                                "D": "N",
                                "G": "10",
                                "H": "54.5",
                                "P": "1027",
                                "S": "2",
                                "T": "23.8",
                                "V": "35000",
                                "W": "1",
                                "Pt": "R",
                                "Dp": "14.2",
                                "$": "720"
                            },
                            {
                                "D": "N",
                                "G": "9",
                                "H": "51.7",
                                "P": "1027",
                                "S": "3",
                                "T": "25.1",
                                "V": "40000",
                                "W": "3",
                                "Pt": "F",
                                "Dp": "14.6",
                                "$": "780"
                            },
                            {
                                "D": "WNW",
                                "G": "8",
                                "H": "43.9",
                                "P": "1026",
                                "S": "3",
                                "T": "26.3",
                                "V": "45000",
                                "W": "1",
                                "Pt": "F",
                                "Dp": "13.2",
                                "$": "840"
                            },
                            {
                                "D": "N",
                                "G": "14",
                                "H": "46.6",
                                "P": "1026",
                                "S": "7",
                                "T": "26.2",
                                "V": "40000",
                                "W": "1",
                                "Pt": "F",
                                "Dp": "14.0",
                                "$": "900"
                            },
                            {
                                "D": "N",
                                "G": "11",
                                "H": "45.4",
                                "P": "1026",
                                "S": "5",
                                "T": "26.4",
                                "V": "40000",
                                "W": "1",
                                "Pt": "F",
                                "Dp": "13.8",
                                "$": "960"
                            }
                        ]
                    }
                ]
            }
        }
    }
}