{
    "SiteRep": {
        "Wx": {
            "Param": [
                {
                    "name": "G",
                    "units": "mph",
                    "$": "Wind Gust"
                },
                {
                    "name": "T",
                    "units": "C",
                    "$": "Temperature"
                },
                {
                    "name": "V",
                    "units": "m",
                    "$": "Visibility"
                },
                {
                    "name": "D",
                    "units": "compass",
                    "$": "Wind Direction"
                },
                {
                    "name": "S",
                    "units": "mph",
                    "$": "Wind Speed"
                },
                {
                    "name": "W",
                    "units": "",
                    "$": "Weather Type"
                },
                {
                    "name": "P",
                    "units": "hpa",
                    "$": "Pressure"
                },
                {
                    "name": "Pt",
                    "units": "Pa/s",
                    "$": "Pressure Tendency"
                },
                {
                    "name": "Dp",
                    "units": "C",
                    "$": "Dew Point"
                },
                {
                    "name": "H",
                    "units": "%",
                    "$": "Screen Relative Humidity"
                }
            ]
        },
        "DV": {
            "dataDate": "2024-07-26T16:00:00Z",
            "type": "Obs",
            "Location": {
                "i": "3772",
                "lat": "51.479",
                "lon": "-0.449",
                "name": "HEATHROW",
                "country": "ENGLAND",
                "continent": "EUROPE",
                "elevation": "25.0",
                "Period": [
                    {
                        "type": "Day",
                        "value": "2024-07-25Z",
                        "Rep": [
                            {
                                "D": "S",
                                "G": "19",
                                "H": "83.9",
                                "P": "1009",
                                "S": "13",
                                "T": "19.5",
                                "V": "75000",
                                "W": "8",
                                "Pt": "F",
                                "Dp": "16.7",
                                "$": "960"
                            },
                            {
                                "D": "S",
                                "G": "17",
                                "H": "85.4",
                                "P": "1008",
                                "S": "10",
                                "T": "19.2",
                                "V": "75000",
                                "W": "8",
                                "Pt": "F",
                                "Dp": "16.7",
                                "$": "1020"
                            },
                            {
                                "D": "S",
                                "G": "17",
                                "H": "87.6",
                                "P": "1008",
                                "S": "10",
                                "T": "18.9",
                                "V": "75000",
                                "W": "8",
                                "Pt": "F",
                                "Dp": "16.8",
                                "$": "1080"
                            },
                            {
                                "D": "SSW",
                                "G": "17",
                                "H": "96.2",
                                "P": "1008",
                                "S": "10",
                                "T": "18.0",
                                "V": "1000",
                                "W": "15",
                                "Pt": "F",
                                "Dp": "17.4",
                                "$": "1140"
                            },
                            {
                                "D": "SSW",
                                "G": "14",
                                "H": "95.1",
                                "P": "1008",
                                "S": "9",
                                "T": "18.3",
                                "V": "50000",
                                "W": "8",
                                "Pt": "F",
                                "Dp": "17.5",
                                "$": "1200"
                            },
                            {
                                "D": "SW",
                                "G": "15",
                                "H": "94.5",
                                "P": "1008",
                                "S": "9",
                                "T": "18.5",
                                "V": "40000",
                                "W": "11",
                                "Pt": "R",
                                "Dp": "17.6",
                                "$": "1260"
                            },
                            {
                                "D": "W",
                                "G": "17",
                                "H": "80.9",
                                "P": "1008",
                                "S": "11",
                                "T": "17.7",
                                "V": "65000",
                                "W": "7",
                                "Pt": "R",
                                "Dp": "14.4",
                                "$": "1320"
                            },
                            {
                                "D": "W",
                                "G": "22",
                                "H": "82.9",
                                "P": "1009",
                                "S": "10",
                                "T": "16.3",
                                "V": "55000",
                                "W": "0",
                                "Pt": "R",
                                "Dp": "13.4",
                                "$": "1380"
                            }
                        ]
                    },
                    {
                        "type": "Day",
                        "value": "2024-07-26Z",
                        "Rep": [
                            {
                                "D": "W",
                                "G": "15",
                                "H": "87.7",
                                "P": "1009",
                                "S": "10",
                                "T": "14.9",
                                "V": "50000",
                                "W": "0",
                                "Pt": "R",
                                "Dp": "12.9",
                                "$": "0"
                            },
                            {
                                "D": "W",
                                "G": "16",
                                "H": "88.9",
                                "P": "1009",
                                "S": "11",
                                "T": "14.4",
                                "V": "40000",
                                "W": "0",
                                "Pt": "R",
                                "Dp": "12.6",
                                "$": "60"
                            },
                            {
                                "D": "W",
                                "G": "13",
                                "H": "90.6",
                                "P": "1009",
                                "S": "8",
                                "T": "13.9",
                                "V": "45000",
                                "W": "2",
                                "Pt": "R",
                                "Dp": "12.4",
                                "$": "120"
                            },
                            {
                                "D": "WSW",
                                "G": "13",
                                "H": "92.5",
                                "P": "1009",
                                "S": "8",
                                "T": "13.8",
                                "V": "40000",
                                "W": "0",
                                "Pt": "R",
                                "Dp": "12.6",
                                "$": "180"
                            },
                            {
                                "D": "SW",
                                "G": "9",
                                "H": "93.6",
                                "P": "1009",
                                "S": "5",
                                "T": "13.4",
                                "V": "35000",
                                "W": "0",
                                "Pt": "R",
                                "Dp": "12.4",
                                "$": "240"
                            },
                            {
                                "D": "SSW",
                                "G": "9",
                                "H": "94.2",
                                "P": "1010",
                                "S": "6",
                                "T": "13.6",
                                "V": "30000",
                                "W": "1",
                                "Pt": "R",
                                "Dp": "12.7",
                                "$": "300"
                            },
                            {
                                "D": "SW",
                                "G": "13",
                                "H": "90.1",
                                "P": "1010",
                                "S": "8",
                                "T": "14.3",
                                "V": "30000",
                                "W": "3",
                                "Pt": "R",
                                "Dp": "12.7",
                                "$": "360"
                            },
                            {
                                "D": "W",
                                "G": "16",
                                "H": "86.1",
                                "P": "1011",
                                "S": "11",
                                "T": "15.6",
                                "V": "28000",
                                "W": "7",
                                "Pt": "R",
                                "Dp": "13.3",
                                "$": "420"
                            },
                            {
                                "D": "WSW",
                                "G": "16",
                                "H": "79.4",
                                "P": "1011",
                                "S": "9",
                                "T": "17.5",
                                "V": "30000",
                                "W": "3",
                                "Pt": "R",
                                "Dp": "13.9",
                                "$": "480"
                            },
                            {
                                "D": "W",
                                "G": "14",
                                "H": "72.5",
                                "P": "1011",
                                "S": "6",
                                "T": "18.4",
                                "V": "35000",
                                "W": "8",
                                "Pt": "R",
                                "Dp": "13.4",
                                "$": "540"
                            },
                            {
                                "D": "WSW",
                                "G": "16",
                                "H": "59.6",
                                "P": "1011",
                                "S": "8",
                                "T": "20.5",
                                "V": "17000",
                                "W": "3",
                                "Pt": "R",
                                "Dp": "12.4",
                                "$": "600"
                            },
                            {
                                "D": "WSW",
                                "G": "17",
                                "H": "51.7",
                                "P": "1011",
                                "S": "11",
                                "T": "21.4",
                                "V": "60000",
                                "W": "1",
                                "Pt": "R",
                                "Dp": "11.1",
                                "$": "660"
                            },
                            {
                                "D": "W",
                                "G": "17",
                                "H": "50.3",
                                "P": "1011",
                                "S": "8",
                                "T": "21.4",
                                "V": "50000",
                                "W": "8",
                                "Pt": "F",
                                "Dp": "10.7",
                                "$": "720"
                            },
                            {
                                "D": "WSW",
                                "G": "17",
                                "H": "46.3",
                                "P": "1011",
                                "S": "9",
                                "T": "23.3",
                                "V": "55000",
                                "W": "3",
                                "Pt": "S",
                                "Dp": "11.2",
                                "$": "780"
                            },
                            {
                                "D": "WSW",
                                "G": "19",
                                "H": "44.9",
                                "P": "1011",
                                "S": "11",
                                "T": "22.9",
                                "V": "55000",
                                "W": "3",
                                "Pt": "F",
                                "Dp": "10.4",
                                "$": "840"
                            },
                            {
                                "D": "SW",
                                "G": "19",
                                "H": "49.5",
                                "P": "1011",
                                "S": "9",
                                "T": "22.0",
                                "V": "45000",
                                "W": "7",
                                "Pt": "R",
                                "Dp": "11.0",
                                "$": "900"
                            },
                            {
                                "D": "WSW",
                                "G": "17",
                                "H": "47.2",
                                "P": "1010",
                                "S": "9",
                                "T": "21.9",
                                "V": "55000",
                                "W": "8",
                                "Pt": "F",
                                "Dp": "10.2",
                                "$": "960"
                            }
                        ]
                    }
                ]
            }
        }
    }
}