{
    "SiteRep": {
        "Wx": {
            "Param": [
                {
                    "name": "G",
                    "units": "mph",
                    "$": "Wind Gust"
                },
                {
                    "name": "T",
                    "units": "C",
                    "$": "Temperature"
                },
                {
                    "name": "V",
                    "units": "m",
                    "$": "Visibility"
                },
                {
                    "name": "D",
                    "units": "compass",
                    "$": "Wind Direction"
                },
                {
                    "name": "S",
                    "units": "mph",
                    "$": "Wind Speed"
                },
                {
                    "name": "W",
                    "units": "",
                    "$": "Weather Type"
                },
                {
                    "name": "P",
                    "units": "hpa",
                    "$": "Pressure"
                },
                {
                    "name": "Pt",
                    "units": "Pa/s",
                    "$": "Pressure Tendency"
                },
                {
                    "name": "Dp",
                    "units": "C",
                    "$": "Dew Point"
                },
                {
                    "name": "H",
                    "units": "%",
                    "$": "Screen Relative Humidity"
                }
            ]
        },
        "DV": {
            "dataDate": "2024-07-24T16:00:00Z",
            "type": "Obs",
            "Location": {
                "i": "3772",
                "lat": "51.479",
                "lon": "-0.449",
                "name": "HEATHROW",
                "country": "ENGLAND",
                "continent": "EUROPE",
                "elevation": "25.0",
                "Period": [
                    {
                        "type": "Day",
                        "value": "2024-07-23Z",
                        "Rep": [
                            {
                                "D": "NW",
                                "G": "11",
                                "H": "51.4",
                                "P": "1019",
                                "S": "6",
                                "T": "23.5",
                                "V": "75000",
                                "W": "7",
                                "Pt": "R",
                                "Dp": "13.0",
                                "$": "960"
                            },
                            {
                                "D": "WNW",
                                "G": "10",
                                "H": "50.8",
                                "P": "1020",
                                "S": "6",
                                "T": "23.9",
                                "V": "75000",
                                "W": "7",
                                "Pt": "R",
                                "Dp": "13.2",
                                "$": "1020"
                            },
                            {
                                "D": "N",
                                "G": "10",
                                "H": "52.3",
                                "P": "1020",
                                "S": "3",
                                "T": "23.1",
                                "V": "75000",
                                "W": "8",
                                "Pt": "R",
                                "Dp": "12.9",
                                "$": "1080"
                            },
                            {
                                "D": "NW",
                                "G": "9",
                                "H": "53.3",
                                "P": "1020",
                                "S": "3",
                                "T": "22.7",
                                "V": "75000",
                                "W": "8",
                                "Pt": "R",
                                "Dp": "12.8",
                                "$": "1140"
                            },
                            {
                                "D": "NE",
                                "G": "9",
                                "H": "57.3",
                                "P": "1021",
                                "S": "3",
                                "T": "21.6",
                                "V": "55000",
                                "W": "7",
                                "Pt": "R",
                                "Dp": "12.9",
                                "$": "1200"
                            },
                            {
                                "D": "ENE",
                                "G": "9",
                                "H": "62.7",
                                "P": "1021",
                                "S": "6",
                                "T": "20.9",
                                "V": "60000",
                                "W": "8",
                                "Pt": "R",
                                "Dp": "13.6",
                                "$": "1260"
                            },
                            {
                                "D": "ENE",
                                "G": "9",
                                "H": "65.4",
                                "P": "1022",
                                "S": "6",
                                "T": "19.9",
                                "V": "60000",
                                "W": "8",
                                "Pt": "R",
                                "Dp": "13.3",
                                "$": "1320"
                            },
                            {
                                "D": "ENE",
                                "G": "10",
                                "H": "67.5",
                                "P": "1022",
                                "S": "6",
                                "T": "19.0",
                                "V": "65000",
                                "W": "0",
                                "Pt": "R",
                                "Dp": "12.9",
                                "$": "1380"
                            }
                        ]
                    },
                    {
                        "type": "Day",
                        "value": "2024-07-24Z",
                        "Rep": [
                            {
                                "D": "ENE",
                                "G": "9",
                                "H": "72.4",
                                "P": "1022",
                                "S": "6",
                                "T": "18.6",
                                "V": "55000",
                                "W": "7",
                                "Pt": "R",
                                "Dp": "13.6",
                                "$": "0"
                            },
                            {
                                "D": "E",
                                "G": "10",
                                "H": "78.2",
                                "P": "1022",
                                "S": "5",
                                "T": "17.3",
                                "V": "50000",
                                "W": "0",
                                "Pt": "R",
                                "Dp": "13.5",
                                "$": "60"
                            },
                            {
                                "D": "E",
                                "G": "8",
                                "H": "84.0",
                                "P": "1021",
                                "S": "5",
                                "T": "17.0",
                                "V": "35000",
                                "W": "7",
                                "Pt": "F",
                                "Dp": "14.3",
                                "$": "120"
                            },
                            {
                                "D": "E",
                                "G": "8",
                                "H": "85.6",
                                "P": "1021",
                                "S": "5",
                                "T": "16.1",
                                "V": "30000",
                                "W": "7",
                                "Pt": "F",
                                "Dp": "13.7",
                                "$": "180"
                            },
                            {
                                "D": "E",
                                "G": "6",
                                "H": "89.0",
                                "P": "1021",
                                "S": "3",
                                "T": "16.1",
                                "V": "35000",
                                "W": "8",
                                "Pt": "F",
                                "Dp": "14.3",
                                "$": "240"
                            },
                            {
                                "D": "SE",
                                "G": "8",
                                "H": "88.9",
                                "P": "1021",
                                "S": "3",
                                "T": "15.6",
                                "V": "30000",
                                "W": "1",
                                "Pt": "S",
                                "Dp": "13.8",
                                "$": "300"
                            },
                            {
                                "D": "ESE",
                                "G": "8",
                                "H": "87.9",
                                "P": "1021",
                                "S": "5",
                                "T": "17.3",
                                "V": "30000",
                                "W": "1",
                                "Pt": "S",
                                "Dp": "15.3",
                                "$": "360"
                            },
                            {
                                "D": "SE",
                                "G": "9",
                                "H": "83.6",
                                "P": "1021",
                                "S": "6",
                                "T": "18.2",
                                "V": "24000",
                                "W": "1",
                                "Pt": "S",
                                "Dp": "15.4",
                                "$": "420"
                            },
                            {
                                "D": "S",
                                "G": "9",
                                "H": "78.5",
                                "P": "1021",
                                "S": "5",
                                "T": "19.6",
                                "V": "35000",
                                "W": "1",
                                "Pt": "F",
                                "Dp": "15.8",
                                "$": "480"
                            },
                            {
                                "D": "SSE",
                                "G": "10",
                                "H": "71.2",
                                "P": "1021",
                                "S": "6",
                                "T": "21.5",
                                "V": "35000",
                                "W": "1",
                                "Pt": "F",
                                "Dp": "16.1",
                                "$": "540"
                            },
                            {
                                "D": "SW",
                                "G": "15",
                                "H": "62.6",
                                "P": "1020",
                                "S": "7",
                                "T": "23.6",
                                "V": "50000",
                                "W": "8",
                                "Pt": "F",
                                "Dp": "16.1",
                                "$": "600"
                            },
                            {
                                "D": "SSE",
                                "G": "22",
                                "H": "56.8",
                                "P": "1020",
                                "S": "10",
                                "T": "23.6",
                                "V": "55000",
                                "W": "8",
                                "Pt": "F",
                                "Dp": "14.6",
                                "$": "660"
                            },
                            {
                                "D": "S",
                                "G": "19",
                                "H": "60.0",
                                "P": "1020",
                                "S": "13",
                                "T": "23.0",
                                "V": "40000",
                                "W": "12",
                                "Pt": "F",
                                "Dp": "14.9",
                                "$": "720"
                            },
                            {
                                "D": "SSW",
                                "G": "19",
                                "H": "54.8",
                                "P": "1019",
                                "S": "11",
                                "T": "24.3",
                                "V": "45000",
                                "W": "8",
                                "Pt": "F",
                                "Dp": "14.7",
                                "$": "780"
                            },
                            {
                                "D": "SW",
                                "G": "23",
                                "H": "49.5",
                                "P": "1019",
                                "S": "15",
                                "T": "25.2",
                                "V": "75000",
                                "W": "8",
                                "Pt": "F",
                                "Dp": "14.0",
                                "$": "840"
                            },
                            {
                                "D": "S",
                                "G": "25",
                                "H": "50.2",
                                "P": "1019",
                                "S": "16",
                                "T": "24.2",
                                "V": "65000",
                                "W": "7",
                                "Pt": "F",
                                "Dp": "13.3",
                                "$": "900"
                            },
                            {
                                "D": "SSW",
                                "G": "23",
                                "H": "54.1",
                                "P": "1018",
                                "S": "16",
                                "T": "23.0",
                                "V": "75000",
                                "W": "8",
                                "Pt": "F",
                                "Dp": "13.3",
                                "$": "960"
                            }
                        ]
                    }
                ]
            }
        }
    }
}