{
    "SiteRep": {
        "Wx": {
            "Param": [
                {
                    "name": "G",
                    "units": "mph",
                    "$": "Wind Gust"
                },
                {
                    "name": "T",
                    "units": "C",
                    "$": "Temperature"
                },
                {
                    "name": "V",
                    "units": "m",
                    "$": "Visibility"
                },
                {
                    "name": "D",
                    "units": "compass",
                    "$": "Wind Direction"
                },
                {
                    "name": "S",
                    "units": "mph",
                    "$": "Wind Speed"
                },
                {
                    "name": "W",
                    "units": "",
                    "$": "Weather Type"
                },
                {
                    "name": "P",
                    "units": "hpa",
                    "$": "Pressure"
                },
                {
                    "name": "Pt",
                    "units": "Pa/s",
                    "$": "Pressure Tendency"
                },
                {
                    "name": "Dp",
                    "units": "C",
                    "$": "Dew Point"
                },
                {
                    "name": "H",
                    "units": "%",
                    "$": "Screen Relative Humidity"
                }
            ]
        },
        "DV": {
            "dataDate": "2023-10-12T16:00:00Z",
            "type": "Obs",
            "Location": {
                "i": "3772",
                "lat": "51.479",
                "lon": "-0.449",
                "name": "HEATHROW",
                "country": "ENGLAND",
                "continent": "EUROPE",
                "elevation": "25.0",
                "Period": [
                    {
                        "type": "Day",
                        "value": "2023-10-11Z",
                        "Rep": [
                            {
                                "D": "SW",
                                "G": "23",
                                "H": "79.3",
                                "P": "1011",
                                "S": "13",
                                "T": "17.7",
                                "V": "20000",
                                "W": "8",
                                "Pt": "F",
                                "Dp": "14.1",
                                "$": "960"
                            },
                            {
                                "D": "SW",
                                "G": "23",
                                "H": "77.3",
                                "P": "1011",
                                "S": "13",
                                "T": "17.5",
                                "V": "19000",
                                "W": "8",
                                "Pt": "R",
                                "Dp": "13.5",
                                "$": "1020"
                            },
                            {
                                "D": "SW",
                                "G": "17",
                                "H": "78.8",
                                "P": "1011",
                                "S": "10",
                                "T": "17.2",
                                "V": "18000",
                                "W": "8",
                                "Pt": "R",
                                "Dp": "13.5",
                                "$": "1080"
                            },
                            {
                                "D": "SW",
                                "G": "17",
                                "H": "85.6",
                                "P": "1012",
                                "S": "11",
                                "T": "16.6",
                                "V": "5000",
                                "W": "12",
                                "Pt": "R",
                                "Dp": "14.2",
                                "$": "1140"
                            },
                            {
                                "D": "SSW",
                                "G": "17",
                                "H": "90.2",
                                "P": "1012",
                                "S": "10",
                                "T": "16.0",
                                "V": "12000",
                                "W": "12",
                                "Pt": "R",
                                "Dp": "14.4",
                                "$": "1200"
                            },
                            {
                                "D": "SW",
                                "G": "16",
                                "H": "92.5",
                                "P": "1012",
                                "S": "9",
                                "T": "15.8",
                                "V": "8000",
                                "W": "12",
                                "Pt": "R",
                                "Dp": "14.6",
                                "$": "1260"
                            },
                            {
                                "D": "S",
                                "G": "15",
                                "H": "95.6",
                                "P": "1011",
                                "S": "8",
                                "T": "15.7",
                                "V": "3400",
                                "W": "12",
                                "Pt": "F",
                                "Dp": "15.0",
                                "$": "1320"
                            },
                            {
                                "D": "WSW",
                                "G": "9",
                                "H": "95.6",
                                "P": "1011",
                                "S": "2",
                                "T": "15.7",
                                "V": "5000",
                                "W": "12",
                                "Pt": "F",
                                "Dp": "15.0",
                                "$": "1380"
                            }
                        ]
                    },
                    {
                        "type": "Day",
                        "value": "2023-10-12Z",
                        "Rep": [
                            {
                                "D": "SSE",
                                "G": "5",
                                "H": "96.2",
                                "P": "1011",
                                "S": "3",
                                "T": "15.8",
                                "V": "6000",
                                "W": "8",
                                "Pt": "F",
                                "Dp": "15.2",
                                "$": "0"
                            },
                            {
                                "D": "S",
                                "G": "7",
                                "H": "96.8",
                                "P": "1011",
                                "S": "5",
                                "T": "15.9",
                                "V": "7000",
                                "W": "8",
                                "Pt": "F",
                                "Dp": "15.4",
                                "$": "60"
                            },
                            {
                                "D": "SSW",
                                "G": "8",
                                "H": "96.8",
                                "P": "1011",
                                "S": "5",
                                "T": "15.9",
                                "V": "1700",
                                "W": "12",
                                "Pt": "F",
                                "Dp": "15.4",
                                "$": "120"
                            },
                            {
                                "D": "N",
                                "G": "9",
                                "H": "95.5",
                                "P": "1011",
                                "S": "5",
                                "T": "14.0",
                                "V": "800",
                                "W": "15",
                                "Pt": "F",
                                "Dp": "13.3",
                                "$": "180"
                            },
                            {
                                "D": "NNE",
                                "G": "13",
                                "H": "97.4",
                                "P": "1011",
                                "S": "7",
                                "T": "12.9",
                                "V": "3100",
                                "W": "15",
                                "Pt": "F",
                                "Dp": "12.5",
                                "$": "240"
                            },
                            {
                                "D": "NNE",
                                "G": "13",
                                "H": "97.4",
                                "P": "1011",
                                "S": "5",
                                "T": "12.8",
                                "V": "3500",
                                "W": "11",
                                "Pt": "S",
                                "Dp": "12.4",
                                "$": "300"
                            },
                            {
                                "D": "NE",
                                "G": "11",
                                "H": "97.4",
                                "P": "1011",
                                "S": "7",
                                "T": "12.6",
                                "V": "3200",
                                "W": "11",
                                "Pt": "R",
                                "Dp": "12.2",
                                "$": "360"
                            },
                            {
                                "D": "NE",
                                "G": "11",
                                "H": "98.0",
                                "P": "1011",
                                "S": "6",
                                "T": "12.7",
                                "V": "1600",
                                "W": "11",
                                "Pt": "R",
                                "Dp": "12.4",
                                "$": "420"
                            },
                            {
                                "D": "N",
                                "G": "8",
                                "H": "98.1",
                                "P": "1012",
                                "S": "3",
                                "T": "12.9",
                                "V": "2800",
                                "W": "11",
                                "Pt": "R",
                                "Dp": "12.6",
                                "$": "480"
                            },
                            {
                                "D": "N",
                                "G": "9",
                                "H": "98.1",
                                "P": "1012",
                                "S": "5",
                                "T": "13.1",
                                "V": "9000",
                                "W": "8",
                                "Pt": "R",
                                "Dp": "12.8",
                                "$": "540"
                            },
                            {
                                "D": "N",
                                "G": "8",
                                "H": "97.4",
                                "P": "1012",
                                "S": "3",
                                "T": "13.1",
                                "V": "3200",
                                "W": "11",
                                "Pt": "R",
                                "Dp": "12.7",
                                "$": "600"
                            },
                            {
                                "D": "NNW",
                                "G": "7",
                                "H": "96.1",
                                "P": "1012",
                                "S": "3",
                                "T": "13.5",
                                "V": "19000",
                                "W": "8",
                                "Pt": "R",
                                "Dp": "12.9",
                                "$": "660"
                            },
                            {
                                "D": "W",
                                "G": "7",
                                "H": "95.5",
                                "P": "1012",
                                "S": "3",
                                "T": "13.7",
                                "V": "3900",
                                "W": "5",
                                "Pt": "R",
                                "Dp": "13.0",
                                "$": "720"
                            },
                            {
                                "D": "W",
                                "G": "8",
                                "H": "93.7",
                                "P": "1012",
                                "S": "6",
                                "T": "14.4",
                                "V": "21000",
                                "W": "8",
                                "Pt": "R",
                                "Dp": "13.4",
                                "$": "780"
                            },
                            {
                                "D": "WNW",
                                "G": "9",
                                "H": "94.3",
                                "P": "1012",
                                "S": "3",
                                "T": "14.7",
                                "V": "8000",
                                "W": "8",
                                "Pt": "F",
                                "Dp": "13.8",
                                "$": "840"
                            },
                            {
                                "D": "W",
                                "G": "8",
                                "H": "92.5",
                                "P": "1012",
                                "S": "6",
                                "T": "15.3",
                                "V": "35000",
                                "W": "8",
                                "Pt": "F",
                                "Dp": "14.1",
                                "$": "900"
                            },
                            {
                                "D": "WSW",
                                "G": "9",
                                "H": "91.3",
                                "P": "1012",
                                "S": "6",
                                "T": "15.5",
                                "V": "30000",
                                "W": "8",
                                "Pt": "F",
                                "Dp": "14.1",
                                "$": "960"
                            }
                        ]
                    }
                ]
            }
        }
    }
}