{
    "SiteRep": {
        "Wx": {
            "Param": [
                {
                    "name": "G",
                    "units": "mph",
                    "$": "Wind Gust"
                },
                {
                    "name": "T",
                    "units": "C",
                    "$": "Temperature"
                },
                {
                    "name": "V",
                    "units": "m",
                    "$": "Visibility"
                },
                {
                    "name": "D",
                    "units": "compass",
                    "$": "Wind Direction"
                },
                {
                    "name": "S",
                    "units": "mph",
                    "$": "Wind Speed"
                },
                {
                    "name": "W",
                    "units": "",
                    "$": "Weather Type"
                },
                {
                    "name": "P",
                    "units": "hpa",
                    "$": "Pressure"
                },
                {
                    "name": "Pt",
                    "units": "Pa/s",
                    "$": "Pressure Tendency"
                },
                {
                    "name": "Dp",
                    "units": "C",
                    "$": "Dew Point"
                },
                {
                    "name": "H",
                    "units": "%",
                    "$": "Screen Relative Humidity"
                }
            ]
        },
        "DV": {
            "dataDate": "2025-01-19T16:00:00Z",
            "type": "Obs",
            "Location": {
                "i": "3772",
                "lat": "51.479",
                "lon": "-0.449",
                "name": "HEATHROW",
                "country": "ENGLAND",
                "continent": "EUROPE",
                "elevation": "25.0",
                "Period": [
                    {
                        "type": "Day",
                        "value": "2025-01-18Z",
                        "Rep": [
                            {
                                "D": "ENE",
                                "G": "9",
                                "H": "85.1",
                                "P": "1027",
                                "S": "5",
                                "T": "2.8",
                                "V": "4300",
                                "W": "5",
                                "Pt": "F",
                                "Dp": "0.6",
                                "$": "960"
                            },
                            {
                                "D": "NE",
                                "G": "7",
                                "H": "85.2",
                                "P": "1027",
                                "S": "3",
                                "T": "2.7",
                                "V": "5000",
                                "W": "5",
                                "Pt": "F",
                                "Dp": "0.5",
                                "$": "1020"
                            },
                            {
                                "D": "E",
                                "G": "9",
                                "H": "89.6",
                                "P": "1026",
                                "S": "7",
                                "T": "2.7",
                                "V": "3600",
                                "W": "5",
                                "Pt": "F",
                                "Dp": "1.2",
                                "$": "1080"
                            },
                            {
                                "D": "ESE",
                                "G": "9",
                                "H": "90.2",
                                "P": "1026",
                                "S": "3",
                                "T": "2.6",
                                "V": "4000",
                                "W": "5",
                                "Pt": "F",
                                "Dp": "1.2",
                                "$": "1140"
                            },
                            {
                                "D": "SSE",
                                "G": "11",
                                "H": "90.4",
                                "P": "1026",
                                "S": "3",
                                "T": "2.8",
                                "V": "3700",
                                "W": "5",
                                "Pt": "F",
                                "Dp": "1.4",
                                "$": "1200"
                            },
                            {
                                "D": "SSW",
                                "G": "11",
                                "H": "89.6",
                                "P": "1025",
                                "S": "6",
                                "T": "2.7",
                                "V": "3700",
                                "W": "5",
                                "Pt": "F",
                                "Dp": "1.2",
                                "$": "1260"
                            },
                            {
                                "D": "SSW",
                                "G": "9",
                                "H": "91.0",
                                "P": "1025",
                                "S": "5",
                                "T": "2.5",
                                "V": "3900",
                                "W": "5",
                                "Pt": "F",
                                "Dp": "1.2",
                                "$": "1320"
                            },
                            {
                                "D": "S",
                                "G": "10",
                                "H": "88.4",
                                "P": "1025",
                                "S": "8",
                                "T": "2.7",
                                "V": "6000",
                                "W": "5",
                                "Pt": "F",
                                "Dp": "1.0",
                                "$": "1380"
                            }
                        ]
                    },
                    {
                        "type": "Day",
                        "value": "2025-01-19Z",
                        "Rep": [
                            {
                                "D": "SSE",
                                "G": "14",
                                "H": "83.3",
                                "P": "1024",
                                "S": "10",
                                "T": "2.1",
                                "V": "17000",
                                "W": "8",
                                "Pt": "F",
                                "Dp": "-0.4",
                                "$": "0"
                            },
                            {
                                "D": "SE",
                                "G": "13",
                                "H": "83.8",
                                "P": "1024",
                                "S": "5",
                                "T": "2.2",
                                "V": "13000",
                                "W": "8",
                                "Pt": "F",
                                "Dp": "-0.2",
                                "$": "60"
                            },
                            {
                                "D": "SE",
                                "G": "10",
                                "H": "85.1",
                                "P": "1023",
                                "S": "7",
                                "T": "2.4",
                                "V": "10000",
                                "W": "8",
                                "Pt": "F",
                                "Dp": "0.2",
                                "$": "120"
                            },
                            {
                                "D": "SSE",
                                "G": "14",
                                "H": "85.8",
                                "P": "1022",
                                "S": "6",
                                "T": "2.4",
                                "V": "10000",
                                "W": "8",
                                "Pt": "F",
                                "Dp": "0.3",
                                "$": "180"
                            },
                            {
                                "D": "SSE",
                                "G": "13",
                                "H": "84.6",
                                "P": "1022",
                                "S": "6",
                                "T": "2.4",
                                "V": "9000",
                                "W": "8",
                                "Pt": "F",
                                "Dp": "0.1",
                                "$": "240"
                            },
                            {
                                "D": "SSE",
                                "G": "9",
                                "H": "83.9",
                                "P": "1022",
                                "S": "5",
                                "T": "2.5",
                                "V": "11000",
                                "W": "8",
                                "Pt": "F",
                                "Dp": "0.1",
                                "$": "300"
                            },
                            {
                                "D": "SSE",
                                "G": "13",
                                "H": "82.7",
                                "P": "1021",
                                "S": "7",
                                "T": "2.7",
                                "V": "11000",
                                "W": "8",
                                "Pt": "F",
                                "Dp": "0.1",
                                "$": "360"
                            },
                            {
                                "D": "SSE",
                                "G": "11",
                                "H": "82.7",
                                "P": "1021",
                                "S": "6",
                                "T": "2.8",
                                "V": "10000",
                                "W": "5",
                                "Pt": "F",
                                "Dp": "0.2",
                                "$": "420"
                            },
                            {
                                "D": "SE",
                                "G": "13",
                                "H": "82.7",
                                "P": "1021",
                                "S": "6",
                                "T": "2.9",
                                "V": "10000",
                                "W": "8",
                                "Pt": "F",
                                "Dp": "0.3",
                                "$": "480"
                            },
                            {
                                "D": "ESE",
                                "G": "8",
                                "H": "85.8",
                                "P": "1021",
                                "S": "6",
                                "T": "2.7",
                                "V": "8000",
                                "W": "5",
                                "Pt": "F",
                                "Dp": "0.6",
                                "$": "540"
                            },
                            {
                                "D": "ESE",
                                "G": "11",
                                "H": "84.0",
                                "P": "1021",
                                "S": "9",
                                "T": "3.0",
                                "V": "7000",
                                "W": "5",
                                "Pt": "F",
                                "Dp": "0.6",
                                "$": "600"
                            },
                            {
                                "D": "SE",
                                "G": "13",
                                "H": "84.0",
                                "P": "1021",
                                "S": "8",
                                "T": "3.1",
                                "V": "8000",
                                "W": "5",
                                "Pt": "F",
                                "Dp": "0.7",
                                "$": "660"
                            },
                            {
                                "D": "SE",
                                "G": "13",
                                "H": "81.5",
                                "P": "1020",
                                "S": "8",
                                "T": "3.4",
                                "V": "9000",
                                "W": "5",
                                "Pt": "F",
                                "Dp": "0.6",
                                "$": "720"
                            },
                            {
                                "D": "SE",
                                "G": "13",
                                "H": "81.7",
                                "P": "1020",
                                "S": "7",
                                "T": "3.4",
                                "V": "9000",
                                "W": "5",
                                "Pt": "F",
                                "Dp": "0.6",
                                "$": "780"
                            },
                            {
                                "D": "S",
                                "G": "13",
                                "H": "79.9",
                                "P": "1019",
                                "S": "6",
                                "T": "3.4",
                                "V": "10000",
                                "W": "8",
                                "Pt": "F",
                                "Dp": "0.3",
                                "$": "840"
                            },
                            {
                                "D": "S",
                                "G": "13",
                                "H": "80.0",
                                "P": "1019",
                                "S": "8",
                                "T": "3.5",
                                "V": "11000",
                                "W": "8",
                                "Pt": "F",
                                "Dp": "0.4",
                                "$": "900"
                            },
                            {
                                "D": "SSW",
                                "G": "14",
                                "H": "81.0",
                                "P": "1019",
                                "S": "6",
                                "T": "3.4",
                                "V": "11000",
                                "W": "8",
                                "Pt": "F",
                                "Dp": "0.5",
                                "$": "960"
                            }
                        ]
                    }
                ]
            }
        }
    }
}