{
    "SiteRep": {
        "Wx": {
            "Param": [
                {
                    "name": "G",
                    "units": "mph",
                    "$": "Wind Gust"
                },
                {
                    "name": "T",
                    "units": "C",
                    "$": "Temperature"
                },
                {
                    "name": "V",
                    "units": "m",
                    "$": "Visibility"
                },
                {
                    "name": "D",
                    "units": "compass",
                    "$": "Wind Direction"
                },
                {
                    "name": "S",
                    "units": "mph",
                    "$": "Wind Speed"
                },
                {
                    "name": "W",
                    "units": "",
                    "$": "Weather Type"
                },
                {
                    "name": "P",
                    "units": "hpa",
                    "$": "Pressure"
                },
                {
                    "name": "Pt",
                    "units": "Pa/s",
                    "$": "Pressure Tendency"
                },
                {
                    "name": "Dp",
                    "units": "C",
                    "$": "Dew Point"
                },
                {
                    "name": "H",
                    "units": "%",
                    "$": "Screen Relative Humidity"
                }
            ]
        },
        "DV": {
            "dataDate": "2024-04-14T22:00:00Z",
            "type": "Obs",
            "Location": {
                "i": "3772",
                "lat": "51.479",
                "lon": "-0.449",
                "name": "HEATHROW",
                "country": "ENGLAND",
                "continent": "EUROPE",
                "elevation": "25.0",
                "Period": [
                    {
                        "type": "Day",
                        "value": "2024-04-13Z",
                        "Rep": [
                            {
                                "D": "WSW",
                                "G": "22",
                                "H": "74.7",
                                "P": "1022",
                                "S": "13",
                                "T": "12.0",
                                "V": "50000",
                                "W": "7",
                                "Pt": "R",
                                "Dp": "7.7",
                                "$": "1320"
                            },
                            {
                                "D": "W",
                                "G": "21",
                                "H": "78.9",
                                "P": "1023",
                                "S": "9",
                                "T": "11.4",
                                "V": "50000",
                                "W": "7",
                                "Pt": "R",
                                "Dp": "7.9",
                                "$": "1380"
                            }
                        ]
                    },
                    {
                        "type": "Day",
                        "value": "2024-04-14Z",
                        "Rep": [
                            {
                                "D": "W",
                                "G": "13",
                                "H": "81.0",
                                "P": "1023",
                                "S": "8",
                                "T": "10.9",
                                "V": "45000",
                                "W": "0",
                                "Pt": "R",
                                "Dp": "7.8",
                                "$": "0"
                            },
                            {
                                "D": "WSW",
                                "G": "11",
                                "H": "87.2",
                                "P": "1023",
                                "S": "9",
                                "T": "9.6",
                                "V": "40000",
                                "W": "8",
                                "Pt": "R",
                                "Dp": "7.6",
                                "$": "60"
                            },
                            {
                                "D": "W",
                                "G": "11",
                                "H": "87.8",
                                "P": "1023",
                                "S": "7",
                                "T": "9.7",
                                "V": "35000",
                                "W": "8",
                                "Pt": "R",
                                "Dp": "7.8",
                                "$": "120"
                            },
                            {
                                "D": "W",
                                "G": "10",
                                "H": "87.8",
                                "P": "1024",
                                "S": "6",
                                "T": "9.8",
                                "V": "29000",
                                "W": "8",
                                "Pt": "R",
                                "Dp": "7.9",
                                "$": "180"
                            },
                            {
                                "D": "W",
                                "G": "10",
                                "H": "90.2",
                                "P": "1024",
                                "S": "6",
                                "T": "8.9",
                                "V": "28000",
                                "W": "8",
                                "Pt": "R",
                                "Dp": "7.4",
                                "$": "240"
                            },
                            {
                                "D": "W",
                                "G": "9",
                                "H": "85.4",
                                "P": "1024",
                                "S": "7",
                                "T": "9.0",
                                "V": "29000",
                                "W": "8",
                                "Pt": "R",
                                "Dp": "6.7",
                                "$": "300"
                            },
                            {
                                "D": "W",
                                "G": "10",
                                "H": "83.5",
                                "P": "1024",
                                "S": "5",
                                "T": "9.0",
                                "V": "29000",
                                "W": "8",
                                "Pt": "R",
                                "Dp": "6.4",
                                "$": "360"
                            },
                            {
                                "D": "W",
                                "G": "13",
                                "H": "76.8",
                                "P": "1025",
                                "S": "8",
                                "T": "9.5",
                                "V": "35000",
                                "W": "8",
                                "Pt": "R",
                                "Dp": "5.7",
                                "$": "420"
                            },
                            {
                                "D": "W",
                                "G": "13",
                                "H": "67.4",
                                "P": "1025",
                                "S": "7",
                                "T": "10.6",
                                "V": "40000",
                                "W": "3",
                                "Pt": "R",
                                "Dp": "4.9",
                                "$": "480"
                            },
                            {
                                "D": "WNW",
                                "G": "11",
                                "H": "57.7",
                                "P": "1025",
                                "S": "8",
                                "T": "10.9",
                                "V": "50000",
                                "W": "7",
                                "Pt": "R",
                                "Dp": "3.0",
                                "$": "540"
                            },
                            {
                                "D": "W",
                                "G": "14",
                                "H": "55.9",
                                "P": "1025",
                                "S": "9",
                                "T": "12.2",
                                "V": "50000",
                                "W": "8",
                                "Pt": "F",
                                "Dp": "3.8",
                                "$": "600"
                            },
                            {
                                "D": "W",
                                "G": "16",
                                "H": "46.1",
                                "P": "1024",
                                "S": "9",
                                "T": "12.7",
                                "V": "50000",
                                "W": "3",
                                "Pt": "F",
                                "Dp": "1.6",
                                "$": "660"
                            },
                            {
                                "D": "WSW",
                                "G": "17",
                                "H": "46.6",
                                "P": "1023",
                                "S": "10",
                                "T": "13.5",
                                "V": "65000",
                                "W": "3",
                                "Pt": "F",
                                "Dp": "2.5",
                                "$": "720"
                            },
                            {
                                "D": "W",
                                "G": "17",
                                "H": "39.9",
                                "P": "1023",
                                "S": "8",
                                "T": "14.2",
                                "V": "65000",
                                "W": "8",
                                "Pt": "F",
                                "Dp": "1.0",
                                "$": "780"
                            },
                            {
                                "D": "W",
                                "G": "17",
                                "H": "41.5",
                                "P": "1022",
                                "S": "11",
                                "T": "14.5",
                                "V": "75000",
                                "W": "3",
                                "Pt": "F",
                                "Dp": "1.8",
                                "$": "840"
                            },
                            {
                                "D": "WSW",
                                "G": "24",
                                "H": "45.8",
                                "P": "1021",
                                "S": "16",
                                "T": "13.7",
                                "V": "60000",
                                "W": "7",
                                "Pt": "F",
                                "Dp": "2.4",
                                "$": "900"
                            },
                            {
                                "D": "W",
                                "G": "21",
                                "H": "46.1",
                                "P": "1020",
                                "S": "14",
                                "T": "13.5",
                                "V": "60000",
                                "W": "8",
                                "Pt": "F",
                                "Dp": "2.3",
                                "$": "960"
                            },
                            {
                                "D": "W",
                                "G": "19",
                                "H": "50.5",
                                "P": "1020",
                                "S": "14",
                                "T": "13.0",
                                "V": "55000",
                                "W": "7",
                                "Pt": "F",
                                "Dp": "3.1",
                                "$": "1020"
                            },
                            {
                                "D": "W",
                                "G": "22",
                                "H": "53.0",
                                "P": "1019",
                                "S": "13",
                                "T": "12.5",
                                "V": "60000",
                                "W": "8",
                                "Pt": "F",
                                "Dp": "3.3",
                                "$": "1080"
                            },
                            {
                                "D": "WSW",
                                "G": "21",
                                "H": "53.6",
                                "P": "1019",
                                "S": "13",
                                "T": "11.9",
                                "V": "55000",
                                "W": "8",
                                "Pt": "F",
                                "Dp": "2.9",
                                "$": "1140"
                            },
                            {
                                "D": "WSW",
                                "G": "22",
                                "H": "57.6",
                                "P": "1019",
                                "S": "15",
                                "T": "10.3",
                                "V": "55000",
                                "W": "7",
                                "Pt": "F",
                                "Dp": "2.4",
                                "$": "1200"
                            },
                            {
                                "D": "WSW",
                                "G": "25",
                                "H": "61.6",
                                "P": "1019",
                                "S": "13",
                                "T": "9.1",
                                "V": "60000",
                                "W": "0",
                                "Pt": "F",
                                "Dp": "2.2",
                                "$": "1260"
                            },
                            {
                                "D": "WSW",
                                "G": "21",
                                "H": "65.1",
                                "P": "1018",
                                "S": "14",
                                "T": "8.6",
                                "V": "60000",
                                "W": "0",
                                "Pt": "F",
                                "Dp": "2.5",
                                "$": "1320"
                            }
                        ]
                    }
                ]
            }
        }
    }
}