{
    "SiteRep": {
        "Wx": {
            "Param": [
                {
                    "name": "G",
                    "units": "mph",
                    "$": "Wind Gust"
                },
                {
                    "name": "T",
                    "units": "C",
                    "$": "Temperature"
                },
                {
                    "name": "V",
                    "units": "m",
                    "$": "Visibility"
                },
                {
                    "name": "D",
                    "units": "compass",
                    "$": "Wind Direction"
                },
                {
                    "name": "S",
                    "units": "mph",
                    "$": "Wind Speed"
                },
                {
                    "name": "W",
                    "units": "",
                    "$": "Weather Type"
                },
                {
                    "name": "P",
                    "units": "hpa",
                    "$": "Pressure"
                },
                {
                    "name": "Pt",
                    "units": "Pa/s",
                    "$": "Pressure Tendency"
                },
                {
                    "name": "Dp",
                    "units": "C",
                    "$": "Dew Point"
                },
                {
                    "name": "H",
                    "units": "%",
                    "$": "Screen Relative Humidity"
                }
            ]
        },
        "DV": {
            "dataDate": "2025-08-11T16:00:00Z",
            "type": "Obs",
            "Location": {
                "i": "3772",
                "lat": "51.479",
                "lon": "-0.449",
                "name": "HEATHROW",
                "country": "ENGLAND",
                "continent": "EUROPE",
                "elevation": "25.0",
                "Period": [
                    {
                        "type": "Day",
                        "value": "2025-08-10Z",
                        "Rep": [
                            {
                                "D": "SSE",
                                "G": "13",
                                "H": "33.8",
                                "P": "1026",
                                "S": "3",
                                "T": "26.6",
                                "V": "18000",
                                "W": "1",
                                "Pt": "F",
                                "Dp": "9.6",
                                "$": "960"
                            },
                            {
                                "D": "ESE",
                                "G": "11",
                                "H": "34.7",
                                "P": "1025",
                                "S": "3",
                                "T": "26.6",
                                "V": "18000",
                                "W": "1",
                                "Pt": "F",
                                "Dp": "10.0",
                                "$": "1020"
                            },
                            {
                                "D": "WSW",
                                "G": "11",
                                "H": "34.0",
                                "P": "1025",
                                "S": "3",
                                "T": "26.4",
                                "V": "19000",
                                "W": "1",
                                "Pt": "F",
                                "Dp": "9.5",
                                "$": "1080"
                            },
                            {
                                "D": "SSW",
                                "G": "15",
                                "H": "45.7",
                                "P": "1025",
                                "S": "11",
                                "T": "24.3",
                                "V": "22000",
                                "W": "1",
                                "Pt": "F",
                                "Dp": "12.0",
                                "$": "1140"
                            },
                            {
                                "D": "SSW",
                                "G": "15",
                                "H": "52.5",
                                "P": "1025",
                                "S": "7",
                                "T": "22.8",
                                "V": "24000",
                                "W": "0",
                                "Pt": "F",
                                "Dp": "12.7",
                                "$": "1200"
                            },
                            {
                                "D": "S",
                                "G": "13",
                                "H": "57.5",
                                "P": "1025",
                                "S": "7",
                                "T": "21.2",
                                "V": "22000",
                                "W": "0",
                                "Pt": "R",
                                "Dp": "12.6",
                                "$": "1260"
                            },
                            {
                                "D": "SSW",
                                "G": "9",
                                "H": "58.9",
                                "P": "1026",
                                "S": "6",
                                "T": "20.4",
                                "V": "22000",
                                "W": "0",
                                "Pt": "R",
                                "Dp": "12.2",
                                "$": "1320"
                            },
                            {
                                "D": "W",
                                "G": "8",
                                "H": "62.4",
                                "P": "1026",
                                "S": "3",
                                "T": "19.8",
                                "V": "10000",
                                "W": "0",
                                "Pt": "R",
                                "Dp": "12.5",
                                "$": "1380"
                            }
                        ]
                    },
                    {
                        "type": "Day",
                        "value": "2025-08-11Z",
                        "Rep": [
                            {
                                "D": "SSE",
                                "G": "8",
                                "H": "66.8",
                                "P": "1026",
                                "S": "6",
                                "T": "18.2",
                                "V": "22000",
                                "W": "0",
                                "Pt": "R",
                                "Dp": "12.0",
                                "$": "0"
                            },
                            {
                                "D": "SW",
                                "G": "8",
                                "H": "70.3",
                                "P": "1025",
                                "S": "2",
                                "T": "17.3",
                                "V": "20000",
                                "W": "0",
                                "Pt": "F",
                                "Dp": "11.9",
                                "$": "60"
                            },
                            {
                                "D": "N",
                                "G": "3",
                                "H": "76.5",
                                "P": "1025",
                                "S": "0",
                                "T": "16.6",
                                "V": "19000",
                                "W": "0",
                                "Pt": "F",
                                "Dp": "12.5",
                                "$": "120"
                            },
                            {
                                "D": "N",
                                "G": "2",
                                "H": "77.4",
                                "P": "1025",
                                "S": "0",
                                "T": "16.0",
                                "V": "19000",
                                "W": "0",
                                "Pt": "F",
                                "Dp": "12.1",
                                "$": "180"
                            },
                            {
                                "D": "N",
                                "G": "3",
                                "H": "77.4",
                                "P": "1024",
                                "S": "2",
                                "T": "15.7",
                                "V": "17000",
                                "W": "0",
                                "Pt": "F",
                                "Dp": "11.8",
                                "$": "240"
                            },
                            {
                                "D": "NNE",
                                "G": "5",
                                "H": "79.9",
                                "P": "1024",
                                "S": "2",
                                "T": "15.1",
                                "V": "16000",
                                "W": "1",
                                "Pt": "F",
                                "Dp": "11.7",
                                "$": "300"
                            },
                            {
                                "D": "NNE",
                                "G": "3",
                                "H": "76.0",
                                "P": "1024",
                                "S": "2",
                                "T": "16.5",
                                "V": "15000",
                                "W": "1",
                                "Pt": "F",
                                "Dp": "12.3",
                                "$": "360"
                            },
                            {
                                "D": "NE",
                                "G": "5",
                                "H": "62.9",
                                "P": "1024",
                                "S": "3",
                                "T": "20.3",
                                "V": "17000",
                                "W": "3",
                                "Pt": "F",
                                "Dp": "13.1",
                                "$": "420"
                            },
                            {
                                "D": "ENE",
                                "G": "11",
                                "H": "53.5",
                                "P": "1023",
                                "S": "5",
                                "T": "22.5",
                                "V": "22000",
                                "W": "1",
                                "Pt": "F",
                                "Dp": "12.7",
                                "$": "480"
                            },
                            {
                                "D": "SE",
                                "G": "10",
                                "H": "49.0",
                                "P": "1023",
                                "S": "3",
                                "T": "23.4",
                                "V": "21000",
                                "W": "1",
                                "Pt": "F",
                                "Dp": "12.2",
                                "$": "540"
                            },
                            {
                                "D": "N",
                                "G": "10",
                                "H": "41.4",
                                "P": "1023",
                                "S": "3",
                                "T": "26.2",
                                "V": "28000",
                                "W": "1",
                                "Pt": "F",
                                "Dp": "12.2",
                                "$": "600"
                            },
                            {
                                "D": "ESE",
                                "G": "13",
                                "H": "37.9",
                                "P": "1022",
                                "S": "6",
                                "T": "27.8",
                                "V": "30000",
                                "W": "1",
                                "Pt": "F",
                                "Dp": "12.3",
                                "$": "660"
                            },
                            {
                                "D": "ESE",
                                "G": "16",
                                "H": "34.8",
                                "P": "1022",
                                "S": "5",
                                "T": "29.0",
                                "V": "26000",
                                "W": "1",
                                "Pt": "F",
                                "Dp": "12.1",
                                "$": "720"
                            },
                            {
                                "D": "E",
                                "G": "13",
                                "H": "30.9",
                                "P": "1021",
                                "S": "6",
                                "T": "30.0",
                                "V": "30000",
                                "W": "1",
                                "Pt": "F",
                                "Dp": "11.2",
                                "$": "780"
                            },
                            {
                                "D": "NE",
                                "G": "15",
                                "H": "28.7",
                                "P": "1020",
                                "S": "5",
                                "T": "30.0",
                                "V": "30000",
                                "W": "1",
                                "Pt": "F",
                                "Dp": "10.1",
                                "$": "840"
                            },
                            {
                                "D": "SE",
                                "G": "13",
                                "H": "25.9",
                                "P": "1019",
                                "S": "6",
                                "T": "30.7",
                                "V": "30000",
                                "W": "3",
                                "Pt": "F",
                                "Dp": "9.2",
                                "$": "900"
                            },
                            {
                                "D": "E",
                                "G": "17",
                                "H": "26.2",
                                "P": "1018",
                                "S": "9",
                                "T": "30.8",
                                "V": "29000",
                                "W": "1",
                                "Pt": "F",
                                "Dp": "9.4",
                                "$": "960"
                            }
                        ]
                    }
                ]
            }
        }
    }
}