{
    "SiteRep": {
        "Wx": {
            "Param": [
                {
                    "name": "G",
                    "units": "mph",
                    "$": "Wind Gust"
                },
                {
                    "name": "T",
                    "units": "C",
                    "$": "Temperature"
                },
                {
                    "name": "V",
                    "units": "m",
                    "$": "Visibility"
                },
                {
                    "name": "D",
                    "units": "compass",
                    "$": "Wind Direction"
                },
                {
                    "name": "S",
                    "units": "mph",
                    "$": "Wind Speed"
                },
                {
                    "name": "W",
                    "units": "",
                    "$": "Weather Type"
                },
                {
                    "name": "P",
                    "units": "hpa",
                    "$": "Pressure"
                },
                {
                    "name": "Pt",
                    "units": "Pa/s",
                    "$": "Pressure Tendency"
                },
                {
                    "name": "Dp",
                    "units": "C",
                    "$": "Dew Point"
                },
                {
                    "name": "H",
                    "units": "%",
                    "$": "Screen Relative Humidity"
                }
            ]
        },
        "DV": {
            "dataDate": "2024-04-22T16:00:00Z",
            "type": "Obs",
            "Location": {
                "i": "3772",
                "lat": "51.479",
                "lon": "-0.449",
                "name": "HEATHROW",
                "country": "ENGLAND",
                "continent": "EUROPE",
                "elevation": "25.0",
                "Period": [
                    {
                        "type": "Day",
                        "value": "2024-04-21Z",
                        "Rep": [
                            {
                                "D": "N",
                                "G": "22",
                                "H": "45.7",
                                "P": "1029",
                                "S": "10",
                                "T": "12.0",
                                "V": "50000",
                                "W": "7",
                                "Pt": "F",
                                "Dp": "0.9",
                                "$": "960"
                            },
                            {
                                "D": "N",
                                "G": "22",
                                "H": "46.9",
                                "P": "1030",
                                "S": "11",
                                "T": "10.5",
                                "V": "50000",
                                "W": "8",
                                "Pt": "S",
                                "Dp": "-0.1",
                                "$": "1020"
                            },
                            {
                                "D": "N",
                                "G": "19",
                                "H": "49.4",
                                "P": "1030",
                                "S": "9",
                                "T": "10.3",
                                "V": "50000",
                                "W": "7",
                                "Pt": "R",
                                "Dp": "0.4",
                                "$": "1080"
                            },
                            {
                                "D": "N",
                                "G": "19",
                                "H": "47.3",
                                "P": "1030",
                                "S": "10",
                                "T": "9.3",
                                "V": "55000",
                                "W": "1",
                                "Pt": "R",
                                "Dp": "-1.1",
                                "$": "1140"
                            },
                            {
                                "D": "N",
                                "G": "16",
                                "H": "53.8",
                                "P": "1031",
                                "S": "7",
                                "T": "8.0",
                                "V": "50000",
                                "W": "0",
                                "Pt": "R",
                                "Dp": "-0.6",
                                "$": "1200"
                            },
                            {
                                "D": "NNE",
                                "G": "13",
                                "H": "62.7",
                                "P": "1031",
                                "S": "7",
                                "T": "7.0",
                                "V": "40000",
                                "W": "0",
                                "Pt": "R",
                                "Dp": "0.5",
                                "$": "1260"
                            },
                            {
                                "D": "NNE",
                                "G": "11",
                                "H": "70.3",
                                "P": "1031",
                                "S": "6",
                                "T": "6.0",
                                "V": "35000",
                                "W": "0",
                                "Pt": "R",
                                "Dp": "1.1",
                                "$": "1320"
                            },
                            {
                                "D": "NNE",
                                "G": "11",
                                "H": "77.1",
                                "P": "1031",
                                "S": "6",
                                "T": "5.2",
                                "V": "30000",
                                "W": "2",
                                "Pt": "R",
                                "Dp": "1.6",
                                "$": "1380"
                            }
                        ]
                    },
                    {
                        "type": "Day",
                        "value": "2024-04-22Z",
                        "Rep": [
                            {
                                "D": "N",
                                "G": "10",
                                "H": "80.6",
                                "P": "1031",
                                "S": "5",
                                "T": "4.9",
                                "V": "30000",
                                "W": "8",
                                "Pt": "R",
                                "Dp": "1.9",
                                "$": "0"
                            },
                            {
                                "D": "N",
                                "G": "8",
                                "H": "81.1",
                                "P": "1030",
                                "S": "3",
                                "T": "5.2",
                                "V": "30000",
                                "W": "8",
                                "Pt": "F",
                                "Dp": "2.3",
                                "$": "60"
                            },
                            {
                                "D": "N",
                                "G": "9",
                                "H": "81.1",
                                "P": "1030",
                                "S": "5",
                                "T": "5.2",
                                "V": "30000",
                                "W": "8",
                                "Pt": "F",
                                "Dp": "2.3",
                                "$": "120"
                            },
                            {
                                "D": "N",
                                "G": "7",
                                "H": "82.4",
                                "P": "1030",
                                "S": "2",
                                "T": "4.9",
                                "V": "30000",
                                "W": "8",
                                "Pt": "F",
                                "Dp": "2.2",
                                "$": "180"
                            },
                            {
                                "D": "N",
                                "G": "6",
                                "H": "85.3",
                                "P": "1030",
                                "S": "3",
                                "T": "4.5",
                                "V": "29000",
                                "W": "2",
                                "Pt": "F",
                                "Dp": "2.3",
                                "$": "240"
                            },
                            {
                                "D": "N",
                                "G": "7",
                                "H": "84.2",
                                "P": "1030",
                                "S": "3",
                                "T": "4.8",
                                "V": "30000",
                                "W": "8",
                                "Pt": "F",
                                "Dp": "2.4",
                                "$": "300"
                            },
                            {
                                "D": "NW",
                                "G": "9",
                                "H": "81.4",
                                "P": "1030",
                                "S": "5",
                                "T": "6.0",
                                "V": "30000",
                                "W": "8",
                                "Pt": "F",
                                "Dp": "3.1",
                                "$": "360"
                            },
                            {
                                "D": "N",
                                "G": "9",
                                "H": "77.9",
                                "P": "1030",
                                "S": "5",
                                "T": "6.6",
                                "V": "30000",
                                "W": "8",
                                "Pt": "F",
                                "Dp": "3.1",
                                "$": "420"
                            },
                            {
                                "D": "NW",
                                "G": "9",
                                "H": "75.8",
                                "P": "1029",
                                "S": "6",
                                "T": "7.2",
                                "V": "30000",
                                "W": "8",
                                "Pt": "F",
                                "Dp": "3.3",
                                "$": "480"
                            },
                            {
                                "D": "N",
                                "G": "10",
                                "H": "64.8",
                                "P": "1029",
                                "S": "7",
                                "T": "8.1",
                                "V": "40000",
                                "W": "8",
                                "Pt": "F",
                                "Dp": "2.0",
                                "$": "540"
                            },
                            {
                                "D": "NW",
                                "G": "11",
                                "H": "69.1",
                                "P": "1029",
                                "S": "6",
                                "T": "7.9",
                                "V": "18000",
                                "W": "12",
                                "Pt": "F",
                                "Dp": "2.7",
                                "$": "600"
                            },
                            {
                                "D": "NNW",
                                "G": "10",
                                "H": "70.1",
                                "P": "1029",
                                "S": "6",
                                "T": "7.7",
                                "V": "17000",
                                "W": "12",
                                "Pt": "F",
                                "Dp": "2.7",
                                "$": "660"
                            },
                            {
                                "D": "WNW",
                                "G": "10",
                                "H": "79.8",
                                "P": "1028",
                                "S": "5",
                                "T": "7.8",
                                "V": "15000",
                                "W": "12",
                                "Pt": "F",
                                "Dp": "4.6",
                                "$": "720"
                            },
                            {
                                "D": "NW",
                                "G": "10",
                                "H": "79.3",
                                "P": "1027",
                                "S": "6",
                                "T": "8.0",
                                "V": "12000",
                                "W": "12",
                                "Pt": "F",
                                "Dp": "4.7",
                                "$": "780"
                            },
                            {
                                "D": "NW",
                                "G": "10",
                                "H": "77.7",
                                "P": "1027",
                                "S": "7",
                                "T": "8.2",
                                "V": "22000",
                                "W": "12",
                                "Pt": "F",
                                "Dp": "4.6",
                                "$": "840"
                            },
                            {
                                "D": "NW",
                                "G": "11",
                                "H": "69.8",
                                "P": "1027",
                                "S": "7",
                                "T": "8.3",
                                "V": "55000",
                                "W": "12",
                                "Pt": "F",
                                "Dp": "3.2",
                                "$": "900"
                            },
                            {
                                "D": "NW",
                                "G": "11",
                                "H": "72.2",
                                "P": "1026",
                                "S": "6",
                                "T": "8.2",
                                "V": "45000",
                                "W": "12",
                                "Pt": "F",
                                "Dp": "3.6",
                                "$": "960"
                            }
                        ]
                    }
                ]
            }
        }
    }
}