{
    "SiteRep": {
        "Wx": {
            "Param": [
                {
                    "name": "G",
                    "units": "mph",
                    "$": "Wind Gust"
                },
                {
                    "name": "T",
                    "units": "C",
                    "$": "Temperature"
                },
                {
                    "name": "V",
                    "units": "m",
                    "$": "Visibility"
                },
                {
                    "name": "D",
                    "units": "compass",
                    "$": "Wind Direction"
                },
                {
                    "name": "S",
                    "units": "mph",
                    "$": "Wind Speed"
                },
                {
                    "name": "W",
                    "units": "",
                    "$": "Weather Type"
                },
                {
                    "name": "P",
                    "units": "hpa",
                    "$": "Pressure"
                },
                {
                    "name": "Pt",
                    "units": "Pa/s",
                    "$": "Pressure Tendency"
                },
                {
                    "name": "Dp",
                    "units": "C",
                    "$": "Dew Point"
                },
                {
                    "name": "H",
                    "units": "%",
                    "$": "Screen Relative Humidity"
                }
            ]
        },
        "DV": {
            "dataDate": "2025-01-08T16:00:00Z",
            "type": "Obs",
            "Location": {
                "i": "3772",
                "lat": "51.479",
                "lon": "-0.449",
                "name": "HEATHROW",
                "country": "ENGLAND",
                "continent": "EUROPE",
                "elevation": "25.0",
                "Period": [
                    {
                        "type": "Day",
                        "value": "2025-01-07Z",
                        "Rep": [
                            {
                                "D": "W",
                                "G": "19",
                                "H": "78.5",
                                "P": "1000",
                                "S": "10",
                                "T": "4.4",
                                "V": "75000",
                                "W": "0",
                                "Pt": "R",
                                "Dp": "1.0",
                                "$": "960"
                            },
                            {
                                "D": "WSW",
                                "G": "15",
                                "H": "82.5",
                                "P": "1001",
                                "S": "9",
                                "T": "3.8",
                                "V": "30000",
                                "W": "7",
                                "Pt": "R",
                                "Dp": "1.1",
                                "$": "1020"
                            },
                            {
                                "D": "W",
                                "G": "19",
                                "H": "83.0",
                                "P": "1001",
                                "S": "9",
                                "T": "3.2",
                                "V": "40000",
                                "W": "0",
                                "Pt": "R",
                                "Dp": "0.6",
                                "$": "1080"
                            },
                            {
                                "D": "SW",
                                "G": "15",
                                "H": "84.9",
                                "P": "1001",
                                "S": "9",
                                "T": "2.8",
                                "V": "55000",
                                "W": "0",
                                "Pt": "R",
                                "Dp": "0.5",
                                "$": "1140"
                            },
                            {
                                "D": "W",
                                "G": "10",
                                "H": "85.9",
                                "P": "1002",
                                "S": "7",
                                "T": "2.1",
                                "V": "50000",
                                "W": "0",
                                "Pt": "R",
                                "Dp": "0.0",
                                "$": "1200"
                            },
                            {
                                "D": "W",
                                "G": "11",
                                "H": "87.7",
                                "P": "1002",
                                "S": "8",
                                "T": "1.9",
                                "V": "40000",
                                "W": "0",
                                "Pt": "R",
                                "Dp": "0.1",
                                "$": "1260"
                            },
                            {
                                "D": "WSW",
                                "G": "14",
                                "H": "90.3",
                                "P": "1003",
                                "S": "10",
                                "T": "1.3",
                                "V": "40000",
                                "W": "0",
                                "Pt": "R",
                                "Dp": "-0.1",
                                "$": "1320"
                            },
                            {
                                "D": "WSW",
                                "G": "15",
                                "H": "88.9",
                                "P": "1003",
                                "S": "9",
                                "T": "1.0",
                                "V": "40000",
                                "W": "0",
                                "Pt": "R",
                                "Dp": "-0.6",
                                "$": "1380"
                            }
                        ]
                    },
                    {
                        "type": "Day",
                        "value": "2025-01-08Z",
                        "Rep": [
                            {
                                "D": "WSW",
                                "G": "11",
                                "H": "89.6",
                                "P": "1003",
                                "S": "9",
                                "T": "-0.1",
                                "V": "45000",
                                "W": "0",
                                "Pt": "R",
                                "Dp": "-1.4",
                                "$": "0"
                            },
                            {
                                "D": "WSW",
                                "G": "15",
                                "H": "90.5",
                                "P": "1004",
                                "S": "6",
                                "T": "0.0",
                                "V": "35000",
                                "W": "0",
                                "Pt": "R",
                                "Dp": "-1.2",
                                "$": "60"
                            },
                            {
                                "D": "SW",
                                "G": "9",
                                "H": "89.5",
                                "P": "1004",
                                "S": "5",
                                "T": "-1.2",
                                "V": "40000",
                                "W": "7",
                                "Pt": "R",
                                "Dp": "-2.4",
                                "$": "120"
                            },
                            {
                                "D": "W",
                                "G": "8",
                                "H": "92.0",
                                "P": "1004",
                                "S": "3",
                                "T": "-0.9",
                                "V": "35000",
                                "W": "2",
                                "Pt": "R",
                                "Dp": "-1.8",
                                "$": "180"
                            },
                            {
                                "D": "W",
                                "G": "10",
                                "H": "91.7",
                                "P": "1004",
                                "S": "3",
                                "T": "-1.1",
                                "V": "40000",
                                "W": "7",
                                "Pt": "R",
                                "Dp": "-2.0",
                                "$": "240"
                            },
                            {
                                "D": "W",
                                "G": "9",
                                "H": "92.9",
                                "P": "1004",
                                "S": "6",
                                "T": "-0.8",
                                "V": "40000",
                                "W": "8",
                                "Pt": "R",
                                "Dp": "-1.6",
                                "$": "300"
                            },
                            {
                                "D": "W",
                                "G": "7",
                                "H": "92.3",
                                "P": "1004",
                                "S": "3",
                                "T": "-0.6",
                                "V": "30000",
                                "W": "8",
                                "Pt": "F",
                                "Dp": "-1.5",
                                "$": "360"
                            },
                            {
                                "D": "W",
                                "G": "3",
                                "H": "92.4",
                                "P": "1004",
                                "S": "2",
                                "T": "-0.4",
                                "V": "28000",
                                "W": "8",
                                "Pt": "F",
                                "Dp": "-1.3",
                                "$": "420"
                            },
                            {
                                "D": "N",
                                "G": "3",
                                "H": "92.4",
                                "P": "1004",
                                "S": "0",
                                "T": "-0.5",
                                "V": "23000",
                                "W": "8",
                                "Pt": "F",
                                "Dp": "-1.4",
                                "$": "480"
                            },
                            {
                                "D": "SSE",
                                "G": "7",
                                "H": "91.6",
                                "P": "1003",
                                "S": "2",
                                "T": "0.4",
                                "V": "21000",
                                "W": "8",
                                "Pt": "F",
                                "Dp": "-0.8",
                                "$": "540"
                            },
                            {
                                "D": "SSE",
                                "G": "6",
                                "H": "92.8",
                                "P": "1003",
                                "S": "3",
                                "T": "0.7",
                                "V": "35000",
                                "W": "8",
                                "Pt": "F",
                                "Dp": "-0.3",
                                "$": "600"
                            },
                            {
                                "D": "NNE",
                                "G": "6",
                                "H": "90.3",
                                "P": "1003",
                                "S": "3",
                                "T": "1.1",
                                "V": "24000",
                                "W": "8",
                                "Pt": "F",
                                "Dp": "-0.3",
                                "$": "660"
                            },
                            {
                                "D": "E",
                                "G": "7",
                                "H": "90.4",
                                "P": "1002",
                                "S": "5",
                                "T": "1.6",
                                "V": "24000",
                                "W": "8",
                                "Pt": "F",
                                "Dp": "0.2",
                                "$": "720"
                            },
                            {
                                "D": "ENE",
                                "G": "8",
                                "H": "89.1",
                                "P": "1000",
                                "S": "5",
                                "T": "2.0",
                                "V": "21000",
                                "W": "8",
                                "Pt": "F",
                                "Dp": "0.4",
                                "$": "780"
                            },
                            {
                                "D": "ENE",
                                "G": "10",
                                "H": "87.9",
                                "P": "999",
                                "S": "6",
                                "T": "2.6",
                                "V": "22000",
                                "W": "8",
                                "Pt": "F",
                                "Dp": "0.8",
                                "$": "840"
                            },
                            {
                                "D": "NE",
                                "G": "13",
                                "H": "83.6",
                                "P": "999",
                                "S": "7",
                                "T": "2.7",
                                "V": "26000",
                                "W": "8",
                                "Pt": "F",
                                "Dp": "0.2",
                                "$": "900"
                            },
                            {
                                "D": "NE",
                                "G": "14",
                                "H": "83.0",
                                "P": "998",
                                "S": "6",
                                "T": "2.7",
                                "V": "30000",
                                "W": "8",
                                "Pt": "F",
                                "Dp": "0.1",
                                "$": "960"
                            }
                        ]
                    }
                ]
            }
        }
    }
}