{
    "SiteRep": {
        "Wx": {
            "Param": [
                {
                    "name": "G",
                    "units": "mph",
                    "$": "Wind Gust"
                },
                {
                    "name": "T",
                    "units": "C",
                    "$": "Temperature"
                },
                {
                    "name": "V",
                    "units": "m",
                    "$": "Visibility"
                },
                {
                    "name": "D",
                    "units": "compass",
                    "$": "Wind Direction"
                },
                {
                    "name": "S",
                    "units": "mph",
                    "$": "Wind Speed"
                },
                {
                    "name": "W",
                    "units": "",
                    "$": "Weather Type"
                },
                {
                    "name": "P",
                    "units": "hpa",
                    "$": "Pressure"
                },
                {
                    "name": "Pt",
                    "units": "Pa/s",
                    "$": "Pressure Tendency"
                },
                {
                    "name": "Dp",
                    "units": "C",
                    "$": "Dew Point"
                },
                {
                    "name": "H",
                    "units": "%",
                    "$": "Screen Relative Humidity"
                }
            ]
        },
        "DV": {
            "dataDate": "2025-11-01T16:00:00Z",
            "type": "Obs",
            "Location": {
                "i": "3772",
                "lat": "51.479",
                "lon": "-0.449",
                "name": "HEATHROW",
                "country": "ENGLAND",
                "continent": "EUROPE",
                "elevation": "25.0",
                "Period": [
                    {
                        "type": "Day",
                        "value": "2025-10-31Z",
                        "Rep": [
                            {
                                "D": "S",
                                "G": "29",
                                "H": "82.9",
                                "P": "1000",
                                "S": "15",
                                "T": "15.5",
                                "V": "30000",
                                "W": "12",
                                "Pt": "F",
                                "Dp": "12.6",
                                "$": "960"
                            },
                            {
                                "D": "S",
                                "G": "25",
                                "H": "84.0",
                                "P": "1000",
                                "S": "14",
                                "T": "15.5",
                                "V": "35000",
                                "W": "8",
                                "Pt": "R",
                                "Dp": "12.8",
                                "$": "1020"
                            },
                            {
                                "D": "S",
                                "G": "22",
                                "H": "85.0",
                                "P": "1000",
                                "S": "13",
                                "T": "15.3",
                                "V": "22000",
                                "W": "8",
                                "Pt": "R",
                                "Dp": "12.8",
                                "$": "1080"
                            },
                            {
                                "D": "S",
                                "G": "23",
                                "H": "90.1",
                                "P": "1000",
                                "S": "11",
                                "T": "14.9",
                                "V": "28000",
                                "W": "11",
                                "Pt": "R",
                                "Dp": "13.3",
                                "$": "1140"
                            },
                            {
                                "D": "SSW",
                                "G": "26",
                                "H": "93.1",
                                "P": "1000",
                                "S": "15",
                                "T": "14.3",
                                "V": "4000",
                                "W": "12",
                                "Pt": "F",
                                "Dp": "13.2",
                                "$": "1200"
                            },
                            {
                                "D": "S",
                                "G": "23",
                                "H": "90.1",
                                "P": "1000",
                                "S": "8",
                                "T": "14.4",
                                "V": "35000",
                                "W": "2",
                                "Pt": "F",
                                "Dp": "12.8",
                                "$": "1260"
                            },
                            {
                                "D": "S",
                                "G": "30",
                                "H": "85.6",
                                "P": "999",
                                "S": "18",
                                "T": "15.5",
                                "V": "30000",
                                "W": "8",
                                "Pt": "F",
                                "Dp": "13.1",
                                "$": "1320"
                            },
                            {
                                "D": "S",
                                "G": "32",
                                "H": "82.9",
                                "P": "999",
                                "S": "18",
                                "T": "15.7",
                                "V": "35000",
                                "W": "8",
                                "Pt": "F",
                                "Dp": "12.8",
                                "$": "1380"
                            }
                        ]
                    },
                    {
                        "type": "Day",
                        "value": "2025-11-01Z",
                        "Rep": [
                            {
                                "D": "S",
                                "G": "30",
                                "H": "80.2",
                                "P": "998",
                                "S": "17",
                                "T": "15.8",
                                "V": "35000",
                                "W": "8",
                                "Pt": "F",
                                "Dp": "12.4",
                                "$": "0"
                            },
                            {
                                "D": "S",
                                "G": "32",
                                "H": "85.0",
                                "P": "998",
                                "S": "17",
                                "T": "15.2",
                                "V": "9000",
                                "W": "12",
                                "Pt": "F",
                                "Dp": "12.7",
                                "$": "60"
                            },
                            {
                                "D": "S",
                                "G": "31",
                                "H": "90.1",
                                "P": "997",
                                "S": "21",
                                "T": "14.8",
                                "V": "10000",
                                "W": "12",
                                "Pt": "F",
                                "Dp": "13.2",
                                "$": "120"
                            },
                            {
                                "D": "SSW",
                                "G": "29",
                                "H": "81.5",
                                "P": "997",
                                "S": "17",
                                "T": "13.5",
                                "V": "45000",
                                "W": "12",
                                "Pt": "F",
                                "Dp": "10.4",
                                "$": "180"
                            },
                            {
                                "D": "SSW",
                                "G": "22",
                                "H": "91.2",
                                "P": "998",
                                "S": "14",
                                "T": "12.8",
                                "V": "8000",
                                "W": "12",
                                "Pt": "F",
                                "Dp": "11.4",
                                "$": "240"
                            },
                            {
                                "D": "SSW",
                                "G": "23",
                                "H": "82.5",
                                "P": "998",
                                "S": "16",
                                "T": "12.5",
                                "V": "45000",
                                "W": "8",
                                "Pt": "R",
                                "Dp": "9.6",
                                "$": "300"
                            },
                            {
                                "D": "SSW",
                                "G": "23",
                                "H": "86.4",
                                "P": "998",
                                "S": "13",
                                "T": "11.9",
                                "V": "30000",
                                "W": "8",
                                "Pt": "R",
                                "Dp": "9.7",
                                "$": "360"
                            },
                            {
                                "D": "SSW",
                                "G": "18",
                                "H": "86.4",
                                "P": "998",
                                "S": "11",
                                "T": "12.3",
                                "V": "26000",
                                "W": "8",
                                "Pt": "R",
                                "Dp": "10.1",
                                "$": "420"
                            },
                            {
                                "D": "SSW",
                                "G": "25",
                                "H": "83.6",
                                "P": "999",
                                "S": "13",
                                "T": "12.5",
                                "V": "24000",
                                "W": "8",
                                "Pt": "R",
                                "Dp": "9.8",
                                "$": "480"
                            },
                            {
                                "D": "SSW",
                                "G": "28",
                                "H": "78.2",
                                "P": "1000",
                                "S": "17",
                                "T": "13.1",
                                "V": "23000",
                                "W": "1",
                                "Pt": "R",
                                "Dp": "9.4",
                                "$": "540"
                            },
                            {
                                "D": "SW",
                                "G": "25",
                                "H": "71.5",
                                "P": "1000",
                                "S": "17",
                                "T": "14.6",
                                "V": "26000",
                                "W": "3",
                                "Pt": "R",
                                "Dp": "9.5",
                                "$": "600"
                            },
                            {
                                "D": "WSW",
                                "G": "34",
                                "H": "64.5",
                                "P": "1002",
                                "S": "19",
                                "T": "14.8",
                                "V": "35000",
                                "W": "8",
                                "Pt": "R",
                                "Dp": "8.2",
                                "$": "660"
                            },
                            {
                                "D": "WSW",
                                "G": "33",
                                "H": "55.7",
                                "P": "1002",
                                "S": "23",
                                "T": "15.6",
                                "V": "55000",
                                "W": "3",
                                "Pt": "R",
                                "Dp": "6.8",
                                "$": "720"
                            },
                            {
                                "D": "SW",
                                "G": "31",
                                "H": "59.1",
                                "P": "1002",
                                "S": "18",
                                "T": "15.2",
                                "V": "45000",
                                "W": "3",
                                "Pt": "R",
                                "Dp": "7.3",
                                "$": "780"
                            },
                            {
                                "D": "SW",
                                "G": "23",
                                "H": "55.7",
                                "P": "1002",
                                "S": "16",
                                "T": "15.8",
                                "V": "45000",
                                "W": "8",
                                "Pt": "R",
                                "Dp": "7.0",
                                "$": "840"
                            },
                            {
                                "D": "SW",
                                "G": "33",
                                "H": "81.4",
                                "P": "1003",
                                "S": "11",
                                "T": "13.0",
                                "V": "45000",
                                "W": "12",
                                "Pt": "R",
                                "Dp": "9.9",
                                "$": "900"
                            },
                            {
                                "D": "SW",
                                "G": "17",
                                "H": "80.8",
                                "P": "1004",
                                "S": "10",
                                "T": "12.6",
                                "V": "19000",
                                "W": "12",
                                "Pt": "R",
                                "Dp": "9.4",
                                "$": "960"
                            }
                        ]
                    }
                ]
            }
        }
    }
}