{
    "SiteRep": {
        "Wx": {
            "Param": [
                {
                    "name": "G",
                    "units": "mph",
                    "$": "Wind Gust"
                },
                {
                    "name": "T",
                    "units": "C",
                    "$": "Temperature"
                },
                {
                    "name": "V",
                    "units": "m",
                    "$": "Visibility"
                },
                {
                    "name": "D",
                    "units": "compass",
                    "$": "Wind Direction"
                },
                {
                    "name": "S",
                    "units": "mph",
                    "$": "Wind Speed"
                },
                {
                    "name": "W",
                    "units": "",
                    "$": "Weather Type"
                },
                {
                    "name": "P",
                    "units": "hpa",
                    "$": "Pressure"
                },
                {
                    "name": "Pt",
                    "units": "Pa/s",
                    "$": "Pressure Tendency"
                },
                {
                    "name": "Dp",
                    "units": "C",
                    "$": "Dew Point"
                },
                {
                    "name": "H",
                    "units": "%",
                    "$": "Screen Relative Humidity"
                }
            ]
        },
        "DV": {
            "dataDate": "2025-06-12T15:00:00Z",
            "type": "Obs",
            "Location": {
                "i": "3772",
                "lat": "51.479",
                "lon": "-0.449",
                "name": "HEATHROW",
                "country": "ENGLAND",
                "continent": "EUROPE",
                "elevation": "25.0",
                "Period": [
                    {
                        "type": "Day",
                        "value": "2025-06-11Z",
                        "Rep": [
                            {
                                "D": "ESE",
                                "G": "19",
                                "H": "51.6",
                                "P": "1017",
                                "S": "9",
                                "T": "24.0",
                                "V": "60000",
                                "W": "7",
                                "Pt": "F",
                                "Dp": "13.5",
                                "$": "960"
                            },
                            {
                                "D": "E",
                                "G": "22",
                                "H": "54.0",
                                "P": "1017",
                                "S": "13",
                                "T": "22.6",
                                "V": "30000",
                                "W": "3",
                                "Pt": "F",
                                "Dp": "12.9",
                                "$": "1020"
                            },
                            {
                                "D": "ENE",
                                "G": "21",
                                "H": "50.3",
                                "P": "1016",
                                "S": "11",
                                "T": "21.8",
                                "V": "30000",
                                "W": "1",
                                "Pt": "F",
                                "Dp": "11.1",
                                "$": "1080"
                            },
                            {
                                "D": "E",
                                "G": "22",
                                "H": "50.5",
                                "P": "1016",
                                "S": "14",
                                "T": "19.9",
                                "V": "30000",
                                "W": "1",
                                "Pt": "F",
                                "Dp": "9.4",
                                "$": "1140"
                            },
                            {
                                "D": "E",
                                "G": "24",
                                "H": "54.4",
                                "P": "1017",
                                "S": "15",
                                "T": "17.4",
                                "V": "35000",
                                "W": "1",
                                "Pt": "F",
                                "Dp": "8.2",
                                "$": "1200"
                            },
                            {
                                "D": "E",
                                "G": "21",
                                "H": "56.4",
                                "P": "1017",
                                "S": "10",
                                "T": "16.2",
                                "V": "40000",
                                "W": "0",
                                "Pt": "R",
                                "Dp": "7.6",
                                "$": "1260"
                            },
                            {
                                "D": "ENE",
                                "G": "18",
                                "H": "64.6",
                                "P": "1017",
                                "S": "11",
                                "T": "16.1",
                                "V": "30000",
                                "W": "0",
                                "Pt": "R",
                                "Dp": "9.5",
                                "$": "1320"
                            },
                            {
                                "D": "E",
                                "G": "19",
                                "H": "74.8",
                                "P": "1016",
                                "S": "9",
                                "T": "15.1",
                                "V": "25000",
                                "W": "0",
                                "Pt": "F",
                                "Dp": "10.7",
                                "$": "1380"
                            }
                        ]
                    },
                    {
                        "type": "Day",
                        "value": "2025-06-12Z",
                        "Rep": [
                            {
                                "D": "E",
                                "G": "17",
                                "H": "76.8",
                                "P": "1016",
                                "S": "8",
                                "T": "14.9",
                                "V": "22000",
                                "W": "0",
                                "Pt": "F",
                                "Dp": "10.9",
                                "$": "0"
                            },
                            {
                                "D": "ENE",
                                "G": "17",
                                "H": "79.9",
                                "P": "1015",
                                "S": "8",
                                "T": "14.8",
                                "V": "19000",
                                "W": "0",
                                "Pt": "F",
                                "Dp": "11.4",
                                "$": "60"
                            },
                            {
                                "D": "ENE",
                                "G": "14",
                                "H": "81.5",
                                "P": "1015",
                                "S": "6",
                                "T": "14.3",
                                "V": "17000",
                                "W": "0",
                                "Pt": "F",
                                "Dp": "11.2",
                                "$": "120"
                            },
                            {
                                "D": "ENE",
                                "G": "10",
                                "H": "84.8",
                                "P": "1014",
                                "S": "6",
                                "T": "14.0",
                                "V": "15000",
                                "W": "0",
                                "Pt": "F",
                                "Dp": "11.5",
                                "$": "180"
                            },
                            {
                                "D": "ENE",
                                "G": "11",
                                "H": "83.7",
                                "P": "1013",
                                "S": "7",
                                "T": "14.3",
                                "V": "15000",
                                "W": "1",
                                "Pt": "F",
                                "Dp": "11.6",
                                "$": "240"
                            },
                            {
                                "D": "E",
                                "G": "14",
                                "H": "81.0",
                                "P": "1013",
                                "S": "7",
                                "T": "14.6",
                                "V": "14000",
                                "W": "7",
                                "Pt": "F",
                                "Dp": "11.4",
                                "$": "300"
                            },
                            {
                                "D": "E",
                                "G": "18",
                                "H": "73.0",
                                "P": "1012",
                                "S": "10",
                                "T": "16.0",
                                "V": "15000",
                                "W": "7",
                                "Pt": "F",
                                "Dp": "11.2",
                                "$": "360"
                            },
                            {
                                "D": "E",
                                "G": "17",
                                "H": "64.6",
                                "P": "1012",
                                "S": "11",
                                "T": "17.8",
                                "V": "22000",
                                "W": "8",
                                "Pt": "F",
                                "Dp": "11.1",
                                "$": "420"
                            },
                            {
                                "D": "E",
                                "G": "17",
                                "H": "54.1",
                                "P": "1012",
                                "S": "10",
                                "T": "21.3",
                                "V": "28000",
                                "W": "8",
                                "Pt": "F",
                                "Dp": "11.7",
                                "$": "480"
                            },
                            {
                                "D": "ENE",
                                "G": "21",
                                "H": "55.4",
                                "P": "1010",
                                "S": "10",
                                "T": "20.5",
                                "V": "26000",
                                "W": "8",
                                "Pt": "F",
                                "Dp": "11.3",
                                "$": "540"
                            },
                            {
                                "D": "E",
                                "G": "21",
                                "H": "55.9",
                                "P": "1011",
                                "S": "14",
                                "T": "21.3",
                                "V": "25000",
                                "W": "8",
                                "Pt": "F",
                                "Dp": "12.2",
                                "$": "600"
                            },
                            {
                                "D": "E",
                                "G": "19",
                                "H": "51.9",
                                "P": "1010",
                                "S": "13",
                                "T": "23.4",
                                "V": "26000",
                                "W": "8",
                                "Pt": "F",
                                "Dp": "13.0",
                                "$": "660"
                            },
                            {
                                "D": "S",
                                "G": "23",
                                "H": "55.6",
                                "P": "1011",
                                "S": "13",
                                "T": "21.7",
                                "V": "35000",
                                "W": "8",
                                "Pt": "R",
                                "Dp": "12.5",
                                "$": "720"
                            },
                            {
                                "D": "S",
                                "G": "18",
                                "H": "54.1",
                                "P": "1011",
                                "S": "9",
                                "T": "23.9",
                                "V": "30000",
                                "W": "8",
                                "Pt": "F",
                                "Dp": "14.1",
                                "$": "780"
                            },
                            {
                                "D": "S",
                                "G": "17",
                                "H": "55.1",
                                "P": "1011",
                                "S": "10",
                                "T": "23.7",
                                "V": "30000",
                                "W": "3",
                                "Pt": "R",
                                "Dp": "14.2",
                                "$": "840"
                            },
                            {
                                "D": "S",
                                "G": "18",
                                "H": "59.5",
                                "P": "1011",
                                "S": "13",
                                "T": "23.5",
                                "V": "45000",
                                "W": "8",
                                "Pt": "R",
                                "Dp": "15.2",
                                "$": "900"
                            },
                            {
                                "D": "SSW",
                                "G": "17",
                                "H": "58.7",
                                "P": "1011",
                                "S": "10",
                                "T": "25.0",
                                "V": "35000",
                                "W": "8",
                                "Pt": "R",
                                "Dp": "16.4",
                                "$": "960"
                            }
                        ]
                    }
                ]
            }
        }
    }
}