{
    "SiteRep": {
        "Wx": {
            "Param": [
                {
                    "name": "G",
                    "units": "mph",
                    "$": "Wind Gust"
                },
                {
                    "name": "T",
                    "units": "C",
                    "$": "Temperature"
                },
                {
                    "name": "V",
                    "units": "m",
                    "$": "Visibility"
                },
                {
                    "name": "D",
                    "units": "compass",
                    "$": "Wind Direction"
                },
                {
                    "name": "S",
                    "units": "mph",
                    "$": "Wind Speed"
                },
                {
                    "name": "W",
                    "units": "",
                    "$": "Weather Type"
                },
                {
                    "name": "P",
                    "units": "hpa",
                    "$": "Pressure"
                },
                {
                    "name": "Pt",
                    "units": "Pa/s",
                    "$": "Pressure Tendency"
                },
                {
                    "name": "Dp",
                    "units": "C",
                    "$": "Dew Point"
                },
                {
                    "name": "H",
                    "units": "%",
                    "$": "Screen Relative Humidity"
                }
            ]
        },
        "DV": {
            "dataDate": "2024-09-08T16:00:00Z",
            "type": "Obs",
            "Location": {
                "i": "3772",
                "lat": "51.479",
                "lon": "-0.449",
                "name": "HEATHROW",
                "country": "ENGLAND",
                "continent": "EUROPE",
                "elevation": "25.0",
                "Period": [
                    {
                        "type": "Day",
                        "value": "2024-09-07Z",
                        "Rep": [
                            {
                                "D": "N",
                                "G": "8",
                                "H": "71.9",
                                "P": "1008",
                                "S": "2",
                                "T": "19.7",
                                "V": "30000",
                                "W": "8",
                                "Pt": "F",
                                "Dp": "14.5",
                                "$": "960"
                            },
                            {
                                "D": "NW",
                                "G": "5",
                                "H": "76.7",
                                "P": "1008",
                                "S": "3",
                                "T": "19.5",
                                "V": "26000",
                                "W": "8",
                                "Pt": "F",
                                "Dp": "15.3",
                                "$": "1020"
                            },
                            {
                                "D": "N",
                                "G": "5",
                                "H": "77.1",
                                "P": "1008",
                                "S": "2",
                                "T": "19.3",
                                "V": "22000",
                                "W": "8",
                                "Pt": "F",
                                "Dp": "15.2",
                                "$": "1080"
                            },
                            {
                                "D": "NNW",
                                "G": "5",
                                "H": "76.5",
                                "P": "1008",
                                "S": "2",
                                "T": "19.2",
                                "V": "21000",
                                "W": "8",
                                "Pt": "F",
                                "Dp": "15.0",
                                "$": "1140"
                            },
                            {
                                "D": "N",
                                "G": "5",
                                "H": "80.1",
                                "P": "1008",
                                "S": "3",
                                "T": "18.9",
                                "V": "19000",
                                "W": "8",
                                "Pt": "F",
                                "Dp": "15.4",
                                "$": "1200"
                            },
                            {
                                "D": "NNE",
                                "G": "7",
                                "H": "82.1",
                                "P": "1007",
                                "S": "3",
                                "T": "18.4",
                                "V": "21000",
                                "W": "8",
                                "Pt": "F",
                                "Dp": "15.3",
                                "$": "1260"
                            },
                            {
                                "D": "NE",
                                "G": "7",
                                "H": "83.1",
                                "P": "1006",
                                "S": "5",
                                "T": "18.0",
                                "V": "17000",
                                "W": "8",
                                "Pt": "F",
                                "Dp": "15.1",
                                "$": "1320"
                            },
                            {
                                "D": "E",
                                "G": "6",
                                "H": "85.8",
                                "P": "1006",
                                "S": "2",
                                "T": "17.5",
                                "V": "15000",
                                "W": "8",
                                "Pt": "F",
                                "Dp": "15.1",
                                "$": "1380"
                            }
                        ]
                    },
                    {
                        "type": "Day",
                        "value": "2024-09-08Z",
                        "Rep": [
                            {
                                "D": "ENE",
                                "G": "5",
                                "H": "86.9",
                                "P": "1006",
                                "S": "2",
                                "T": "17.4",
                                "V": "11000",
                                "W": "8",
                                "Pt": "F",
                                "Dp": "15.2",
                                "$": "0"
                            },
                            {
                                "D": "SSE",
                                "G": "11",
                                "H": "90.3",
                                "P": "1005",
                                "S": "7",
                                "T": "17.4",
                                "V": "3300",
                                "W": "12",
                                "Pt": "F",
                                "Dp": "15.8",
                                "$": "60"
                            },
                            {
                                "D": "ENE",
                                "G": "10",
                                "H": "93.7",
                                "P": "1005",
                                "S": "3",
                                "T": "15.8",
                                "V": "2400",
                                "W": "12",
                                "Pt": "F",
                                "Dp": "14.8",
                                "$": "120"
                            },
                            {
                                "D": "E",
                                "G": "10",
                                "H": "93.7",
                                "P": "1005",
                                "S": "3",
                                "T": "14.4",
                                "V": "13000",
                                "W": "8",
                                "Pt": "F",
                                "Dp": "13.4",
                                "$": "180"
                            },
                            {
                                "D": "NW",
                                "G": "10",
                                "H": "95.6",
                                "P": "1004",
                                "S": "1",
                                "T": "14.7",
                                "V": "16000",
                                "W": "12",
                                "Pt": "F",
                                "Dp": "14.0",
                                "$": "240"
                            },
                            {
                                "D": "E",
                                "G": "7",
                                "H": "97.4",
                                "P": "1004",
                                "S": "5",
                                "T": "14.2",
                                "V": "21000",
                                "W": "2",
                                "Pt": "F",
                                "Dp": "13.8",
                                "$": "300"
                            },
                            {
                                "D": "SE",
                                "G": "10",
                                "H": "98.1",
                                "P": "1004",
                                "S": "6",
                                "T": "14.7",
                                "V": "19000",
                                "W": "8",
                                "Pt": "F",
                                "Dp": "14.4",
                                "$": "360"
                            },
                            {
                                "D": "E",
                                "G": "9",
                                "H": "96.2",
                                "P": "1004",
                                "S": "5",
                                "T": "14.8",
                                "V": "12000",
                                "W": "8",
                                "Pt": "R",
                                "Dp": "14.2",
                                "$": "420"
                            },
                            {
                                "D": "SSE",
                                "G": "9",
                                "H": "95.6",
                                "P": "1004",
                                "S": "5",
                                "T": "16.0",
                                "V": "29000",
                                "W": "8",
                                "Pt": "R",
                                "Dp": "15.3",
                                "$": "480"
                            },
                            {
                                "D": "E",
                                "G": "10",
                                "H": "90.2",
                                "P": "1004",
                                "S": "5",
                                "T": "16.6",
                                "V": "30000",
                                "W": "8",
                                "Pt": "R",
                                "Dp": "15.0",
                                "$": "540"
                            },
                            {
                                "D": "SSE",
                                "G": "10",
                                "H": "84.8",
                                "P": "1004",
                                "S": "6",
                                "T": "18.7",
                                "V": "50000",
                                "W": "8",
                                "Pt": "R",
                                "Dp": "16.1",
                                "$": "600"
                            },
                            {
                                "D": "SSE",
                                "G": "14",
                                "H": "75.6",
                                "P": "1003",
                                "S": "7",
                                "T": "18.9",
                                "V": "16000",
                                "W": "12",
                                "Pt": "F",
                                "Dp": "14.5",
                                "$": "660"
                            },
                            {
                                "D": "SSE",
                                "G": "9",
                                "H": "74.1",
                                "P": "1003",
                                "S": "5",
                                "T": "19.0",
                                "V": "40000",
                                "W": "8",
                                "Pt": "F",
                                "Dp": "14.3",
                                "$": "720"
                            },
                            {
                                "D": "S",
                                "G": "17",
                                "H": "82.8",
                                "P": "1003",
                                "S": "8",
                                "T": "19.5",
                                "V": "50000",
                                "W": "3",
                                "Pt": "F",
                                "Dp": "16.5",
                                "$": "780"
                            },
                            {
                                "D": "SSE",
                                "G": "15",
                                "H": "73.4",
                                "P": "1002",
                                "S": "7",
                                "T": "20.2",
                                "V": "50000",
                                "W": "3",
                                "Pt": "F",
                                "Dp": "15.3",
                                "$": "840"
                            },
                            {
                                "D": "S",
                                "G": "15",
                                "H": "70.1",
                                "P": "1002",
                                "S": "8",
                                "T": "19.7",
                                "V": "55000",
                                "W": "1",
                                "Pt": "F",
                                "Dp": "14.1",
                                "$": "900"
                            },
                            {
                                "D": "S",
                                "G": "14",
                                "H": "63.1",
                                "P": "1002",
                                "S": "8",
                                "T": "19.4",
                                "V": "55000",
                                "W": "8",
                                "Pt": "F",
                                "Dp": "12.2",
                                "$": "960"
                            }
                        ]
                    }
                ]
            }
        }
    }
}