{
    "SiteRep": {
        "Wx": {
            "Param": [
                {
                    "name": "G",
                    "units": "mph",
                    "$": "Wind Gust"
                },
                {
                    "name": "T",
                    "units": "C",
                    "$": "Temperature"
                },
                {
                    "name": "V",
                    "units": "m",
                    "$": "Visibility"
                },
                {
                    "name": "D",
                    "units": "compass",
                    "$": "Wind Direction"
                },
                {
                    "name": "S",
                    "units": "mph",
                    "$": "Wind Speed"
                },
                {
                    "name": "W",
                    "units": "",
                    "$": "Weather Type"
                },
                {
                    "name": "P",
                    "units": "hpa",
                    "$": "Pressure"
                },
                {
                    "name": "Pt",
                    "units": "Pa/s",
                    "$": "Pressure Tendency"
                },
                {
                    "name": "Dp",
                    "units": "C",
                    "$": "Dew Point"
                },
                {
                    "name": "H",
                    "units": "%",
                    "$": "Screen Relative Humidity"
                }
            ]
        },
        "DV": {
            "dataDate": "2023-09-08T16:00:00Z",
            "type": "Obs",
            "Location": {
                "i": "3772",
                "lat": "51.479",
                "lon": "-0.449",
                "name": "HEATHROW",
                "country": "ENGLAND",
                "continent": "EUROPE",
                "elevation": "25.0",
                "Period": [
                    {
                        "type": "Day",
                        "value": "2023-09-07Z",
                        "Rep": [
                            {
                                "D": "NW",
                                "G": "11",
                                "H": "39.9",
                                "P": "1014",
                                "S": "5",
                                "T": "31.6",
                                "V": "30000",
                                "W": "3",
                                "Pt": "F",
                                "Dp": "16.4",
                                "$": "960"
                            },
                            {
                                "D": "NW",
                                "G": "9",
                                "H": "42.8",
                                "P": "1014",
                                "S": "5",
                                "T": "30.5",
                                "V": "30000",
                                "W": "1",
                                "Pt": "F",
                                "Dp": "16.5",
                                "$": "1020"
                            },
                            {
                                "D": "NNW",
                                "G": "8",
                                "H": "45.8",
                                "P": "1015",
                                "S": "3",
                                "T": "29.3",
                                "V": "30000",
                                "W": "1",
                                "Pt": "F",
                                "Dp": "16.5",
                                "$": "1080"
                            },
                            {
                                "D": "N",
                                "G": "7",
                                "H": "49.0",
                                "P": "1015",
                                "S": "3",
                                "T": "27.5",
                                "V": "27000",
                                "W": "0",
                                "Pt": "R",
                                "Dp": "15.9",
                                "$": "1140"
                            },
                            {
                                "D": "ESE",
                                "G": "14",
                                "H": "60.0",
                                "P": "1015",
                                "S": "9",
                                "T": "25.5",
                                "V": "25000",
                                "W": "0",
                                "Pt": "R",
                                "Dp": "17.2",
                                "$": "1200"
                            },
                            {
                                "D": "S",
                                "G": "11",
                                "H": "60.5",
                                "P": "1016",
                                "S": "5",
                                "T": "24.5",
                                "V": "35000",
                                "W": "0",
                                "Pt": "R",
                                "Dp": "16.4",
                                "$": "1260"
                            },
                            {
                                "D": "S",
                                "G": "9",
                                "H": "64.8",
                                "S": "5",
                                "T": "23.4",
                                "Dp": "16.4",
                                "$": "1320"
                            },
                            {
                                "D": "WSW",
                                "G": "8",
                                "H": "69.1",
                                "P": "1016",
                                "S": "3",
                                "T": "22.2",
                                "V": "35000",
                                "W": "0",
                                "Pt": "R",
                                "Dp": "16.3",
                                "$": "1380"
                            }
                        ]
                    },
                    {
                        "type": "Day",
                        "value": "2023-09-08Z",
                        "Rep": [
                            {
                                "D": "SW",
                                "G": "5",
                                "H": "75.4",
                                "P": "1016",
                                "S": "2",
                                "T": "21.3",
                                "V": "30000",
                                "W": "8",
                                "Pt": "S",
                                "Dp": "16.8",
                                "$": "0"
                            },
                            {
                                "D": "W",
                                "G": "5",
                                "H": "74.9",
                                "P": "1016",
                                "S": "1",
                                "T": "21.3",
                                "V": "30000",
                                "W": "8",
                                "Pt": "S",
                                "Dp": "16.7",
                                "$": "60"
                            },
                            {
                                "D": "WSW",
                                "G": "5",
                                "H": "78.3",
                                "P": "1016",
                                "S": "3",
                                "T": "21.0",
                                "V": "30000",
                                "W": "8",
                                "Pt": "S",
                                "Dp": "17.1",
                                "$": "120"
                            },
                            {
                                "D": "WSW",
                                "G": "5",
                                "H": "81.2",
                                "P": "1016",
                                "S": "1",
                                "T": "20.3",
                                "V": "28000",
                                "W": "8",
                                "Pt": "F",
                                "Dp": "17.0",
                                "$": "180"
                            },
                            {
                                "D": "WSW",
                                "G": "6",
                                "H": "83.7",
                                "P": "1015",
                                "S": "2",
                                "T": "19.1",
                                "V": "24000",
                                "W": "8",
                                "Pt": "F",
                                "Dp": "16.3",
                                "$": "240"
                            },
                            {
                                "D": "SW",
                                "G": "5",
                                "H": "82.7",
                                "P": "1016",
                                "S": "3",
                                "T": "19.4",
                                "V": "30000",
                                "W": "8",
                                "Pt": "F",
                                "Dp": "16.4",
                                "$": "300"
                            },
                            {
                                "D": "W",
                                "G": "6",
                                "H": "82.2",
                                "P": "1016",
                                "S": "1",
                                "T": "19.4",
                                "V": "18000",
                                "W": "8",
                                "Pt": "R",
                                "Dp": "16.3",
                                "$": "360"
                            },
                            {
                                "D": "WNW",
                                "G": "5",
                                "H": "81.7",
                                "P": "1016",
                                "S": "2",
                                "T": "19.9",
                                "V": "19000",
                                "W": "3",
                                "Pt": "R",
                                "Dp": "16.7",
                                "$": "420"
                            },
                            {
                                "D": "NW",
                                "G": "5",
                                "H": "76.4",
                                "P": "1017",
                                "S": "1",
                                "T": "21.7",
                                "V": "18000",
                                "W": "8",
                                "Pt": "R",
                                "Dp": "17.4",
                                "$": "480"
                            },
                            {
                                "D": "WNW",
                                "G": "5",
                                "H": "62.8",
                                "P": "1016",
                                "S": "3",
                                "T": "24.2",
                                "V": "29000",
                                "W": "1",
                                "Pt": "R",
                                "Dp": "16.7",
                                "$": "540"
                            },
                            {
                                "D": "NW",
                                "G": "6",
                                "H": "61.1",
                                "P": "1017",
                                "S": "2",
                                "T": "25.7",
                                "V": "23000",
                                "W": "7",
                                "Pt": "R",
                                "Dp": "17.7",
                                "$": "600"
                            },
                            {
                                "D": "SW",
                                "G": "9",
                                "H": "55.3",
                                "P": "1017",
                                "S": "5",
                                "T": "27.5",
                                "V": "29000",
                                "W": "1",
                                "Pt": "R",
                                "Dp": "17.8",
                                "$": "660"
                            },
                            {
                                "D": "SW",
                                "G": "10",
                                "H": "50.3",
                                "P": "1017",
                                "S": "5",
                                "T": "28.8",
                                "V": "30000",
                                "W": "3",
                                "Pt": "S",
                                "Dp": "17.5",
                                "$": "720"
                            },
                            {
                                "D": "WSW",
                                "G": "13",
                                "H": "45.9",
                                "P": "1016",
                                "S": "6",
                                "T": "29.8",
                                "V": "35000",
                                "W": "3",
                                "Pt": "F",
                                "Dp": "17.0",
                                "$": "780"
                            },
                            {
                                "D": "SW",
                                "G": "13",
                                "H": "46.3",
                                "P": "1016",
                                "S": "7",
                                "T": "29.9",
                                "V": "35000",
                                "W": "1",
                                "Pt": "F",
                                "Dp": "17.2",
                                "$": "840"
                            },
                            {
                                "D": "S",
                                "G": "10",
                                "H": "41.7",
                                "P": "1015",
                                "S": "3",
                                "T": "29.8",
                                "V": "30000",
                                "W": "7",
                                "Pt": "F",
                                "Dp": "15.5",
                                "$": "900"
                            },
                            {
                                "D": "SW",
                                "G": "11",
                                "H": "41.2",
                                "P": "1015",
                                "S": "6",
                                "T": "29.7",
                                "V": "40000",
                                "W": "1",
                                "Pt": "F",
                                "Dp": "15.2",
                                "$": "960"
                            }
                        ]
                    }
                ]
            }
        }
    }
}