{
    "SiteRep": {
        "Wx": {
            "Param": [
                {
                    "name": "G",
                    "units": "mph",
                    "$": "Wind Gust"
                },
                {
                    "name": "T",
                    "units": "C",
                    "$": "Temperature"
                },
                {
                    "name": "V",
                    "units": "m",
                    "$": "Visibility"
                },
                {
                    "name": "D",
                    "units": "compass",
                    "$": "Wind Direction"
                },
                {
                    "name": "S",
                    "units": "mph",
                    "$": "Wind Speed"
                },
                {
                    "name": "W",
                    "units": "",
                    "$": "Weather Type"
                },
                {
                    "name": "P",
                    "units": "hpa",
                    "$": "Pressure"
                },
                {
                    "name": "Pt",
                    "units": "Pa/s",
                    "$": "Pressure Tendency"
                },
                {
                    "name": "Dp",
                    "units": "C",
                    "$": "Dew Point"
                },
                {
                    "name": "H",
                    "units": "%",
                    "$": "Screen Relative Humidity"
                }
            ]
        },
        "DV": {
            "dataDate": "2024-07-11T16:00:00Z",
            "type": "Obs",
            "Location": {
                "i": "3772",
                "lat": "51.479",
                "lon": "-0.449",
                "name": "HEATHROW",
                "country": "ENGLAND",
                "continent": "EUROPE",
                "elevation": "25.0",
                "Period": [
                    {
                        "type": "Day",
                        "value": "2024-07-10Z",
                        "Rep": [
                            {
                                "D": "SW",
                                "G": "24",
                                "H": "62.7",
                                "P": "1012",
                                "S": "15",
                                "T": "20.4",
                                "V": "60000",
                                "W": "8",
                                "Pt": "R",
                                "Dp": "13.1",
                                "$": "960"
                            },
                            {
                                "D": "SW",
                                "G": "23",
                                "H": "58.6",
                                "P": "1013",
                                "S": "16",
                                "T": "21.5",
                                "V": "75000",
                                "W": "8",
                                "Pt": "R",
                                "Dp": "13.1",
                                "$": "1020"
                            },
                            {
                                "D": "SSW",
                                "G": "24",
                                "H": "63.9",
                                "P": "1013",
                                "S": "15",
                                "T": "20.0",
                                "V": "60000",
                                "W": "8",
                                "Pt": "R",
                                "Dp": "13.0",
                                "$": "1080"
                            },
                            {
                                "D": "W",
                                "G": "23",
                                "H": "57.6",
                                "P": "1014",
                                "S": "16",
                                "T": "19.2",
                                "V": "75000",
                                "W": "3",
                                "Pt": "R",
                                "Dp": "10.7",
                                "$": "1140"
                            },
                            {
                                "D": "W",
                                "G": "25",
                                "H": "61.9",
                                "P": "1014",
                                "S": "17",
                                "T": "17.0",
                                "V": "75000",
                                "W": "7",
                                "Pt": "R",
                                "Dp": "9.7",
                                "$": "1200"
                            },
                            {
                                "D": "W",
                                "G": "23",
                                "H": "66.5",
                                "P": "1015",
                                "S": "14",
                                "T": "16.5",
                                "V": "75000",
                                "W": "8",
                                "Pt": "R",
                                "Dp": "10.3",
                                "$": "1260"
                            },
                            {
                                "D": "WSW",
                                "G": "23",
                                "H": "72.0",
                                "P": "1015",
                                "S": "11",
                                "T": "16.0",
                                "V": "75000",
                                "W": "8",
                                "Pt": "R",
                                "Dp": "11.0",
                                "$": "1320"
                            },
                            {
                                "D": "W",
                                "G": "19",
                                "H": "75.4",
                                "P": "1016",
                                "S": "11",
                                "T": "15.7",
                                "V": "65000",
                                "W": "8",
                                "Pt": "R",
                                "Dp": "11.4",
                                "$": "1380"
                            }
                        ]
                    },
                    {
                        "type": "Day",
                        "value": "2024-07-11Z",
                        "Rep": [
                            {
                                "D": "WSW",
                                "G": "16",
                                "H": "81.5",
                                "P": "1016",
                                "S": "10",
                                "T": "14.6",
                                "V": "55000",
                                "W": "7",
                                "Pt": "R",
                                "Dp": "11.5",
                                "$": "0"
                            },
                            {
                                "D": "WSW",
                                "G": "13",
                                "H": "83.8",
                                "P": "1016",
                                "S": "8",
                                "T": "14.6",
                                "V": "45000",
                                "W": "8",
                                "Pt": "R",
                                "Dp": "11.9",
                                "$": "60"
                            },
                            {
                                "D": "W",
                                "G": "15",
                                "H": "84.3",
                                "P": "1016",
                                "S": "9",
                                "T": "14.6",
                                "V": "40000",
                                "W": "8",
                                "Pt": "R",
                                "Dp": "12.0",
                                "$": "120"
                            },
                            {
                                "D": "WSW",
                                "G": "14",
                                "H": "88.7",
                                "P": "1016",
                                "S": "8",
                                "T": "13.1",
                                "V": "35000",
                                "W": "0",
                                "Pt": "R",
                                "Dp": "11.3",
                                "$": "180"
                            },
                            {
                                "D": "W",
                                "G": "11",
                                "H": "90.5",
                                "P": "1016",
                                "S": "7",
                                "T": "12.6",
                                "V": "35000",
                                "W": "0",
                                "Pt": "R",
                                "Dp": "11.1",
                                "$": "240"
                            },
                            {
                                "D": "WSW",
                                "G": "11",
                                "H": "91.8",
                                "P": "1017",
                                "S": "7",
                                "T": "12.7",
                                "V": "30000",
                                "W": "1",
                                "Pt": "R",
                                "Dp": "11.4",
                                "$": "300"
                            },
                            {
                                "D": "W",
                                "G": "13",
                                "H": "88.2",
                                "P": "1017",
                                "S": "8",
                                "T": "13.8",
                                "V": "30000",
                                "W": "1",
                                "Pt": "R",
                                "Dp": "11.9",
                                "$": "360"
                            },
                            {
                                "D": "WSW",
                                "G": "13",
                                "H": "73.9",
                                "P": "1017",
                                "S": "9",
                                "T": "15.9",
                                "V": "60000",
                                "W": "1",
                                "Pt": "R",
                                "Dp": "11.3",
                                "$": "420"
                            },
                            {
                                "D": "W",
                                "G": "14",
                                "H": "65.7",
                                "P": "1017",
                                "S": "9",
                                "T": "16.9",
                                "V": "60000",
                                "W": "1",
                                "Pt": "R",
                                "Dp": "10.5",
                                "$": "480"
                            },
                            {
                                "D": "WNW",
                                "G": "14",
                                "H": "61.3",
                                "P": "1017",
                                "S": "7",
                                "T": "17.9",
                                "V": "60000",
                                "W": "1",
                                "Pt": "R",
                                "Dp": "10.4",
                                "$": "540"
                            },
                            {
                                "D": "W",
                                "G": "17",
                                "H": "55.1",
                                "P": "1017",
                                "S": "10",
                                "T": "19.9",
                                "V": "65000",
                                "W": "3",
                                "Pt": "F",
                                "Dp": "10.7",
                                "$": "600"
                            },
                            {
                                "D": "W",
                                "G": "19",
                                "H": "46.8",
                                "P": "1017",
                                "S": "8",
                                "T": "21.1",
                                "V": "75000",
                                "W": "7",
                                "Pt": "F",
                                "Dp": "9.4",
                                "$": "660"
                            },
                            {
                                "D": "W",
                                "G": "17",
                                "H": "43.9",
                                "P": "1017",
                                "S": "8",
                                "T": "21.7",
                                "V": "75000",
                                "W": "3",
                                "Pt": "F",
                                "Dp": "9.0",
                                "$": "720"
                            },
                            {
                                "D": "W",
                                "G": "16",
                                "H": "41.3",
                                "P": "1017",
                                "S": "6",
                                "T": "21.9",
                                "V": "75000",
                                "W": "1",
                                "Pt": "F",
                                "Dp": "8.3",
                                "$": "780"
                            },
                            {
                                "D": "N",
                                "G": "16",
                                "H": "36.6",
                                "P": "1017",
                                "S": "8",
                                "T": "23.4",
                                "V": "75000",
                                "W": "3",
                                "Pt": "F",
                                "Dp": "7.9",
                                "$": "840"
                            },
                            {
                                "D": "NW",
                                "G": "17",
                                "H": "37.0",
                                "P": "1016",
                                "S": "7",
                                "T": "22.8",
                                "V": "75000",
                                "W": "1",
                                "Pt": "F",
                                "Dp": "7.5",
                                "$": "900"
                            },
                            {
                                "D": "NW",
                                "G": "13",
                                "H": "40.6",
                                "P": "1016",
                                "S": "8",
                                "T": "22.4",
                                "V": "75000",
                                "W": "3",
                                "Pt": "F",
                                "Dp": "8.5",
                                "$": "960"
                            }
                        ]
                    }
                ]
            }
        }
    }
}