{
    "SiteRep": {
        "Wx": {
            "Param": [
                {
                    "name": "G",
                    "units": "mph",
                    "$": "Wind Gust"
                },
                {
                    "name": "T",
                    "units": "C",
                    "$": "Temperature"
                },
                {
                    "name": "V",
                    "units": "m",
                    "$": "Visibility"
                },
                {
                    "name": "D",
                    "units": "compass",
                    "$": "Wind Direction"
                },
                {
                    "name": "S",
                    "units": "mph",
                    "$": "Wind Speed"
                },
                {
                    "name": "W",
                    "units": "",
                    "$": "Weather Type"
                },
                {
                    "name": "P",
                    "units": "hpa",
                    "$": "Pressure"
                },
                {
                    "name": "Pt",
                    "units": "Pa/s",
                    "$": "Pressure Tendency"
                },
                {
                    "name": "Dp",
                    "units": "C",
                    "$": "Dew Point"
                },
                {
                    "name": "H",
                    "units": "%",
                    "$": "Screen Relative Humidity"
                }
            ]
        },
        "DV": {
            "dataDate": "2024-07-23T16:00:00Z",
            "type": "Obs",
            "Location": {
                "i": "3772",
                "lat": "51.479",
                "lon": "-0.449",
                "name": "HEATHROW",
                "country": "ENGLAND",
                "continent": "EUROPE",
                "elevation": "25.0",
                "Period": [
                    {
                        "type": "Day",
                        "value": "2024-07-22Z",
                        "Rep": [
                            {
                                "D": "SSW",
                                "G": "28",
                                "H": "60.5",
                                "P": "1013",
                                "S": "16",
                                "T": "24.4",
                                "V": "60000",
                                "W": "3",
                                "Pt": "F",
                                "Dp": "16.3",
                                "$": "960"
                            },
                            {
                                "D": "SSW",
                                "G": "28",
                                "H": "61.4",
                                "P": "1013",
                                "S": "17",
                                "T": "23.4",
                                "V": "55000",
                                "W": "1",
                                "Pt": "F",
                                "Dp": "15.6",
                                "$": "1020"
                            },
                            {
                                "D": "SSW",
                                "G": "25",
                                "H": "64.8",
                                "P": "1013",
                                "S": "16",
                                "T": "22.4",
                                "V": "55000",
                                "W": "1",
                                "Pt": "S",
                                "Dp": "15.5",
                                "$": "1080"
                            },
                            {
                                "D": "SSW",
                                "G": "25",
                                "H": "69.8",
                                "P": "1014",
                                "S": "15",
                                "T": "21.2",
                                "V": "50000",
                                "W": "7",
                                "Pt": "R",
                                "Dp": "15.5",
                                "$": "1140"
                            },
                            {
                                "D": "SSW",
                                "G": "22",
                                "H": "74.1",
                                "P": "1014",
                                "S": "13",
                                "T": "19.7",
                                "V": "45000",
                                "W": "8",
                                "Pt": "R",
                                "Dp": "15.0",
                                "$": "1200"
                            },
                            {
                                "D": "SSW",
                                "G": "22",
                                "H": "79.9",
                                "P": "1015",
                                "S": "14",
                                "T": "18.3",
                                "V": "30000",
                                "W": "8",
                                "Pt": "R",
                                "Dp": "14.8",
                                "$": "1260"
                            },
                            {
                                "D": "S",
                                "G": "19",
                                "H": "81.5",
                                "P": "1015",
                                "S": "9",
                                "T": "18.1",
                                "V": "30000",
                                "W": "8",
                                "Pt": "R",
                                "Dp": "14.9",
                                "$": "1320"
                            },
                            {
                                "D": "SSW",
                                "G": "17",
                                "H": "82.5",
                                "P": "1015",
                                "S": "9",
                                "T": "18.2",
                                "V": "27000",
                                "W": "8",
                                "Pt": "R",
                                "Dp": "15.2",
                                "$": "1380"
                            }
                        ]
                    },
                    {
                        "type": "Day",
                        "value": "2024-07-23Z",
                        "Rep": [
                            {
                                "D": "SW",
                                "G": "14",
                                "H": "83.1",
                                "P": "1014",
                                "S": "7",
                                "T": "18.3",
                                "V": "30000",
                                "W": "8",
                                "Pt": "F",
                                "Dp": "15.4",
                                "$": "0"
                            },
                            {
                                "D": "SSW",
                                "G": "10",
                                "H": "89.7",
                                "P": "1014",
                                "S": "6",
                                "T": "17.8",
                                "V": "17000",
                                "W": "12",
                                "Pt": "F",
                                "Dp": "16.1",
                                "$": "60"
                            },
                            {
                                "D": "SSW",
                                "G": "9",
                                "H": "88.0",
                                "P": "1014",
                                "S": "6",
                                "T": "18.1",
                                "V": "13000",
                                "W": "8",
                                "Pt": "F",
                                "Dp": "16.1",
                                "$": "120"
                            },
                            {
                                "D": "SSW",
                                "G": "11",
                                "H": "93.2",
                                "P": "1013",
                                "S": "7",
                                "T": "17.7",
                                "V": "40000",
                                "W": "8",
                                "Pt": "F",
                                "Dp": "16.6",
                                "$": "180"
                            },
                            {
                                "D": "SW",
                                "G": "11",
                                "H": "91.5",
                                "P": "1014",
                                "S": "6",
                                "T": "17.9",
                                "V": "65000",
                                "W": "8",
                                "Pt": "F",
                                "Dp": "16.5",
                                "$": "240"
                            },
                            {
                                "D": "W",
                                "G": "23",
                                "H": "91.4",
                                "P": "1014",
                                "S": "14",
                                "T": "17.0",
                                "V": "7000",
                                "W": "12",
                                "Pt": "R",
                                "Dp": "15.6",
                                "$": "300"
                            },
                            {
                                "D": "W",
                                "G": "19",
                                "H": "84.6",
                                "P": "1015",
                                "S": "13",
                                "T": "17.0",
                                "V": "40000",
                                "W": "8",
                                "Pt": "R",
                                "Dp": "14.4",
                                "$": "360"
                            },
                            {
                                "D": "WSW",
                                "G": "18",
                                "H": "81.4",
                                "P": "1015",
                                "S": "13",
                                "T": "17.3",
                                "V": "40000",
                                "W": "8",
                                "Pt": "R",
                                "Dp": "14.1",
                                "$": "420"
                            },
                            {
                                "D": "W",
                                "G": "19",
                                "H": "76.9",
                                "P": "1015",
                                "S": "10",
                                "T": "18.2",
                                "V": "50000",
                                "W": "8",
                                "Pt": "R",
                                "Dp": "14.1",
                                "$": "480"
                            },
                            {
                                "D": "W",
                                "G": "17",
                                "H": "76.3",
                                "P": "1016",
                                "S": "10",
                                "T": "18.1",
                                "V": "55000",
                                "W": "8",
                                "Pt": "R",
                                "Dp": "13.9",
                                "$": "540"
                            },
                            {
                                "D": "W",
                                "G": "15",
                                "H": "75.4",
                                "P": "1016",
                                "S": "9",
                                "T": "18.6",
                                "V": "55000",
                                "W": "8",
                                "Pt": "R",
                                "Dp": "14.2",
                                "$": "600"
                            },
                            {
                                "D": "NW",
                                "G": "14",
                                "H": "78.0",
                                "P": "1017",
                                "S": "7",
                                "T": "19.1",
                                "V": "50000",
                                "W": "8",
                                "Pt": "R",
                                "Dp": "15.2",
                                "$": "660"
                            },
                            {
                                "D": "NW",
                                "G": "11",
                                "H": "74.2",
                                "P": "1018",
                                "S": "7",
                                "T": "20.0",
                                "V": "60000",
                                "W": "8",
                                "Pt": "R",
                                "Dp": "15.3",
                                "$": "720"
                            },
                            {
                                "D": "NW",
                                "G": "11",
                                "H": "64.6",
                                "P": "1019",
                                "S": "6",
                                "T": "21.9",
                                "V": "55000",
                                "W": "7",
                                "Pt": "R",
                                "Dp": "15.0",
                                "$": "780"
                            },
                            {
                                "D": "NNW",
                                "G": "14",
                                "H": "58.4",
                                "P": "1019",
                                "S": "6",
                                "T": "22.6",
                                "V": "55000",
                                "W": "8",
                                "Pt": "R",
                                "Dp": "14.1",
                                "$": "840"
                            },
                            {
                                "D": "WNW",
                                "G": "14",
                                "H": "55.8",
                                "P": "1019",
                                "S": "8",
                                "T": "22.8",
                                "V": "75000",
                                "W": "8",
                                "Pt": "R",
                                "Dp": "13.6",
                                "$": "900"
                            },
                            {
                                "D": "NW",
                                "G": "11",
                                "H": "51.4",
                                "P": "1019",
                                "S": "6",
                                "T": "23.5",
                                "V": "75000",
                                "W": "7",
                                "Pt": "R",
                                "Dp": "13.0",
                                "$": "960"
                            }
                        ]
                    }
                ]
            }
        }
    }
}