{
    "SiteRep": {
        "Wx": {
            "Param": [
                {
                    "name": "G",
                    "units": "mph",
                    "$": "Wind Gust"
                },
                {
                    "name": "T",
                    "units": "C",
                    "$": "Temperature"
                },
                {
                    "name": "V",
                    "units": "m",
                    "$": "Visibility"
                },
                {
                    "name": "D",
                    "units": "compass",
                    "$": "Wind Direction"
                },
                {
                    "name": "S",
                    "units": "mph",
                    "$": "Wind Speed"
                },
                {
                    "name": "W",
                    "units": "",
                    "$": "Weather Type"
                },
                {
                    "name": "P",
                    "units": "hpa",
                    "$": "Pressure"
                },
                {
                    "name": "Pt",
                    "units": "Pa/s",
                    "$": "Pressure Tendency"
                },
                {
                    "name": "Dp",
                    "units": "C",
                    "$": "Dew Point"
                },
                {
                    "name": "H",
                    "units": "%",
                    "$": "Screen Relative Humidity"
                }
            ]
        },
        "DV": {
            "dataDate": "2023-11-28T15:00:00Z",
            "type": "Obs",
            "Location": {
                "i": "3772",
                "lat": "51.479",
                "lon": "-0.449",
                "name": "HEATHROW",
                "country": "ENGLAND",
                "continent": "EUROPE",
                "elevation": "25.0",
                "Period": [
                    {
                        "type": "Day",
                        "value": "2023-11-27Z",
                        "Rep": [
                            {
                                "D": "NNW",
                                "G": "18",
                                "H": "86.2",
                                "P": "999",
                                "S": "10",
                                "T": "5.7",
                                "V": "40000",
                                "W": "11",
                                "Pt": "R",
                                "Dp": "3.6",
                                "$": "960"
                            },
                            {
                                "D": "NW",
                                "G": "17",
                                "H": "87.5",
                                "P": "1000",
                                "S": "10",
                                "T": "5.2",
                                "V": "40000",
                                "W": "12",
                                "Pt": "R",
                                "Dp": "3.3",
                                "$": "1020"
                            },
                            {
                                "D": "NW",
                                "G": "18",
                                "H": "89.4",
                                "P": "1000",
                                "S": "9",
                                "T": "5.2",
                                "V": "35000",
                                "W": "12",
                                "Pt": "R",
                                "Dp": "3.6",
                                "$": "1080"
                            },
                            {
                                "D": "NW",
                                "G": "18",
                                "H": "90.0",
                                "P": "1001",
                                "S": "10",
                                "T": "5.4",
                                "V": "17000",
                                "W": "8",
                                "Pt": "R",
                                "Dp": "3.9",
                                "$": "1140"
                            },
                            {
                                "D": "NNW",
                                "G": "17",
                                "H": "89.4",
                                "P": "1001",
                                "S": "10",
                                "T": "5.7",
                                "V": "18000",
                                "W": "8",
                                "Pt": "R",
                                "Dp": "4.1",
                                "$": "1200"
                            },
                            {
                                "D": "NW",
                                "G": "18",
                                "H": "87.5",
                                "P": "1002",
                                "S": "10",
                                "T": "5.6",
                                "V": "20000",
                                "W": "7",
                                "Pt": "R",
                                "Dp": "3.7",
                                "$": "1260"
                            },
                            {
                                "D": "NNW",
                                "G": "18",
                                "H": "88.2",
                                "P": "1003",
                                "S": "10",
                                "T": "6.0",
                                "V": "25000",
                                "W": "8",
                                "Pt": "R",
                                "Dp": "4.2",
                                "$": "1320"
                            },
                            {
                                "D": "NNW",
                                "G": "17",
                                "H": "88.8",
                                "P": "1003",
                                "S": "8",
                                "T": "6.2",
                                "V": "27000",
                                "W": "12",
                                "Pt": "R",
                                "Dp": "4.5",
                                "$": "1380"
                            }
                        ]
                    },
                    {
                        "type": "Day",
                        "value": "2023-11-28Z",
                        "Rep": [
                            {
                                "D": "N",
                                "G": "17",
                                "H": "85.8",
                                "P": "1004",
                                "S": "9",
                                "T": "6.4",
                                "V": "40000",
                                "W": "8",
                                "Pt": "R",
                                "Dp": "4.2",
                                "$": "0"
                            },
                            {
                                "D": "NNW",
                                "G": "18",
                                "H": "88.3",
                                "P": "1005",
                                "S": "6",
                                "T": "5.8",
                                "V": "35000",
                                "W": "8",
                                "Pt": "R",
                                "Dp": "4.0",
                                "$": "60"
                            },
                            {
                                "D": "NNW",
                                "G": "14",
                                "H": "87.6",
                                "P": "1006",
                                "S": "7",
                                "T": "6.0",
                                "V": "40000",
                                "W": "8",
                                "Pt": "R",
                                "Dp": "4.1",
                                "$": "120"
                            },
                            {
                                "D": "NNW",
                                "G": "11",
                                "H": "88.2",
                                "P": "1007",
                                "S": "7",
                                "T": "5.8",
                                "V": "35000",
                                "W": "8",
                                "Pt": "R",
                                "Dp": "4.0",
                                "$": "180"
                            },
                            {
                                "D": "NNW",
                                "G": "11",
                                "H": "90.6",
                                "P": "1007",
                                "S": "7",
                                "T": "5.3",
                                "V": "28000",
                                "W": "7",
                                "Pt": "R",
                                "Dp": "3.9",
                                "$": "240"
                            },
                            {
                                "D": "NW",
                                "G": "9",
                                "H": "92.6",
                                "P": "1008",
                                "S": "5",
                                "T": "4.6",
                                "V": "29000",
                                "W": "0",
                                "Pt": "R",
                                "Dp": "3.5",
                                "$": "300"
                            },
                            {
                                "D": "NNW",
                                "G": "13",
                                "H": "92.5",
                                "P": "1009",
                                "S": "6",
                                "T": "4.2",
                                "V": "27000",
                                "W": "0",
                                "Pt": "R",
                                "Dp": "3.1",
                                "$": "360"
                            },
                            {
                                "D": "NNW",
                                "G": "9",
                                "H": "91.8",
                                "P": "1009",
                                "S": "5",
                                "T": "4.5",
                                "V": "30000",
                                "W": "0",
                                "Pt": "R",
                                "Dp": "3.3",
                                "$": "420"
                            },
                            {
                                "D": "N",
                                "G": "9",
                                "H": "92.6",
                                "P": "1010",
                                "S": "6",
                                "T": "4.1",
                                "V": "30000",
                                "W": "0",
                                "Pt": "R",
                                "Dp": "3.0",
                                "$": "480"
                            },
                            {
                                "D": "NW",
                                "G": "8",
                                "H": "90.5",
                                "P": "1010",
                                "S": "5",
                                "T": "4.5",
                                "V": "30000",
                                "W": "1",
                                "Pt": "R",
                                "Dp": "3.1",
                                "$": "540"
                            },
                            {
                                "D": "NW",
                                "G": "9",
                                "H": "86.8",
                                "P": "1011",
                                "S": "6",
                                "T": "5.5",
                                "V": "28000",
                                "W": "1",
                                "Pt": "R",
                                "Dp": "3.5",
                                "$": "600"
                            },
                            {
                                "D": "NW",
                                "G": "9",
                                "H": "80.4",
                                "P": "1011",
                                "S": "6",
                                "T": "6.5",
                                "V": "30000",
                                "W": "1",
                                "Pt": "R",
                                "Dp": "3.4",
                                "$": "660"
                            },
                            {
                                "D": "W",
                                "G": "10",
                                "H": "78.4",
                                "P": "1011",
                                "S": "6",
                                "T": "7.5",
                                "V": "35000",
                                "W": "1",
                                "Pt": "R",
                                "Dp": "4.0",
                                "$": "720"
                            },
                            {
                                "D": "WNW",
                                "G": "13",
                                "H": "70.9",
                                "P": "1010",
                                "S": "8",
                                "T": "7.5",
                                "V": "40000",
                                "W": "8",
                                "Pt": "F",
                                "Dp": "2.6",
                                "$": "780"
                            },
                            {
                                "D": "NW",
                                "G": "13",
                                "H": "72.4",
                                "P": "1010",
                                "S": "7",
                                "T": "6.9",
                                "V": "35000",
                                "W": "7",
                                "Pt": "F",
                                "Dp": "2.3",
                                "$": "840"
                            },
                            {
                                "D": "W",
                                "G": "9",
                                "H": "72.8",
                                "P": "1010",
                                "S": "6",
                                "T": "6.7",
                                "V": "35000",
                                "W": "8",
                                "Pt": "F",
                                "Dp": "2.2",
                                "$": "900"
                            },
                            {
                                "D": "W",
                                "G": "13",
                                "H": "74.3",
                                "P": "1010",
                                "S": "8",
                                "T": "6.2",
                                "V": "40000",
                                "W": "8",
                                "Pt": "S",
                                "Dp": "2.0",
                                "$": "960"
                            }
                        ]
                    }
                ]
            }
        }
    }
}