{
    "SiteRep": {
        "Wx": {
            "Param": [
                {
                    "name": "G",
                    "units": "mph",
                    "$": "Wind Gust"
                },
                {
                    "name": "T",
                    "units": "C",
                    "$": "Temperature"
                },
                {
                    "name": "V",
                    "units": "m",
                    "$": "Visibility"
                },
                {
                    "name": "D",
                    "units": "compass",
                    "$": "Wind Direction"
                },
                {
                    "name": "S",
                    "units": "mph",
                    "$": "Wind Speed"
                },
                {
                    "name": "W",
                    "units": "",
                    "$": "Weather Type"
                },
                {
                    "name": "P",
                    "units": "hpa",
                    "$": "Pressure"
                },
                {
                    "name": "Pt",
                    "units": "Pa/s",
                    "$": "Pressure Tendency"
                },
                {
                    "name": "Dp",
                    "units": "C",
                    "$": "Dew Point"
                },
                {
                    "name": "H",
                    "units": "%",
                    "$": "Screen Relative Humidity"
                }
            ]
        },
        "DV": {
            "dataDate": "2025-06-05T16:00:00Z",
            "type": "Obs",
            "Location": {
                "i": "3772",
                "lat": "51.479",
                "lon": "-0.449",
                "name": "HEATHROW",
                "country": "ENGLAND",
                "continent": "EUROPE",
                "elevation": "25.0",
                "Period": [
                    {
                        "type": "Day",
                        "value": "2025-06-04Z",
                        "Rep": [
                            {
                                "D": "SW",
                                "G": "26",
                                "H": "52.6",
                                "P": "1005",
                                "S": "16",
                                "T": "17.8",
                                "V": "26000",
                                "W": "8",
                                "Pt": "F",
                                "Dp": "8.0",
                                "$": "960"
                            },
                            {
                                "D": "SSW",
                                "G": "28",
                                "H": "58.7",
                                "P": "1006",
                                "S": "14",
                                "T": "16.7",
                                "V": "65000",
                                "W": "8",
                                "Pt": "F",
                                "Dp": "8.6",
                                "$": "1020"
                            },
                            {
                                "D": "SSW",
                                "G": "19",
                                "H": "67.0",
                                "P": "1006",
                                "S": "11",
                                "T": "16.2",
                                "V": "55000",
                                "W": "8",
                                "Pt": "R",
                                "Dp": "10.1",
                                "$": "1080"
                            },
                            {
                                "D": "SSW",
                                "G": "17",
                                "H": "67.5",
                                "P": "1006",
                                "S": "10",
                                "T": "16.0",
                                "V": "65000",
                                "W": "8",
                                "Pt": "R",
                                "Dp": "10.0",
                                "$": "1140"
                            },
                            {
                                "D": "SSW",
                                "G": "19",
                                "H": "74.0",
                                "P": "1006",
                                "S": "11",
                                "T": "15.5",
                                "V": "50000",
                                "W": "8",
                                "Pt": "S",
                                "Dp": "10.9",
                                "$": "1200"
                            },
                            {
                                "D": "SSW",
                                "G": "21",
                                "H": "73.7",
                                "P": "1006",
                                "S": "11",
                                "T": "14.4",
                                "V": "55000",
                                "W": "2",
                                "Pt": "R",
                                "Dp": "9.8",
                                "$": "1260"
                            },
                            {
                                "D": "SSW",
                                "G": "21",
                                "H": "77.2",
                                "P": "1006",
                                "S": "10",
                                "T": "13.7",
                                "V": "55000",
                                "W": "8",
                                "Pt": "R",
                                "Dp": "9.8",
                                "$": "1320"
                            },
                            {
                                "D": "SSW",
                                "G": "16",
                                "H": "81.9",
                                "P": "1006",
                                "S": "10",
                                "T": "13.2",
                                "V": "50000",
                                "W": "8",
                                "Pt": "R",
                                "Dp": "10.2",
                                "$": "1380"
                            }
                        ]
                    },
                    {
                        "type": "Day",
                        "value": "2025-06-05Z",
                        "Rep": [
                            {
                                "D": "S",
                                "G": "16",
                                "H": "82.5",
                                "P": "1006",
                                "S": "8",
                                "T": "12.9",
                                "V": "45000",
                                "W": "8",
                                "Pt": "F",
                                "Dp": "10.0",
                                "$": "0"
                            },
                            {
                                "D": "SSW",
                                "G": "17",
                                "H": "83.6",
                                "P": "1005",
                                "S": "9",
                                "T": "12.7",
                                "V": "45000",
                                "W": "8",
                                "Pt": "F",
                                "Dp": "10.0",
                                "$": "60"
                            },
                            {
                                "D": "SSW",
                                "G": "15",
                                "H": "83.5",
                                "P": "1005",
                                "S": "9",
                                "T": "12.5",
                                "V": "35000",
                                "W": "8",
                                "Pt": "F",
                                "Dp": "9.8",
                                "$": "120"
                            },
                            {
                                "D": "S",
                                "G": "15",
                                "H": "84.2",
                                "P": "1005",
                                "S": "9",
                                "T": "12.4",
                                "V": "40000",
                                "W": "8",
                                "Pt": "F",
                                "Dp": "9.8",
                                "$": "180"
                            },
                            {
                                "D": "S",
                                "G": "14",
                                "H": "86.4",
                                "P": "1004",
                                "S": "8",
                                "T": "12.6",
                                "V": "35000",
                                "W": "8",
                                "Pt": "F",
                                "Dp": "10.4",
                                "$": "240"
                            },
                            {
                                "D": "S",
                                "G": "14",
                                "H": "89.9",
                                "P": "1004",
                                "S": "8",
                                "T": "12.7",
                                "V": "8000",
                                "W": "12",
                                "Pt": "F",
                                "Dp": "11.1",
                                "$": "300"
                            },
                            {
                                "D": "S",
                                "G": "16",
                                "H": "91.1",
                                "P": "1004",
                                "S": "10",
                                "T": "12.8",
                                "V": "11000",
                                "W": "12",
                                "Pt": "F",
                                "Dp": "11.4",
                                "$": "360"
                            },
                            {
                                "D": "SSW",
                                "G": "18",
                                "H": "91.1",
                                "P": "1004",
                                "S": "10",
                                "T": "12.8",
                                "V": "12000",
                                "W": "12",
                                "Pt": "F",
                                "Dp": "11.4",
                                "$": "420"
                            },
                            {
                                "D": "S",
                                "G": "18",
                                "H": "92.5",
                                "P": "1003",
                                "S": "11",
                                "T": "13.4",
                                "V": "26000",
                                "W": "12",
                                "Pt": "F",
                                "Dp": "12.2",
                                "$": "480"
                            },
                            {
                                "D": "SSW",
                                "G": "19",
                                "H": "86.5",
                                "P": "1004",
                                "S": "13",
                                "T": "13.4",
                                "V": "2500",
                                "W": "12",
                                "Pt": "F",
                                "Dp": "11.2",
                                "$": "540"
                            },
                            {
                                "D": "S",
                                "G": "21",
                                "H": "89.5",
                                "P": "1003",
                                "S": "11",
                                "T": "13.7",
                                "V": "18000",
                                "W": "12",
                                "Pt": "F",
                                "Dp": "12.0",
                                "$": "600"
                            },
                            {
                                "D": "SSW",
                                "G": "18",
                                "H": "92.4",
                                "P": "1003",
                                "S": "10",
                                "T": "14.4",
                                "V": "6000",
                                "W": "12",
                                "Pt": "F",
                                "Dp": "13.2",
                                "$": "660"
                            },
                            {
                                "D": "SSW",
                                "G": "21",
                                "H": "87.2",
                                "P": "1003",
                                "S": "13",
                                "T": "14.8",
                                "V": "20000",
                                "W": "12",
                                "Pt": "F",
                                "Dp": "12.7",
                                "$": "720"
                            },
                            {
                                "D": "SSW",
                                "G": "19",
                                "H": "82.3",
                                "P": "1002",
                                "S": "15",
                                "T": "15.6",
                                "V": "30000",
                                "W": "12",
                                "Pt": "F",
                                "Dp": "12.6",
                                "$": "780"
                            },
                            {
                                "D": "S",
                                "G": "28",
                                "H": "83.3",
                                "P": "1002",
                                "S": "18",
                                "T": "15.2",
                                "V": "30000",
                                "W": "8",
                                "Pt": "F",
                                "Dp": "12.4",
                                "$": "840"
                            },
                            {
                                "D": "SSW",
                                "G": "23",
                                "H": "91.3",
                                "P": "1001",
                                "S": "13",
                                "T": "15.0",
                                "V": "5000",
                                "W": "12",
                                "Pt": "F",
                                "Dp": "13.6",
                                "$": "900"
                            },
                            {
                                "D": "SSW",
                                "G": "25",
                                "H": "82.4",
                                "P": "1001",
                                "S": "15",
                                "T": "16.2",
                                "V": "55000",
                                "W": "8",
                                "Pt": "F",
                                "Dp": "13.2",
                                "$": "960"
                            }
                        ]
                    }
                ]
            }
        }
    }
}