{
    "SiteRep": {
        "Wx": {
            "Param": [
                {
                    "name": "G",
                    "units": "mph",
                    "$": "Wind Gust"
                },
                {
                    "name": "T",
                    "units": "C",
                    "$": "Temperature"
                },
                {
                    "name": "V",
                    "units": "m",
                    "$": "Visibility"
                },
                {
                    "name": "D",
                    "units": "compass",
                    "$": "Wind Direction"
                },
                {
                    "name": "S",
                    "units": "mph",
                    "$": "Wind Speed"
                },
                {
                    "name": "W",
                    "units": "",
                    "$": "Weather Type"
                },
                {
                    "name": "P",
                    "units": "hpa",
                    "$": "Pressure"
                },
                {
                    "name": "Pt",
                    "units": "Pa/s",
                    "$": "Pressure Tendency"
                },
                {
                    "name": "Dp",
                    "units": "C",
                    "$": "Dew Point"
                },
                {
                    "name": "H",
                    "units": "%",
                    "$": "Screen Relative Humidity"
                }
            ]
        },
        "DV": {
            "dataDate": "2024-08-28T16:00:00Z",
            "type": "Obs",
            "Location": {
                "i": "3772",
                "lat": "51.479",
                "lon": "-0.449",
                "name": "HEATHROW",
                "country": "ENGLAND",
                "continent": "EUROPE",
                "elevation": "25.0",
                "Period": [
                    {
                        "type": "Day",
                        "value": "2024-08-27Z",
                        "Rep": [
                            {
                                "D": "S",
                                "G": "19",
                                "H": "41.6",
                                "P": "1016",
                                "S": "13",
                                "T": "24.8",
                                "V": "40000",
                                "W": "1",
                                "Pt": "F",
                                "Dp": "11.0",
                                "$": "960"
                            },
                            {
                                "D": "S",
                                "G": "21",
                                "H": "44.9",
                                "P": "1015",
                                "S": "11",
                                "T": "23.9",
                                "V": "35000",
                                "W": "1",
                                "Pt": "F",
                                "Dp": "11.3",
                                "$": "1020"
                            },
                            {
                                "D": "S",
                                "G": "18",
                                "H": "49.2",
                                "P": "1016",
                                "S": "11",
                                "T": "22.5",
                                "V": "40000",
                                "W": "1",
                                "Pt": "F",
                                "Dp": "11.4",
                                "$": "1080"
                            },
                            {
                                "D": "SSE",
                                "G": "16",
                                "H": "55.7",
                                "P": "1016",
                                "S": "9",
                                "T": "20.7",
                                "V": "40000",
                                "W": "0",
                                "Pt": "F",
                                "Dp": "11.6",
                                "$": "1140"
                            },
                            {
                                "D": "SSE",
                                "G": "14",
                                "H": "58.4",
                                "P": "1016",
                                "S": "7",
                                "T": "19.5",
                                "V": "40000",
                                "W": "0",
                                "Pt": "R",
                                "Dp": "11.2",
                                "$": "1200"
                            },
                            {
                                "D": "SSE",
                                "G": "14",
                                "H": "64.8",
                                "P": "1016",
                                "S": "9",
                                "T": "18.5",
                                "V": "35000",
                                "W": "0",
                                "Pt": "R",
                                "Dp": "11.8",
                                "$": "1260"
                            },
                            {
                                "D": "S",
                                "G": "13",
                                "H": "66.0",
                                "P": "1016",
                                "S": "6",
                                "T": "18.2",
                                "V": "35000",
                                "W": "2",
                                "Pt": "R",
                                "Dp": "11.8",
                                "$": "1320"
                            },
                            {
                                "D": "SSE",
                                "G": "8",
                                "H": "74.9",
                                "P": "1016",
                                "S": "2",
                                "T": "15.7",
                                "V": "35000",
                                "W": "2",
                                "Pt": "R",
                                "Dp": "11.3",
                                "$": "1380"
                            }
                        ]
                    },
                    {
                        "type": "Day",
                        "value": "2024-08-28Z",
                        "Rep": [
                            {
                                "D": "E",
                                "G": "5",
                                "H": "75.0",
                                "P": "1016",
                                "S": "2",
                                "T": "15.9",
                                "V": "30000",
                                "W": "0",
                                "Pt": "R",
                                "Dp": "11.5",
                                "$": "0"
                            },
                            {
                                "D": "NNE",
                                "G": "3",
                                "H": "78.0",
                                "P": "1015",
                                "S": "2",
                                "T": "15.5",
                                "V": "30000",
                                "W": "8",
                                "Pt": "F",
                                "Dp": "11.7",
                                "$": "60"
                            },
                            {
                                "D": "NE",
                                "G": "3",
                                "H": "79.5",
                                "P": "1015",
                                "S": "2",
                                "T": "15.2",
                                "V": "30000",
                                "W": "8",
                                "Pt": "F",
                                "Dp": "11.7",
                                "$": "120"
                            },
                            {
                                "D": "NNE",
                                "G": "5",
                                "H": "81.6",
                                "P": "1015",
                                "S": "2",
                                "T": "15.1",
                                "V": "26000",
                                "W": "8",
                                "Pt": "F",
                                "Dp": "12.0",
                                "$": "180"
                            },
                            {
                                "D": "NE",
                                "G": "5",
                                "H": "84.3",
                                "P": "1014",
                                "S": "2",
                                "T": "14.8",
                                "V": "25000",
                                "W": "8",
                                "Pt": "F",
                                "Dp": "12.2",
                                "$": "240"
                            },
                            {
                                "D": "NE",
                                "G": "6",
                                "H": "83.8",
                                "P": "1014",
                                "S": "2",
                                "T": "14.9",
                                "V": "22000",
                                "W": "8",
                                "Pt": "F",
                                "Dp": "12.2",
                                "$": "300"
                            },
                            {
                                "D": "E",
                                "G": "7",
                                "H": "81.2",
                                "P": "1013",
                                "S": "3",
                                "T": "15.9",
                                "V": "23000",
                                "W": "8",
                                "Pt": "F",
                                "Dp": "12.7",
                                "$": "360"
                            },
                            {
                                "D": "E",
                                "G": "6",
                                "H": "77.7",
                                "P": "1013",
                                "S": "3",
                                "T": "16.9",
                                "V": "22000",
                                "W": "8",
                                "Pt": "F",
                                "Dp": "13.0",
                                "$": "420"
                            },
                            {
                                "D": "E",
                                "G": "7",
                                "H": "73.0",
                                "P": "1013",
                                "S": "5",
                                "T": "18.3",
                                "V": "24000",
                                "W": "8",
                                "Pt": "F",
                                "Dp": "13.4",
                                "$": "480"
                            },
                            {
                                "D": "ESE",
                                "G": "11",
                                "H": "61.3",
                                "P": "1013",
                                "S": "6",
                                "T": "21.2",
                                "V": "24000",
                                "W": "3",
                                "Pt": "F",
                                "Dp": "13.5",
                                "$": "540"
                            },
                            {
                                "D": "SE",
                                "G": "16",
                                "H": "51.2",
                                "P": "1012",
                                "S": "10",
                                "T": "24.7",
                                "V": "30000",
                                "W": "8",
                                "Pt": "F",
                                "Dp": "14.0",
                                "$": "600"
                            },
                            {
                                "D": "SSE",
                                "G": "16",
                                "H": "48.8",
                                "P": "1012",
                                "S": "8",
                                "T": "25.6",
                                "V": "30000",
                                "W": "7",
                                "Pt": "F",
                                "Dp": "14.1",
                                "$": "660"
                            },
                            {
                                "D": "SSE",
                                "G": "19",
                                "H": "46.8",
                                "P": "1012",
                                "S": "11",
                                "T": "27.2",
                                "V": "30000",
                                "W": "3",
                                "Pt": "F",
                                "Dp": "14.9",
                                "$": "720"
                            },
                            {
                                "D": "SSE",
                                "G": "19",
                                "H": "40.2",
                                "P": "1011",
                                "S": "10",
                                "T": "27.9",
                                "V": "35000",
                                "W": "7",
                                "Pt": "F",
                                "Dp": "13.2",
                                "$": "780"
                            },
                            {
                                "D": "SSE",
                                "G": "19",
                                "H": "38.0",
                                "P": "1011",
                                "S": "10",
                                "T": "28.2",
                                "V": "35000",
                                "W": "1",
                                "Pt": "F",
                                "Dp": "12.6",
                                "$": "840"
                            },
                            {
                                "D": "S",
                                "G": "19",
                                "H": "35.1",
                                "P": "1011",
                                "S": "13",
                                "T": "28.4",
                                "V": "35000",
                                "W": "1",
                                "Pt": "F",
                                "Dp": "11.6",
                                "$": "900"
                            },
                            {
                                "D": "SSW",
                                "G": "22",
                                "H": "39.2",
                                "P": "1011",
                                "S": "11",
                                "T": "27.4",
                                "V": "45000",
                                "W": "8",
                                "Pt": "F",
                                "Dp": "12.4",
                                "$": "960"
                            }
                        ]
                    }
                ]
            }
        }
    }
}