{
    "SiteRep": {
        "Wx": {
            "Param": [
                {
                    "name": "G",
                    "units": "mph",
                    "$": "Wind Gust"
                },
                {
                    "name": "T",
                    "units": "C",
                    "$": "Temperature"
                },
                {
                    "name": "V",
                    "units": "m",
                    "$": "Visibility"
                },
                {
                    "name": "D",
                    "units": "compass",
                    "$": "Wind Direction"
                },
                {
                    "name": "S",
                    "units": "mph",
                    "$": "Wind Speed"
                },
                {
                    "name": "W",
                    "units": "",
                    "$": "Weather Type"
                },
                {
                    "name": "P",
                    "units": "hpa",
                    "$": "Pressure"
                },
                {
                    "name": "Pt",
                    "units": "Pa/s",
                    "$": "Pressure Tendency"
                },
                {
                    "name": "Dp",
                    "units": "C",
                    "$": "Dew Point"
                },
                {
                    "name": "H",
                    "units": "%",
                    "$": "Screen Relative Humidity"
                }
            ]
        },
        "DV": {
            "dataDate": "2025-02-18T16:00:00Z",
            "type": "Obs",
            "Location": {
                "i": "3772",
                "lat": "51.479",
                "lon": "-0.449",
                "name": "HEATHROW",
                "country": "ENGLAND",
                "continent": "EUROPE",
                "elevation": "25.0",
                "Period": [
                    {
                        "type": "Day",
                        "value": "2025-02-17Z",
                        "Rep": [
                            {
                                "D": "E",
                                "G": "17",
                                "H": "57.5",
                                "P": "1021",
                                "S": "11",
                                "T": "5.7",
                                "V": "24000",
                                "W": "1",
                                "Pt": "F",
                                "Dp": "-1.9",
                                "$": "960"
                            },
                            {
                                "D": "E",
                                "G": "18",
                                "H": "63.8",
                                "P": "1021",
                                "S": "11",
                                "T": "3.8",
                                "V": "25000",
                                "W": "0",
                                "Pt": "F",
                                "Dp": "-2.3",
                                "$": "1020"
                            },
                            {
                                "D": "E",
                                "G": "17",
                                "H": "68.7",
                                "P": "1022",
                                "S": "10",
                                "T": "2.8",
                                "V": "22000",
                                "W": "0",
                                "Pt": "R",
                                "Dp": "-2.3",
                                "$": "1080"
                            },
                            {
                                "D": "E",
                                "G": "19",
                                "H": "71.2",
                                "P": "1022",
                                "S": "11",
                                "T": "2.1",
                                "V": "22000",
                                "W": "0",
                                "Pt": "R",
                                "Dp": "-2.5",
                                "$": "1140"
                            },
                            {
                                "D": "E",
                                "G": "16",
                                "H": "78.8",
                                "P": "1022",
                                "S": "10",
                                "T": "1.4",
                                "V": "17000",
                                "W": "0",
                                "Pt": "R",
                                "Dp": "-1.8",
                                "$": "1200"
                            },
                            {
                                "D": "E",
                                "G": "15",
                                "H": "80.1",
                                "P": "1022",
                                "S": "8",
                                "T": "1.0",
                                "V": "14000",
                                "W": "0",
                                "Pt": "R",
                                "Dp": "-2.0",
                                "$": "1260"
                            },
                            {
                                "D": "E",
                                "G": "11",
                                "H": "80.5",
                                "P": "1022",
                                "S": "8",
                                "T": "0.8",
                                "V": "13000",
                                "W": "0",
                                "Pt": "R",
                                "Dp": "-1.7",
                                "$": "1320"
                            },
                            {
                                "D": "ENE",
                                "G": "11",
                                "H": "84.7",
                                "P": "1022",
                                "S": "3",
                                "T": "0.2",
                                "V": "12000",
                                "W": "7",
                                "Pt": "F",
                                "Dp": "-1.8",
                                "$": "1380"
                            }
                        ]
                    },
                    {
                        "type": "Day",
                        "value": "2025-02-18Z",
                        "Rep": [
                            {
                                "D": "NE",
                                "G": "8",
                                "H": "79.3",
                                "P": "1022",
                                "S": "5",
                                "T": "0.5",
                                "V": "11000",
                                "W": "8",
                                "Pt": "F",
                                "Dp": "-2.3",
                                "$": "0"
                            },
                            {
                                "D": "NE",
                                "G": "8",
                                "H": "79.3",
                                "P": "1022",
                                "S": "5",
                                "T": "0.4",
                                "V": "13000",
                                "W": "8",
                                "Pt": "F",
                                "Dp": "-2.4",
                                "$": "60"
                            },
                            {
                                "D": "ENE",
                                "G": "10",
                                "H": "80.5",
                                "P": "1021",
                                "S": "6",
                                "T": "0.2",
                                "V": "12000",
                                "W": "8",
                                "Pt": "F",
                                "Dp": "-2.4",
                                "$": "120"
                            },
                            {
                                "D": "ENE",
                                "G": "8",
                                "H": "81.3",
                                "P": "1021",
                                "S": "5",
                                "T": "0.3",
                                "V": "11000",
                                "W": "8",
                                "Pt": "F",
                                "Dp": "-2.2",
                                "$": "180"
                            },
                            {
                                "D": "NNE",
                                "G": "7",
                                "H": "80.0",
                                "P": "1021",
                                "S": "2",
                                "T": "0.5",
                                "V": "10000",
                                "W": "8",
                                "Pt": "F",
                                "Dp": "-2.2",
                                "$": "240"
                            },
                            {
                                "D": "ENE",
                                "G": "10",
                                "H": "76.0",
                                "P": "1021",
                                "S": "6",
                                "T": "1.4",
                                "V": "12000",
                                "W": "8",
                                "Pt": "F",
                                "Dp": "-2.3",
                                "$": "300"
                            },
                            {
                                "D": "E",
                                "G": "11",
                                "H": "73.5",
                                "P": "1022",
                                "S": "5",
                                "T": "0.5",
                                "V": "11000",
                                "W": "8",
                                "Pt": "R",
                                "Dp": "-3.2",
                                "$": "360"
                            },
                            {
                                "D": "E",
                                "G": "9",
                                "H": "73.5",
                                "P": "1021",
                                "S": "6",
                                "T": "0.5",
                                "V": "11000",
                                "W": "0",
                                "Pt": "F",
                                "Dp": "-3.2",
                                "$": "420"
                            },
                            {
                                "D": "E",
                                "G": "14",
                                "H": "74.3",
                                "P": "1021",
                                "S": "8",
                                "T": "1.5",
                                "V": "10000",
                                "W": "8",
                                "Pt": "R",
                                "Dp": "-2.5",
                                "$": "480"
                            },
                            {
                                "D": "E",
                                "G": "19",
                                "H": "73.5",
                                "P": "1022",
                                "S": "11",
                                "T": "2.5",
                                "V": "10000",
                                "W": "5",
                                "Pt": "F",
                                "Dp": "-1.7",
                                "$": "540"
                            },
                            {
                                "D": "E",
                                "G": "17",
                                "H": "71.0",
                                "P": "1021",
                                "S": "11",
                                "T": "3.9",
                                "V": "10000",
                                "W": "1",
                                "Pt": "F",
                                "Dp": "-0.8",
                                "$": "600"
                            },
                            {
                                "D": "E",
                                "G": "17",
                                "H": "65.8",
                                "P": "1021",
                                "S": "11",
                                "T": "5.3",
                                "V": "12000",
                                "W": "1",
                                "Pt": "F",
                                "Dp": "-0.5",
                                "$": "660"
                            },
                            {
                                "D": "E",
                                "G": "19",
                                "H": "59.1",
                                "P": "1021",
                                "S": "13",
                                "T": "6.5",
                                "V": "15000",
                                "W": "1",
                                "Pt": "F",
                                "Dp": "-0.8",
                                "$": "720"
                            },
                            {
                                "D": "E",
                                "G": "19",
                                "H": "52.7",
                                "P": "1020",
                                "S": "15",
                                "T": "7.7",
                                "V": "22000",
                                "W": "3",
                                "Pt": "F",
                                "Dp": "-1.2",
                                "$": "780"
                            },
                            {
                                "D": "E",
                                "G": "22",
                                "H": "46.1",
                                "P": "1019",
                                "S": "10",
                                "T": "7.8",
                                "V": "25000",
                                "W": "1",
                                "Pt": "F",
                                "Dp": "-2.9",
                                "$": "840"
                            },
                            {
                                "D": "E",
                                "G": "18",
                                "H": "49.8",
                                "P": "1019",
                                "S": "11",
                                "T": "7.8",
                                "V": "26000",
                                "W": "1",
                                "Pt": "F",
                                "Dp": "-1.9",
                                "$": "900"
                            },
                            {
                                "D": "E",
                                "G": "18",
                                "H": "55.5",
                                "P": "1019",
                                "S": "10",
                                "T": "6.1",
                                "V": "19000",
                                "W": "3",
                                "Pt": "F",
                                "Dp": "-2.0",
                                "$": "960"
                            }
                        ]
                    }
                ]
            }
        }
    }
}