{
    "SiteRep": {
        "Wx": {
            "Param": [
                {
                    "name": "G",
                    "units": "mph",
                    "$": "Wind Gust"
                },
                {
                    "name": "T",
                    "units": "C",
                    "$": "Temperature"
                },
                {
                    "name": "V",
                    "units": "m",
                    "$": "Visibility"
                },
                {
                    "name": "D",
                    "units": "compass",
                    "$": "Wind Direction"
                },
                {
                    "name": "S",
                    "units": "mph",
                    "$": "Wind Speed"
                },
                {
                    "name": "W",
                    "units": "",
                    "$": "Weather Type"
                },
                {
                    "name": "P",
                    "units": "hpa",
                    "$": "Pressure"
                },
                {
                    "name": "Pt",
                    "units": "Pa/s",
                    "$": "Pressure Tendency"
                },
                {
                    "name": "Dp",
                    "units": "C",
                    "$": "Dew Point"
                },
                {
                    "name": "H",
                    "units": "%",
                    "$": "Screen Relative Humidity"
                }
            ]
        },
        "DV": {
            "dataDate": "2025-05-14T16:00:00Z",
            "type": "Obs",
            "Location": {
                "i": "3772",
                "lat": "51.479",
                "lon": "-0.449",
                "name": "HEATHROW",
                "country": "ENGLAND",
                "continent": "EUROPE",
                "elevation": "25.0",
                "Period": [
                    {
                        "type": "Day",
                        "value": "2025-05-13Z",
                        "Rep": [
                            {
                                "D": "ENE",
                                "G": "24",
                                "H": "31.4",
                                "P": "1017",
                                "S": "13",
                                "T": "23.4",
                                "V": "60000",
                                "W": "1",
                                "Pt": "F",
                                "Dp": "5.7",
                                "$": "960"
                            },
                            {
                                "D": "E",
                                "G": "24",
                                "H": "32.5",
                                "P": "1017",
                                "S": "13",
                                "T": "21.8",
                                "V": "50000",
                                "W": "1",
                                "Pt": "R",
                                "Dp": "4.8",
                                "$": "1020"
                            },
                            {
                                "D": "ENE",
                                "G": "21",
                                "H": "34.4",
                                "P": "1017",
                                "S": "10",
                                "T": "21.1",
                                "V": "50000",
                                "W": "1",
                                "Pt": "R",
                                "Dp": "5.0",
                                "$": "1080"
                            },
                            {
                                "D": "ENE",
                                "G": "17",
                                "H": "34.6",
                                "P": "1018",
                                "S": "9",
                                "T": "19.4",
                                "V": "55000",
                                "W": "1",
                                "Pt": "R",
                                "Dp": "3.6",
                                "$": "1140"
                            },
                            {
                                "D": "E",
                                "G": "17",
                                "H": "41.4",
                                "P": "1018",
                                "S": "10",
                                "T": "16.7",
                                "V": "50000",
                                "W": "0",
                                "Pt": "R",
                                "Dp": "3.7",
                                "$": "1200"
                            },
                            {
                                "D": "ENE",
                                "G": "16",
                                "H": "45.2",
                                "P": "1019",
                                "S": "6",
                                "T": "15.8",
                                "V": "50000",
                                "W": "0",
                                "Pt": "R",
                                "Dp": "4.1",
                                "$": "1260"
                            },
                            {
                                "D": "ENE",
                                "G": "11",
                                "H": "45.1",
                                "P": "1019",
                                "S": "6",
                                "T": "15.5",
                                "V": "50000",
                                "W": "0",
                                "Pt": "R",
                                "Dp": "3.8",
                                "$": "1320"
                            },
                            {
                                "D": "NE",
                                "G": "11",
                                "H": "47.5",
                                "P": "1020",
                                "S": "6",
                                "T": "14.6",
                                "V": "50000",
                                "W": "0",
                                "Pt": "R",
                                "Dp": "3.7",
                                "$": "1380"
                            }
                        ]
                    },
                    {
                        "type": "Day",
                        "value": "2025-05-14Z",
                        "Rep": [
                            {
                                "D": "NE",
                                "G": "10",
                                "H": "50.6",
                                "P": "1020",
                                "S": "6",
                                "T": "13.6",
                                "V": "55000",
                                "W": "0",
                                "Pt": "R",
                                "Dp": "3.7",
                                "$": "0"
                            },
                            {
                                "D": "NE",
                                "G": "14",
                                "H": "52.2",
                                "P": "1020",
                                "S": "7",
                                "T": "12.5",
                                "V": "60000",
                                "W": "0",
                                "Pt": "R",
                                "Dp": "3.1",
                                "$": "60"
                            },
                            {
                                "D": "NNE",
                                "G": "9",
                                "H": "56.4",
                                "P": "1020",
                                "S": "3",
                                "T": "11.0",
                                "V": "55000",
                                "W": "0",
                                "Pt": "S",
                                "Dp": "2.8",
                                "$": "120"
                            },
                            {
                                "D": "N",
                                "G": "9",
                                "H": "61.7",
                                "P": "1020",
                                "S": "5",
                                "T": "9.9",
                                "V": "55000",
                                "W": "0",
                                "Pt": "R",
                                "Dp": "3.0",
                                "$": "180"
                            },
                            {
                                "D": "NNE",
                                "G": "10",
                                "H": "70.1",
                                "P": "1020",
                                "S": "5",
                                "T": "9.2",
                                "V": "45000",
                                "W": "0",
                                "Pt": "R",
                                "Dp": "4.1",
                                "$": "240"
                            },
                            {
                                "D": "NNE",
                                "G": "11",
                                "H": "82.4",
                                "P": "1020",
                                "S": "7",
                                "T": "8.9",
                                "V": "25000",
                                "W": "1",
                                "Pt": "R",
                                "Dp": "6.1",
                                "$": "300"
                            },
                            {
                                "D": "NNE",
                                "G": "13",
                                "H": "80.2",
                                "P": "1021",
                                "S": "7",
                                "T": "10.1",
                                "V": "18000",
                                "W": "1",
                                "Pt": "R",
                                "Dp": "6.9",
                                "$": "360"
                            },
                            {
                                "D": "N",
                                "G": "13",
                                "H": "73.7",
                                "P": "1021",
                                "S": "6",
                                "T": "11.7",
                                "V": "22000",
                                "W": "1",
                                "Pt": "R",
                                "Dp": "7.2",
                                "$": "420"
                            },
                            {
                                "D": "NNE",
                                "G": "14",
                                "H": "62.9",
                                "P": "1021",
                                "S": "7",
                                "T": "14.6",
                                "V": "30000",
                                "W": "1",
                                "Pt": "R",
                                "Dp": "7.7",
                                "$": "480"
                            },
                            {
                                "D": "NNE",
                                "G": "17",
                                "H": "53.3",
                                "P": "1021",
                                "S": "9",
                                "T": "16.3",
                                "V": "35000",
                                "W": "1",
                                "Pt": "R",
                                "Dp": "6.9",
                                "$": "540"
                            },
                            {
                                "D": "NE",
                                "G": "17",
                                "H": "46.7",
                                "P": "1021",
                                "S": "9",
                                "T": "18.9",
                                "V": "45000",
                                "W": "1",
                                "Pt": "R",
                                "Dp": "7.4",
                                "$": "600"
                            },
                            {
                                "D": "NE",
                                "G": "21",
                                "H": "38.4",
                                "P": "1021",
                                "S": "9",
                                "T": "20.8",
                                "V": "40000",
                                "W": "1",
                                "Pt": "S",
                                "Dp": "6.3",
                                "$": "660"
                            },
                            {
                                "D": "NE",
                                "G": "19",
                                "H": "37.5",
                                "P": "1021",
                                "S": "9",
                                "T": "21.3",
                                "V": "40000",
                                "W": "1",
                                "Pt": "F",
                                "Dp": "6.4",
                                "$": "720"
                            },
                            {
                                "D": "NNE",
                                "G": "18",
                                "H": "33.0",
                                "P": "1020",
                                "S": "9",
                                "T": "22.3",
                                "V": "35000",
                                "W": "1",
                                "Pt": "F",
                                "Dp": "5.5",
                                "$": "780"
                            },
                            {
                                "D": "NE",
                                "G": "18",
                                "H": "29.0",
                                "P": "1020",
                                "S": "7",
                                "T": "22.8",
                                "V": "50000",
                                "W": "1",
                                "Pt": "F",
                                "Dp": "4.1",
                                "$": "840"
                            },
                            {
                                "D": "NE",
                                "G": "16",
                                "H": "29.5",
                                "P": "1020",
                                "S": "8",
                                "T": "23.2",
                                "V": "55000",
                                "W": "1",
                                "Pt": "F",
                                "Dp": "4.7",
                                "$": "900"
                            },
                            {
                                "D": "NE",
                                "G": "18",
                                "H": "29.7",
                                "P": "1020",
                                "S": "9",
                                "T": "23.2",
                                "V": "50000",
                                "W": "1",
                                "Pt": "F",
                                "Dp": "4.8",
                                "$": "960"
                            }
                        ]
                    }
                ]
            }
        }
    }
}