{
    "SiteRep": {
        "Wx": {
            "Param": [
                {
                    "name": "G",
                    "units": "mph",
                    "$": "Wind Gust"
                },
                {
                    "name": "T",
                    "units": "C",
                    "$": "Temperature"
                },
                {
                    "name": "V",
                    "units": "m",
                    "$": "Visibility"
                },
                {
                    "name": "D",
                    "units": "compass",
                    "$": "Wind Direction"
                },
                {
                    "name": "S",
                    "units": "mph",
                    "$": "Wind Speed"
                },
                {
                    "name": "W",
                    "units": "",
                    "$": "Weather Type"
                },
                {
                    "name": "P",
                    "units": "hpa",
                    "$": "Pressure"
                },
                {
                    "name": "Pt",
                    "units": "Pa/s",
                    "$": "Pressure Tendency"
                },
                {
                    "name": "Dp",
                    "units": "C",
                    "$": "Dew Point"
                },
                {
                    "name": "H",
                    "units": "%",
                    "$": "Screen Relative Humidity"
                }
            ]
        },
        "DV": {
            "dataDate": "2024-02-29T16:00:00Z",
            "type": "Obs",
            "Location": {
                "i": "3772",
                "lat": "51.479",
                "lon": "-0.449",
                "name": "HEATHROW",
                "country": "ENGLAND",
                "continent": "EUROPE",
                "elevation": "25.0",
                "Period": [
                    {
                        "type": "Day",
                        "value": "2024-02-28Z",
                        "Rep": [
                            {
                                "D": "SSW",
                                "G": "24",
                                "H": "86.7",
                                "P": "1015",
                                "S": "11",
                                "T": "10.5",
                                "V": "20000",
                                "W": "11",
                                "Pt": "F",
                                "Dp": "8.4",
                                "$": "960"
                            },
                            {
                                "D": "S",
                                "G": "21",
                                "H": "91.0",
                                "P": "1014",
                                "S": "11",
                                "T": "10.3",
                                "V": "11000",
                                "W": "11",
                                "Pt": "F",
                                "Dp": "8.9",
                                "$": "1020"
                            },
                            {
                                "D": "S",
                                "G": "21",
                                "H": "94.1",
                                "P": "1014",
                                "S": "11",
                                "T": "10.6",
                                "V": "30000",
                                "W": "8",
                                "Pt": "F",
                                "Dp": "9.7",
                                "$": "1080"
                            },
                            {
                                "D": "S",
                                "G": "19",
                                "H": "92.9",
                                "P": "1013",
                                "S": "10",
                                "T": "11.0",
                                "V": "28000",
                                "W": "12",
                                "Pt": "F",
                                "Dp": "9.9",
                                "$": "1140"
                            },
                            {
                                "D": "SSW",
                                "G": "18",
                                "H": "92.3",
                                "P": "1013",
                                "S": "11",
                                "T": "11.3",
                                "V": "40000",
                                "W": "8",
                                "Pt": "F",
                                "Dp": "10.1",
                                "$": "1200"
                            },
                            {
                                "D": "SSW",
                                "G": "21",
                                "H": "91.7",
                                "P": "1012",
                                "S": "13",
                                "T": "11.5",
                                "V": "45000",
                                "W": "8",
                                "Pt": "F",
                                "Dp": "10.2",
                                "$": "1260"
                            },
                            {
                                "D": "S",
                                "G": "24",
                                "H": "93.0",
                                "P": "1011",
                                "S": "11",
                                "T": "11.4",
                                "V": "17000",
                                "W": "8",
                                "Pt": "F",
                                "Dp": "10.3",
                                "$": "1320"
                            },
                            {
                                "D": "S",
                                "G": "25",
                                "H": "93.0",
                                "P": "1010",
                                "S": "14",
                                "T": "11.4",
                                "V": "30000",
                                "W": "8",
                                "Pt": "F",
                                "Dp": "10.3",
                                "$": "1380"
                            }
                        ]
                    },
                    {
                        "type": "Day",
                        "value": "2024-02-29Z",
                        "Rep": [
                            {
                                "D": "SW",
                                "G": "33",
                                "H": "89.2",
                                "P": "1010",
                                "S": "19",
                                "T": "11.4",
                                "V": "23000",
                                "W": "8",
                                "Pt": "F",
                                "Dp": "9.7",
                                "$": "0"
                            },
                            {
                                "D": "SSW",
                                "G": "29",
                                "H": "87.4",
                                "P": "1009",
                                "S": "17",
                                "T": "11.2",
                                "V": "30000",
                                "W": "8",
                                "Pt": "F",
                                "Dp": "9.2",
                                "$": "60"
                            },
                            {
                                "D": "SSW",
                                "G": "25",
                                "H": "87.4",
                                "P": "1008",
                                "S": "17",
                                "T": "10.9",
                                "V": "35000",
                                "W": "8",
                                "Pt": "F",
                                "Dp": "8.9",
                                "$": "120"
                            },
                            {
                                "D": "SSW",
                                "G": "28",
                                "H": "87.3",
                                "P": "1007",
                                "S": "17",
                                "T": "10.8",
                                "V": "50000",
                                "W": "8",
                                "Pt": "F",
                                "Dp": "8.8",
                                "$": "180"
                            },
                            {
                                "D": "SW",
                                "G": "22",
                                "H": "88.6",
                                "P": "1006",
                                "S": "16",
                                "T": "10.5",
                                "V": "50000",
                                "W": "8",
                                "Pt": "F",
                                "Dp": "8.7",
                                "$": "240"
                            },
                            {
                                "D": "SSW",
                                "G": "21",
                                "H": "89.8",
                                "P": "1006",
                                "S": "13",
                                "T": "10.5",
                                "V": "40000",
                                "W": "8",
                                "Pt": "F",
                                "Dp": "8.9",
                                "$": "300"
                            },
                            {
                                "D": "SSW",
                                "G": "21",
                                "H": "91.6",
                                "P": "1005",
                                "S": "11",
                                "T": "10.2",
                                "V": "8000",
                                "W": "12",
                                "Pt": "F",
                                "Dp": "8.9",
                                "$": "360"
                            },
                            {
                                "D": "S",
                                "G": "17",
                                "H": "94.1",
                                "P": "1005",
                                "S": "11",
                                "T": "10.0",
                                "V": "7000",
                                "W": "11",
                                "Pt": "F",
                                "Dp": "9.1",
                                "$": "420"
                            },
                            {
                                "D": "S",
                                "G": "17",
                                "H": "95.5",
                                "P": "1004",
                                "S": "10",
                                "T": "10.3",
                                "V": "40000",
                                "W": "11",
                                "Pt": "F",
                                "Dp": "9.6",
                                "$": "480"
                            },
                            {
                                "D": "S",
                                "G": "19",
                                "H": "94.8",
                                "P": "1004",
                                "S": "13",
                                "T": "10.9",
                                "V": "29000",
                                "W": "8",
                                "Pt": "F",
                                "Dp": "10.1",
                                "$": "540"
                            },
                            {
                                "D": "S",
                                "G": "21",
                                "H": "94.2",
                                "P": "1003",
                                "S": "13",
                                "T": "10.9",
                                "V": "8000",
                                "W": "11",
                                "Pt": "F",
                                "Dp": "10.0",
                                "$": "600"
                            },
                            {
                                "D": "WSW",
                                "G": "22",
                                "H": "94.8",
                                "P": "1003",
                                "S": "13",
                                "T": "10.2",
                                "V": "1100",
                                "W": "15",
                                "Pt": "F",
                                "Dp": "9.4",
                                "$": "660"
                            },
                            {
                                "D": "W",
                                "G": "18",
                                "H": "95.4",
                                "P": "1003",
                                "S": "11",
                                "T": "9.9",
                                "V": "3800",
                                "W": "12",
                                "Pt": "F",
                                "Dp": "9.2",
                                "$": "720"
                            },
                            {
                                "D": "NW",
                                "G": "15",
                                "H": "92.3",
                                "P": "1002",
                                "S": "3",
                                "T": "9.9",
                                "V": "13000",
                                "W": "12",
                                "Pt": "F",
                                "Dp": "8.7",
                                "$": "780"
                            },
                            {
                                "D": "WSW",
                                "G": "11",
                                "H": "89.7",
                                "P": "1002",
                                "S": "7",
                                "T": "9.6",
                                "V": "3300",
                                "W": "12",
                                "Pt": "F",
                                "Dp": "8.0",
                                "$": "840"
                            },
                            {
                                "D": "WNW",
                                "G": "16",
                                "H": "92.8",
                                "P": "1002",
                                "S": "9",
                                "T": "8.9",
                                "V": "8000",
                                "W": "12",
                                "Pt": "F",
                                "Dp": "7.8",
                                "$": "900"
                            },
                            {
                                "D": "W",
                                "G": "13",
                                "H": "91.5",
                                "P": "1001",
                                "S": "5",
                                "T": "8.5",
                                "V": "21000",
                                "W": "12",
                                "Pt": "F",
                                "Dp": "7.2",
                                "$": "960"
                            }
                        ]
                    }
                ]
            }
        }
    }
}