{
    "SiteRep": {
        "Wx": {
            "Param": [
                {
                    "name": "G",
                    "units": "mph",
                    "$": "Wind Gust"
                },
                {
                    "name": "T",
                    "units": "C",
                    "$": "Temperature"
                },
                {
                    "name": "V",
                    "units": "m",
                    "$": "Visibility"
                },
                {
                    "name": "D",
                    "units": "compass",
                    "$": "Wind Direction"
                },
                {
                    "name": "S",
                    "units": "mph",
                    "$": "Wind Speed"
                },
                {
                    "name": "W",
                    "units": "",
                    "$": "Weather Type"
                },
                {
                    "name": "P",
                    "units": "hpa",
                    "$": "Pressure"
                },
                {
                    "name": "Pt",
                    "units": "Pa/s",
                    "$": "Pressure Tendency"
                },
                {
                    "name": "Dp",
                    "units": "C",
                    "$": "Dew Point"
                },
                {
                    "name": "H",
                    "units": "%",
                    "$": "Screen Relative Humidity"
                }
            ]
        },
        "DV": {
            "dataDate": "2024-08-03T16:00:00Z",
            "type": "Obs",
            "Location": {
                "i": "3772",
                "lat": "51.479",
                "lon": "-0.449",
                "name": "HEATHROW",
                "country": "ENGLAND",
                "continent": "EUROPE",
                "elevation": "25.0",
                "Period": [
                    {
                        "type": "Day",
                        "value": "2024-08-02Z",
                        "Rep": [
                            {
                                "D": "W",
                                "G": "19",
                                "H": "37.1",
                                "P": "1010",
                                "S": "11",
                                "T": "27.0",
                                "V": "30000",
                                "W": "3",
                                "Pt": "F",
                                "Dp": "11.2",
                                "$": "960"
                            },
                            {
                                "D": "W",
                                "G": "22",
                                "H": "43.6",
                                "P": "1011",
                                "S": "14",
                                "T": "26.2",
                                "V": "30000",
                                "W": "7",
                                "Pt": "F",
                                "Dp": "12.9",
                                "$": "1020"
                            },
                            {
                                "D": "W",
                                "G": "19",
                                "H": "46.9",
                                "P": "1011",
                                "S": "14",
                                "T": "25.4",
                                "V": "40000",
                                "W": "7",
                                "Pt": "F",
                                "Dp": "13.3",
                                "$": "1080"
                            },
                            {
                                "D": "W",
                                "G": "19",
                                "H": "53.2",
                                "P": "1011",
                                "S": "10",
                                "T": "23.4",
                                "V": "55000",
                                "W": "7",
                                "Pt": "R",
                                "Dp": "13.4",
                                "$": "1140"
                            },
                            {
                                "D": "W",
                                "G": "15",
                                "H": "55.9",
                                "P": "1011",
                                "S": "10",
                                "T": "22.7",
                                "V": "65000",
                                "W": "8",
                                "Pt": "R",
                                "Dp": "13.5",
                                "$": "1200"
                            },
                            {
                                "D": "W",
                                "G": "11",
                                "H": "60.6",
                                "P": "1011",
                                "S": "5",
                                "T": "21.7",
                                "V": "55000",
                                "W": "0",
                                "Pt": "R",
                                "Dp": "13.8",
                                "$": "1260"
                            },
                            {
                                "D": "WSW",
                                "G": "16",
                                "H": "68.0",
                                "P": "1012",
                                "S": "11",
                                "T": "20.9",
                                "V": "40000",
                                "W": "8",
                                "Pt": "R",
                                "Dp": "14.8",
                                "$": "1320"
                            },
                            {
                                "D": "SW",
                                "G": "16",
                                "H": "76.6",
                                "P": "1012",
                                "S": "10",
                                "T": "19.6",
                                "V": "40000",
                                "W": "7",
                                "Pt": "R",
                                "Dp": "15.4",
                                "$": "1380"
                            }
                        ]
                    },
                    {
                        "type": "Day",
                        "value": "2024-08-03Z",
                        "Rep": [
                            {
                                "D": "SW",
                                "G": "14",
                                "H": "78.1",
                                "P": "1012",
                                "S": "9",
                                "T": "19.4",
                                "V": "40000",
                                "W": "8",
                                "Pt": "R",
                                "Dp": "15.5",
                                "$": "0"
                            },
                            {
                                "D": "SW",
                                "G": "16",
                                "H": "82.6",
                                "P": "1011",
                                "S": "11",
                                "T": "18.6",
                                "V": "40000",
                                "W": "7",
                                "Pt": "F",
                                "Dp": "15.6",
                                "$": "60"
                            },
                            {
                                "D": "SW",
                                "G": "21",
                                "H": "84.8",
                                "P": "1011",
                                "S": "9",
                                "T": "18.4",
                                "V": "35000",
                                "W": "8",
                                "Pt": "F",
                                "Dp": "15.8",
                                "$": "120"
                            },
                            {
                                "D": "SW",
                                "G": "16",
                                "H": "84.7",
                                "P": "1011",
                                "S": "11",
                                "T": "18.3",
                                "V": "35000",
                                "W": "7",
                                "Pt": "F",
                                "Dp": "15.7",
                                "$": "180"
                            },
                            {
                                "D": "SSW",
                                "G": "15",
                                "H": "84.2",
                                "P": "1010",
                                "S": "10",
                                "T": "18.4",
                                "V": "30000",
                                "W": "8",
                                "Pt": "F",
                                "Dp": "15.7",
                                "$": "240"
                            },
                            {
                                "D": "SSW",
                                "G": "16",
                                "H": "83.2",
                                "P": "1010",
                                "S": "10",
                                "T": "18.7",
                                "V": "30000",
                                "W": "8",
                                "Pt": "F",
                                "Dp": "15.8",
                                "$": "300"
                            },
                            {
                                "D": "WSW",
                                "G": "15",
                                "H": "89.2",
                                "P": "1010",
                                "S": "8",
                                "T": "18.2",
                                "V": "11000",
                                "W": "11",
                                "Pt": "F",
                                "Dp": "16.4",
                                "$": "360"
                            },
                            {
                                "D": "SW",
                                "G": "15",
                                "H": "81.7",
                                "P": "1010",
                                "S": "10",
                                "T": "19.4",
                                "V": "30000",
                                "W": "8",
                                "Pt": "F",
                                "Dp": "16.2",
                                "$": "420"
                            },
                            {
                                "D": "SW",
                                "G": "18",
                                "H": "81.2",
                                "P": "1011",
                                "S": "13",
                                "T": "19.7",
                                "V": "40000",
                                "W": "8",
                                "Pt": "R",
                                "Dp": "16.4",
                                "$": "480"
                            },
                            {
                                "D": "WSW",
                                "G": "19",
                                "H": "72.6",
                                "P": "1010",
                                "S": "13",
                                "T": "20.9",
                                "V": "75000",
                                "W": "8",
                                "Pt": "R",
                                "Dp": "15.8",
                                "$": "540"
                            },
                            {
                                "D": "WSW",
                                "G": "23",
                                "H": "59.8",
                                "P": "1010",
                                "S": "15",
                                "T": "23.2",
                                "V": "75000",
                                "W": "8",
                                "Pt": "S",
                                "Dp": "15.0",
                                "$": "600"
                            },
                            {
                                "D": "SW",
                                "G": "25",
                                "H": "50.3",
                                "P": "1010",
                                "S": "18",
                                "T": "23.8",
                                "V": "75000",
                                "W": "3",
                                "Pt": "F",
                                "Dp": "12.9",
                                "$": "660"
                            },
                            {
                                "D": "W",
                                "G": "26",
                                "H": "43.9",
                                "P": "1010",
                                "S": "16",
                                "T": "23.4",
                                "V": "55000",
                                "W": "3",
                                "Pt": "R",
                                "Dp": "10.5",
                                "$": "720"
                            },
                            {
                                "D": "W",
                                "G": "24",
                                "H": "47.2",
                                "P": "1011",
                                "S": "14",
                                "T": "23.1",
                                "V": "45000",
                                "W": "8",
                                "Pt": "R",
                                "Dp": "11.3",
                                "$": "780"
                            },
                            {
                                "D": "W",
                                "G": "21",
                                "H": "45.5",
                                "P": "1011",
                                "S": "15",
                                "T": "22.5",
                                "V": "50000",
                                "W": "8",
                                "Pt": "R",
                                "Dp": "10.2",
                                "$": "840"
                            },
                            {
                                "D": "W",
                                "G": "21",
                                "H": "43.2",
                                "P": "1011",
                                "S": "11",
                                "T": "22.9",
                                "V": "55000",
                                "W": "8",
                                "Pt": "R",
                                "Dp": "9.8",
                                "$": "900"
                            },
                            {
                                "D": "WSW",
                                "G": "21",
                                "H": "40.4",
                                "P": "1011",
                                "S": "11",
                                "T": "23.9",
                                "V": "50000",
                                "W": "7",
                                "Pt": "R",
                                "Dp": "9.7",
                                "$": "960"
                            }
                        ]
                    }
                ]
            }
        }
    }
}