{
    "SiteRep": {
        "Wx": {
            "Param": [
                {
                    "name": "G",
                    "units": "mph",
                    "$": "Wind Gust"
                },
                {
                    "name": "T",
                    "units": "C",
                    "$": "Temperature"
                },
                {
                    "name": "V",
                    "units": "m",
                    "$": "Visibility"
                },
                {
                    "name": "D",
                    "units": "compass",
                    "$": "Wind Direction"
                },
                {
                    "name": "S",
                    "units": "mph",
                    "$": "Wind Speed"
                },
                {
                    "name": "W",
                    "units": "",
                    "$": "Weather Type"
                },
                {
                    "name": "P",
                    "units": "hpa",
                    "$": "Pressure"
                },
                {
                    "name": "Pt",
                    "units": "Pa/s",
                    "$": "Pressure Tendency"
                },
                {
                    "name": "Dp",
                    "units": "C",
                    "$": "Dew Point"
                },
                {
                    "name": "H",
                    "units": "%",
                    "$": "Screen Relative Humidity"
                }
            ]
        },
        "DV": {
            "dataDate": "2025-12-08T16:00:00Z",
            "type": "Obs",
            "Location": {
                "i": "3772",
                "lat": "51.479",
                "lon": "-0.449",
                "name": "HEATHROW",
                "country": "ENGLAND",
                "continent": "EUROPE",
                "elevation": "25.0",
                "Period": [
                    {
                        "type": "Day",
                        "value": "2025-12-07Z",
                        "Rep": [
                            {
                                "D": "SW",
                                "G": "31",
                                "H": "86.7",
                                "P": "997",
                                "S": "19",
                                "T": "14.6",
                                "V": "30000",
                                "W": "8",
                                "Pt": "F",
                                "Dp": "12.4",
                                "$": "960"
                            },
                            {
                                "D": "SW",
                                "G": "32",
                                "H": "84.9",
                                "P": "997",
                                "S": "21",
                                "T": "14.2",
                                "V": "22000",
                                "W": "8",
                                "Pt": "R",
                                "Dp": "11.7",
                                "$": "1020"
                            },
                            {
                                "D": "WSW",
                                "G": "33",
                                "H": "83.8",
                                "P": "999",
                                "S": "21",
                                "T": "13.9",
                                "V": "30000",
                                "W": "8",
                                "Pt": "R",
                                "Dp": "11.2",
                                "$": "1080"
                            },
                            {
                                "D": "WSW",
                                "G": "33",
                                "H": "76.0",
                                "P": "1001",
                                "S": "21",
                                "T": "12.7",
                                "V": "50000",
                                "W": "8",
                                "Pt": "R",
                                "Dp": "8.6",
                                "$": "1140"
                            },
                            {
                                "D": "WSW",
                                "G": "43",
                                "H": "73.0",
                                "P": "1002",
                                "S": "25",
                                "T": "12.4",
                                "V": "45000",
                                "W": "8",
                                "Pt": "R",
                                "Dp": "7.7",
                                "$": "1200"
                            },
                            {
                                "D": "WSW",
                                "G": "37",
                                "H": "74.4",
                                "P": "1003",
                                "S": "19",
                                "T": "12.2",
                                "V": "50000",
                                "W": "8",
                                "Pt": "R",
                                "Dp": "7.8",
                                "$": "1260"
                            },
                            {
                                "D": "WSW",
                                "G": "25",
                                "H": "75.5",
                                "P": "1004",
                                "S": "15",
                                "T": "12.2",
                                "V": "45000",
                                "W": "8",
                                "Pt": "R",
                                "Dp": "8.0",
                                "$": "1320"
                            },
                            {
                                "D": "SW",
                                "G": "19",
                                "H": "79.5",
                                "P": "1005",
                                "S": "10",
                                "T": "11.4",
                                "V": "50000",
                                "W": "8",
                                "Pt": "R",
                                "Dp": "8.0",
                                "$": "1380"
                            }
                        ]
                    },
                    {
                        "type": "Day",
                        "value": "2025-12-08Z",
                        "Rep": [
                            {
                                "D": "SSW",
                                "G": "15",
                                "H": "87.3",
                                "P": "1005",
                                "S": "5",
                                "T": "9.9",
                                "V": "35000",
                                "W": "0",
                                "Pt": "R",
                                "Dp": "7.9",
                                "$": "0"
                            },
                            {
                                "D": "SSW",
                                "G": "14",
                                "H": "89.2",
                                "P": "1005",
                                "S": "9",
                                "T": "10.2",
                                "V": "29000",
                                "W": "0",
                                "Pt": "R",
                                "Dp": "8.5",
                                "$": "60"
                            },
                            {
                                "D": "SSW",
                                "G": "16",
                                "H": "91.0",
                                "P": "1006",
                                "S": "10",
                                "T": "10.5",
                                "V": "17000",
                                "W": "0",
                                "Pt": "R",
                                "Dp": "9.1",
                                "$": "120"
                            },
                            {
                                "D": "S",
                                "G": "15",
                                "H": "92.2",
                                "P": "1006",
                                "S": "6",
                                "T": "10.2",
                                "V": "15000",
                                "W": "8",
                                "Pt": "R",
                                "Dp": "9.0",
                                "$": "180"
                            },
                            {
                                "D": "S",
                                "G": "10",
                                "H": "92.9",
                                "P": "1006",
                                "S": "6",
                                "T": "10.7",
                                "V": "14000",
                                "W": "8",
                                "Pt": "R",
                                "Dp": "9.6",
                                "$": "240"
                            },
                            {
                                "D": "SSW",
                                "G": "19",
                                "H": "85.7",
                                "P": "1006",
                                "S": "15",
                                "T": "11.9",
                                "V": "19000",
                                "W": "7",
                                "Pt": "F",
                                "Dp": "9.6",
                                "$": "300"
                            },
                            {
                                "D": "SSW",
                                "G": "18",
                                "H": "87.5",
                                "P": "1006",
                                "S": "11",
                                "T": "11.6",
                                "V": "19000",
                                "W": "8",
                                "Pt": "F",
                                "Dp": "9.6",
                                "$": "360"
                            },
                            {
                                "D": "SSW",
                                "G": "22",
                                "H": "84.2",
                                "P": "1006",
                                "S": "14",
                                "T": "12.6",
                                "V": "24000",
                                "W": "8",
                                "Pt": "F",
                                "Dp": "10.0",
                                "$": "420"
                            },
                            {
                                "D": "SSW",
                                "G": "21",
                                "H": "83.6",
                                "P": "1007",
                                "S": "15",
                                "T": "12.7",
                                "V": "30000",
                                "W": "8",
                                "Pt": "R",
                                "Dp": "10.0",
                                "$": "480"
                            },
                            {
                                "D": "SSW",
                                "G": "23",
                                "H": "85.3",
                                "P": "1006",
                                "S": "14",
                                "T": "12.8",
                                "V": "22000",
                                "W": "12",
                                "Pt": "R",
                                "Dp": "10.4",
                                "$": "540"
                            },
                            {
                                "D": "SSW",
                                "G": "22",
                                "H": "83.6",
                                "P": "1008",
                                "S": "13",
                                "T": "13.3",
                                "V": "25000",
                                "W": "8",
                                "Pt": "R",
                                "Dp": "10.6",
                                "$": "600"
                            },
                            {
                                "D": "SW",
                                "G": "21",
                                "H": "79.9",
                                "P": "1008",
                                "S": "14",
                                "T": "14.1",
                                "V": "24000",
                                "W": "8",
                                "Pt": "R",
                                "Dp": "10.7",
                                "$": "660"
                            },
                            {
                                "D": "SW",
                                "G": "23",
                                "H": "79.9",
                                "P": "1008",
                                "S": "14",
                                "T": "14.2",
                                "V": "23000",
                                "W": "8",
                                "Pt": "R",
                                "Dp": "10.8",
                                "$": "720"
                            },
                            {
                                "D": "SW",
                                "G": "23",
                                "H": "83.3",
                                "P": "1008",
                                "S": "10",
                                "T": "14.3",
                                "V": "21000",
                                "W": "8",
                                "Pt": "R",
                                "Dp": "11.5",
                                "$": "780"
                            },
                            {
                                "D": "SW",
                                "G": "19",
                                "H": "80.5",
                                "P": "1008",
                                "S": "11",
                                "T": "14.2",
                                "V": "20000",
                                "W": "8",
                                "Pt": "F",
                                "Dp": "10.9",
                                "$": "840"
                            },
                            {
                                "D": "SSW",
                                "G": "19",
                                "H": "92.4",
                                "P": "1008",
                                "S": "11",
                                "T": "12.9",
                                "V": "7000",
                                "W": "12",
                                "Pt": "R",
                                "Dp": "11.7",
                                "$": "900"
                            },
                            {
                                "D": "SSW",
                                "G": "18",
                                "H": "91.8",
                                "P": "1009",
                                "S": "13",
                                "T": "13.0",
                                "V": "2400",
                                "W": "8",
                                "Pt": "R",
                                "Dp": "11.7",
                                "$": "960"
                            }
                        ]
                    }
                ]
            }
        }
    }
}