{
    "SiteRep": {
        "Wx": {
            "Param": [
                {
                    "name": "G",
                    "units": "mph",
                    "$": "Wind Gust"
                },
                {
                    "name": "T",
                    "units": "C",
                    "$": "Temperature"
                },
                {
                    "name": "V",
                    "units": "m",
                    "$": "Visibility"
                },
                {
                    "name": "D",
                    "units": "compass",
                    "$": "Wind Direction"
                },
                {
                    "name": "S",
                    "units": "mph",
                    "$": "Wind Speed"
                },
                {
                    "name": "W",
                    "units": "",
                    "$": "Weather Type"
                },
                {
                    "name": "P",
                    "units": "hpa",
                    "$": "Pressure"
                },
                {
                    "name": "Pt",
                    "units": "Pa/s",
                    "$": "Pressure Tendency"
                },
                {
                    "name": "Dp",
                    "units": "C",
                    "$": "Dew Point"
                },
                {
                    "name": "H",
                    "units": "%",
                    "$": "Screen Relative Humidity"
                }
            ]
        },
        "DV": {
            "dataDate": "2024-10-29T16:00:00Z",
            "type": "Obs",
            "Location": {
                "i": "3772",
                "lat": "51.479",
                "lon": "-0.449",
                "name": "HEATHROW",
                "country": "ENGLAND",
                "continent": "EUROPE",
                "elevation": "25.0",
                "Period": [
                    {
                        "type": "Day",
                        "value": "2024-10-28Z",
                        "Rep": [
                            {
                                "D": "SSW",
                                "G": "16",
                                "H": "89.5",
                                "P": "1020",
                                "S": "10",
                                "T": "15.1",
                                "V": "50000",
                                "W": "8",
                                "Pt": "F",
                                "Dp": "13.4",
                                "$": "960"
                            },
                            {
                                "D": "SSW",
                                "G": "14",
                                "H": "90.6",
                                "P": "1020",
                                "S": "10",
                                "T": "15.0",
                                "V": "40000",
                                "W": "8",
                                "Pt": "F",
                                "Dp": "13.5",
                                "$": "1020"
                            },
                            {
                                "D": "SSW",
                                "G": "17",
                                "H": "93.1",
                                "P": "1021",
                                "S": "8",
                                "T": "14.8",
                                "V": "35000",
                                "W": "5",
                                "Pt": "R",
                                "Dp": "13.7",
                                "$": "1080"
                            },
                            {
                                "D": "SSW",
                                "G": "16",
                                "H": "93.7",
                                "P": "1021",
                                "S": "9",
                                "T": "14.7",
                                "V": "35000",
                                "W": "8",
                                "Pt": "R",
                                "Dp": "13.7",
                                "$": "1140"
                            },
                            {
                                "D": "SSW",
                                "G": "16",
                                "H": "92.4",
                                "P": "1021",
                                "S": "8",
                                "T": "14.9",
                                "V": "25000",
                                "W": "8",
                                "Pt": "R",
                                "Dp": "13.7",
                                "$": "1200"
                            },
                            {
                                "D": "SW",
                                "G": "13",
                                "H": "91.8",
                                "P": "1022",
                                "S": "8",
                                "T": "14.9",
                                "V": "30000",
                                "W": "8",
                                "Pt": "R",
                                "Dp": "13.6",
                                "$": "1260"
                            },
                            {
                                "D": "SSW",
                                "G": "11",
                                "H": "95.5",
                                "P": "1022",
                                "S": "7",
                                "T": "14.6",
                                "V": "14000",
                                "W": "11",
                                "Pt": "R",
                                "Dp": "13.9",
                                "$": "1320"
                            },
                            {
                                "D": "SW",
                                "G": "11",
                                "H": "95.5",
                                "P": "1022",
                                "S": "7",
                                "T": "14.6",
                                "V": "5000",
                                "W": "8",
                                "Pt": "R",
                                "Dp": "13.9",
                                "$": "1380"
                            }
                        ]
                    },
                    {
                        "type": "Day",
                        "value": "2024-10-29Z",
                        "Rep": [
                            {
                                "D": "WSW",
                                "G": "15",
                                "H": "96.2",
                                "P": "1022",
                                "S": "8",
                                "T": "14.0",
                                "V": "75000",
                                "W": "11",
                                "Pt": "R",
                                "Dp": "13.4",
                                "$": "0"
                            },
                            {
                                "D": "SW",
                                "G": "8",
                                "H": "97.4",
                                "P": "1022",
                                "S": "3",
                                "T": "13.5",
                                "V": "18000",
                                "W": "8",
                                "Pt": "R",
                                "Dp": "13.1",
                                "$": "60"
                            },
                            {
                                "D": "SW",
                                "G": "7",
                                "H": "96.7",
                                "P": "1022",
                                "S": "3",
                                "T": "12.5",
                                "V": "12000",
                                "W": "7",
                                "Pt": "S",
                                "Dp": "12.0",
                                "$": "120"
                            },
                            {
                                "D": "W",
                                "G": "6",
                                "H": "98.7",
                                "P": "1022",
                                "S": "3",
                                "T": "13.1",
                                "V": "11000",
                                "W": "5",
                                "Pt": "R",
                                "Dp": "12.9",
                                "$": "180"
                            },
                            {
                                "D": "WSW",
                                "G": "6",
                                "H": "98.7",
                                "P": "1022",
                                "S": "5",
                                "T": "13.0",
                                "V": "13000",
                                "W": "8",
                                "Pt": "R",
                                "Dp": "12.8",
                                "$": "240"
                            },
                            {
                                "D": "W",
                                "G": "8",
                                "H": "97.4",
                                "P": "1022",
                                "S": "3",
                                "T": "12.9",
                                "V": "35000",
                                "W": "8",
                                "Pt": "R",
                                "Dp": "12.5",
                                "$": "300"
                            },
                            {
                                "D": "W",
                                "G": "8",
                                "H": "94.8",
                                "P": "1023",
                                "S": "6",
                                "T": "13.3",
                                "V": "50000",
                                "W": "8",
                                "Pt": "R",
                                "Dp": "12.5",
                                "$": "360"
                            },
                            {
                                "D": "W",
                                "G": "10",
                                "H": "96.1",
                                "P": "1023",
                                "S": "5",
                                "T": "13.0",
                                "V": "18000",
                                "W": "8",
                                "Pt": "R",
                                "Dp": "12.4",
                                "$": "420"
                            },
                            {
                                "D": "W",
                                "G": "9",
                                "H": "96.1",
                                "P": "1024",
                                "S": "6",
                                "T": "12.9",
                                "V": "27000",
                                "W": "8",
                                "Pt": "R",
                                "Dp": "12.3",
                                "$": "480"
                            },
                            {
                                "D": "WSW",
                                "G": "8",
                                "H": "94.9",
                                "P": "1024",
                                "S": "6",
                                "T": "13.7",
                                "V": "30000",
                                "W": "8",
                                "Pt": "R",
                                "Dp": "12.9",
                                "$": "540"
                            },
                            {
                                "D": "W",
                                "G": "9",
                                "H": "90.0",
                                "P": "1024",
                                "S": "5",
                                "T": "14.1",
                                "V": "40000",
                                "W": "8",
                                "Pt": "R",
                                "Dp": "12.5",
                                "$": "600"
                            },
                            {
                                "D": "WSW",
                                "G": "10",
                                "H": "87.8",
                                "P": "1024",
                                "S": "7",
                                "T": "15.5",
                                "V": "45000",
                                "W": "7",
                                "Pt": "R",
                                "Dp": "13.5",
                                "$": "660"
                            },
                            {
                                "D": "W",
                                "G": "11",
                                "H": "80.9",
                                "P": "1024",
                                "S": "3",
                                "T": "14.8",
                                "V": "45000",
                                "W": "8",
                                "Pt": "R",
                                "Dp": "11.6",
                                "$": "720"
                            },
                            {
                                "D": "W",
                                "G": "13",
                                "H": "83.1",
                                "P": "1024",
                                "S": "5",
                                "T": "14.7",
                                "V": "50000",
                                "W": "8",
                                "Pt": "S",
                                "Dp": "11.9",
                                "$": "780"
                            },
                            {
                                "D": "W",
                                "G": "10",
                                "H": "76.8",
                                "P": "1024",
                                "S": "7",
                                "T": "15.2",
                                "V": "45000",
                                "W": "8",
                                "Pt": "S",
                                "Dp": "11.2",
                                "$": "840"
                            },
                            {
                                "D": "WNW",
                                "G": "11",
                                "H": "78.4",
                                "P": "1024",
                                "S": "5",
                                "T": "15.2",
                                "V": "55000",
                                "W": "8",
                                "Pt": "S",
                                "Dp": "11.5",
                                "$": "900"
                            },
                            {
                                "D": "W",
                                "G": "8",
                                "H": "83.7",
                                "P": "1025",
                                "S": "6",
                                "T": "14.7",
                                "V": "45000",
                                "W": "8",
                                "Pt": "R",
                                "Dp": "12.0",
                                "$": "960"
                            }
                        ]
                    }
                ]
            }
        }
    }
}