{
    "SiteRep": {
        "Wx": {
            "Param": [
                {
                    "name": "G",
                    "units": "mph",
                    "$": "Wind Gust"
                },
                {
                    "name": "T",
                    "units": "C",
                    "$": "Temperature"
                },
                {
                    "name": "V",
                    "units": "m",
                    "$": "Visibility"
                },
                {
                    "name": "D",
                    "units": "compass",
                    "$": "Wind Direction"
                },
                {
                    "name": "S",
                    "units": "mph",
                    "$": "Wind Speed"
                },
                {
                    "name": "W",
                    "units": "",
                    "$": "Weather Type"
                },
                {
                    "name": "P",
                    "units": "hpa",
                    "$": "Pressure"
                },
                {
                    "name": "Pt",
                    "units": "Pa/s",
                    "$": "Pressure Tendency"
                },
                {
                    "name": "Dp",
                    "units": "C",
                    "$": "Dew Point"
                },
                {
                    "name": "H",
                    "units": "%",
                    "$": "Screen Relative Humidity"
                }
            ]
        },
        "DV": {
            "dataDate": "2025-03-09T16:00:00Z",
            "type": "Obs",
            "Location": {
                "i": "3772",
                "lat": "51.479",
                "lon": "-0.449",
                "name": "HEATHROW",
                "country": "ENGLAND",
                "continent": "EUROPE",
                "elevation": "25.0",
                "Period": [
                    {
                        "type": "Day",
                        "value": "2025-03-08Z",
                        "Rep": [
                            {
                                "D": "E",
                                "G": "19",
                                "H": "50.7",
                                "P": "1005",
                                "S": "14",
                                "T": "16.1",
                                "V": "45000",
                                "W": "3",
                                "Pt": "F",
                                "Dp": "5.9",
                                "$": "960"
                            },
                            {
                                "D": "ESE",
                                "G": "19",
                                "H": "52.9",
                                "P": "1005",
                                "S": "13",
                                "T": "15.1",
                                "V": "45000",
                                "W": "1",
                                "Pt": "F",
                                "Dp": "5.6",
                                "$": "1020"
                            },
                            {
                                "D": "ESE",
                                "G": "16",
                                "H": "57.8",
                                "P": "1005",
                                "S": "9",
                                "T": "13.1",
                                "V": "40000",
                                "W": "0",
                                "Pt": "F",
                                "Dp": "5.0",
                                "$": "1080"
                            },
                            {
                                "D": "ENE",
                                "G": "11",
                                "H": "60.3",
                                "P": "1006",
                                "S": "5",
                                "T": "13.4",
                                "V": "26000",
                                "W": "0",
                                "Pt": "R",
                                "Dp": "5.9",
                                "$": "1140"
                            },
                            {
                                "D": "ENE",
                                "G": "11",
                                "H": "63.5",
                                "P": "1006",
                                "S": "7",
                                "T": "12.3",
                                "V": "16000",
                                "W": "0",
                                "Pt": "R",
                                "Dp": "5.6",
                                "$": "1200"
                            },
                            {
                                "D": "ENE",
                                "G": "13",
                                "H": "66.9",
                                "P": "1005",
                                "S": "7",
                                "T": "11.5",
                                "V": "13000",
                                "W": "0",
                                "Pt": "R",
                                "Dp": "5.6",
                                "$": "1260"
                            },
                            {
                                "D": "ENE",
                                "G": "9",
                                "H": "70.5",
                                "P": "1006",
                                "S": "7",
                                "T": "10.6",
                                "V": "11000",
                                "W": "0",
                                "Pt": "F",
                                "Dp": "5.5",
                                "$": "1320"
                            },
                            {
                                "D": "NE",
                                "G": "10",
                                "H": "72.5",
                                "P": "1005",
                                "S": "3",
                                "T": "9.9",
                                "V": "10000",
                                "W": "0",
                                "Pt": "F",
                                "Dp": "5.2",
                                "$": "1380"
                            }
                        ]
                    },
                    {
                        "type": "Day",
                        "value": "2025-03-09Z",
                        "Rep": [
                            {
                                "D": "NE",
                                "G": "7",
                                "H": "73.4",
                                "P": "1005",
                                "S": "5",
                                "T": "9.3",
                                "V": "9000",
                                "W": "5",
                                "Pt": "F",
                                "Dp": "4.8",
                                "$": "0"
                            },
                            {
                                "D": "NE",
                                "G": "6",
                                "H": "75.8",
                                "P": "1005",
                                "S": "3",
                                "T": "8.6",
                                "V": "7000",
                                "W": "5",
                                "Pt": "F",
                                "Dp": "4.6",
                                "$": "60"
                            },
                            {
                                "D": "NE",
                                "G": "9",
                                "H": "75.4",
                                "P": "1004",
                                "S": "5",
                                "T": "9.0",
                                "V": "7000",
                                "W": "5",
                                "Pt": "F",
                                "Dp": "4.9",
                                "$": "120"
                            },
                            {
                                "D": "NE",
                                "G": "8",
                                "H": "75.4",
                                "P": "1004",
                                "S": "3",
                                "T": "8.8",
                                "V": "6000",
                                "W": "5",
                                "Pt": "F",
                                "Dp": "4.7",
                                "$": "180"
                            },
                            {
                                "D": "NE",
                                "G": "9",
                                "H": "74.3",
                                "P": "1003",
                                "S": "3",
                                "T": "8.5",
                                "V": "7000",
                                "W": "5",
                                "Pt": "F",
                                "Dp": "4.2",
                                "$": "240"
                            },
                            {
                                "D": "NE",
                                "G": "7",
                                "H": "75.9",
                                "P": "1003",
                                "S": "5",
                                "T": "8.0",
                                "V": "8000",
                                "W": "5",
                                "Pt": "F",
                                "Dp": "4.0",
                                "$": "300"
                            },
                            {
                                "D": "ENE",
                                "G": "14",
                                "H": "74.2",
                                "P": "1002",
                                "S": "7",
                                "T": "8.2",
                                "V": "8000",
                                "W": "5",
                                "Pt": "F",
                                "Dp": "3.9",
                                "$": "360"
                            },
                            {
                                "D": "ENE",
                                "G": "9",
                                "H": "77.9",
                                "P": "1003",
                                "S": "6",
                                "T": "7.6",
                                "V": "8000",
                                "W": "5",
                                "Pt": "F",
                                "Dp": "4.0",
                                "$": "420"
                            },
                            {
                                "D": "NE",
                                "G": "9",
                                "H": "71.9",
                                "P": "1003",
                                "S": "6",
                                "T": "9.8",
                                "V": "8000",
                                "W": "5",
                                "Pt": "R",
                                "Dp": "5.0",
                                "$": "480"
                            },
                            {
                                "D": "ENE",
                                "G": "13",
                                "H": "65.5",
                                "P": "1003",
                                "S": "8",
                                "T": "11.0",
                                "V": "10000",
                                "W": "1",
                                "Pt": "R",
                                "Dp": "4.8",
                                "$": "540"
                            },
                            {
                                "D": "ENE",
                                "G": "13",
                                "H": "57.8",
                                "P": "1003",
                                "S": "7",
                                "T": "12.9",
                                "V": "14000",
                                "W": "1",
                                "Pt": "S",
                                "Dp": "4.8",
                                "$": "600"
                            },
                            {
                                "D": "E",
                                "G": "15",
                                "H": "51.9",
                                "P": "1002",
                                "S": "8",
                                "T": "15.2",
                                "V": "21000",
                                "W": "1",
                                "Pt": "F",
                                "Dp": "5.4",
                                "$": "660"
                            },
                            {
                                "D": "E",
                                "G": "17",
                                "H": "47.2",
                                "P": "1002",
                                "S": "11",
                                "T": "16.8",
                                "V": "27000",
                                "W": "1",
                                "Pt": "F",
                                "Dp": "5.5",
                                "$": "720"
                            },
                            {
                                "D": "E",
                                "G": "19",
                                "H": "46.2",
                                "P": "1001",
                                "S": "13",
                                "T": "17.6",
                                "V": "27000",
                                "W": "1",
                                "Pt": "F",
                                "Dp": "5.9",
                                "$": "780"
                            },
                            {
                                "D": "E",
                                "G": "21",
                                "H": "45.3",
                                "P": "1001",
                                "S": "13",
                                "T": "17.9",
                                "V": "26000",
                                "W": "1",
                                "Pt": "F",
                                "Dp": "5.9",
                                "$": "840"
                            },
                            {
                                "D": "E",
                                "G": "21",
                                "H": "46.1",
                                "P": "1001",
                                "S": "11",
                                "T": "17.5",
                                "V": "24000",
                                "W": "1",
                                "Pt": "F",
                                "Dp": "5.8",
                                "$": "900"
                            },
                            {
                                "D": "E",
                                "G": "17",
                                "H": "45.4",
                                "P": "1001",
                                "S": "10",
                                "T": "17.0",
                                "V": "23000",
                                "W": "1",
                                "Pt": "F",
                                "Dp": "5.1",
                                "$": "960"
                            }
                        ]
                    }
                ]
            }
        }
    }
}