{
    "SiteRep": {
        "Wx": {
            "Param": [
                {
                    "name": "G",
                    "units": "mph",
                    "$": "Wind Gust"
                },
                {
                    "name": "T",
                    "units": "C",
                    "$": "Temperature"
                },
                {
                    "name": "V",
                    "units": "m",
                    "$": "Visibility"
                },
                {
                    "name": "D",
                    "units": "compass",
                    "$": "Wind Direction"
                },
                {
                    "name": "S",
                    "units": "mph",
                    "$": "Wind Speed"
                },
                {
                    "name": "W",
                    "units": "",
                    "$": "Weather Type"
                },
                {
                    "name": "P",
                    "units": "hpa",
                    "$": "Pressure"
                },
                {
                    "name": "Pt",
                    "units": "Pa/s",
                    "$": "Pressure Tendency"
                },
                {
                    "name": "Dp",
                    "units": "C",
                    "$": "Dew Point"
                },
                {
                    "name": "H",
                    "units": "%",
                    "$": "Screen Relative Humidity"
                }
            ]
        },
        "DV": {
            "dataDate": "2025-01-14T16:00:00Z",
            "type": "Obs",
            "Location": {
                "i": "3772",
                "lat": "51.479",
                "lon": "-0.449",
                "name": "HEATHROW",
                "country": "ENGLAND",
                "continent": "EUROPE",
                "elevation": "25.0",
                "Period": [
                    {
                        "type": "Day",
                        "value": "2025-01-13Z",
                        "Rep": [
                            {
                                "D": "SSW",
                                "G": "18",
                                "H": "72.7",
                                "P": "1038",
                                "S": "10",
                                "T": "5.7",
                                "V": "40000",
                                "W": "1",
                                "Pt": "F",
                                "Dp": "1.3",
                                "$": "960"
                            },
                            {
                                "D": "SW",
                                "G": "18",
                                "H": "74.1",
                                "P": "1038",
                                "S": "9",
                                "T": "5.0",
                                "V": "40000",
                                "W": "8",
                                "Pt": "F",
                                "Dp": "0.9",
                                "$": "1020"
                            },
                            {
                                "D": "SSW",
                                "G": "14",
                                "H": "75.9",
                                "P": "1038",
                                "S": "9",
                                "T": "4.9",
                                "V": "40000",
                                "W": "8",
                                "Pt": "S",
                                "Dp": "1.1",
                                "$": "1080"
                            },
                            {
                                "D": "S",
                                "G": "14",
                                "H": "76.5",
                                "P": "1038",
                                "S": "8",
                                "T": "4.7",
                                "V": "35000",
                                "W": "8",
                                "Pt": "F",
                                "Dp": "1.0",
                                "$": "1140"
                            },
                            {
                                "D": "SSW",
                                "G": "13",
                                "H": "78.6",
                                "P": "1037",
                                "S": "8",
                                "T": "4.4",
                                "V": "29000",
                                "W": "8",
                                "Pt": "F",
                                "Dp": "1.1",
                                "$": "1200"
                            },
                            {
                                "D": "SW",
                                "G": "14",
                                "H": "79.1",
                                "P": "1037",
                                "S": "8",
                                "T": "4.5",
                                "V": "30000",
                                "W": "8",
                                "Pt": "F",
                                "Dp": "1.3",
                                "$": "1260"
                            },
                            {
                                "D": "SW",
                                "G": "15",
                                "H": "80.9",
                                "P": "1037",
                                "S": "9",
                                "T": "3.8",
                                "V": "30000",
                                "W": "8",
                                "Pt": "F",
                                "Dp": "0.9",
                                "$": "1320"
                            },
                            {
                                "D": "SSW",
                                "G": "11",
                                "H": "83.9",
                                "P": "1037",
                                "S": "7",
                                "T": "3.3",
                                "V": "27000",
                                "W": "0",
                                "Pt": "F",
                                "Dp": "0.9",
                                "$": "1380"
                            }
                        ]
                    },
                    {
                        "type": "Day",
                        "value": "2025-01-14Z",
                        "Rep": [
                            {
                                "D": "SSW",
                                "G": "13",
                                "H": "87.1",
                                "P": "1036",
                                "S": "9",
                                "T": "2.7",
                                "V": "21000",
                                "W": "0",
                                "Pt": "F",
                                "Dp": "0.8",
                                "$": "0"
                            },
                            {
                                "D": "SSW",
                                "G": "13",
                                "H": "87.6",
                                "P": "1036",
                                "S": "9",
                                "T": "2.9",
                                "V": "20000",
                                "W": "0",
                                "Pt": "F",
                                "Dp": "1.1",
                                "$": "60"
                            },
                            {
                                "D": "SSW",
                                "G": "13",
                                "H": "87.0",
                                "P": "1036",
                                "S": "7",
                                "T": "3.2",
                                "V": "19000",
                                "W": "8",
                                "Pt": "F",
                                "Dp": "1.3",
                                "$": "120"
                            },
                            {
                                "D": "SSW",
                                "G": "13",
                                "H": "87.6",
                                "P": "1036",
                                "S": "5",
                                "T": "2.9",
                                "V": "15000",
                                "W": "8",
                                "Pt": "F",
                                "Dp": "1.1",
                                "$": "180"
                            },
                            {
                                "D": "SSW",
                                "G": "7",
                                "H": "90.2",
                                "P": "1035",
                                "S": "5",
                                "T": "2.6",
                                "V": "14000",
                                "W": "8",
                                "Pt": "F",
                                "Dp": "1.2",
                                "$": "240"
                            },
                            {
                                "D": "SSW",
                                "G": "8",
                                "H": "90.9",
                                "P": "1035",
                                "S": "3",
                                "T": "3.2",
                                "V": "12000",
                                "W": "2",
                                "Pt": "F",
                                "Dp": "1.9",
                                "$": "300"
                            },
                            {
                                "D": "S",
                                "G": "11",
                                "H": "90.5",
                                "P": "1034",
                                "S": "8",
                                "T": "3.7",
                                "V": "15000",
                                "W": "8",
                                "Pt": "F",
                                "Dp": "2.3",
                                "$": "360"
                            },
                            {
                                "D": "SSW",
                                "G": "11",
                                "H": "89.2",
                                "P": "1034",
                                "S": "7",
                                "T": "4.6",
                                "V": "20000",
                                "W": "8",
                                "Pt": "F",
                                "Dp": "3.0",
                                "$": "420"
                            },
                            {
                                "D": "W",
                                "G": "9",
                                "H": "90.3",
                                "P": "1034",
                                "S": "3",
                                "T": "3.6",
                                "V": "15000",
                                "W": "0",
                                "Pt": "F",
                                "Dp": "2.2",
                                "$": "480"
                            },
                            {
                                "D": "SW",
                                "G": "8",
                                "H": "91.1",
                                "P": "1035",
                                "S": "6",
                                "T": "4.9",
                                "V": "19000",
                                "W": "8",
                                "Pt": "R",
                                "Dp": "3.6",
                                "$": "540"
                            },
                            {
                                "D": "SSW",
                                "G": "10",
                                "H": "87.4",
                                "P": "1035",
                                "S": "7",
                                "T": "5.5",
                                "V": "20000",
                                "W": "8",
                                "Pt": "R",
                                "Dp": "3.6",
                                "$": "600"
                            },
                            {
                                "D": "SSW",
                                "G": "14",
                                "H": "86.1",
                                "P": "1035",
                                "S": "6",
                                "T": "6.4",
                                "V": "14000",
                                "W": "11",
                                "Pt": "R",
                                "Dp": "4.3",
                                "$": "660"
                            },
                            {
                                "D": "SSW",
                                "G": "10",
                                "H": "85.0",
                                "P": "1035",
                                "S": "5",
                                "T": "7.3",
                                "V": "20000",
                                "W": "8",
                                "Pt": "R",
                                "Dp": "5.0",
                                "$": "720"
                            },
                            {
                                "D": "SSW",
                                "G": "10",
                                "H": "81.7",
                                "P": "1034",
                                "S": "7",
                                "T": "8.9",
                                "V": "25000",
                                "W": "8",
                                "Pt": "F",
                                "Dp": "6.0",
                                "$": "780"
                            },
                            {
                                "D": "W",
                                "G": "14",
                                "H": "80.2",
                                "P": "1034",
                                "S": "7",
                                "T": "9.9",
                                "V": "35000",
                                "W": "8",
                                "Pt": "F",
                                "Dp": "6.7",
                                "$": "840"
                            },
                            {
                                "D": "W",
                                "G": "16",
                                "H": "78.4",
                                "P": "1034",
                                "S": "8",
                                "T": "9.8",
                                "V": "35000",
                                "W": "7",
                                "Pt": "F",
                                "Dp": "6.3",
                                "$": "900"
                            },
                            {
                                "D": "WSW",
                                "G": "11",
                                "H": "81.8",
                                "P": "1034",
                                "S": "8",
                                "T": "9.3",
                                "V": "30000",
                                "W": "8",
                                "Pt": "F",
                                "Dp": "6.4",
                                "$": "960"
                            }
                        ]
                    }
                ]
            }
        }
    }
}