{
    "SiteRep": {
        "Wx": {
            "Param": [
                {
                    "name": "G",
                    "units": "mph",
                    "$": "Wind Gust"
                },
                {
                    "name": "T",
                    "units": "C",
                    "$": "Temperature"
                },
                {
                    "name": "V",
                    "units": "m",
                    "$": "Visibility"
                },
                {
                    "name": "D",
                    "units": "compass",
                    "$": "Wind Direction"
                },
                {
                    "name": "S",
                    "units": "mph",
                    "$": "Wind Speed"
                },
                {
                    "name": "W",
                    "units": "",
                    "$": "Weather Type"
                },
                {
                    "name": "P",
                    "units": "hpa",
                    "$": "Pressure"
                },
                {
                    "name": "Pt",
                    "units": "Pa/s",
                    "$": "Pressure Tendency"
                },
                {
                    "name": "Dp",
                    "units": "C",
                    "$": "Dew Point"
                },
                {
                    "name": "H",
                    "units": "%",
                    "$": "Screen Relative Humidity"
                }
            ]
        },
        "DV": {
            "dataDate": "2024-10-11T16:00:00Z",
            "type": "Obs",
            "Location": {
                "i": "3772",
                "lat": "51.479",
                "lon": "-0.449",
                "name": "HEATHROW",
                "country": "ENGLAND",
                "continent": "EUROPE",
                "elevation": "25.0",
                "Period": [
                    {
                        "type": "Day",
                        "value": "2024-10-10Z",
                        "Rep": [
                            {
                                "D": "NW",
                                "G": "14",
                                "H": "51.7",
                                "P": "1009",
                                "S": "7",
                                "T": "12.5",
                                "V": "50000",
                                "W": "8",
                                "Pt": "R",
                                "Dp": "2.9",
                                "$": "960"
                            },
                            {
                                "D": "N",
                                "G": "16",
                                "H": "60.0",
                                "P": "1010",
                                "S": "7",
                                "T": "10.7",
                                "V": "55000",
                                "W": "7",
                                "Pt": "R",
                                "Dp": "3.3",
                                "$": "1020"
                            },
                            {
                                "D": "N",
                                "G": "11",
                                "H": "66.4",
                                "P": "1010",
                                "S": "3",
                                "T": "9.7",
                                "V": "50000",
                                "W": "7",
                                "Pt": "R",
                                "Dp": "3.8",
                                "$": "1080"
                            },
                            {
                                "D": "NW",
                                "G": "7",
                                "H": "73.7",
                                "P": "1011",
                                "S": "3",
                                "T": "8.8",
                                "V": "35000",
                                "W": "2",
                                "Pt": "R",
                                "Dp": "4.4",
                                "$": "1140"
                            },
                            {
                                "D": "NW",
                                "G": "6",
                                "H": "78.3",
                                "P": "1012",
                                "S": "5",
                                "T": "7.9",
                                "V": "30000",
                                "W": "2",
                                "Pt": "R",
                                "Dp": "4.4",
                                "$": "1200"
                            },
                            {
                                "D": "NNW",
                                "G": "6",
                                "H": "82.9",
                                "P": "1013",
                                "S": "5",
                                "T": "7.1",
                                "V": "35000",
                                "W": "0",
                                "Pt": "R",
                                "Dp": "4.4",
                                "$": "1260"
                            },
                            {
                                "D": "NNW",
                                "G": "7",
                                "H": "85.7",
                                "P": "1013",
                                "S": "3",
                                "T": "6.6",
                                "V": "24000",
                                "W": "0",
                                "Pt": "R",
                                "Dp": "4.4",
                                "$": "1320"
                            },
                            {
                                "D": "W",
                                "G": "6",
                                "H": "89.3",
                                "P": "1014",
                                "S": "3",
                                "T": "5.1",
                                "V": "22000",
                                "W": "2",
                                "Pt": "R",
                                "Dp": "3.5",
                                "$": "1380"
                            }
                        ]
                    },
                    {
                        "type": "Day",
                        "value": "2024-10-11Z",
                        "Rep": [
                            {
                                "D": "W",
                                "G": "10",
                                "H": "88.6",
                                "P": "1014",
                                "S": "3",
                                "T": "5.7",
                                "V": "35000",
                                "W": "8",
                                "Pt": "R",
                                "Dp": "4.0",
                                "$": "0"
                            },
                            {
                                "D": "NE",
                                "G": "5",
                                "H": "91.2",
                                "P": "1014",
                                "S": "1",
                                "T": "4.8",
                                "V": "30000",
                                "W": "2",
                                "Pt": "R",
                                "Dp": "3.5",
                                "$": "60"
                            },
                            {
                                "D": "NW",
                                "G": "5",
                                "H": "94.6",
                                "P": "1015",
                                "S": "2",
                                "T": "4.7",
                                "V": "28000",
                                "W": "2",
                                "Pt": "R",
                                "Dp": "3.9",
                                "$": "120"
                            },
                            {
                                "D": "NW",
                                "G": "6",
                                "H": "95.2",
                                "P": "1015",
                                "S": "2",
                                "T": "4.2",
                                "V": "26000",
                                "W": "0",
                                "Pt": "R",
                                "Dp": "3.5",
                                "$": "180"
                            },
                            {
                                "D": "NNW",
                                "G": "5",
                                "H": "95.2",
                                "P": "1015",
                                "S": "2",
                                "T": "3.5",
                                "V": "29000",
                                "W": "0",
                                "Pt": "R",
                                "Dp": "2.8",
                                "$": "240"
                            },
                            {
                                "D": "W",
                                "G": "3",
                                "H": "95.8",
                                "P": "1016",
                                "S": "1",
                                "T": "3.2",
                                "V": "25000",
                                "W": "0",
                                "Pt": "R",
                                "Dp": "2.6",
                                "$": "300"
                            },
                            {
                                "D": "WNW",
                                "G": "5",
                                "H": "94.4",
                                "P": "1016",
                                "S": "3",
                                "T": "3.6",
                                "V": "30000",
                                "W": "0",
                                "Pt": "R",
                                "Dp": "2.8",
                                "$": "360"
                            },
                            {
                                "D": "NW",
                                "G": "5",
                                "H": "93.8",
                                "P": "1017",
                                "S": "2",
                                "T": "3.3",
                                "V": "26000",
                                "W": "1",
                                "Pt": "R",
                                "Dp": "2.4",
                                "$": "420"
                            },
                            {
                                "D": "WNW",
                                "G": "5",
                                "H": "90.6",
                                "P": "1017",
                                "S": "2",
                                "T": "4.6",
                                "V": "30000",
                                "W": "1",
                                "Pt": "R",
                                "Dp": "3.2",
                                "$": "480"
                            },
                            {
                                "D": "N",
                                "G": "5",
                                "H": "79.4",
                                "P": "1017",
                                "S": "1",
                                "T": "7.4",
                                "V": "27000",
                                "W": "1",
                                "Pt": "R",
                                "Dp": "4.1",
                                "$": "540"
                            },
                            {
                                "D": "W",
                                "G": "6",
                                "H": "66.4",
                                "P": "1018",
                                "S": "3",
                                "T": "10.1",
                                "V": "29000",
                                "W": "1",
                                "Pt": "R",
                                "Dp": "4.2",
                                "$": "600"
                            },
                            {
                                "D": "N",
                                "G": "6",
                                "H": "55.6",
                                "P": "1018",
                                "S": "2",
                                "T": "11.7",
                                "V": "30000",
                                "W": "1",
                                "Pt": "R",
                                "Dp": "3.2",
                                "$": "660"
                            },
                            {
                                "D": "N",
                                "G": "8",
                                "H": "48.8",
                                "P": "1018",
                                "S": "2",
                                "T": "12.0",
                                "V": "25000",
                                "W": "1",
                                "Pt": "R",
                                "Dp": "1.7",
                                "$": "720"
                            },
                            {
                                "D": "SW",
                                "G": "11",
                                "H": "49.9",
                                "P": "1017",
                                "S": "5",
                                "T": "12.9",
                                "V": "45000",
                                "W": "1",
                                "Pt": "F",
                                "Dp": "2.8",
                                "$": "780"
                            },
                            {
                                "D": "S",
                                "G": "11",
                                "H": "49.3",
                                "P": "1017",
                                "S": "5",
                                "T": "13.3",
                                "V": "45000",
                                "W": "7",
                                "Pt": "F",
                                "Dp": "3.0",
                                "$": "840"
                            },
                            {
                                "D": "SW",
                                "G": "11",
                                "H": "47.6",
                                "P": "1017",
                                "S": "3",
                                "T": "12.5",
                                "V": "45000",
                                "W": "7",
                                "Pt": "F",
                                "Dp": "1.8",
                                "$": "900"
                            },
                            {
                                "D": "SSW",
                                "G": "9",
                                "H": "50.1",
                                "P": "1016",
                                "S": "5",
                                "T": "12.4",
                                "V": "50000",
                                "W": "3",
                                "Pt": "F",
                                "Dp": "2.4",
                                "$": "960"
                            }
                        ]
                    }
                ]
            }
        }
    }
}