{
    "SiteRep": {
        "Wx": {
            "Param": [
                {
                    "name": "G",
                    "units": "mph",
                    "$": "Wind Gust"
                },
                {
                    "name": "T",
                    "units": "C",
                    "$": "Temperature"
                },
                {
                    "name": "V",
                    "units": "m",
                    "$": "Visibility"
                },
                {
                    "name": "D",
                    "units": "compass",
                    "$": "Wind Direction"
                },
                {
                    "name": "S",
                    "units": "mph",
                    "$": "Wind Speed"
                },
                {
                    "name": "W",
                    "units": "",
                    "$": "Weather Type"
                },
                {
                    "name": "P",
                    "units": "hpa",
                    "$": "Pressure"
                },
                {
                    "name": "Pt",
                    "units": "Pa/s",
                    "$": "Pressure Tendency"
                },
                {
                    "name": "Dp",
                    "units": "C",
                    "$": "Dew Point"
                },
                {
                    "name": "H",
                    "units": "%",
                    "$": "Screen Relative Humidity"
                }
            ]
        },
        "DV": {
            "dataDate": "2025-01-31T16:00:00Z",
            "type": "Obs",
            "Location": {
                "i": "3772",
                "lat": "51.479",
                "lon": "-0.449",
                "name": "HEATHROW",
                "country": "ENGLAND",
                "continent": "EUROPE",
                "elevation": "25.0",
                "Period": [
                    {
                        "type": "Day",
                        "value": "2025-01-30Z",
                        "Rep": [
                            {
                                "D": "NW",
                                "G": "19",
                                "H": "61.9",
                                "P": "1023",
                                "S": "11",
                                "T": "7.4",
                                "V": "55000",
                                "W": "3",
                                "Pt": "R",
                                "Dp": "0.7",
                                "$": "960"
                            },
                            {
                                "D": "W",
                                "G": "15",
                                "H": "65.5",
                                "P": "1023",
                                "S": "5",
                                "T": "6.0",
                                "V": "55000",
                                "W": "0",
                                "Pt": "R",
                                "Dp": "0.1",
                                "$": "1020"
                            },
                            {
                                "D": "W",
                                "G": "9",
                                "H": "68.7",
                                "P": "1024",
                                "S": "6",
                                "T": "5.6",
                                "V": "50000",
                                "W": "7",
                                "Pt": "R",
                                "Dp": "0.4",
                                "$": "1080"
                            },
                            {
                                "D": "W",
                                "G": "13",
                                "H": "69.0",
                                "P": "1024",
                                "S": "7",
                                "T": "5.0",
                                "V": "50000",
                                "W": "2",
                                "Pt": "R",
                                "Dp": "-0.1",
                                "$": "1140"
                            },
                            {
                                "D": "W",
                                "G": "13",
                                "H": "73.2",
                                "P": "1025",
                                "S": "8",
                                "T": "4.3",
                                "V": "35000",
                                "W": "0",
                                "Pt": "R",
                                "Dp": "0.0",
                                "$": "1200"
                            },
                            {
                                "D": "SW",
                                "G": "15",
                                "H": "76.9",
                                "P": "1025",
                                "S": "5",
                                "T": "3.8",
                                "V": "30000",
                                "W": "0",
                                "Pt": "R",
                                "Dp": "0.2",
                                "$": "1260"
                            },
                            {
                                "D": "SSW",
                                "G": "9",
                                "H": "80.4",
                                "P": "1025",
                                "S": "7",
                                "T": "3.5",
                                "V": "30000",
                                "W": "7",
                                "Pt": "R",
                                "Dp": "0.5",
                                "$": "1320"
                            },
                            {
                                "D": "SW",
                                "G": "9",
                                "H": "83.5",
                                "P": "1025",
                                "S": "6",
                                "T": "3.1",
                                "V": "30000",
                                "W": "7",
                                "Pt": "R",
                                "Dp": "0.6",
                                "$": "1380"
                            }
                        ]
                    },
                    {
                        "type": "Day",
                        "value": "2025-01-31Z",
                        "Rep": [
                            {
                                "D": "SSW",
                                "G": "9",
                                "H": "89.6",
                                "P": "1025",
                                "S": "5",
                                "T": "2.5",
                                "V": "35000",
                                "W": "7",
                                "Pt": "S",
                                "Dp": "1.0",
                                "$": "0"
                            },
                            {
                                "D": "SSW",
                                "G": "7",
                                "H": "87.8",
                                "P": "1025",
                                "S": "5",
                                "T": "3.1",
                                "V": "35000",
                                "W": "8",
                                "Pt": "S",
                                "Dp": "1.3",
                                "$": "60"
                            },
                            {
                                "D": "S",
                                "G": "8",
                                "H": "87.2",
                                "P": "1024",
                                "S": "5",
                                "T": "3.1",
                                "V": "30000",
                                "W": "8",
                                "Pt": "F",
                                "Dp": "1.2",
                                "$": "120"
                            },
                            {
                                "D": "SSW",
                                "G": "9",
                                "H": "86.5",
                                "P": "1024",
                                "S": "6",
                                "T": "3.6",
                                "V": "13000",
                                "W": "12",
                                "Pt": "F",
                                "Dp": "1.6",
                                "$": "180"
                            },
                            {
                                "D": "SSW",
                                "G": "9",
                                "H": "90.4",
                                "P": "1024",
                                "S": "5",
                                "T": "3.6",
                                "V": "16000",
                                "W": "12",
                                "Pt": "F",
                                "Dp": "2.2",
                                "$": "240"
                            },
                            {
                                "D": "S",
                                "G": "14",
                                "H": "93.0",
                                "P": "1023",
                                "S": "7",
                                "T": "4.3",
                                "V": "45000",
                                "W": "12",
                                "Pt": "F",
                                "Dp": "3.3",
                                "$": "300"
                            },
                            {
                                "D": "S",
                                "G": "16",
                                "H": "93.2",
                                "P": "1022",
                                "S": "10",
                                "T": "4.9",
                                "V": "13000",
                                "W": "12",
                                "Pt": "F",
                                "Dp": "3.9",
                                "$": "360"
                            },
                            {
                                "D": "SSE",
                                "G": "16",
                                "H": "95.2",
                                "P": "1022",
                                "S": "9",
                                "T": "5.1",
                                "V": "15000",
                                "W": "12",
                                "Pt": "F",
                                "Dp": "4.4",
                                "$": "420"
                            },
                            {
                                "D": "S",
                                "G": "16",
                                "H": "93.8",
                                "P": "1022",
                                "S": "9",
                                "T": "5.3",
                                "V": "17000",
                                "W": "12",
                                "Pt": "F",
                                "Dp": "4.4",
                                "$": "480"
                            },
                            {
                                "D": "S",
                                "G": "13",
                                "H": "95.2",
                                "P": "1022",
                                "S": "5",
                                "T": "5.7",
                                "V": "6000",
                                "W": "12",
                                "Pt": "F",
                                "Dp": "5.0",
                                "$": "540"
                            },
                            {
                                "D": "S",
                                "G": "10",
                                "H": "95.8",
                                "P": "1022",
                                "S": "5",
                                "T": "6.3",
                                "V": "19000",
                                "W": "11",
                                "Pt": "R",
                                "Dp": "5.7",
                                "$": "600"
                            },
                            {
                                "D": "SSW",
                                "G": "8",
                                "H": "95.2",
                                "P": "1023",
                                "S": "3",
                                "T": "7.0",
                                "V": "40000",
                                "W": "8",
                                "Pt": "R",
                                "Dp": "6.3",
                                "$": "660"
                            },
                            {
                                "D": "W",
                                "G": "8",
                                "H": "95.2",
                                "P": "1023",
                                "S": "5",
                                "T": "7.1",
                                "V": "3700",
                                "W": "12",
                                "Pt": "R",
                                "Dp": "6.4",
                                "$": "720"
                            },
                            {
                                "D": "NW",
                                "G": "8",
                                "H": "94.0",
                                "P": "1023",
                                "S": "3",
                                "T": "7.8",
                                "V": "21000",
                                "W": "11",
                                "Pt": "R",
                                "Dp": "6.9",
                                "$": "780"
                            },
                            {
                                "D": "N",
                                "G": "9",
                                "H": "87.7",
                                "P": "1023",
                                "S": "5",
                                "T": "8.3",
                                "V": "26000",
                                "W": "8",
                                "Pt": "R",
                                "Dp": "6.4",
                                "$": "840"
                            },
                            {
                                "D": "NNW",
                                "G": "8",
                                "H": "81.7",
                                "P": "1024",
                                "S": "3",
                                "T": "8.8",
                                "V": "30000",
                                "W": "8",
                                "Pt": "R",
                                "Dp": "5.9",
                                "$": "900"
                            },
                            {
                                "D": "NNW",
                                "G": "7",
                                "H": "88.2",
                                "P": "1024",
                                "S": "1",
                                "T": "7.9",
                                "V": "27000",
                                "W": "8",
                                "Pt": "R",
                                "Dp": "6.1",
                                "$": "960"
                            }
                        ]
                    }
                ]
            }
        }
    }
}