{
    "SiteRep": {
        "Wx": {
            "Param": [
                {
                    "name": "G",
                    "units": "mph",
                    "$": "Wind Gust"
                },
                {
                    "name": "T",
                    "units": "C",
                    "$": "Temperature"
                },
                {
                    "name": "V",
                    "units": "m",
                    "$": "Visibility"
                },
                {
                    "name": "D",
                    "units": "compass",
                    "$": "Wind Direction"
                },
                {
                    "name": "S",
                    "units": "mph",
                    "$": "Wind Speed"
                },
                {
                    "name": "W",
                    "units": "",
                    "$": "Weather Type"
                },
                {
                    "name": "P",
                    "units": "hpa",
                    "$": "Pressure"
                },
                {
                    "name": "Pt",
                    "units": "Pa/s",
                    "$": "Pressure Tendency"
                },
                {
                    "name": "Dp",
                    "units": "C",
                    "$": "Dew Point"
                },
                {
                    "name": "H",
                    "units": "%",
                    "$": "Screen Relative Humidity"
                }
            ]
        },
        "DV": {
            "dataDate": "2024-03-22T16:00:00Z",
            "type": "Obs",
            "Location": {
                "i": "3772",
                "lat": "51.479",
                "lon": "-0.449",
                "name": "HEATHROW",
                "country": "ENGLAND",
                "continent": "EUROPE",
                "elevation": "25.0",
                "Period": [
                    {
                        "type": "Day",
                        "value": "2024-03-21Z",
                        "Rep": [
                            {
                                "D": "SW",
                                "G": "22",
                                "H": "65.3",
                                "P": "1023",
                                "S": "11",
                                "T": "15.8",
                                "V": "50000",
                                "W": "8",
                                "Pt": "F",
                                "Dp": "9.4",
                                "$": "960"
                            },
                            {
                                "D": "SW",
                                "G": "19",
                                "H": "64.9",
                                "P": "1023",
                                "S": "14",
                                "T": "15.4",
                                "V": "60000",
                                "W": "8",
                                "Pt": "F",
                                "Dp": "8.9",
                                "$": "1020"
                            },
                            {
                                "D": "SW",
                                "G": "19",
                                "H": "70.7",
                                "P": "1023",
                                "S": "11",
                                "T": "14.8",
                                "V": "60000",
                                "W": "8",
                                "Pt": "F",
                                "Dp": "9.6",
                                "$": "1080"
                            },
                            {
                                "D": "SW",
                                "G": "16",
                                "H": "79.2",
                                "P": "1023",
                                "S": "11",
                                "T": "14.0",
                                "V": "28000",
                                "W": "8",
                                "Pt": "F",
                                "Dp": "10.5",
                                "$": "1140"
                            },
                            {
                                "D": "SSW",
                                "G": "16",
                                "H": "84.0",
                                "P": "1023",
                                "S": "11",
                                "T": "12.4",
                                "V": "21000",
                                "W": "8",
                                "Pt": "S",
                                "Dp": "9.8",
                                "$": "1200"
                            },
                            {
                                "D": "SSW",
                                "G": "18",
                                "H": "86.8",
                                "P": "1022",
                                "S": "11",
                                "T": "11.5",
                                "V": "16000",
                                "W": "8",
                                "Pt": "F",
                                "Dp": "9.4",
                                "$": "1260"
                            },
                            {
                                "D": "SW",
                                "G": "18",
                                "H": "85.0",
                                "P": "1022",
                                "S": "13",
                                "T": "11.2",
                                "V": "18000",
                                "W": "8",
                                "Pt": "F",
                                "Dp": "8.8",
                                "$": "1320"
                            },
                            {
                                "D": "SW",
                                "G": "17",
                                "H": "87.3",
                                "P": "1022",
                                "S": "10",
                                "T": "10.7",
                                "V": "15000",
                                "W": "8",
                                "Pt": "F",
                                "Dp": "8.7",
                                "$": "1380"
                            }
                        ]
                    },
                    {
                        "type": "Day",
                        "value": "2024-03-22Z",
                        "Rep": [
                            {
                                "D": "SW",
                                "G": "16",
                                "H": "84.9",
                                "P": "1021",
                                "S": "9",
                                "T": "10.4",
                                "V": "19000",
                                "W": "8",
                                "Pt": "F",
                                "Dp": "8.0",
                                "$": "0"
                            },
                            {
                                "D": "SW",
                                "G": "18",
                                "H": "88.4",
                                "P": "1021",
                                "S": "11",
                                "T": "9.9",
                                "V": "12000",
                                "W": "7",
                                "Pt": "F",
                                "Dp": "8.1",
                                "$": "60"
                            },
                            {
                                "D": "SW",
                                "G": "16",
                                "H": "89.6",
                                "P": "1020",
                                "S": "9",
                                "T": "9.4",
                                "V": "9000",
                                "W": "8",
                                "Pt": "F",
                                "Dp": "7.8",
                                "$": "120"
                            },
                            {
                                "D": "SW",
                                "G": "15",
                                "H": "82.0",
                                "P": "1019",
                                "S": "11",
                                "T": "9.9",
                                "V": "18000",
                                "W": "8",
                                "Pt": "F",
                                "Dp": "7.0",
                                "$": "180"
                            },
                            {
                                "D": "SW",
                                "G": "16",
                                "H": "82.5",
                                "P": "1019",
                                "S": "9",
                                "T": "9.5",
                                "V": "19000",
                                "W": "7",
                                "Pt": "F",
                                "Dp": "6.7",
                                "$": "240"
                            },
                            {
                                "D": "SW",
                                "G": "15",
                                "H": "79.7",
                                "P": "1019",
                                "S": "11",
                                "T": "10.0",
                                "V": "24000",
                                "W": "8",
                                "Pt": "F",
                                "Dp": "6.7",
                                "$": "300"
                            },
                            {
                                "D": "SW",
                                "G": "14",
                                "H": "81.4",
                                "P": "1019",
                                "S": "9",
                                "T": "10.0",
                                "V": "27000",
                                "W": "8",
                                "Pt": "F",
                                "Dp": "7.0",
                                "$": "360"
                            },
                            {
                                "D": "SW",
                                "G": "15",
                                "H": "82.0",
                                "P": "1018",
                                "S": "10",
                                "T": "10.1",
                                "V": "28000",
                                "W": "8",
                                "Pt": "F",
                                "Dp": "7.2",
                                "$": "420"
                            },
                            {
                                "D": "WSW",
                                "G": "16",
                                "H": "85.5",
                                "P": "1018",
                                "S": "9",
                                "T": "10.5",
                                "V": "26000",
                                "W": "8",
                                "Pt": "F",
                                "Dp": "8.2",
                                "$": "480"
                            },
                            {
                                "D": "WSW",
                                "G": "15",
                                "H": "90.9",
                                "P": "1018",
                                "S": "8",
                                "T": "10.5",
                                "V": "10000",
                                "W": "11",
                                "Pt": "F",
                                "Dp": "9.1",
                                "$": "540"
                            },
                            {
                                "D": "WSW",
                                "G": "14",
                                "H": "92.8",
                                "P": "1018",
                                "S": "8",
                                "T": "10.5",
                                "V": "6000",
                                "W": "11",
                                "Pt": "F",
                                "Dp": "9.4",
                                "$": "600"
                            },
                            {
                                "D": "WNW",
                                "G": "13",
                                "H": "91.6",
                                "P": "1018",
                                "S": "6",
                                "T": "10.7",
                                "V": "23000",
                                "W": "12",
                                "Pt": "F",
                                "Dp": "9.4",
                                "$": "660"
                            },
                            {
                                "D": "W",
                                "G": "11",
                                "H": "84.3",
                                "P": "1018",
                                "S": "7",
                                "T": "10.4",
                                "V": "8000",
                                "W": "12",
                                "Pt": "F",
                                "Dp": "7.9",
                                "$": "720"
                            },
                            {
                                "D": "WSW",
                                "G": "14",
                                "H": "81.5",
                                "P": "1017",
                                "S": "9",
                                "T": "11.1",
                                "V": "27000",
                                "W": "8",
                                "Pt": "F",
                                "Dp": "8.1",
                                "$": "780"
                            },
                            {
                                "D": "NW",
                                "G": "14",
                                "H": "65.7",
                                "P": "1017",
                                "S": "9",
                                "T": "11.0",
                                "V": "23000",
                                "W": "8",
                                "Pt": "F",
                                "Dp": "4.9",
                                "$": "840"
                            },
                            {
                                "D": "WNW",
                                "G": "14",
                                "H": "60.8",
                                "P": "1016",
                                "S": "8",
                                "T": "11.2",
                                "V": "25000",
                                "W": "8",
                                "Pt": "F",
                                "Dp": "4.0",
                                "$": "900"
                            },
                            {
                                "D": "WNW",
                                "G": "17",
                                "H": "55.1",
                                "P": "1016",
                                "S": "10",
                                "T": "11.6",
                                "V": "29000",
                                "W": "8",
                                "Pt": "F",
                                "Dp": "3.0",
                                "$": "960"
                            }
                        ]
                    }
                ]
            }
        }
    }
}