{
    "SiteRep": {
        "Wx": {
            "Param": [
                {
                    "name": "G",
                    "units": "mph",
                    "$": "Wind Gust"
                },
                {
                    "name": "T",
                    "units": "C",
                    "$": "Temperature"
                },
                {
                    "name": "V",
                    "units": "m",
                    "$": "Visibility"
                },
                {
                    "name": "D",
                    "units": "compass",
                    "$": "Wind Direction"
                },
                {
                    "name": "S",
                    "units": "mph",
                    "$": "Wind Speed"
                },
                {
                    "name": "W",
                    "units": "",
                    "$": "Weather Type"
                },
                {
                    "name": "P",
                    "units": "hpa",
                    "$": "Pressure"
                },
                {
                    "name": "Pt",
                    "units": "Pa/s",
                    "$": "Pressure Tendency"
                },
                {
                    "name": "Dp",
                    "units": "C",
                    "$": "Dew Point"
                },
                {
                    "name": "H",
                    "units": "%",
                    "$": "Screen Relative Humidity"
                }
            ]
        },
        "DV": {
            "dataDate": "2024-09-23T16:00:00Z",
            "type": "Obs",
            "Location": {
                "i": "3772",
                "lat": "51.479",
                "lon": "-0.449",
                "name": "HEATHROW",
                "country": "ENGLAND",
                "continent": "EUROPE",
                "elevation": "25.0",
                "Period": [
                    {
                        "type": "Day",
                        "value": "2024-09-22Z",
                        "Rep": [
                            {
                                "D": "SSE",
                                "G": "16",
                                "H": "79.2",
                                "P": "1009",
                                "S": "8",
                                "T": "19.9",
                                "V": "35000",
                                "W": "8",
                                "Pt": "F",
                                "Dp": "16.2",
                                "$": "960"
                            },
                            {
                                "D": "SSE",
                                "G": "16",
                                "H": "83.8",
                                "P": "1009",
                                "S": "7",
                                "T": "19.1",
                                "V": "27000",
                                "W": "8",
                                "Pt": "F",
                                "Dp": "16.3",
                                "$": "1020"
                            },
                            {
                                "D": "SE",
                                "G": "13",
                                "H": "85.9",
                                "P": "1009",
                                "S": "7",
                                "T": "18.6",
                                "V": "21000",
                                "W": "8",
                                "Pt": "F",
                                "Dp": "16.2",
                                "$": "1080"
                            },
                            {
                                "D": "ESE",
                                "G": "10",
                                "H": "88.6",
                                "P": "1009",
                                "S": "5",
                                "T": "18.1",
                                "V": "18000",
                                "W": "8",
                                "Pt": "S",
                                "Dp": "16.2",
                                "$": "1140"
                            },
                            {
                                "D": "E",
                                "G": "11",
                                "H": "91.5",
                                "P": "1009",
                                "S": "3",
                                "T": "17.8",
                                "V": "13000",
                                "W": "7",
                                "Pt": "F",
                                "Dp": "16.4",
                                "$": "1200"
                            },
                            {
                                "D": "E",
                                "G": "7",
                                "H": "93.2",
                                "P": "1008",
                                "S": "3",
                                "T": "17.7",
                                "V": "12000",
                                "W": "12",
                                "Pt": "F",
                                "Dp": "16.6",
                                "$": "1260"
                            },
                            {
                                "D": "E",
                                "G": "8",
                                "H": "93.9",
                                "P": "1008",
                                "S": "6",
                                "T": "17.5",
                                "V": "8000",
                                "W": "8",
                                "Pt": "F",
                                "Dp": "16.5",
                                "$": "1320"
                            },
                            {
                                "D": "ENE",
                                "G": "7",
                                "H": "95.6",
                                "P": "1007",
                                "S": "3",
                                "T": "17.3",
                                "V": "6000",
                                "W": "12",
                                "Pt": "F",
                                "Dp": "16.6",
                                "$": "1380"
                            }
                        ]
                    },
                    {
                        "type": "Day",
                        "value": "2024-09-23Z",
                        "Rep": [
                            {
                                "D": "WSW",
                                "G": "15",
                                "H": "96.8",
                                "P": "1006",
                                "S": "10",
                                "T": "16.3",
                                "V": "22000",
                                "W": "12",
                                "Pt": "F",
                                "Dp": "15.8",
                                "$": "0"
                            },
                            {
                                "D": "WSW",
                                "G": "14",
                                "H": "97.5",
                                "P": "1006",
                                "S": "8",
                                "T": "16.2",
                                "V": "1900",
                                "W": "15",
                                "Pt": "F",
                                "Dp": "15.8",
                                "$": "60"
                            },
                            {
                                "D": "WSW",
                                "G": "14",
                                "H": "97.4",
                                "P": "1005",
                                "S": "7",
                                "T": "15.8",
                                "V": "1200",
                                "W": "15",
                                "Pt": "F",
                                "Dp": "15.4",
                                "$": "120"
                            },
                            {
                                "D": "WSW",
                                "G": "14",
                                "H": "97.4",
                                "P": "1004",
                                "S": "9",
                                "T": "15.6",
                                "V": "4300",
                                "W": "12",
                                "Pt": "F",
                                "Dp": "15.2",
                                "$": "180"
                            },
                            {
                                "D": "WSW",
                                "G": "15",
                                "H": "97.4",
                                "P": "1004",
                                "S": "10",
                                "T": "15.5",
                                "V": "6000",
                                "W": "12",
                                "Pt": "F",
                                "Dp": "15.1",
                                "$": "240"
                            },
                            {
                                "D": "SW",
                                "G": "14",
                                "H": "96.9",
                                "P": "1004",
                                "S": "9",
                                "T": "15.5",
                                "V": "12000",
                                "W": "12",
                                "Pt": "F",
                                "Dp": "15.0",
                                "$": "300"
                            },
                            {
                                "D": "SW",
                                "G": "14",
                                "H": "96.8",
                                "P": "1004",
                                "S": "9",
                                "T": "15.6",
                                "V": "4600",
                                "W": "12",
                                "Pt": "F",
                                "Dp": "15.1",
                                "$": "360"
                            },
                            {
                                "D": "SSW",
                                "G": "14",
                                "H": "96.9",
                                "P": "1003",
                                "S": "10",
                                "T": "15.7",
                                "V": "6000",
                                "W": "12",
                                "Pt": "F",
                                "Dp": "15.2",
                                "$": "420"
                            },
                            {
                                "D": "SSW",
                                "G": "17",
                                "H": "95.6",
                                "P": "1004",
                                "S": "10",
                                "T": "16.0",
                                "V": "14000",
                                "W": "12",
                                "Pt": "F",
                                "Dp": "15.3",
                                "$": "480"
                            },
                            {
                                "D": "SSW",
                                "G": "17",
                                "H": "93.8",
                                "P": "1004",
                                "S": "10",
                                "T": "16.5",
                                "V": "17000",
                                "W": "12",
                                "Pt": "F",
                                "Dp": "15.5",
                                "$": "540"
                            },
                            {
                                "D": "SSW",
                                "G": "21",
                                "H": "89.2",
                                "P": "1004",
                                "S": "11",
                                "T": "17.3",
                                "V": "55000",
                                "W": "12",
                                "Pt": "S",
                                "Dp": "15.5",
                                "$": "600"
                            },
                            {
                                "D": "SW",
                                "G": "24",
                                "H": "89.2",
                                "P": "1003",
                                "S": "13",
                                "T": "17.3",
                                "V": "35000",
                                "W": "12",
                                "Pt": "S",
                                "Dp": "15.5",
                                "$": "660"
                            },
                            {
                                "D": "SW",
                                "G": "21",
                                "H": "86.9",
                                "P": "1003",
                                "S": "15",
                                "T": "17.6",
                                "V": "30000",
                                "W": "12",
                                "Pt": "F",
                                "Dp": "15.4",
                                "$": "720"
                            },
                            {
                                "D": "SSW",
                                "G": "24",
                                "H": "82.0",
                                "P": "1003",
                                "S": "14",
                                "T": "17.7",
                                "V": "55000",
                                "W": "8",
                                "Pt": "F",
                                "Dp": "14.6",
                                "$": "780"
                            },
                            {
                                "D": "SW",
                                "G": "25",
                                "H": "77.4",
                                "P": "1003",
                                "S": "15",
                                "T": "17.6",
                                "V": "45000",
                                "W": "8",
                                "Pt": "F",
                                "Dp": "13.6",
                                "$": "840"
                            },
                            {
                                "D": "SW",
                                "G": "24",
                                "H": "76.4",
                                "P": "1003",
                                "S": "16",
                                "T": "17.7",
                                "V": "40000",
                                "W": "8",
                                "Pt": "F",
                                "Dp": "13.5",
                                "$": "900"
                            },
                            {
                                "D": "SW",
                                "G": "24",
                                "H": "74.9",
                                "P": "1002",
                                "S": "14",
                                "T": "17.5",
                                "V": "40000",
                                "W": "8",
                                "Pt": "F",
                                "Dp": "13.0",
                                "$": "960"
                            }
                        ]
                    }
                ]
            }
        }
    }
}