{
    "SiteRep": {
        "Wx": {
            "Param": [
                {
                    "name": "G",
                    "units": "mph",
                    "$": "Wind Gust"
                },
                {
                    "name": "T",
                    "units": "C",
                    "$": "Temperature"
                },
                {
                    "name": "V",
                    "units": "m",
                    "$": "Visibility"
                },
                {
                    "name": "D",
                    "units": "compass",
                    "$": "Wind Direction"
                },
                {
                    "name": "S",
                    "units": "mph",
                    "$": "Wind Speed"
                },
                {
                    "name": "W",
                    "units": "",
                    "$": "Weather Type"
                },
                {
                    "name": "P",
                    "units": "hpa",
                    "$": "Pressure"
                },
                {
                    "name": "Pt",
                    "units": "Pa/s",
                    "$": "Pressure Tendency"
                },
                {
                    "name": "Dp",
                    "units": "C",
                    "$": "Dew Point"
                },
                {
                    "name": "H",
                    "units": "%",
                    "$": "Screen Relative Humidity"
                }
            ]
        },
        "DV": {
            "dataDate": "2024-10-21T16:00:00Z",
            "type": "Obs",
            "Location": {
                "i": "3772",
                "lat": "51.479",
                "lon": "-0.449",
                "name": "HEATHROW",
                "country": "ENGLAND",
                "continent": "EUROPE",
                "elevation": "25.0",
                "Period": [
                    {
                        "type": "Day",
                        "value": "2024-10-20Z",
                        "Rep": [
                            {
                                "D": "SSW",
                                "G": "29",
                                "H": "77.6",
                                "P": "1008",
                                "S": "18",
                                "T": "16.5",
                                "V": "19000",
                                "W": "8",
                                "Pt": "R",
                                "Dp": "12.6",
                                "$": "960"
                            },
                            {
                                "D": "SSW",
                                "G": "29",
                                "H": "81.7",
                                "P": "1009",
                                "S": "17",
                                "T": "15.6",
                                "V": "15000",
                                "W": "7",
                                "Pt": "R",
                                "Dp": "12.5",
                                "$": "1020"
                            },
                            {
                                "D": "SW",
                                "G": "29",
                                "H": "80.6",
                                "P": "1010",
                                "S": "17",
                                "T": "15.2",
                                "V": "14000",
                                "W": "0",
                                "Pt": "R",
                                "Dp": "11.9",
                                "$": "1080"
                            },
                            {
                                "D": "SW",
                                "G": "26",
                                "H": "78.5",
                                "P": "1010",
                                "S": "18",
                                "T": "15.1",
                                "V": "13000",
                                "W": "0",
                                "Pt": "R",
                                "Dp": "11.4",
                                "$": "1140"
                            },
                            {
                                "D": "SW",
                                "G": "26",
                                "H": "80.5",
                                "P": "1011",
                                "S": "18",
                                "T": "14.8",
                                "V": "12000",
                                "W": "2",
                                "Pt": "R",
                                "Dp": "11.5",
                                "$": "1200"
                            },
                            {
                                "D": "SW",
                                "G": "31",
                                "H": "78.9",
                                "P": "1013",
                                "S": "15",
                                "T": "14.5",
                                "V": "12000",
                                "W": "2",
                                "Pt": "R",
                                "Dp": "10.9",
                                "$": "1260"
                            },
                            {
                                "D": "SSW",
                                "G": "22",
                                "H": "81.5",
                                "P": "1013",
                                "S": "10",
                                "T": "14.1",
                                "V": "11000",
                                "W": "8",
                                "Pt": "R",
                                "Dp": "11.0",
                                "$": "1320"
                            },
                            {
                                "D": "SSW",
                                "G": "21",
                                "H": "80.9",
                                "P": "1015",
                                "S": "10",
                                "T": "13.6",
                                "V": "12000",
                                "W": "2",
                                "Pt": "R",
                                "Dp": "10.4",
                                "$": "1380"
                            }
                        ]
                    },
                    {
                        "type": "Day",
                        "value": "2024-10-21Z",
                        "Rep": [
                            {
                                "D": "SSW",
                                "G": "18",
                                "H": "82.5",
                                "P": "1015",
                                "S": "13",
                                "T": "13.3",
                                "V": "12000",
                                "W": "0",
                                "Pt": "R",
                                "Dp": "10.4",
                                "$": "0"
                            },
                            {
                                "D": "SSW",
                                "G": "17",
                                "H": "81.8",
                                "P": "1016",
                                "S": "11",
                                "T": "12.7",
                                "V": "13000",
                                "W": "0",
                                "Pt": "R",
                                "Dp": "9.7",
                                "$": "60"
                            },
                            {
                                "D": "SSW",
                                "G": "17",
                                "H": "82.3",
                                "P": "1016",
                                "S": "11",
                                "T": "12.2",
                                "V": "13000",
                                "W": "0",
                                "Pt": "R",
                                "Dp": "9.3",
                                "$": "120"
                            },
                            {
                                "D": "SSW",
                                "G": "16",
                                "H": "85.7",
                                "P": "1017",
                                "S": "13",
                                "T": "12.0",
                                "V": "12000",
                                "W": "2",
                                "Pt": "R",
                                "Dp": "9.7",
                                "$": "180"
                            },
                            {
                                "D": "SSW",
                                "G": "17",
                                "H": "86.9",
                                "P": "1017",
                                "S": "9",
                                "T": "12.1",
                                "V": "11000",
                                "W": "8",
                                "Pt": "R",
                                "Dp": "10.0",
                                "$": "240"
                            },
                            {
                                "D": "SSW",
                                "G": "15",
                                "H": "86.9",
                                "P": "1018",
                                "S": "11",
                                "T": "12.1",
                                "V": "11000",
                                "W": "8",
                                "Pt": "R",
                                "Dp": "10.0",
                                "$": "300"
                            },
                            {
                                "D": "SSW",
                                "G": "15",
                                "H": "80.7",
                                "P": "1019",
                                "S": "10",
                                "T": "12.5",
                                "V": "13000",
                                "W": "8",
                                "Pt": "R",
                                "Dp": "9.3",
                                "$": "360"
                            },
                            {
                                "D": "SSW",
                                "G": "14",
                                "H": "80.7",
                                "P": "1019",
                                "S": "8",
                                "T": "12.6",
                                "V": "13000",
                                "W": "8",
                                "Pt": "R",
                                "Dp": "9.4",
                                "$": "420"
                            },
                            {
                                "D": "SSW",
                                "G": "15",
                                "H": "78.6",
                                "P": "1020",
                                "S": "10",
                                "T": "13.2",
                                "V": "13000",
                                "W": "8",
                                "Pt": "R",
                                "Dp": "9.6",
                                "$": "480"
                            },
                            {
                                "D": "SSW",
                                "G": "13",
                                "H": "80.7",
                                "P": "1020",
                                "S": "6",
                                "T": "13.1",
                                "V": "13000",
                                "W": "8",
                                "Pt": "R",
                                "Dp": "9.9",
                                "$": "540"
                            },
                            {
                                "D": "S",
                                "G": "13",
                                "H": "79.1",
                                "P": "1021",
                                "S": "7",
                                "T": "13.6",
                                "V": "13000",
                                "W": "8",
                                "Pt": "R",
                                "Dp": "10.1",
                                "$": "600"
                            },
                            {
                                "D": "SSW",
                                "G": "13",
                                "H": "78.7",
                                "P": "1021",
                                "S": "6",
                                "T": "14.0",
                                "V": "13000",
                                "W": "8",
                                "Pt": "R",
                                "Dp": "10.4",
                                "$": "660"
                            },
                            {
                                "D": "SSW",
                                "G": "10",
                                "H": "78.2",
                                "P": "1021",
                                "S": "6",
                                "T": "14.2",
                                "V": "14000",
                                "W": "7",
                                "Pt": "R",
                                "Dp": "10.5",
                                "$": "720"
                            },
                            {
                                "D": "SSW",
                                "G": "13",
                                "H": "78.2",
                                "P": "1022",
                                "S": "6",
                                "T": "14.3",
                                "V": "13000",
                                "W": "8",
                                "Pt": "R",
                                "Dp": "10.6",
                                "$": "780"
                            },
                            {
                                "D": "S",
                                "G": "10",
                                "H": "82.0",
                                "P": "1021",
                                "S": "7",
                                "T": "14.1",
                                "V": "13000",
                                "W": "8",
                                "Pt": "R",
                                "Dp": "11.1",
                                "$": "840"
                            },
                            {
                                "D": "S",
                                "G": "19",
                                "H": "82.0",
                                "P": "1021",
                                "S": "13",
                                "T": "14.0",
                                "V": "23000",
                                "W": "8",
                                "Pt": "R",
                                "Dp": "11.0",
                                "$": "900"
                            },
                            {
                                "D": "SSW",
                                "G": "19",
                                "H": "81.3",
                                "P": "1021",
                                "S": "9",
                                "T": "13.4",
                                "V": "27000",
                                "W": "8",
                                "Pt": "F",
                                "Dp": "10.3",
                                "$": "960"
                            }
                        ]
                    }
                ]
            }
        }
    }
}