{
    "SiteRep": {
        "Wx": {
            "Param": [
                {
                    "name": "G",
                    "units": "mph",
                    "$": "Wind Gust"
                },
                {
                    "name": "T",
                    "units": "C",
                    "$": "Temperature"
                },
                {
                    "name": "V",
                    "units": "m",
                    "$": "Visibility"
                },
                {
                    "name": "D",
                    "units": "compass",
                    "$": "Wind Direction"
                },
                {
                    "name": "S",
                    "units": "mph",
                    "$": "Wind Speed"
                },
                {
                    "name": "W",
                    "units": "",
                    "$": "Weather Type"
                },
                {
                    "name": "P",
                    "units": "hpa",
                    "$": "Pressure"
                },
                {
                    "name": "Pt",
                    "units": "Pa/s",
                    "$": "Pressure Tendency"
                },
                {
                    "name": "Dp",
                    "units": "C",
                    "$": "Dew Point"
                },
                {
                    "name": "H",
                    "units": "%",
                    "$": "Screen Relative Humidity"
                }
            ]
        },
        "DV": {
            "dataDate": "2023-10-05T16:00:00Z",
            "type": "Obs",
            "Location": {
                "i": "3772",
                "lat": "51.479",
                "lon": "-0.449",
                "name": "HEATHROW",
                "country": "ENGLAND",
                "continent": "EUROPE",
                "elevation": "25.0",
                "Period": [
                    {
                        "type": "Day",
                        "value": "2023-10-04Z",
                        "Rep": [
                            {
                                "D": "SW",
                                "G": "23",
                                "H": "57.0",
                                "P": "1024",
                                "S": "17",
                                "T": "17.6",
                                "V": "45000",
                                "W": "8",
                                "Pt": "F",
                                "Dp": "9.1",
                                "$": "960"
                            },
                            {
                                "D": "WSW",
                                "G": "26",
                                "H": "61.2",
                                "P": "1024",
                                "S": "16",
                                "T": "16.6",
                                "V": "40000",
                                "W": "3",
                                "Pt": "F",
                                "Dp": "9.2",
                                "$": "1020"
                            },
                            {
                                "D": "W",
                                "G": "21",
                                "H": "64.9",
                                "P": "1024",
                                "S": "11",
                                "T": "15.7",
                                "V": "40000",
                                "W": "8",
                                "Pt": "F",
                                "Dp": "9.2",
                                "$": "1080"
                            },
                            {
                                "D": "SW",
                                "G": "14",
                                "H": "68.5",
                                "P": "1025",
                                "S": "8",
                                "T": "15.5",
                                "V": "35000",
                                "W": "8",
                                "Pt": "R",
                                "Dp": "9.8",
                                "$": "1140"
                            },
                            {
                                "D": "W",
                                "G": "16",
                                "H": "71.7",
                                "P": "1025",
                                "S": "7",
                                "T": "15.0",
                                "V": "35000",
                                "W": "8",
                                "Pt": "R",
                                "Dp": "10.0",
                                "$": "1200"
                            },
                            {
                                "D": "SW",
                                "G": "17",
                                "H": "72.2",
                                "P": "1025",
                                "S": "11",
                                "T": "15.0",
                                "V": "35000",
                                "W": "8",
                                "Pt": "R",
                                "Dp": "10.1",
                                "$": "1260"
                            },
                            {
                                "D": "SW",
                                "G": "18",
                                "H": "76.1",
                                "P": "1025",
                                "S": "10",
                                "T": "14.5",
                                "V": "30000",
                                "W": "8",
                                "Pt": "F",
                                "Dp": "10.4",
                                "$": "1320"
                            },
                            {
                                "D": "SW",
                                "G": "16",
                                "H": "80.8",
                                "P": "1024",
                                "S": "9",
                                "T": "13.7",
                                "V": "30000",
                                "W": "8",
                                "Pt": "F",
                                "Dp": "10.5",
                                "$": "1380"
                            }
                        ]
                    },
                    {
                        "type": "Day",
                        "value": "2023-10-05Z",
                        "Rep": [
                            {
                                "D": "SW",
                                "G": "15",
                                "S": "10",
                                "$": "0"
                            },
                            {
                                "D": "SW",
                                "G": "17",
                                "H": "76.5",
                                "P": "1024",
                                "S": "9",
                                "T": "13.7",
                                "V": "35000",
                                "W": "8",
                                "Pt": "F",
                                "Dp": "9.7",
                                "$": "60"
                            },
                            {
                                "D": "SW",
                                "G": "13",
                                "H": "77.5",
                                "P": "1024",
                                "S": "7",
                                "T": "13.6",
                                "V": "35000",
                                "W": "8",
                                "Pt": "F",
                                "Dp": "9.8",
                                "$": "120"
                            },
                            {
                                "D": "WSW",
                                "G": "11",
                                "H": "79.6",
                                "P": "1024",
                                "S": "7",
                                "T": "13.3",
                                "V": "35000",
                                "W": "8",
                                "Pt": "F",
                                "Dp": "9.9",
                                "$": "180"
                            },
                            {
                                "D": "SW",
                                "G": "13",
                                "H": "79.1",
                                "P": "1024",
                                "S": "9",
                                "T": "13.6",
                                "V": "35000",
                                "W": "8",
                                "Pt": "F",
                                "Dp": "10.1",
                                "$": "240"
                            },
                            {
                                "D": "SW",
                                "G": "14",
                                "H": "79.6",
                                "P": "1023",
                                "S": "7",
                                "T": "13.4",
                                "V": "35000",
                                "W": "8",
                                "Pt": "F",
                                "Dp": "10.0",
                                "$": "300"
                            },
                            {
                                "D": "WSW",
                                "G": "14",
                                "H": "79.1",
                                "P": "1024",
                                "S": "8",
                                "T": "13.4",
                                "V": "35000",
                                "W": "8",
                                "Pt": "R",
                                "Dp": "9.9",
                                "$": "360"
                            },
                            {
                                "D": "WSW",
                                "G": "18",
                                "H": "77.6",
                                "P": "1024",
                                "S": "9",
                                "T": "13.7",
                                "V": "35000",
                                "W": "8",
                                "Pt": "R",
                                "Dp": "9.9",
                                "$": "420"
                            },
                            {
                                "D": "SSW",
                                "G": "15",
                                "H": "76.1",
                                "P": "1024",
                                "S": "8",
                                "T": "14.4",
                                "V": "30000",
                                "W": "8",
                                "Pt": "R",
                                "Dp": "10.3",
                                "$": "480"
                            },
                            {
                                "D": "SW",
                                "G": "14",
                                "H": "74.7",
                                "P": "1025",
                                "S": "9",
                                "T": "15.1",
                                "V": "30000",
                                "W": "8",
                                "Pt": "R",
                                "Dp": "10.7",
                                "$": "540"
                            },
                            {
                                "D": "WSW",
                                "G": "17",
                                "H": "65.1",
                                "P": "1025",
                                "S": "10",
                                "T": "17.1",
                                "V": "45000",
                                "W": "3",
                                "Pt": "R",
                                "Dp": "10.6",
                                "$": "600"
                            },
                            {
                                "D": "WSW",
                                "G": "18",
                                "H": "62.2",
                                "P": "1025",
                                "S": "10",
                                "T": "17.3",
                                "V": "40000",
                                "W": "3",
                                "Pt": "R",
                                "Dp": "10.1",
                                "$": "660"
                            },
                            {
                                "D": "SW",
                                "G": "18",
                                "H": "63.6",
                                "P": "1025",
                                "S": "9",
                                "T": "17.9",
                                "V": "40000",
                                "W": "7",
                                "Pt": "R",
                                "Dp": "11.0",
                                "$": "720"
                            },
                            {
                                "D": "SSW",
                                "G": "18",
                                "H": "58.6",
                                "P": "1024",
                                "S": "10",
                                "T": "19.2",
                                "V": "40000",
                                "W": "8",
                                "Pt": "F",
                                "Dp": "11.0",
                                "$": "780"
                            },
                            {
                                "D": "SSW",
                                "G": "21",
                                "H": "61.6",
                                "P": "1024",
                                "S": "13",
                                "T": "18.4",
                                "V": "40000",
                                "W": "8",
                                "Pt": "F",
                                "Dp": "11.0",
                                "$": "840"
                            },
                            {
                                "D": "SSW",
                                "G": "19",
                                "H": "65.4",
                                "P": "1024",
                                "S": "10",
                                "T": "18.1",
                                "V": "30000",
                                "W": "8",
                                "Pt": "F",
                                "Dp": "11.6",
                                "$": "900"
                            },
                            {
                                "D": "SSW",
                                "G": "21",
                                "H": "66.7",
                                "P": "1023",
                                "S": "11",
                                "T": "17.8",
                                "V": "35000",
                                "W": "8",
                                "Pt": "F",
                                "Dp": "11.6",
                                "$": "960"
                            }
                        ]
                    }
                ]
            }
        }
    }
}