{
    "SiteRep": {
        "Wx": {
            "Param": [
                {
                    "name": "G",
                    "units": "mph",
                    "$": "Wind Gust"
                },
                {
                    "name": "T",
                    "units": "C",
                    "$": "Temperature"
                },
                {
                    "name": "V",
                    "units": "m",
                    "$": "Visibility"
                },
                {
                    "name": "D",
                    "units": "compass",
                    "$": "Wind Direction"
                },
                {
                    "name": "S",
                    "units": "mph",
                    "$": "Wind Speed"
                },
                {
                    "name": "W",
                    "units": "",
                    "$": "Weather Type"
                },
                {
                    "name": "P",
                    "units": "hpa",
                    "$": "Pressure"
                },
                {
                    "name": "Pt",
                    "units": "Pa/s",
                    "$": "Pressure Tendency"
                },
                {
                    "name": "Dp",
                    "units": "C",
                    "$": "Dew Point"
                },
                {
                    "name": "H",
                    "units": "%",
                    "$": "Screen Relative Humidity"
                }
            ]
        },
        "DV": {
            "dataDate": "2025-11-04T16:00:00Z",
            "type": "Obs",
            "Location": {
                "i": "3772",
                "lat": "51.479",
                "lon": "-0.449",
                "name": "HEATHROW",
                "country": "ENGLAND",
                "continent": "EUROPE",
                "elevation": "25.0",
                "Period": [
                    {
                        "type": "Day",
                        "value": "2025-11-03Z",
                        "Rep": [
                            {
                                "D": "SW",
                                "G": "28",
                                "H": "80.5",
                                "P": "1012",
                                "S": "16",
                                "T": "15.1",
                                "V": "16000",
                                "W": "11",
                                "Pt": "R",
                                "Dp": "11.8",
                                "$": "960"
                            },
                            {
                                "D": "SW",
                                "G": "24",
                                "H": "82.1",
                                "P": "1012",
                                "S": "14",
                                "T": "14.9",
                                "V": "28000",
                                "W": "8",
                                "Pt": "R",
                                "Dp": "11.9",
                                "$": "1020"
                            },
                            {
                                "D": "SSW",
                                "G": "24",
                                "H": "81.6",
                                "P": "1012",
                                "S": "15",
                                "T": "14.7",
                                "V": "24000",
                                "W": "8",
                                "Pt": "R",
                                "Dp": "11.6",
                                "$": "1080"
                            },
                            {
                                "D": "SSW",
                                "G": "25",
                                "H": "81.1",
                                "P": "1013",
                                "S": "13",
                                "T": "15.0",
                                "V": "28000",
                                "W": "8",
                                "Pt": "R",
                                "Dp": "11.8",
                                "$": "1140"
                            },
                            {
                                "D": "SSW",
                                "G": "26",
                                "H": "81.1",
                                "P": "1013",
                                "S": "17",
                                "T": "14.7",
                                "V": "30000",
                                "W": "8",
                                "Pt": "R",
                                "Dp": "11.5",
                                "$": "1200"
                            },
                            {
                                "D": "SSW",
                                "G": "29",
                                "H": "79.0",
                                "P": "1013",
                                "S": "18",
                                "T": "15.0",
                                "V": "30000",
                                "W": "8",
                                "Pt": "R",
                                "Dp": "11.4",
                                "$": "1260"
                            },
                            {
                                "D": "SSW",
                                "G": "26",
                                "H": "78.4",
                                "P": "1013",
                                "S": "16",
                                "T": "15.1",
                                "V": "35000",
                                "W": "8",
                                "Pt": "S",
                                "Dp": "11.4",
                                "$": "1320"
                            },
                            {
                                "D": "SSW",
                                "G": "24",
                                "H": "79.9",
                                "P": "1013",
                                "S": "16",
                                "T": "14.5",
                                "V": "40000",
                                "W": "8",
                                "Pt": "R",
                                "Dp": "11.1",
                                "$": "1380"
                            }
                        ]
                    },
                    {
                        "type": "Day",
                        "value": "2025-11-04Z",
                        "Rep": [
                            {
                                "D": "SSW",
                                "G": "28",
                                "H": "80.0",
                                "P": "1013",
                                "S": "18",
                                "T": "14.8",
                                "V": "35000",
                                "W": "8",
                                "Pt": "F",
                                "Dp": "11.4",
                                "$": "0"
                            },
                            {
                                "D": "SSW",
                                "G": "28",
                                "H": "79.4",
                                "P": "1012",
                                "S": "17",
                                "T": "14.9",
                                "V": "35000",
                                "W": "8",
                                "Pt": "F",
                                "Dp": "11.4",
                                "$": "60"
                            },
                            {
                                "D": "SSW",
                                "G": "28",
                                "H": "81.0",
                                "P": "1013",
                                "S": "15",
                                "T": "14.6",
                                "V": "35000",
                                "W": "8",
                                "Pt": "F",
                                "Dp": "11.4",
                                "$": "120"
                            },
                            {
                                "D": "SSW",
                                "G": "23",
                                "H": "81.5",
                                "P": "1012",
                                "S": "13",
                                "T": "14.5",
                                "V": "30000",
                                "W": "8",
                                "Pt": "F",
                                "Dp": "11.4",
                                "$": "180"
                            },
                            {
                                "D": "SSW",
                                "G": "25",
                                "H": "84.8",
                                "P": "1012",
                                "S": "13",
                                "T": "14.1",
                                "V": "30000",
                                "W": "8",
                                "Pt": "F",
                                "Dp": "11.6",
                                "$": "240"
                            },
                            {
                                "D": "SSW",
                                "G": "23",
                                "H": "83.7",
                                "P": "1012",
                                "S": "15",
                                "T": "14.2",
                                "V": "30000",
                                "W": "8",
                                "Pt": "F",
                                "Dp": "11.5",
                                "$": "300"
                            },
                            {
                                "D": "S",
                                "G": "21",
                                "H": "81.5",
                                "P": "1012",
                                "S": "11",
                                "T": "14.3",
                                "V": "30000",
                                "W": "8",
                                "Pt": "F",
                                "Dp": "11.2",
                                "$": "360"
                            },
                            {
                                "D": "S",
                                "G": "19",
                                "H": "80.9",
                                "P": "1012",
                                "S": "9",
                                "T": "14.2",
                                "V": "30000",
                                "W": "8",
                                "Pt": "F",
                                "Dp": "11.0",
                                "$": "420"
                            },
                            {
                                "D": "S",
                                "G": "19",
                                "H": "82.1",
                                "P": "1012",
                                "S": "13",
                                "T": "14.0",
                                "V": "30000",
                                "W": "7",
                                "Pt": "S",
                                "Dp": "11.0",
                                "$": "480"
                            },
                            {
                                "D": "S",
                                "G": "18",
                                "H": "81.5",
                                "P": "1012",
                                "S": "9",
                                "T": "14.3",
                                "V": "30000",
                                "W": "8",
                                "Pt": "F",
                                "Dp": "11.2",
                                "$": "540"
                            },
                            {
                                "D": "S",
                                "G": "16",
                                "H": "80.5",
                                "P": "1012",
                                "S": "11",
                                "T": "14.6",
                                "V": "30000",
                                "W": "3",
                                "Pt": "F",
                                "Dp": "11.3",
                                "$": "600"
                            },
                            {
                                "D": "S",
                                "G": "25",
                                "H": "78.4",
                                "P": "1011",
                                "S": "15",
                                "T": "15.0",
                                "V": "30000",
                                "W": "8",
                                "Pt": "F",
                                "Dp": "11.3",
                                "$": "660"
                            },
                            {
                                "D": "S",
                                "G": "24",
                                "H": "76.9",
                                "P": "1010",
                                "S": "13",
                                "T": "15.4",
                                "V": "30000",
                                "W": "8",
                                "Pt": "F",
                                "Dp": "11.4",
                                "$": "720"
                            },
                            {
                                "D": "S",
                                "G": "23",
                                "H": "73.0",
                                "P": "1010",
                                "S": "15",
                                "T": "15.7",
                                "V": "35000",
                                "W": "8",
                                "Pt": "F",
                                "Dp": "10.9",
                                "$": "780"
                            },
                            {
                                "D": "S",
                                "G": "24",
                                "H": "71.1",
                                "P": "1010",
                                "S": "14",
                                "T": "16.0",
                                "V": "35000",
                                "W": "3",
                                "Pt": "F",
                                "Dp": "10.8",
                                "$": "840"
                            },
                            {
                                "D": "SSE",
                                "G": "21",
                                "H": "78.9",
                                "P": "1009",
                                "S": "13",
                                "T": "14.7",
                                "V": "30000",
                                "W": "7",
                                "Pt": "F",
                                "Dp": "11.1",
                                "$": "900"
                            },
                            {
                                "D": "SSE",
                                "G": "18",
                                "H": "75.3",
                                "P": "1009",
                                "S": "11",
                                "T": "14.8",
                                "V": "35000",
                                "W": "8",
                                "Pt": "F",
                                "Dp": "10.5",
                                "$": "960"
                            }
                        ]
                    }
                ]
            }
        }
    }
}