{
    "SiteRep": {
        "Wx": {
            "Param": [
                {
                    "name": "G",
                    "units": "mph",
                    "$": "Wind Gust"
                },
                {
                    "name": "T",
                    "units": "C",
                    "$": "Temperature"
                },
                {
                    "name": "V",
                    "units": "m",
                    "$": "Visibility"
                },
                {
                    "name": "D",
                    "units": "compass",
                    "$": "Wind Direction"
                },
                {
                    "name": "S",
                    "units": "mph",
                    "$": "Wind Speed"
                },
                {
                    "name": "W",
                    "units": "",
                    "$": "Weather Type"
                },
                {
                    "name": "P",
                    "units": "hpa",
                    "$": "Pressure"
                },
                {
                    "name": "Pt",
                    "units": "Pa/s",
                    "$": "Pressure Tendency"
                },
                {
                    "name": "Dp",
                    "units": "C",
                    "$": "Dew Point"
                },
                {
                    "name": "H",
                    "units": "%",
                    "$": "Screen Relative Humidity"
                }
            ]
        },
        "DV": {
            "dataDate": "2025-11-10T16:00:00Z",
            "type": "Obs",
            "Location": {
                "i": "3772",
                "lat": "51.479",
                "lon": "-0.449",
                "name": "HEATHROW",
                "country": "ENGLAND",
                "continent": "EUROPE",
                "elevation": "25.0",
                "Period": [
                    {
                        "type": "Day",
                        "value": "2025-11-09Z",
                        "Rep": [
                            {
                                "D": "S",
                                "G": "16",
                                "H": "77.6",
                                "P": "1013",
                                "S": "9",
                                "T": "13.5",
                                "V": "35000",
                                "W": "8",
                                "Pt": "F",
                                "Dp": "9.7",
                                "$": "960"
                            },
                            {
                                "D": "SSE",
                                "G": "17",
                                "H": "80.8",
                                "P": "1013",
                                "S": "9",
                                "T": "13.2",
                                "V": "27000",
                                "W": "8",
                                "Pt": "F",
                                "Dp": "10.0",
                                "$": "1020"
                            },
                            {
                                "D": "SSE",
                                "G": "17",
                                "H": "81.4",
                                "P": "1013",
                                "S": "9",
                                "T": "13.2",
                                "V": "30000",
                                "W": "8",
                                "Pt": "F",
                                "Dp": "10.1",
                                "$": "1080"
                            },
                            {
                                "D": "SSE",
                                "G": "17",
                                "H": "82.5",
                                "P": "1012",
                                "S": "11",
                                "T": "13.3",
                                "V": "29000",
                                "W": "8",
                                "Pt": "F",
                                "Dp": "10.4",
                                "$": "1140"
                            },
                            {
                                "D": "SSE",
                                "G": "18",
                                "H": "81.4",
                                "P": "1011",
                                "S": "11",
                                "T": "13.7",
                                "V": "29000",
                                "W": "8",
                                "Pt": "F",
                                "Dp": "10.6",
                                "$": "1200"
                            },
                            {
                                "D": "SSE",
                                "G": "19",
                                "H": "83.7",
                                "P": "1011",
                                "S": "11",
                                "T": "13.7",
                                "V": "28000",
                                "W": "12",
                                "Pt": "F",
                                "Dp": "11.0",
                                "$": "1260"
                            },
                            {
                                "D": "S",
                                "G": "21",
                                "H": "83.6",
                                "P": "1011",
                                "S": "13",
                                "T": "13.6",
                                "V": "28000",
                                "W": "8",
                                "Pt": "F",
                                "Dp": "10.9",
                                "$": "1320"
                            },
                            {
                                "D": "S",
                                "G": "23",
                                "H": "85.9",
                                "P": "1010",
                                "S": "15",
                                "T": "13.4",
                                "V": "26000",
                                "W": "8",
                                "Pt": "F",
                                "Dp": "11.1",
                                "$": "1380"
                            }
                        ]
                    },
                    {
                        "type": "Day",
                        "value": "2025-11-10Z",
                        "Rep": [
                            {
                                "D": "S",
                                "G": "28",
                                "H": "88.8",
                                "P": "1009",
                                "S": "13",
                                "T": "13.1",
                                "V": "15000",
                                "W": "12",
                                "Pt": "F",
                                "Dp": "11.3",
                                "$": "0"
                            },
                            {
                                "D": "S",
                                "G": "21",
                                "H": "90.5",
                                "P": "1009",
                                "S": "13",
                                "T": "12.8",
                                "V": "9000",
                                "W": "12",
                                "Pt": "F",
                                "Dp": "11.3",
                                "$": "60"
                            },
                            {
                                "D": "SSE",
                                "G": "23",
                                "H": "94.2",
                                "P": "1008",
                                "S": "11",
                                "T": "12.5",
                                "V": "14000",
                                "W": "12",
                                "Pt": "F",
                                "Dp": "11.6",
                                "$": "120"
                            },
                            {
                                "D": "S",
                                "G": "19",
                                "H": "93.0",
                                "P": "1007",
                                "S": "11",
                                "T": "13.0",
                                "V": "30000",
                                "W": "8",
                                "Pt": "F",
                                "Dp": "11.9",
                                "$": "180"
                            },
                            {
                                "D": "SSE",
                                "G": "22",
                                "H": "94.8",
                                "P": "1006",
                                "S": "14",
                                "T": "12.8",
                                "V": "10000",
                                "W": "12",
                                "Pt": "F",
                                "Dp": "12.0",
                                "$": "240"
                            },
                            {
                                "D": "S",
                                "G": "21",
                                "H": "93.0",
                                "P": "1006",
                                "S": "9",
                                "T": "13.1",
                                "V": "40000",
                                "W": "8",
                                "Pt": "F",
                                "Dp": "12.0",
                                "$": "300"
                            },
                            {
                                "D": "S",
                                "G": "16",
                                "H": "91.8",
                                "P": "1006",
                                "S": "10",
                                "T": "12.8",
                                "V": "30000",
                                "W": "7",
                                "Pt": "F",
                                "Dp": "11.5",
                                "$": "360"
                            },
                            {
                                "D": "S",
                                "G": "14",
                                "H": "91.8",
                                "P": "1006",
                                "S": "5",
                                "T": "12.8",
                                "V": "27000",
                                "W": "8",
                                "Pt": "F",
                                "Dp": "11.5",
                                "$": "420"
                            },
                            {
                                "D": "S",
                                "G": "13",
                                "H": "91.8",
                                "P": "1006",
                                "S": "8",
                                "T": "13.1",
                                "V": "26000",
                                "W": "8",
                                "Pt": "F",
                                "Dp": "11.8",
                                "$": "480"
                            },
                            {
                                "D": "SSE",
                                "G": "17",
                                "H": "87.7",
                                "P": "1005",
                                "S": "11",
                                "T": "13.5",
                                "V": "30000",
                                "W": "8",
                                "Pt": "F",
                                "Dp": "11.5",
                                "$": "540"
                            },
                            {
                                "D": "S",
                                "G": "16",
                                "H": "91.8",
                                "P": "1005",
                                "S": "9",
                                "T": "13.0",
                                "V": "3300",
                                "W": "12",
                                "Pt": "F",
                                "Dp": "11.7",
                                "$": "600"
                            },
                            {
                                "D": "SSE",
                                "G": "16",
                                "H": "94.9",
                                "P": "1004",
                                "S": "10",
                                "T": "13.5",
                                "V": "45000",
                                "W": "8",
                                "Pt": "F",
                                "Dp": "12.7",
                                "$": "660"
                            },
                            {
                                "D": "SSE",
                                "G": "18",
                                "H": "89.5",
                                "P": "1003",
                                "S": "11",
                                "T": "13.9",
                                "V": "27000",
                                "W": "11",
                                "Pt": "F",
                                "Dp": "12.2",
                                "$": "720"
                            },
                            {
                                "D": "SSW",
                                "G": "18",
                                "H": "90.1",
                                "P": "1002",
                                "S": "11",
                                "T": "13.5",
                                "V": "4100",
                                "W": "12",
                                "Pt": "F",
                                "Dp": "11.9",
                                "$": "780"
                            },
                            {
                                "D": "SSW",
                                "G": "22",
                                "H": "87.6",
                                "P": "1002",
                                "S": "11",
                                "T": "12.7",
                                "V": "50000",
                                "W": "8",
                                "Pt": "F",
                                "Dp": "10.7",
                                "$": "840"
                            },
                            {
                                "D": "S",
                                "G": "22",
                                "H": "89.3",
                                "P": "1002",
                                "S": "15",
                                "T": "11.9",
                                "V": "12000",
                                "W": "12",
                                "Pt": "F",
                                "Dp": "10.2",
                                "$": "900"
                            },
                            {
                                "D": "S",
                                "G": "21",
                                "H": "90.5",
                                "P": "1002",
                                "S": "10",
                                "T": "12.1",
                                "V": "30000",
                                "W": "8",
                                "Pt": "F",
                                "Dp": "10.6",
                                "$": "960"
                            }
                        ]
                    }
                ]
            }
        }
    }
}