{
    "SiteRep": {
        "Wx": {
            "Param": [
                {
                    "name": "G",
                    "units": "mph",
                    "$": "Wind Gust"
                },
                {
                    "name": "T",
                    "units": "C",
                    "$": "Temperature"
                },
                {
                    "name": "V",
                    "units": "m",
                    "$": "Visibility"
                },
                {
                    "name": "D",
                    "units": "compass",
                    "$": "Wind Direction"
                },
                {
                    "name": "S",
                    "units": "mph",
                    "$": "Wind Speed"
                },
                {
                    "name": "W",
                    "units": "",
                    "$": "Weather Type"
                },
                {
                    "name": "P",
                    "units": "hpa",
                    "$": "Pressure"
                },
                {
                    "name": "Pt",
                    "units": "Pa/s",
                    "$": "Pressure Tendency"
                },
                {
                    "name": "Dp",
                    "units": "C",
                    "$": "Dew Point"
                },
                {
                    "name": "H",
                    "units": "%",
                    "$": "Screen Relative Humidity"
                }
            ]
        },
        "DV": {
            "dataDate": "2024-11-30T16:00:00Z",
            "type": "Obs",
            "Location": {
                "i": "3772",
                "lat": "51.479",
                "lon": "-0.449",
                "name": "HEATHROW",
                "country": "ENGLAND",
                "continent": "EUROPE",
                "elevation": "25.0",
                "Period": [
                    {
                        "type": "Day",
                        "value": "2024-11-29Z",
                        "Rep": [
                            {
                                "D": "SE",
                                "G": "19",
                                "H": "65.0",
                                "P": "1024",
                                "S": "13",
                                "T": "8.5",
                                "V": "45000",
                                "W": "0",
                                "Pt": "F",
                                "Dp": "2.4",
                                "$": "960"
                            },
                            {
                                "D": "SE",
                                "G": "18",
                                "H": "73.0",
                                "P": "1024",
                                "S": "7",
                                "T": "6.3",
                                "V": "40000",
                                "W": "0",
                                "Pt": "F",
                                "Dp": "1.9",
                                "$": "1020"
                            },
                            {
                                "D": "SE",
                                "G": "14",
                                "H": "75.9",
                                "P": "1023",
                                "S": "10",
                                "T": "6.8",
                                "V": "35000",
                                "W": "0",
                                "Pt": "F",
                                "Dp": "2.9",
                                "$": "1080"
                            },
                            {
                                "D": "SE",
                                "G": "11",
                                "H": "76.4",
                                "P": "1023",
                                "S": "6",
                                "T": "7.1",
                                "V": "35000",
                                "W": "2",
                                "Pt": "F",
                                "Dp": "3.3",
                                "$": "1140"
                            },
                            {
                                "D": "SE",
                                "G": "17",
                                "H": "74.4",
                                "P": "1023",
                                "S": "9",
                                "T": "7.8",
                                "V": "40000",
                                "W": "8",
                                "Pt": "F",
                                "Dp": "3.6",
                                "$": "1200"
                            },
                            {
                                "D": "SE",
                                "G": "15",
                                "H": "73.0",
                                "P": "1023",
                                "S": "9",
                                "T": "8.6",
                                "V": "35000",
                                "W": "8",
                                "Pt": "F",
                                "Dp": "4.1",
                                "$": "1260"
                            },
                            {
                                "D": "SSE",
                                "G": "15",
                                "H": "74.1",
                                "P": "1023",
                                "S": "8",
                                "T": "8.5",
                                "V": "35000",
                                "W": "8",
                                "Pt": "F",
                                "Dp": "4.2",
                                "$": "1320"
                            },
                            {
                                "D": "ESE",
                                "G": "8",
                                "H": "84.0",
                                "P": "1023",
                                "S": "5",
                                "T": "7.4",
                                "V": "30000",
                                "W": "7",
                                "Pt": "F",
                                "Dp": "4.9",
                                "$": "1380"
                            }
                        ]
                    },
                    {
                        "type": "Day",
                        "value": "2024-11-30Z",
                        "Rep": [
                            {
                                "D": "ENE",
                                "G": "6",
                                "H": "80.1",
                                "P": "1023",
                                "S": "2",
                                "T": "8.4",
                                "V": "30000",
                                "W": "8",
                                "Pt": "R",
                                "Dp": "5.2",
                                "$": "0"
                            },
                            {
                                "D": "E",
                                "G": "6",
                                "H": "82.4",
                                "P": "1023",
                                "S": "3",
                                "T": "8.6",
                                "V": "30000",
                                "W": "8",
                                "Pt": "R",
                                "Dp": "5.8",
                                "$": "60"
                            },
                            {
                                "D": "SSE",
                                "G": "9",
                                "H": "87.1",
                                "P": "1023",
                                "S": "7",
                                "T": "8.7",
                                "V": "30000",
                                "W": "8",
                                "Pt": "R",
                                "Dp": "6.7",
                                "$": "120"
                            },
                            {
                                "D": "SSE",
                                "G": "11",
                                "H": "89.6",
                                "P": "1023",
                                "S": "9",
                                "T": "9.5",
                                "V": "12000",
                                "W": "8",
                                "Pt": "F",
                                "Dp": "7.9",
                                "$": "180"
                            },
                            {
                                "D": "SSE",
                                "G": "10",
                                "H": "94.6",
                                "P": "1023",
                                "S": "6",
                                "T": "9.6",
                                "V": "15000",
                                "W": "8",
                                "Pt": "F",
                                "Dp": "8.8",
                                "$": "240"
                            },
                            {
                                "D": "SSE",
                                "G": "10",
                                "H": "95.3",
                                "P": "1023",
                                "S": "7",
                                "T": "9.9",
                                "V": "7000",
                                "W": "5",
                                "Pt": "F",
                                "Dp": "9.2",
                                "$": "300"
                            },
                            {
                                "D": "SSE",
                                "G": "11",
                                "H": "96.0",
                                "P": "1023",
                                "S": "7",
                                "T": "10.4",
                                "V": "12000",
                                "W": "8",
                                "Pt": "F",
                                "Dp": "9.8",
                                "$": "360"
                            },
                            {
                                "D": "S",
                                "G": "11",
                                "H": "96.8",
                                "P": "1023",
                                "S": "7",
                                "T": "11.3",
                                "V": "6000",
                                "W": "5",
                                "Pt": "R",
                                "Dp": "10.8",
                                "$": "420"
                            },
                            {
                                "D": "S",
                                "G": "14",
                                "H": "96.1",
                                "P": "1023",
                                "S": "9",
                                "T": "11.7",
                                "V": "8000",
                                "W": "5",
                                "Pt": "R",
                                "Dp": "11.1",
                                "$": "480"
                            },
                            {
                                "D": "S",
                                "G": "15",
                                "H": "94.8",
                                "P": "1024",
                                "S": "7",
                                "T": "12.1",
                                "V": "8000",
                                "W": "5",
                                "Pt": "R",
                                "Dp": "11.3",
                                "$": "540"
                            },
                            {
                                "D": "S",
                                "G": "15",
                                "H": "93.6",
                                "P": "1024",
                                "S": "9",
                                "T": "12.6",
                                "V": "12000",
                                "W": "8",
                                "Pt": "R",
                                "Dp": "11.6",
                                "$": "600"
                            },
                            {
                                "D": "S",
                                "G": "14",
                                "H": "92.4",
                                "P": "1024",
                                "S": "8",
                                "T": "13.2",
                                "V": "13000",
                                "W": "8",
                                "Pt": "R",
                                "Dp": "12.0",
                                "$": "660"
                            },
                            {
                                "D": "SSW",
                                "G": "15",
                                "H": "91.1",
                                "P": "1023",
                                "S": "10",
                                "T": "13.4",
                                "V": "13000",
                                "W": "8",
                                "Pt": "F",
                                "Dp": "12.0",
                                "$": "720"
                            },
                            {
                                "D": "S",
                                "G": "14",
                                "H": "90.0",
                                "P": "1023",
                                "S": "8",
                                "T": "13.7",
                                "V": "19000",
                                "W": "8",
                                "Pt": "F",
                                "Dp": "12.1",
                                "$": "780"
                            },
                            {
                                "D": "S",
                                "G": "13",
                                "H": "84.8",
                                "P": "1022",
                                "S": "9",
                                "T": "14.6",
                                "V": "21000",
                                "W": "1",
                                "Pt": "F",
                                "Dp": "12.1",
                                "$": "840"
                            },
                            {
                                "D": "S",
                                "G": "16",
                                "H": "85.8",
                                "P": "1022",
                                "S": "9",
                                "T": "13.9",
                                "V": "23000",
                                "W": "8",
                                "Pt": "F",
                                "Dp": "11.6",
                                "$": "900"
                            },
                            {
                                "D": "S",
                                "G": "15",
                                "H": "87.0",
                                "P": "1022",
                                "S": "9",
                                "T": "13.5",
                                "V": "24000",
                                "W": "8",
                                "Pt": "F",
                                "Dp": "11.4",
                                "$": "960"
                            }
                        ]
                    }
                ]
            }
        }
    }
}