{
    "SiteRep": {
        "Wx": {
            "Param": [
                {
                    "name": "G",
                    "units": "mph",
                    "$": "Wind Gust"
                },
                {
                    "name": "T",
                    "units": "C",
                    "$": "Temperature"
                },
                {
                    "name": "V",
                    "units": "m",
                    "$": "Visibility"
                },
                {
                    "name": "D",
                    "units": "compass",
                    "$": "Wind Direction"
                },
                {
                    "name": "S",
                    "units": "mph",
                    "$": "Wind Speed"
                },
                {
                    "name": "W",
                    "units": "",
                    "$": "Weather Type"
                },
                {
                    "name": "P",
                    "units": "hpa",
                    "$": "Pressure"
                },
                {
                    "name": "Pt",
                    "units": "Pa/s",
                    "$": "Pressure Tendency"
                },
                {
                    "name": "Dp",
                    "units": "C",
                    "$": "Dew Point"
                },
                {
                    "name": "H",
                    "units": "%",
                    "$": "Screen Relative Humidity"
                }
            ]
        },
        "DV": {
            "dataDate": "2025-12-16T16:00:00Z",
            "type": "Obs",
            "Location": {
                "i": "3772",
                "lat": "51.479",
                "lon": "-0.449",
                "name": "HEATHROW",
                "country": "ENGLAND",
                "continent": "EUROPE",
                "elevation": "25.0",
                "Period": [
                    {
                        "type": "Day",
                        "value": "2025-12-15Z",
                        "Rep": [
                            {
                                "D": "S",
                                "G": "21",
                                "H": "85.1",
                                "P": "1004",
                                "S": "11",
                                "T": "11.0",
                                "V": "14000",
                                "W": "11",
                                "Pt": "F",
                                "Dp": "8.6",
                                "$": "960"
                            },
                            {
                                "D": "S",
                                "G": "22",
                                "H": "86.3",
                                "P": "1005",
                                "S": "11",
                                "T": "11.2",
                                "V": "21000",
                                "W": "8",
                                "Pt": "S",
                                "Dp": "9.0",
                                "$": "1020"
                            },
                            {
                                "D": "SSE",
                                "G": "19",
                                "H": "86.8",
                                "P": "1005",
                                "S": "11",
                                "T": "11.1",
                                "V": "18000",
                                "W": "8",
                                "Pt": "S",
                                "Dp": "9.0",
                                "$": "1080"
                            },
                            {
                                "D": "S",
                                "G": "19",
                                "H": "85.2",
                                "P": "1005",
                                "S": "11",
                                "T": "11.3",
                                "V": "22000",
                                "W": "8",
                                "Pt": "R",
                                "Dp": "8.9",
                                "$": "1140"
                            },
                            {
                                "D": "SSE",
                                "G": "18",
                                "H": "85.8",
                                "P": "1005",
                                "S": "9",
                                "T": "11.4",
                                "V": "21000",
                                "W": "8",
                                "Pt": "R",
                                "Dp": "9.1",
                                "$": "1200"
                            },
                            {
                                "D": "SSE",
                                "G": "15",
                                "H": "84.6",
                                "P": "1005",
                                "S": "9",
                                "T": "11.3",
                                "V": "21000",
                                "W": "8",
                                "Pt": "R",
                                "Dp": "8.8",
                                "$": "1260"
                            },
                            {
                                "D": "SSE",
                                "G": "15",
                                "H": "84.0",
                                "P": "1005",
                                "S": "9",
                                "T": "11.5",
                                "V": "24000",
                                "W": "8",
                                "Pt": "S",
                                "Dp": "8.9",
                                "$": "1320"
                            },
                            {
                                "D": "SE",
                                "G": "14",
                                "H": "83.4",
                                "P": "1005",
                                "S": "8",
                                "T": "11.3",
                                "V": "27000",
                                "W": "8",
                                "Pt": "S",
                                "Dp": "8.6",
                                "$": "1380"
                            }
                        ]
                    },
                    {
                        "type": "Day",
                        "value": "2025-12-16Z",
                        "Rep": [
                            {
                                "D": "SE",
                                "G": "10",
                                "H": "86.3",
                                "P": "1005",
                                "S": "6",
                                "T": "10.8",
                                "V": "21000",
                                "W": "11",
                                "Pt": "F",
                                "Dp": "8.6",
                                "$": "0"
                            },
                            {
                                "D": "SE",
                                "G": "9",
                                "H": "89.2",
                                "P": "1004",
                                "S": "6",
                                "T": "10.8",
                                "V": "26000",
                                "W": "11",
                                "Pt": "F",
                                "Dp": "9.1",
                                "$": "60"
                            },
                            {
                                "D": "SE",
                                "G": "9",
                                "H": "90.4",
                                "P": "1004",
                                "S": "7",
                                "T": "10.9",
                                "V": "22000",
                                "W": "8",
                                "Pt": "F",
                                "Dp": "9.4",
                                "$": "120"
                            },
                            {
                                "D": "SE",
                                "G": "10",
                                "H": "89.8",
                                "P": "1004",
                                "S": "7",
                                "T": "11.1",
                                "V": "23000",
                                "W": "8",
                                "Pt": "F",
                                "Dp": "9.5",
                                "$": "180"
                            },
                            {
                                "D": "SE",
                                "G": "10",
                                "H": "91.6",
                                "P": "1004",
                                "S": "8",
                                "T": "10.9",
                                "V": "23000",
                                "W": "8",
                                "Pt": "S",
                                "Dp": "9.6",
                                "$": "240"
                            },
                            {
                                "D": "SE",
                                "G": "11",
                                "H": "89.2",
                                "P": "1004",
                                "S": "8",
                                "T": "11.1",
                                "V": "27000",
                                "W": "8",
                                "Pt": "R",
                                "Dp": "9.4",
                                "$": "300"
                            },
                            {
                                "D": "SE",
                                "G": "15",
                                "H": "89.3",
                                "P": "1005",
                                "S": "8",
                                "T": "10.9",
                                "V": "25000",
                                "W": "8",
                                "Pt": "R",
                                "Dp": "9.2",
                                "$": "360"
                            },
                            {
                                "D": "SE",
                                "G": "14",
                                "H": "89.2",
                                "P": "1005",
                                "S": "9",
                                "T": "11.1",
                                "V": "23000",
                                "W": "8",
                                "Pt": "R",
                                "Dp": "9.4",
                                "$": "420"
                            },
                            {
                                "D": "SE",
                                "G": "15",
                                "H": "89.8",
                                "P": "1006",
                                "S": "8",
                                "T": "11.0",
                                "V": "23000",
                                "W": "8",
                                "Pt": "R",
                                "Dp": "9.4",
                                "$": "480"
                            },
                            {
                                "D": "SE",
                                "G": "14",
                                "H": "89.3",
                                "P": "1007",
                                "S": "8",
                                "T": "11.2",
                                "V": "22000",
                                "W": "8",
                                "Pt": "R",
                                "Dp": "9.5",
                                "$": "540"
                            },
                            {
                                "D": "SE",
                                "G": "13",
                                "H": "90.4",
                                "P": "1007",
                                "S": "6",
                                "T": "11.3",
                                "V": "21000",
                                "W": "12",
                                "Pt": "R",
                                "Dp": "9.8",
                                "$": "600"
                            },
                            {
                                "D": "S",
                                "G": "10",
                                "H": "88.1",
                                "P": "1008",
                                "S": "6",
                                "T": "11.8",
                                "V": "12000",
                                "W": "12",
                                "Pt": "R",
                                "Dp": "9.9",
                                "$": "660"
                            },
                            {
                                "D": "WSW",
                                "G": "11",
                                "H": "90.5",
                                "P": "1008",
                                "S": "6",
                                "T": "11.6",
                                "V": "20000",
                                "W": "8",
                                "Pt": "R",
                                "Dp": "10.1",
                                "$": "720"
                            },
                            {
                                "D": "N",
                                "G": "14",
                                "H": "89.1",
                                "P": "1009",
                                "S": "8",
                                "T": "9.9",
                                "V": "40000",
                                "W": "8",
                                "Pt": "R",
                                "Dp": "8.2",
                                "$": "780"
                            },
                            {
                                "D": "N",
                                "G": "15",
                                "H": "90.3",
                                "P": "1010",
                                "S": "6",
                                "T": "9.4",
                                "V": "11000",
                                "W": "12",
                                "Pt": "R",
                                "Dp": "7.9",
                                "$": "840"
                            },
                            {
                                "D": "NNW",
                                "G": "15",
                                "H": "90.3",
                                "P": "1011",
                                "S": "8",
                                "T": "8.8",
                                "V": "18000",
                                "W": "8",
                                "Pt": "R",
                                "Dp": "7.3",
                                "$": "900"
                            },
                            {
                                "D": "N",
                                "G": "16",
                                "H": "89.6",
                                "P": "1011",
                                "S": "8",
                                "T": "8.3",
                                "V": "25000",
                                "W": "8",
                                "Pt": "R",
                                "Dp": "6.7",
                                "$": "960"
                            }
                        ]
                    }
                ]
            }
        }
    }
}