{
    "SiteRep": {
        "Wx": {
            "Param": [
                {
                    "name": "G",
                    "units": "mph",
                    "$": "Wind Gust"
                },
                {
                    "name": "T",
                    "units": "C",
                    "$": "Temperature"
                },
                {
                    "name": "V",
                    "units": "m",
                    "$": "Visibility"
                },
                {
                    "name": "D",
                    "units": "compass",
                    "$": "Wind Direction"
                },
                {
                    "name": "S",
                    "units": "mph",
                    "$": "Wind Speed"
                },
                {
                    "name": "W",
                    "units": "",
                    "$": "Weather Type"
                },
                {
                    "name": "P",
                    "units": "hpa",
                    "$": "Pressure"
                },
                {
                    "name": "Pt",
                    "units": "Pa/s",
                    "$": "Pressure Tendency"
                },
                {
                    "name": "Dp",
                    "units": "C",
                    "$": "Dew Point"
                },
                {
                    "name": "H",
                    "units": "%",
                    "$": "Screen Relative Humidity"
                }
            ]
        },
        "DV": {
            "dataDate": "2023-10-27T16:00:00Z",
            "type": "Obs",
            "Location": {
                "i": "3772",
                "lat": "51.479",
                "lon": "-0.449",
                "name": "HEATHROW",
                "country": "ENGLAND",
                "continent": "EUROPE",
                "elevation": "25.0",
                "Period": [
                    {
                        "type": "Day",
                        "value": "2023-10-26Z",
                        "Rep": [
                            {
                                "D": "S",
                                "G": "15",
                                "H": "70.2",
                                "P": "990",
                                "S": "8",
                                "T": "15.1",
                                "V": "27000",
                                "W": "1",
                                "Pt": "F",
                                "Dp": "9.7",
                                "$": "960"
                            },
                            {
                                "D": "SSE",
                                "G": "15",
                                "H": "79.5",
                                "P": "989",
                                "S": "7",
                                "T": "13.9",
                                "V": "30000",
                                "W": "0",
                                "Pt": "F",
                                "Dp": "10.4",
                                "$": "1020"
                            },
                            {
                                "D": "S",
                                "G": "13",
                                "H": "84.9",
                                "P": "990",
                                "S": "6",
                                "T": "13.0",
                                "V": "30000",
                                "W": "2",
                                "Pt": "R",
                                "Dp": "10.5",
                                "$": "1080"
                            },
                            {
                                "D": "S",
                                "G": "11",
                                "H": "87.1",
                                "P": "990",
                                "S": "7",
                                "T": "12.4",
                                "V": "30000",
                                "W": "0",
                                "Pt": "S",
                                "Dp": "10.3",
                                "$": "1140"
                            },
                            {
                                "D": "S",
                                "G": "13",
                                "H": "90.6",
                                "P": "990",
                                "S": "5",
                                "T": "11.7",
                                "V": "25000",
                                "W": "0",
                                "Pt": "R",
                                "Dp": "10.2",
                                "$": "1200"
                            },
                            {
                                "D": "S",
                                "G": "10",
                                "H": "92.3",
                                "P": "990",
                                "S": "5",
                                "T": "10.9",
                                "V": "20000",
                                "W": "0",
                                "Pt": "F",
                                "Dp": "9.7",
                                "$": "1260"
                            },
                            {
                                "D": "S",
                                "G": "9",
                                "H": "93.5",
                                "P": "990",
                                "S": "3",
                                "T": "10.3",
                                "V": "19000",
                                "W": "0",
                                "Pt": "S",
                                "Dp": "9.3",
                                "$": "1320"
                            },
                            {
                                "D": "S",
                                "G": "9",
                                "H": "94.1",
                                "P": "990",
                                "S": "2",
                                "T": "9.5",
                                "V": "20000",
                                "W": "2",
                                "Pt": "R",
                                "Dp": "8.6",
                                "$": "1380"
                            }
                        ]
                    },
                    {
                        "type": "Day",
                        "value": "2023-10-27Z",
                        "Rep": [
                            {
                                "D": "N",
                                "G": "6",
                                "H": "96.0",
                                "P": "990",
                                "S": "0",
                                "T": "8.9",
                                "V": "16000",
                                "W": "0",
                                "Pt": "R",
                                "Dp": "8.3",
                                "$": "0"
                            },
                            {
                                "D": "SE",
                                "G": "6",
                                "H": "96.0",
                                "P": "990",
                                "S": "5",
                                "T": "6.9",
                                "V": "10000",
                                "W": "0",
                                "Pt": "R",
                                "Dp": "6.3",
                                "$": "60"
                            },
                            {
                                "D": "SE",
                                "G": "5",
                                "H": "98.0",
                                "P": "989",
                                "S": "2",
                                "T": "8.0",
                                "V": "6000",
                                "W": "5",
                                "Pt": "F",
                                "Dp": "7.7",
                                "$": "120"
                            },
                            {
                                "D": "NE",
                                "G": "3",
                                "H": "97.9",
                                "P": "989",
                                "S": "2",
                                "T": "7.8",
                                "V": "14000",
                                "W": "2",
                                "Pt": "F",
                                "Dp": "7.5",
                                "$": "180"
                            },
                            {
                                "D": "N",
                                "G": "2",
                                "H": "98.7",
                                "P": "989",
                                "S": "0",
                                "T": "7.9",
                                "V": "18000",
                                "W": "8",
                                "Pt": "F",
                                "Dp": "7.7",
                                "$": "240"
                            },
                            {
                                "D": "SSW",
                                "G": "3",
                                "H": "99.3",
                                "P": "989",
                                "S": "2",
                                "T": "8.2",
                                "V": "12000",
                                "W": "8",
                                "Pt": "F",
                                "Dp": "8.1",
                                "$": "300"
                            },
                            {
                                "D": "S",
                                "G": "7",
                                "H": "99.3",
                                "P": "989",
                                "S": "3",
                                "T": "9.9",
                                "V": "6000",
                                "W": "5",
                                "Pt": "S",
                                "Dp": "9.8",
                                "$": "360"
                            },
                            {
                                "D": "WSW",
                                "G": "9",
                                "H": "99.3",
                                "P": "989",
                                "S": "3",
                                "T": "10.0",
                                "V": "5000",
                                "W": "5",
                                "Pt": "R",
                                "Dp": "9.9",
                                "$": "420"
                            },
                            {
                                "D": "SW",
                                "G": "8",
                                "H": "98.7",
                                "P": "990",
                                "S": "5",
                                "T": "9.9",
                                "V": "4300",
                                "W": "12",
                                "Pt": "R",
                                "Dp": "9.7",
                                "$": "480"
                            },
                            {
                                "D": "S",
                                "G": "11",
                                "H": "98.1",
                                "P": "990",
                                "S": "2",
                                "T": "10.3",
                                "V": "25000",
                                "W": "12",
                                "Pt": "R",
                                "Dp": "10.0",
                                "$": "540"
                            },
                            {
                                "D": "S",
                                "G": "8",
                                "H": "94.2",
                                "P": "990",
                                "S": "6",
                                "T": "10.9",
                                "V": "30000",
                                "W": "8",
                                "Pt": "R",
                                "Dp": "10.0",
                                "$": "600"
                            },
                            {
                                "D": "SSW",
                                "G": "10",
                                "H": "91.2",
                                "P": "990",
                                "S": "8",
                                "T": "12.0",
                                "V": "30000",
                                "W": "7",
                                "Pt": "R",
                                "Dp": "10.6",
                                "$": "660"
                            },
                            {
                                "D": "SSW",
                                "G": "15",
                                "H": "76.0",
                                "P": "990",
                                "S": "8",
                                "T": "14.9",
                                "V": "50000",
                                "W": "3",
                                "Pt": "R",
                                "Dp": "10.7",
                                "$": "720"
                            },
                            {
                                "D": "SSW",
                                "G": "18",
                                "H": "76.4",
                                "P": "990",
                                "S": "11",
                                "T": "13.7",
                                "V": "40000",
                                "W": "3",
                                "Pt": "R",
                                "Dp": "9.6",
                                "$": "780"
                            },
                            {
                                "D": "S",
                                "G": "17",
                                "H": "68.4",
                                "P": "990",
                                "S": "10",
                                "T": "13.2",
                                "V": "45000",
                                "W": "7",
                                "Pt": "R",
                                "Dp": "7.5",
                                "$": "840"
                            },
                            {
                                "D": "SSE",
                                "G": "15",
                                "H": "69.4",
                                "P": "990",
                                "S": "9",
                                "T": "13.2",
                                "V": "45000",
                                "W": "1",
                                "Pt": "R",
                                "Dp": "7.7",
                                "$": "900"
                            },
                            {
                                "D": "S",
                                "G": "16",
                                "H": "74.2",
                                "P": "990",
                                "S": "10",
                                "T": "12.6",
                                "V": "45000",
                                "W": "3",
                                "Pt": "F",
                                "Dp": "8.1",
                                "$": "960"
                            }
                        ]
                    }
                ]
            }
        }
    }
}