{
    "SiteRep": {
        "Wx": {
            "Param": [
                {
                    "name": "G",
                    "units": "mph",
                    "$": "Wind Gust"
                },
                {
                    "name": "T",
                    "units": "C",
                    "$": "Temperature"
                },
                {
                    "name": "V",
                    "units": "m",
                    "$": "Visibility"
                },
                {
                    "name": "D",
                    "units": "compass",
                    "$": "Wind Direction"
                },
                {
                    "name": "S",
                    "units": "mph",
                    "$": "Wind Speed"
                },
                {
                    "name": "W",
                    "units": "",
                    "$": "Weather Type"
                },
                {
                    "name": "P",
                    "units": "hpa",
                    "$": "Pressure"
                },
                {
                    "name": "Pt",
                    "units": "Pa/s",
                    "$": "Pressure Tendency"
                },
                {
                    "name": "Dp",
                    "units": "C",
                    "$": "Dew Point"
                },
                {
                    "name": "H",
                    "units": "%",
                    "$": "Screen Relative Humidity"
                }
            ]
        },
        "DV": {
            "dataDate": "2024-01-23T16:00:00Z",
            "type": "Obs",
            "Location": {
                "i": "3772",
                "lat": "51.479",
                "lon": "-0.449",
                "name": "HEATHROW",
                "country": "ENGLAND",
                "continent": "EUROPE",
                "elevation": "25.0",
                "Period": [
                    {
                        "type": "Day",
                        "value": "2024-01-22Z",
                        "Rep": [
                            {
                                "D": "WSW",
                                "G": "38",
                                "H": "67.4",
                                "P": "1011",
                                "S": "23",
                                "T": "9.8",
                                "V": "29000",
                                "W": "8",
                                "Pt": "R",
                                "Dp": "4.1",
                                "$": "960"
                            },
                            {
                                "D": "WSW",
                                "G": "43",
                                "H": "71.1",
                                "P": "1012",
                                "S": "23",
                                "T": "8.7",
                                "V": "27000",
                                "W": "2",
                                "Pt": "R",
                                "Dp": "3.8",
                                "$": "1020"
                            },
                            {
                                "D": "WSW",
                                "G": "36",
                                "H": "68.6",
                                "P": "1013",
                                "S": "24",
                                "T": "8.7",
                                "V": "26000",
                                "W": "0",
                                "Pt": "R",
                                "Dp": "3.3",
                                "$": "1080"
                            },
                            {
                                "D": "WSW",
                                "G": "33",
                                "H": "72.4",
                                "P": "1015",
                                "S": "22",
                                "T": "8.2",
                                "V": "19000",
                                "W": "0",
                                "Pt": "R",
                                "Dp": "3.6",
                                "$": "1140"
                            },
                            {
                                "D": "WSW",
                                "G": "31",
                                "H": "73.1",
                                "P": "1016",
                                "S": "21",
                                "T": "8.1",
                                "V": "21000",
                                "W": "0",
                                "Pt": "R",
                                "Dp": "3.6",
                                "$": "1200"
                            },
                            {
                                "D": "WSW",
                                "G": "29",
                                "H": "76.6",
                                "P": "1017",
                                "S": "18",
                                "T": "7.8",
                                "V": "20000",
                                "W": "0",
                                "Pt": "R",
                                "Dp": "4.0",
                                "$": "1260"
                            },
                            {
                                "D": "WSW",
                                "G": "28",
                                "H": "78.7",
                                "P": "1018",
                                "S": "15",
                                "T": "7.2",
                                "V": "19000",
                                "W": "0",
                                "Pt": "R",
                                "Dp": "3.8",
                                "$": "1320"
                            },
                            {
                                "D": "W",
                                "G": "29",
                                "H": "71.2",
                                "P": "1019",
                                "S": "16",
                                "T": "7.2",
                                "V": "25000",
                                "W": "0",
                                "Pt": "R",
                                "Dp": "2.4",
                                "$": "1380"
                            }
                        ]
                    },
                    {
                        "type": "Day",
                        "value": "2024-01-23Z",
                        "Rep": [
                            {
                                "D": "WSW",
                                "G": "24",
                                "H": "77.4",
                                "P": "1021",
                                "S": "10",
                                "T": "6.2",
                                "V": "22000",
                                "W": "0",
                                "Pt": "R",
                                "Dp": "2.6",
                                "$": "0"
                            },
                            {
                                "D": "WSW",
                                "G": "21",
                                "H": "79.7",
                                "P": "1022",
                                "S": "13",
                                "T": "6.2",
                                "V": "20000",
                                "W": "0",
                                "Pt": "R",
                                "Dp": "3.0",
                                "$": "60"
                            },
                            {
                                "D": "SW",
                                "G": "18",
                                "H": "78.0",
                                "P": "1022",
                                "S": "10",
                                "T": "5.5",
                                "V": "19000",
                                "W": "0",
                                "Pt": "R",
                                "Dp": "2.0",
                                "$": "120"
                            },
                            {
                                "D": "SW",
                                "G": "15",
                                "H": "84.9",
                                "P": "1023",
                                "S": "10",
                                "T": "4.7",
                                "V": "16000",
                                "W": "0",
                                "Pt": "R",
                                "Dp": "2.4",
                                "$": "180"
                            },
                            {
                                "D": "WSW",
                                "G": "14",
                                "H": "88.6",
                                "P": "1023",
                                "S": "9",
                                "T": "4.6",
                                "V": "14000",
                                "W": "0",
                                "Pt": "R",
                                "Dp": "2.9",
                                "$": "240"
                            },
                            {
                                "D": "SW",
                                "G": "15",
                                "H": "87.9",
                                "P": "1024",
                                "S": "10",
                                "T": "5.0",
                                "V": "15000",
                                "W": "2",
                                "Pt": "R",
                                "Dp": "3.2",
                                "$": "300"
                            },
                            {
                                "D": "SSW",
                                "G": "13",
                                "H": "86.7",
                                "P": "1024",
                                "S": "9",
                                "T": "5.6",
                                "V": "16000",
                                "W": "8",
                                "Pt": "R",
                                "Dp": "3.6",
                                "$": "360"
                            },
                            {
                                "D": "SSW",
                                "G": "16",
                                "H": "84.4",
                                "P": "1023",
                                "S": "10",
                                "T": "6.4",
                                "V": "15000",
                                "W": "8",
                                "Pt": "R",
                                "Dp": "4.0",
                                "$": "420"
                            },
                            {
                                "D": "SSW",
                                "G": "16",
                                "H": "86.2",
                                "P": "1023",
                                "S": "11",
                                "T": "7.0",
                                "V": "11000",
                                "W": "12",
                                "Pt": "F",
                                "Dp": "4.9",
                                "$": "480"
                            },
                            {
                                "D": "S",
                                "G": "16",
                                "H": "92.0",
                                "P": "1022",
                                "S": "9",
                                "T": "7.6",
                                "V": "9000",
                                "W": "12",
                                "Pt": "F",
                                "Dp": "6.4",
                                "$": "540"
                            },
                            {
                                "D": "SSE",
                                "G": "16",
                                "H": "93.4",
                                "P": "1021",
                                "S": "11",
                                "T": "9.0",
                                "V": "8000",
                                "W": "12",
                                "Pt": "F",
                                "Dp": "8.0",
                                "$": "600"
                            },
                            {
                                "D": "S",
                                "G": "18",
                                "H": "93.4",
                                "P": "1020",
                                "S": "11",
                                "T": "9.4",
                                "V": "4300",
                                "W": "12",
                                "Pt": "F",
                                "Dp": "8.4",
                                "$": "660"
                            },
                            {
                                "D": "SSW",
                                "G": "31",
                                "H": "89.7",
                                "P": "1018",
                                "S": "18",
                                "T": "10.1",
                                "V": "11000",
                                "W": "8",
                                "Pt": "F",
                                "Dp": "8.5",
                                "$": "720"
                            },
                            {
                                "D": "S",
                                "G": "32",
                                "H": "92.8",
                                "P": "1016",
                                "S": "18",
                                "T": "10.1",
                                "V": "10000",
                                "W": "8",
                                "Pt": "F",
                                "Dp": "9.0",
                                "$": "780"
                            },
                            {
                                "D": "SSW",
                                "G": "32",
                                "H": "92.2",
                                "P": "1016",
                                "S": "21",
                                "T": "11.1",
                                "V": "15000",
                                "W": "8",
                                "Pt": "F",
                                "Dp": "9.9",
                                "$": "840"
                            },
                            {
                                "D": "SSW",
                                "G": "32",
                                "H": "91.7",
                                "P": "1015",
                                "S": "21",
                                "T": "12.1",
                                "V": "25000",
                                "W": "8",
                                "Pt": "F",
                                "Dp": "10.8",
                                "$": "900"
                            },
                            {
                                "D": "SSW",
                                "G": "30",
                                "H": "93.5",
                                "P": "1014",
                                "S": "17",
                                "T": "12.0",
                                "V": "6000",
                                "W": "8",
                                "Pt": "F",
                                "Dp": "11.0",
                                "$": "960"
                            }
                        ]
                    }
                ]
            }
        }
    }
}