{
    "SiteRep": {
        "Wx": {
            "Param": [
                {
                    "name": "G",
                    "units": "mph",
                    "$": "Wind Gust"
                },
                {
                    "name": "T",
                    "units": "C",
                    "$": "Temperature"
                },
                {
                    "name": "V",
                    "units": "m",
                    "$": "Visibility"
                },
                {
                    "name": "D",
                    "units": "compass",
                    "$": "Wind Direction"
                },
                {
                    "name": "S",
                    "units": "mph",
                    "$": "Wind Speed"
                },
                {
                    "name": "W",
                    "units": "",
                    "$": "Weather Type"
                },
                {
                    "name": "P",
                    "units": "hpa",
                    "$": "Pressure"
                },
                {
                    "name": "Pt",
                    "units": "Pa/s",
                    "$": "Pressure Tendency"
                },
                {
                    "name": "Dp",
                    "units": "C",
                    "$": "Dew Point"
                },
                {
                    "name": "H",
                    "units": "%",
                    "$": "Screen Relative Humidity"
                }
            ]
        },
        "DV": {
            "dataDate": "2024-10-02T16:00:00Z",
            "type": "Obs",
            "Location": {
                "i": "3772",
                "lat": "51.479",
                "lon": "-0.449",
                "name": "HEATHROW",
                "country": "ENGLAND",
                "continent": "EUROPE",
                "elevation": "25.0",
                "Period": [
                    {
                        "type": "Day",
                        "value": "2024-10-01Z",
                        "Rep": [
                            {
                                "D": "WNW",
                                "G": "22",
                                "H": "95.5",
                                "P": "1005",
                                "S": "14",
                                "T": "12.5",
                                "V": "3000",
                                "W": "12",
                                "Pt": "F",
                                "Dp": "11.8",
                                "$": "960"
                            },
                            {
                                "D": "WNW",
                                "G": "19",
                                "H": "96.1",
                                "P": "1005",
                                "S": "10",
                                "T": "12.8",
                                "V": "28000",
                                "W": "12",
                                "Pt": "F",
                                "Dp": "12.2",
                                "$": "1020"
                            },
                            {
                                "D": "NW",
                                "G": "21",
                                "H": "94.9",
                                "P": "1006",
                                "S": "9",
                                "T": "13.2",
                                "V": "40000",
                                "W": "8",
                                "Pt": "R",
                                "Dp": "12.4",
                                "$": "1080"
                            },
                            {
                                "D": "NNW",
                                "G": "18",
                                "H": "93.6",
                                "P": "1006",
                                "S": "9",
                                "T": "13.3",
                                "V": "40000",
                                "W": "8",
                                "Pt": "R",
                                "Dp": "12.3",
                                "$": "1140"
                            },
                            {
                                "D": "NW",
                                "G": "18",
                                "H": "92.4",
                                "P": "1007",
                                "S": "9",
                                "T": "13.1",
                                "V": "35000",
                                "W": "7",
                                "Pt": "R",
                                "Dp": "11.9",
                                "$": "1200"
                            },
                            {
                                "D": "NW",
                                "G": "18",
                                "H": "95.5",
                                "P": "1007",
                                "S": "9",
                                "T": "12.8",
                                "V": "28000",
                                "W": "12",
                                "Pt": "R",
                                "Dp": "12.1",
                                "$": "1260"
                            },
                            {
                                "D": "NW",
                                "G": "17",
                                "H": "93.7",
                                "P": "1008",
                                "S": "8",
                                "T": "13.0",
                                "V": "35000",
                                "W": "8",
                                "Pt": "R",
                                "Dp": "12.0",
                                "$": "1320"
                            },
                            {
                                "D": "NW",
                                "G": "19",
                                "H": "93.0",
                                "P": "1008",
                                "S": "9",
                                "T": "13.0",
                                "V": "45000",
                                "W": "8",
                                "Pt": "R",
                                "Dp": "11.9",
                                "$": "1380"
                            }
                        ]
                    },
                    {
                        "type": "Day",
                        "value": "2024-10-02Z",
                        "Rep": [
                            {
                                "D": "NW",
                                "G": "19",
                                "H": "91.8",
                                "P": "1008",
                                "S": "9",
                                "T": "13.1",
                                "V": "21000",
                                "W": "8",
                                "Pt": "R",
                                "Dp": "11.8",
                                "$": "0"
                            },
                            {
                                "D": "NW",
                                "G": "17",
                                "H": "93.6",
                                "P": "1008",
                                "S": "9",
                                "T": "13.0",
                                "V": "2900",
                                "W": "11",
                                "Pt": "R",
                                "Dp": "12.0",
                                "$": "60"
                            },
                            {
                                "D": "NNW",
                                "G": "17",
                                "H": "93.6",
                                "P": "1008",
                                "S": "8",
                                "T": "13.3",
                                "V": "12000",
                                "W": "8",
                                "Pt": "R",
                                "Dp": "12.3",
                                "$": "120"
                            },
                            {
                                "D": "NNW",
                                "G": "17",
                                "H": "94.9",
                                "P": "1009",
                                "S": "8",
                                "T": "13.3",
                                "V": "3000",
                                "W": "12",
                                "Pt": "R",
                                "Dp": "12.5",
                                "$": "180"
                            },
                            {
                                "D": "NNE",
                                "G": "17",
                                "H": "96.2",
                                "P": "1009",
                                "S": "3",
                                "T": "13.1",
                                "V": "1000",
                                "W": "12",
                                "Pt": "R",
                                "Dp": "12.5",
                                "$": "240"
                            },
                            {
                                "D": "N",
                                "G": "11",
                                "H": "96.2",
                                "P": "1010",
                                "S": "6",
                                "T": "13.2",
                                "V": "26000",
                                "W": "8",
                                "Pt": "R",
                                "Dp": "12.6",
                                "$": "300"
                            },
                            {
                                "D": "N",
                                "G": "13",
                                "H": "95.5",
                                "P": "1010",
                                "S": "6",
                                "T": "13.3",
                                "V": "40000",
                                "W": "8",
                                "Pt": "R",
                                "Dp": "12.6",
                                "$": "360"
                            },
                            {
                                "D": "N",
                                "G": "14",
                                "H": "96.1",
                                "P": "1011",
                                "S": "7",
                                "T": "13.4",
                                "V": "7000",
                                "W": "8",
                                "Pt": "R",
                                "Dp": "12.8",
                                "$": "420"
                            },
                            {
                                "D": "N",
                                "G": "15",
                                "H": "91.8",
                                "P": "1012",
                                "S": "8",
                                "T": "13.9",
                                "V": "25000",
                                "W": "8",
                                "Pt": "R",
                                "Dp": "12.6",
                                "$": "480"
                            },
                            {
                                "D": "NNE",
                                "G": "18",
                                "H": "87.7",
                                "P": "1012",
                                "S": "9",
                                "T": "14.8",
                                "V": "23000",
                                "W": "8",
                                "Pt": "R",
                                "Dp": "12.8",
                                "$": "540"
                            },
                            {
                                "D": "N",
                                "G": "17",
                                "H": "86.1",
                                "P": "1013",
                                "S": "8",
                                "T": "15.2",
                                "V": "28000",
                                "W": "8",
                                "Pt": "R",
                                "Dp": "12.9",
                                "$": "600"
                            },
                            {
                                "D": "NNE",
                                "G": "17",
                                "H": "79.0",
                                "P": "1013",
                                "S": "10",
                                "T": "15.7",
                                "V": "35000",
                                "W": "8",
                                "Pt": "R",
                                "Dp": "12.1",
                                "$": "660"
                            },
                            {
                                "D": "N",
                                "G": "21",
                                "H": "85.5",
                                "P": "1013",
                                "S": "8",
                                "T": "15.0",
                                "V": "50000",
                                "W": "12",
                                "Pt": "R",
                                "Dp": "12.6",
                                "$": "720"
                            },
                            {
                                "D": "NE",
                                "G": "19",
                                "H": "74.1",
                                "P": "1014",
                                "S": "9",
                                "T": "16.5",
                                "V": "50000",
                                "W": "8",
                                "Pt": "R",
                                "Dp": "11.9",
                                "$": "780"
                            },
                            {
                                "D": "NNE",
                                "G": "18",
                                "H": "76.0",
                                "P": "1014",
                                "S": "10",
                                "T": "15.9",
                                "V": "55000",
                                "W": "8",
                                "Pt": "R",
                                "Dp": "11.7",
                                "$": "840"
                            },
                            {
                                "D": "NNE",
                                "G": "23",
                                "H": "83.7",
                                "P": "1015",
                                "S": "10",
                                "T": "14.8",
                                "V": "40000",
                                "W": "8",
                                "Pt": "R",
                                "Dp": "12.1",
                                "$": "900"
                            },
                            {
                                "D": "NE",
                                "G": "23",
                                "H": "79.4",
                                "P": "1015",
                                "S": "10",
                                "T": "14.7",
                                "V": "40000",
                                "W": "8",
                                "Pt": "R",
                                "Dp": "11.2",
                                "$": "960"
                            }
                        ]
                    }
                ]
            }
        }
    }
}