{
    "SiteRep": {
        "Wx": {
            "Param": [
                {
                    "name": "G",
                    "units": "mph",
                    "$": "Wind Gust"
                },
                {
                    "name": "T",
                    "units": "C",
                    "$": "Temperature"
                },
                {
                    "name": "V",
                    "units": "m",
                    "$": "Visibility"
                },
                {
                    "name": "D",
                    "units": "compass",
                    "$": "Wind Direction"
                },
                {
                    "name": "S",
                    "units": "mph",
                    "$": "Wind Speed"
                },
                {
                    "name": "W",
                    "units": "",
                    "$": "Weather Type"
                },
                {
                    "name": "P",
                    "units": "hpa",
                    "$": "Pressure"
                },
                {
                    "name": "Pt",
                    "units": "Pa/s",
                    "$": "Pressure Tendency"
                },
                {
                    "name": "Dp",
                    "units": "C",
                    "$": "Dew Point"
                },
                {
                    "name": "H",
                    "units": "%",
                    "$": "Screen Relative Humidity"
                }
            ]
        },
        "DV": {
            "dataDate": "2025-09-13T15:00:00Z",
            "type": "Obs",
            "Location": {
                "i": "3772",
                "lat": "51.479",
                "lon": "-0.449",
                "name": "HEATHROW",
                "country": "ENGLAND",
                "continent": "EUROPE",
                "elevation": "25.0",
                "Period": [
                    {
                        "type": "Day",
                        "value": "2025-09-12Z",
                        "Rep": [
                            {
                                "D": "SSW",
                                "G": "25",
                                "H": "70.1",
                                "P": "1011",
                                "S": "14",
                                "T": "15.7",
                                "V": "65000",
                                "W": "8",
                                "Pt": "R",
                                "Dp": "10.3",
                                "$": "960"
                            },
                            {
                                "D": "SSW",
                                "G": "25",
                                "H": "73.3",
                                "P": "1011",
                                "S": "14",
                                "T": "14.7",
                                "V": "65000",
                                "W": "7",
                                "Pt": "R",
                                "Dp": "10.0",
                                "$": "1020"
                            },
                            {
                                "D": "SW",
                                "G": "25",
                                "H": "79.4",
                                "P": "1011",
                                "S": "11",
                                "T": "14.0",
                                "V": "55000",
                                "W": "8",
                                "Pt": "F",
                                "Dp": "10.5",
                                "$": "1080"
                            },
                            {
                                "D": "SSW",
                                "G": "18",
                                "H": "83.1",
                                "P": "1011",
                                "S": "10",
                                "T": "13.7",
                                "V": "55000",
                                "W": "7",
                                "Pt": "R",
                                "Dp": "10.9",
                                "$": "1140"
                            },
                            {
                                "D": "SW",
                                "G": "19",
                                "H": "79.3",
                                "P": "1011",
                                "S": "13",
                                "T": "13.5",
                                "V": "55000",
                                "W": "8",
                                "Pt": "R",
                                "Dp": "10.0",
                                "$": "1200"
                            },
                            {
                                "D": "SSW",
                                "G": "19",
                                "H": "80.8",
                                "P": "1011",
                                "S": "8",
                                "T": "13.0",
                                "V": "40000",
                                "W": "8",
                                "Pt": "R",
                                "Dp": "9.8",
                                "$": "1260"
                            },
                            {
                                "D": "SSW",
                                "G": "16",
                                "H": "80.8",
                                "P": "1011",
                                "S": "11",
                                "T": "13.2",
                                "V": "30000",
                                "W": "8",
                                "Pt": "F",
                                "Dp": "10.0",
                                "$": "1320"
                            },
                            {
                                "D": "SSW",
                                "G": "16",
                                "H": "83.6",
                                "P": "1010",
                                "S": "9",
                                "T": "12.6",
                                "V": "30000",
                                "W": "7",
                                "Pt": "F",
                                "Dp": "9.9",
                                "$": "1380"
                            }
                        ]
                    },
                    {
                        "type": "Day",
                        "value": "2025-09-13Z",
                        "Rep": [
                            {
                                "D": "S",
                                "G": "13",
                                "H": "86.4",
                                "P": "1010",
                                "S": "7",
                                "T": "12.1",
                                "V": "35000",
                                "W": "0",
                                "Pt": "F",
                                "Dp": "9.9",
                                "$": "0"
                            },
                            {
                                "D": "S",
                                "G": "13",
                                "H": "86.3",
                                "P": "1009",
                                "S": "8",
                                "T": "12.3",
                                "V": "35000",
                                "W": "8",
                                "Pt": "F",
                                "Dp": "10.1",
                                "$": "60"
                            },
                            {
                                "D": "S",
                                "G": "16",
                                "H": "84.7",
                                "P": "1009",
                                "S": "9",
                                "T": "12.3",
                                "V": "50000",
                                "W": "8",
                                "Pt": "F",
                                "Dp": "9.8",
                                "$": "120"
                            },
                            {
                                "D": "S",
                                "G": "16",
                                "H": "88.1",
                                "P": "1009",
                                "S": "9",
                                "T": "11.7",
                                "V": "50000",
                                "W": "2",
                                "Pt": "F",
                                "Dp": "9.8",
                                "$": "180"
                            },
                            {
                                "D": "SSW",
                                "G": "17",
                                "H": "91.7",
                                "P": "1008",
                                "S": "10",
                                "T": "11.8",
                                "V": "35000",
                                "W": "12",
                                "Pt": "F",
                                "Dp": "10.5",
                                "$": "240"
                            },
                            {
                                "D": "S",
                                "G": "16",
                                "H": "92.4",
                                "P": "1008",
                                "S": "9",
                                "T": "11.7",
                                "V": "40000",
                                "W": "7",
                                "Pt": "F",
                                "Dp": "10.5",
                                "$": "300"
                            },
                            {
                                "D": "S",
                                "G": "13",
                                "H": "93.6",
                                "P": "1008",
                                "S": "8",
                                "T": "11.7",
                                "V": "40000",
                                "W": "1",
                                "Pt": "F",
                                "Dp": "10.7",
                                "$": "360"
                            },
                            {
                                "D": "S",
                                "G": "16",
                                "H": "91.2",
                                "P": "1008",
                                "S": "9",
                                "T": "12.7",
                                "V": "30000",
                                "W": "3",
                                "Pt": "F",
                                "Dp": "11.3",
                                "$": "420"
                            },
                            {
                                "D": "SSW",
                                "G": "16",
                                "H": "89.4",
                                "P": "1008",
                                "S": "10",
                                "T": "13.1",
                                "V": "30000",
                                "W": "8",
                                "Pt": "F",
                                "Dp": "11.4",
                                "$": "480"
                            },
                            {
                                "D": "S",
                                "G": "17",
                                "H": "85.9",
                                "P": "1008",
                                "S": "9",
                                "T": "13.5",
                                "V": "40000",
                                "W": "8",
                                "Pt": "R",
                                "Dp": "11.2",
                                "$": "540"
                            },
                            {
                                "D": "SSW",
                                "G": "17",
                                "H": "75.0",
                                "P": "1008",
                                "S": "11",
                                "T": "15.9",
                                "V": "55000",
                                "W": "3",
                                "Pt": "F",
                                "Dp": "11.5",
                                "$": "600"
                            },
                            {
                                "D": "SSW",
                                "G": "19",
                                "H": "62.4",
                                "P": "1007",
                                "S": "13",
                                "T": "16.8",
                                "V": "75000",
                                "W": "8",
                                "Pt": "F",
                                "Dp": "9.6",
                                "$": "660"
                            },
                            {
                                "D": "SSW",
                                "G": "19",
                                "H": "57.0",
                                "P": "1007",
                                "S": "13",
                                "T": "19.3",
                                "V": "65000",
                                "W": "8",
                                "Pt": "F",
                                "Dp": "10.6",
                                "$": "720"
                            },
                            {
                                "D": "SW",
                                "G": "25",
                                "H": "68.9",
                                "P": "1007",
                                "S": "15",
                                "T": "16.2",
                                "V": "45000",
                                "W": "12",
                                "Pt": "F",
                                "Dp": "10.5",
                                "$": "780"
                            },
                            {
                                "D": "SW",
                                "G": "34",
                                "H": "62.0",
                                "P": "1007",
                                "S": "14",
                                "T": "18.5",
                                "V": "65000",
                                "W": "1",
                                "Pt": "F",
                                "Dp": "11.1",
                                "$": "840"
                            },
                            {
                                "D": "W",
                                "G": "31",
                                "H": "56.2",
                                "P": "1007",
                                "S": "17",
                                "T": "16.6",
                                "V": "75000",
                                "W": "8",
                                "Pt": "R",
                                "Dp": "7.9",
                                "$": "900"
                            },
                            {
                                "D": "WSW",
                                "G": "28",
                                "H": "53.9",
                                "P": "1007",
                                "S": "13",
                                "T": "17.7",
                                "V": "75000",
                                "W": "3",
                                "Pt": "R",
                                "Dp": "8.3",
                                "$": "960"
                            }
                        ]
                    }
                ]
            }
        }
    }
}