{
    "SiteRep": {
        "Wx": {
            "Param": [
                {
                    "name": "G",
                    "units": "mph",
                    "$": "Wind Gust"
                },
                {
                    "name": "T",
                    "units": "C",
                    "$": "Temperature"
                },
                {
                    "name": "V",
                    "units": "m",
                    "$": "Visibility"
                },
                {
                    "name": "D",
                    "units": "compass",
                    "$": "Wind Direction"
                },
                {
                    "name": "S",
                    "units": "mph",
                    "$": "Wind Speed"
                },
                {
                    "name": "W",
                    "units": "",
                    "$": "Weather Type"
                },
                {
                    "name": "P",
                    "units": "hpa",
                    "$": "Pressure"
                },
                {
                    "name": "Pt",
                    "units": "Pa/s",
                    "$": "Pressure Tendency"
                },
                {
                    "name": "Dp",
                    "units": "C",
                    "$": "Dew Point"
                },
                {
                    "name": "H",
                    "units": "%",
                    "$": "Screen Relative Humidity"
                }
            ]
        },
        "DV": {
            "dataDate": "2024-10-25T16:00:00Z",
            "type": "Obs",
            "Location": {
                "i": "3772",
                "lat": "51.479",
                "lon": "-0.449",
                "name": "HEATHROW",
                "country": "ENGLAND",
                "continent": "EUROPE",
                "elevation": "25.0",
                "Period": [
                    {
                        "type": "Day",
                        "value": "2024-10-24Z",
                        "Rep": [
                            {
                                "D": "SSE",
                                "G": "19",
                                "H": "74.5",
                                "P": "1015",
                                "S": "11",
                                "T": "16.3",
                                "V": "35000",
                                "W": "3",
                                "Pt": "F",
                                "Dp": "11.8",
                                "$": "960"
                            },
                            {
                                "D": "SE",
                                "G": "17",
                                "H": "81.1",
                                "P": "1015",
                                "S": "9",
                                "T": "15.3",
                                "V": "30000",
                                "W": "7",
                                "Pt": "F",
                                "Dp": "12.1",
                                "$": "1020"
                            },
                            {
                                "D": "SE",
                                "G": "17",
                                "H": "82.7",
                                "P": "1015",
                                "S": "11",
                                "T": "14.9",
                                "V": "27000",
                                "W": "8",
                                "Pt": "F",
                                "Dp": "12.0",
                                "$": "1080"
                            },
                            {
                                "D": "ESE",
                                "G": "17",
                                "H": "83.7",
                                "P": "1015",
                                "S": "11",
                                "T": "14.5",
                                "V": "27000",
                                "W": "8",
                                "Pt": "F",
                                "Dp": "11.8",
                                "$": "1140"
                            },
                            {
                                "D": "E",
                                "G": "15",
                                "H": "89.3",
                                "P": "1014",
                                "S": "7",
                                "T": "12.7",
                                "V": "21000",
                                "W": "0",
                                "Pt": "F",
                                "Dp": "11.0",
                                "$": "1200"
                            },
                            {
                                "D": "E",
                                "G": "10",
                                "H": "89.3",
                                "P": "1014",
                                "S": "6",
                                "T": "13.6",
                                "V": "22000",
                                "W": "8",
                                "Pt": "F",
                                "Dp": "11.9",
                                "$": "1260"
                            },
                            {
                                "D": "ENE",
                                "G": "8",
                                "H": "91.7",
                                "P": "1014",
                                "S": "3",
                                "T": "12.5",
                                "V": "15000",
                                "W": "7",
                                "Pt": "F",
                                "Dp": "11.2",
                                "$": "1320"
                            },
                            {
                                "D": "ENE",
                                "G": "7",
                                "H": "94.9",
                                "P": "1013",
                                "S": "3",
                                "T": "13.2",
                                "V": "15000",
                                "W": "8",
                                "Pt": "F",
                                "Dp": "12.4",
                                "$": "1380"
                            }
                        ]
                    },
                    {
                        "type": "Day",
                        "value": "2024-10-25Z",
                        "Rep": [
                            {
                                "D": "E",
                                "G": "11",
                                "H": "96.1",
                                "P": "1013",
                                "S": "3",
                                "T": "12.5",
                                "V": "10000",
                                "W": "5",
                                "Pt": "F",
                                "Dp": "11.9",
                                "$": "0"
                            },
                            {
                                "D": "E",
                                "G": "9",
                                "H": "96.7",
                                "P": "1013",
                                "S": "7",
                                "T": "12.4",
                                "V": "5000",
                                "W": "5",
                                "Pt": "F",
                                "Dp": "11.9",
                                "$": "60"
                            },
                            {
                                "D": "ENE",
                                "G": "9",
                                "H": "98.0",
                                "P": "1012",
                                "S": "3",
                                "T": "12.7",
                                "V": "6000",
                                "W": "5",
                                "Pt": "F",
                                "Dp": "12.4",
                                "$": "120"
                            },
                            {
                                "D": "E",
                                "G": "9",
                                "H": "98.6",
                                "P": "1012",
                                "S": "3",
                                "T": "12.8",
                                "V": "6000",
                                "W": "5",
                                "Pt": "F",
                                "Dp": "12.6",
                                "$": "180"
                            },
                            {
                                "D": "E",
                                "G": "9",
                                "H": "98.0",
                                "P": "1012",
                                "S": "6",
                                "T": "13.7",
                                "V": "8000",
                                "W": "5",
                                "Pt": "F",
                                "Dp": "13.4",
                                "$": "240"
                            },
                            {
                                "D": "E",
                                "G": "10",
                                "H": "96.1",
                                "P": "1011",
                                "S": "7",
                                "T": "13.5",
                                "V": "7000",
                                "W": "5",
                                "Pt": "F",
                                "Dp": "12.9",
                                "$": "300"
                            },
                            {
                                "D": "E",
                                "G": "11",
                                "H": "98.7",
                                "P": "1012",
                                "S": "8",
                                "T": "13.2",
                                "V": "1400",
                                "W": "6",
                                "Pt": "F",
                                "Dp": "13.0",
                                "$": "360"
                            },
                            {
                                "D": "E",
                                "G": "11",
                                "H": "98.7",
                                "P": "1012",
                                "S": "6",
                                "T": "13.0",
                                "V": "3700",
                                "W": "8",
                                "Pt": "F",
                                "Dp": "12.8",
                                "$": "420"
                            },
                            {
                                "D": "ESE",
                                "G": "11",
                                "H": "98.7",
                                "P": "1012",
                                "S": "7",
                                "T": "13.9",
                                "V": "7000",
                                "W": "5",
                                "Pt": "R",
                                "Dp": "13.7",
                                "$": "480"
                            },
                            {
                                "D": "E",
                                "G": "10",
                                "H": "96.8",
                                "P": "1013",
                                "S": "7",
                                "T": "14.8",
                                "V": "9000",
                                "W": "5",
                                "Pt": "R",
                                "Dp": "14.3",
                                "$": "540"
                            },
                            {
                                "D": "E",
                                "G": "11",
                                "H": "95.0",
                                "P": "1013",
                                "S": "8",
                                "T": "15.5",
                                "V": "11000",
                                "W": "8",
                                "Pt": "R",
                                "Dp": "14.7",
                                "$": "600"
                            },
                            {
                                "D": "ESE",
                                "G": "13",
                                "H": "92.6",
                                "P": "1013",
                                "S": "8",
                                "T": "15.9",
                                "V": "13000",
                                "W": "8",
                                "Pt": "R",
                                "Dp": "14.7",
                                "$": "660"
                            },
                            {
                                "D": "SE",
                                "G": "14",
                                "H": "90.2",
                                "P": "1013",
                                "S": "10",
                                "T": "16.4",
                                "V": "12000",
                                "W": "8",
                                "Pt": "R",
                                "Dp": "14.8",
                                "$": "720"
                            },
                            {
                                "D": "ESE",
                                "G": "14",
                                "H": "93.8",
                                "P": "1012",
                                "S": "8",
                                "T": "16.2",
                                "V": "10000",
                                "W": "8",
                                "Pt": "F",
                                "Dp": "15.2",
                                "$": "780"
                            },
                            {
                                "D": "ESE",
                                "G": "11",
                                "H": "93.2",
                                "P": "1013",
                                "S": "8",
                                "T": "16.1",
                                "V": "10000",
                                "W": "12",
                                "Pt": "F",
                                "Dp": "15.0",
                                "$": "840"
                            },
                            {
                                "D": "WSW",
                                "G": "18",
                                "H": "90.1",
                                "P": "1013",
                                "S": "8",
                                "T": "14.7",
                                "V": "27000",
                                "W": "12",
                                "Pt": "R",
                                "Dp": "13.1",
                                "$": "900"
                            },
                            {
                                "D": "SSW",
                                "G": "14",
                                "H": "88.4",
                                "P": "1014",
                                "S": "5",
                                "T": "14.8",
                                "V": "29000",
                                "W": "8",
                                "Pt": "R",
                                "Dp": "12.9",
                                "$": "960"
                            }
                        ]
                    }
                ]
            }
        }
    }
}