{
    "SiteRep": {
        "Wx": {
            "Param": [
                {
                    "name": "G",
                    "units": "mph",
                    "$": "Wind Gust"
                },
                {
                    "name": "T",
                    "units": "C",
                    "$": "Temperature"
                },
                {
                    "name": "V",
                    "units": "m",
                    "$": "Visibility"
                },
                {
                    "name": "D",
                    "units": "compass",
                    "$": "Wind Direction"
                },
                {
                    "name": "S",
                    "units": "mph",
                    "$": "Wind Speed"
                },
                {
                    "name": "W",
                    "units": "",
                    "$": "Weather Type"
                },
                {
                    "name": "P",
                    "units": "hpa",
                    "$": "Pressure"
                },
                {
                    "name": "Pt",
                    "units": "Pa/s",
                    "$": "Pressure Tendency"
                },
                {
                    "name": "Dp",
                    "units": "C",
                    "$": "Dew Point"
                },
                {
                    "name": "H",
                    "units": "%",
                    "$": "Screen Relative Humidity"
                }
            ]
        },
        "DV": {
            "dataDate": "2024-08-22T16:00:00Z",
            "type": "Obs",
            "Location": {
                "i": "3772",
                "lat": "51.479",
                "lon": "-0.449",
                "name": "HEATHROW",
                "country": "ENGLAND",
                "continent": "EUROPE",
                "elevation": "25.0",
                "Period": [
                    {
                        "type": "Day",
                        "value": "2024-08-21Z",
                        "Rep": [
                            {
                                "D": "SW",
                                "G": "22",
                                "H": "48.8",
                                "P": "1016",
                                "S": "15",
                                "T": "20.0",
                                "V": "45000",
                                "W": "8",
                                "Pt": "F",
                                "Dp": "9.0",
                                "$": "960"
                            },
                            {
                                "D": "SW",
                                "G": "22",
                                "H": "52.5",
                                "P": "1015",
                                "S": "16",
                                "T": "19.6",
                                "V": "50000",
                                "W": "8",
                                "Pt": "F",
                                "Dp": "9.7",
                                "$": "1020"
                            },
                            {
                                "D": "SW",
                                "G": "22",
                                "H": "60.7",
                                "P": "1015",
                                "S": "14",
                                "T": "18.9",
                                "V": "35000",
                                "W": "8",
                                "Pt": "F",
                                "Dp": "11.2",
                                "$": "1080"
                            },
                            {
                                "D": "SW",
                                "G": "23",
                                "H": "59.8",
                                "P": "1015",
                                "S": "15",
                                "T": "18.4",
                                "V": "40000",
                                "W": "8",
                                "Pt": "F",
                                "Dp": "10.5",
                                "$": "1140"
                            },
                            {
                                "D": "SW",
                                "G": "25",
                                "H": "63.2",
                                "P": "1015",
                                "S": "16",
                                "T": "17.4",
                                "V": "40000",
                                "W": "2",
                                "Pt": "F",
                                "Dp": "10.4",
                                "$": "1200"
                            },
                            {
                                "D": "SSW",
                                "G": "24",
                                "H": "68.8",
                                "P": "1015",
                                "S": "11",
                                "T": "16.6",
                                "V": "40000",
                                "W": "2",
                                "Pt": "F",
                                "Dp": "10.9",
                                "$": "1260"
                            },
                            {
                                "D": "SSW",
                                "G": "19",
                                "H": "73.5",
                                "P": "1014",
                                "S": "13",
                                "T": "15.9",
                                "V": "35000",
                                "W": "7",
                                "Pt": "F",
                                "Dp": "11.2",
                                "$": "1320"
                            },
                            {
                                "D": "SSW",
                                "G": "18",
                                "H": "75.9",
                                "P": "1013",
                                "S": "11",
                                "T": "15.8",
                                "V": "35000",
                                "W": "7",
                                "Pt": "F",
                                "Dp": "11.6",
                                "$": "1380"
                            }
                        ]
                    },
                    {
                        "type": "Day",
                        "value": "2024-08-22Z",
                        "Rep": [
                            {
                                "D": "SSW",
                                "G": "18",
                                "H": "78.0",
                                "P": "1012",
                                "S": "10",
                                "T": "15.2",
                                "V": "30000",
                                "W": "2",
                                "Pt": "F",
                                "Dp": "11.4",
                                "$": "0"
                            },
                            {
                                "D": "SSW",
                                "G": "17",
                                "H": "81.6",
                                "P": "1012",
                                "S": "11",
                                "T": "14.8",
                                "V": "30000",
                                "W": "0",
                                "Pt": "F",
                                "Dp": "11.7",
                                "$": "60"
                            },
                            {
                                "D": "SSW",
                                "G": "15",
                                "H": "82.7",
                                "P": "1011",
                                "S": "8",
                                "T": "14.8",
                                "V": "30000",
                                "W": "2",
                                "Pt": "F",
                                "Dp": "11.9",
                                "$": "120"
                            },
                            {
                                "D": "SSW",
                                "G": "21",
                                "H": "80.0",
                                "P": "1010",
                                "S": "16",
                                "T": "15.3",
                                "V": "30000",
                                "W": "7",
                                "Pt": "F",
                                "Dp": "11.9",
                                "$": "180"
                            },
                            {
                                "D": "SSW",
                                "G": "22",
                                "H": "75.5",
                                "P": "1009",
                                "S": "14",
                                "T": "15.9",
                                "V": "30000",
                                "W": "8",
                                "Pt": "F",
                                "Dp": "11.6",
                                "$": "240"
                            },
                            {
                                "D": "SSW",
                                "G": "25",
                                "H": "73.2",
                                "P": "1008",
                                "S": "18",
                                "T": "16.4",
                                "V": "30000",
                                "W": "8",
                                "Pt": "F",
                                "Dp": "11.6",
                                "$": "300"
                            },
                            {
                                "D": "SSW",
                                "G": "23",
                                "H": "75.1",
                                "P": "1007",
                                "S": "13",
                                "T": "16.5",
                                "V": "21000",
                                "W": "12",
                                "Pt": "F",
                                "Dp": "12.1",
                                "$": "360"
                            },
                            {
                                "D": "SSW",
                                "G": "25",
                                "H": "79.7",
                                "P": "1006",
                                "S": "16",
                                "T": "16.3",
                                "V": "11000",
                                "W": "12",
                                "Pt": "F",
                                "Dp": "12.8",
                                "$": "420"
                            },
                            {
                                "D": "SSW",
                                "G": "31",
                                "H": "75.8",
                                "P": "1006",
                                "S": "19",
                                "T": "17.3",
                                "V": "27000",
                                "W": "8",
                                "Pt": "F",
                                "Dp": "13.0",
                                "$": "480"
                            },
                            {
                                "D": "SW",
                                "G": "31",
                                "H": "75.9",
                                "P": "1006",
                                "S": "21",
                                "T": "18.2",
                                "V": "24000",
                                "W": "8",
                                "Pt": "F",
                                "Dp": "13.9",
                                "$": "540"
                            },
                            {
                                "D": "SSW",
                                "G": "33",
                                "H": "75.5",
                                "P": "1006",
                                "S": "23",
                                "T": "18.3",
                                "V": "22000",
                                "W": "8",
                                "Pt": "F",
                                "Dp": "13.9",
                                "$": "600"
                            },
                            {
                                "D": "SSW",
                                "G": "32",
                                "H": "77.0",
                                "P": "1006",
                                "S": "21",
                                "T": "18.8",
                                "V": "25000",
                                "W": "8",
                                "Pt": "F",
                                "Dp": "14.7",
                                "$": "660"
                            },
                            {
                                "D": "SSW",
                                "G": "31",
                                "H": "77.1",
                                "P": "1006",
                                "S": "19",
                                "T": "19.3",
                                "V": "60000",
                                "W": "8",
                                "Pt": "F",
                                "Dp": "15.2",
                                "$": "720"
                            },
                            {
                                "D": "SSW",
                                "G": "31",
                                "H": "77.7",
                                "P": "1005",
                                "S": "19",
                                "T": "19.7",
                                "V": "50000",
                                "W": "8",
                                "Pt": "F",
                                "Dp": "15.7",
                                "$": "780"
                            },
                            {
                                "D": "SW",
                                "G": "34",
                                "H": "78.1",
                                "P": "1005",
                                "S": "21",
                                "T": "19.6",
                                "V": "50000",
                                "W": "8",
                                "Pt": "F",
                                "Dp": "15.7",
                                "$": "840"
                            },
                            {
                                "D": "SSW",
                                "G": "29",
                                "H": "79.7",
                                "P": "1005",
                                "S": "18",
                                "T": "19.6",
                                "V": "35000",
                                "W": "8",
                                "Pt": "F",
                                "Dp": "16.0",
                                "$": "900"
                            },
                            {
                                "D": "SSW",
                                "G": "31",
                                "H": "79.7",
                                "P": "1004",
                                "S": "19",
                                "T": "19.8",
                                "V": "50000",
                                "W": "8",
                                "Pt": "F",
                                "Dp": "16.2",
                                "$": "960"
                            }
                        ]
                    }
                ]
            }
        }
    }
}