{
    "SiteRep": {
        "Wx": {
            "Param": [
                {
                    "name": "G",
                    "units": "mph",
                    "$": "Wind Gust"
                },
                {
                    "name": "T",
                    "units": "C",
                    "$": "Temperature"
                },
                {
                    "name": "V",
                    "units": "m",
                    "$": "Visibility"
                },
                {
                    "name": "D",
                    "units": "compass",
                    "$": "Wind Direction"
                },
                {
                    "name": "S",
                    "units": "mph",
                    "$": "Wind Speed"
                },
                {
                    "name": "W",
                    "units": "",
                    "$": "Weather Type"
                },
                {
                    "name": "P",
                    "units": "hpa",
                    "$": "Pressure"
                },
                {
                    "name": "Pt",
                    "units": "Pa/s",
                    "$": "Pressure Tendency"
                },
                {
                    "name": "Dp",
                    "units": "C",
                    "$": "Dew Point"
                },
                {
                    "name": "H",
                    "units": "%",
                    "$": "Screen Relative Humidity"
                }
            ]
        },
        "DV": {
            "dataDate": "2024-07-09T16:00:00Z",
            "type": "Obs",
            "Location": {
                "i": "3772",
                "lat": "51.479",
                "lon": "-0.449",
                "name": "HEATHROW",
                "country": "ENGLAND",
                "continent": "EUROPE",
                "elevation": "25.0",
                "Period": [
                    {
                        "type": "Day",
                        "value": "2024-07-08Z",
                        "Rep": [
                            {
                                "D": "SSE",
                                "G": "15",
                                "H": "60.8",
                                "P": "1015",
                                "S": "11",
                                "T": "19.2",
                                "V": "75000",
                                "W": "8",
                                "Pt": "F",
                                "Dp": "11.5",
                                "$": "960"
                            },
                            {
                                "D": "SSE",
                                "G": "16",
                                "H": "64.7",
                                "P": "1015",
                                "S": "8",
                                "T": "17.9",
                                "V": "75000",
                                "W": "12",
                                "Pt": "F",
                                "Dp": "11.2",
                                "$": "1020"
                            },
                            {
                                "D": "SE",
                                "G": "15",
                                "H": "64.6",
                                "P": "1014",
                                "S": "10",
                                "T": "17.7",
                                "V": "60000",
                                "W": "12",
                                "Pt": "F",
                                "Dp": "11.0",
                                "$": "1080"
                            },
                            {
                                "D": "SE",
                                "G": "15",
                                "H": "78.0",
                                "P": "1015",
                                "S": "9",
                                "T": "15.5",
                                "V": "15000",
                                "W": "12",
                                "Pt": "F",
                                "Dp": "11.7",
                                "$": "1140"
                            },
                            {
                                "D": "ESE",
                                "G": "13",
                                "H": "87.7",
                                "P": "1014",
                                "S": "7",
                                "T": "14.7",
                                "V": "16000",
                                "W": "12",
                                "Pt": "F",
                                "Dp": "12.7",
                                "$": "1200"
                            },
                            {
                                "D": "E",
                                "G": "14",
                                "H": "91.9",
                                "P": "1014",
                                "S": "9",
                                "T": "14.2",
                                "V": "9000",
                                "W": "12",
                                "Pt": "F",
                                "Dp": "12.9",
                                "$": "1260"
                            },
                            {
                                "D": "E",
                                "G": "16",
                                "H": "93.6",
                                "P": "1014",
                                "S": "10",
                                "T": "14.2",
                                "V": "21000",
                                "W": "12",
                                "Pt": "F",
                                "Dp": "13.2",
                                "$": "1320"
                            },
                            {
                                "D": "E",
                                "G": "18",
                                "H": "96.2",
                                "P": "1013",
                                "S": "11",
                                "T": "14.2",
                                "V": "5000",
                                "W": "12",
                                "Pt": "F",
                                "Dp": "13.6",
                                "$": "1380"
                            }
                        ]
                    },
                    {
                        "type": "Day",
                        "value": "2024-07-09Z",
                        "Rep": [
                            {
                                "D": "E",
                                "G": "17",
                                "H": "97.4",
                                "P": "1013",
                                "S": "10",
                                "T": "14.2",
                                "V": "2700",
                                "W": "12",
                                "Pt": "F",
                                "Dp": "13.8",
                                "$": "0"
                            },
                            {
                                "D": "E",
                                "G": "16",
                                "H": "98.0",
                                "P": "1012",
                                "S": "11",
                                "T": "14.5",
                                "V": "2800",
                                "W": "12",
                                "Pt": "F",
                                "Dp": "14.2",
                                "$": "60"
                            },
                            {
                                "D": "E",
                                "G": "15",
                                "H": "97.4",
                                "P": "1011",
                                "S": "10",
                                "T": "15.0",
                                "V": "8000",
                                "W": "8",
                                "Pt": "F",
                                "Dp": "14.6",
                                "$": "120"
                            },
                            {
                                "D": "E",
                                "G": "17",
                                "H": "95.6",
                                "P": "1010",
                                "S": "10",
                                "T": "15.1",
                                "V": "22000",
                                "W": "8",
                                "Pt": "F",
                                "Dp": "14.4",
                                "$": "180"
                            },
                            {
                                "D": "E",
                                "G": "16",
                                "H": "93.7",
                                "P": "1010",
                                "S": "10",
                                "T": "15.3",
                                "V": "29000",
                                "W": "8",
                                "Pt": "F",
                                "Dp": "14.3",
                                "$": "240"
                            },
                            {
                                "D": "E",
                                "G": "14",
                                "H": "94.3",
                                "P": "1009",
                                "S": "6",
                                "T": "15.3",
                                "V": "21000",
                                "W": "8",
                                "Pt": "F",
                                "Dp": "14.4",
                                "$": "300"
                            },
                            {
                                "D": "SE",
                                "G": "11",
                                "H": "90.2",
                                "P": "1009",
                                "S": "7",
                                "T": "16.1",
                                "V": "40000",
                                "W": "8",
                                "Pt": "F",
                                "Dp": "14.5",
                                "$": "360"
                            },
                            {
                                "D": "SSE",
                                "G": "16",
                                "H": "88.5",
                                "P": "1009",
                                "S": "8",
                                "T": "17.0",
                                "V": "35000",
                                "W": "8",
                                "Pt": "F",
                                "Dp": "15.1",
                                "$": "420"
                            },
                            {
                                "D": "SE",
                                "G": "15",
                                "H": "86.9",
                                "P": "1009",
                                "S": "9",
                                "T": "17.9",
                                "V": "35000",
                                "W": "8",
                                "Pt": "F",
                                "Dp": "15.7",
                                "$": "480"
                            },
                            {
                                "D": "SSE",
                                "G": "16",
                                "H": "84.8",
                                "P": "1009",
                                "S": "11",
                                "T": "18.9",
                                "V": "40000",
                                "W": "8",
                                "Pt": "R",
                                "Dp": "16.3",
                                "$": "540"
                            },
                            {
                                "D": "S",
                                "G": "19",
                                "H": "83.7",
                                "P": "1010",
                                "S": "11",
                                "T": "18.9",
                                "V": "40000",
                                "W": "8",
                                "Pt": "R",
                                "Dp": "16.1",
                                "$": "600"
                            },
                            {
                                "D": "S",
                                "G": "19",
                                "H": "90.9",
                                "P": "1010",
                                "S": "9",
                                "T": "18.5",
                                "V": "15000",
                                "W": "12",
                                "Pt": "R",
                                "Dp": "17.0",
                                "$": "660"
                            },
                            {
                                "D": "S",
                                "G": "15",
                                "H": "92.1",
                                "P": "1010",
                                "S": "8",
                                "T": "18.8",
                                "V": "14000",
                                "W": "12",
                                "Pt": "R",
                                "Dp": "17.5",
                                "$": "720"
                            },
                            {
                                "D": "S",
                                "G": "15",
                                "H": "93.3",
                                "P": "1009",
                                "S": "9",
                                "T": "18.7",
                                "V": "16000",
                                "W": "12",
                                "Pt": "F",
                                "Dp": "17.6",
                                "$": "780"
                            },
                            {
                                "D": "S",
                                "G": "15",
                                "H": "92.1",
                                "P": "1009",
                                "S": "9",
                                "T": "19.0",
                                "V": "16000",
                                "W": "12",
                                "Pt": "F",
                                "Dp": "17.7",
                                "$": "840"
                            },
                            {
                                "D": "S",
                                "G": "18",
                                "H": "92.7",
                                "P": "1009",
                                "S": "10",
                                "T": "18.2",
                                "V": "1000",
                                "W": "15",
                                "Pt": "F",
                                "Dp": "17.0",
                                "$": "900"
                            },
                            {
                                "D": "S",
                                "G": "16",
                                "H": "91.5",
                                "P": "1009",
                                "S": "11",
                                "T": "19.1",
                                "V": "4400",
                                "W": "12",
                                "Pt": "F",
                                "Dp": "17.7",
                                "$": "960"
                            }
                        ]
                    }
                ]
            }
        }
    }
}