{
    "SiteRep": {
        "Wx": {
            "Param": [
                {
                    "name": "G",
                    "units": "mph",
                    "$": "Wind Gust"
                },
                {
                    "name": "T",
                    "units": "C",
                    "$": "Temperature"
                },
                {
                    "name": "V",
                    "units": "m",
                    "$": "Visibility"
                },
                {
                    "name": "D",
                    "units": "compass",
                    "$": "Wind Direction"
                },
                {
                    "name": "S",
                    "units": "mph",
                    "$": "Wind Speed"
                },
                {
                    "name": "W",
                    "units": "",
                    "$": "Weather Type"
                },
                {
                    "name": "P",
                    "units": "hpa",
                    "$": "Pressure"
                },
                {
                    "name": "Pt",
                    "units": "Pa/s",
                    "$": "Pressure Tendency"
                },
                {
                    "name": "Dp",
                    "units": "C",
                    "$": "Dew Point"
                },
                {
                    "name": "H",
                    "units": "%",
                    "$": "Screen Relative Humidity"
                }
            ]
        },
        "DV": {
            "dataDate": "2025-05-27T16:00:00Z",
            "type": "Obs",
            "Location": {
                "i": "3772",
                "lat": "51.479",
                "lon": "-0.449",
                "name": "HEATHROW",
                "country": "ENGLAND",
                "continent": "EUROPE",
                "elevation": "25.0",
                "Period": [
                    {
                        "type": "Day",
                        "value": "2025-05-26Z",
                        "Rep": [
                            {
                                "D": "WSW",
                                "G": "28",
                                "H": "61.1",
                                "P": "1014",
                                "S": "17",
                                "T": "16.9",
                                "V": "17000",
                                "W": "12",
                                "Pt": "F",
                                "Dp": "9.4",
                                "$": "960"
                            },
                            {
                                "D": "SW",
                                "G": "34",
                                "H": "62.1",
                                "P": "1014",
                                "S": "23",
                                "T": "16.3",
                                "V": "45000",
                                "W": "8",
                                "Pt": "F",
                                "Dp": "9.1",
                                "$": "1020"
                            },
                            {
                                "D": "SW",
                                "G": "32",
                                "H": "81.0",
                                "P": "1014",
                                "S": "21",
                                "T": "14.4",
                                "V": "30000",
                                "W": "15",
                                "Pt": "F",
                                "Dp": "11.2",
                                "$": "1080"
                            },
                            {
                                "D": "SW",
                                "G": "25",
                                "H": "67.2",
                                "P": "1014",
                                "S": "17",
                                "T": "15.6",
                                "V": "40000",
                                "W": "8",
                                "Pt": "F",
                                "Dp": "9.6",
                                "$": "1140"
                            },
                            {
                                "D": "SW",
                                "G": "30",
                                "H": "69.9",
                                "P": "1014",
                                "S": "16",
                                "T": "15.1",
                                "V": "35000",
                                "W": "8",
                                "Pt": "F",
                                "Dp": "9.7",
                                "$": "1200"
                            },
                            {
                                "D": "SSW",
                                "G": "37",
                                "H": "75.2",
                                "P": "1013",
                                "S": "15",
                                "T": "14.5",
                                "V": "30000",
                                "W": "8",
                                "Pt": "F",
                                "Dp": "10.2",
                                "$": "1260"
                            },
                            {
                                "D": "SW",
                                "G": "30",
                                "H": "73.8",
                                "P": "1013",
                                "S": "19",
                                "T": "14.6",
                                "V": "35000",
                                "W": "8",
                                "Pt": "F",
                                "Dp": "10.0",
                                "$": "1320"
                            },
                            {
                                "D": "SW",
                                "G": "30",
                                "H": "73.8",
                                "P": "1012",
                                "S": "19",
                                "T": "14.6",
                                "V": "28000",
                                "W": "8",
                                "Pt": "F",
                                "Dp": "10.0",
                                "$": "1380"
                            }
                        ]
                    },
                    {
                        "type": "Day",
                        "value": "2025-05-27Z",
                        "Rep": [
                            {
                                "D": "SSW",
                                "G": "30",
                                "H": "83.1",
                                "P": "1012",
                                "S": "19",
                                "T": "13.9",
                                "V": "30000",
                                "W": "8",
                                "Pt": "F",
                                "Dp": "11.1",
                                "$": "0"
                            },
                            {
                                "D": "SSW",
                                "G": "29",
                                "H": "88.8",
                                "P": "1011",
                                "S": "18",
                                "T": "13.8",
                                "V": "30000",
                                "W": "8",
                                "Pt": "F",
                                "Dp": "12.0",
                                "$": "60"
                            },
                            {
                                "D": "SSW",
                                "G": "32",
                                "H": "86.6",
                                "P": "1011",
                                "S": "16",
                                "T": "14.3",
                                "V": "45000",
                                "W": "8",
                                "Pt": "F",
                                "Dp": "12.1",
                                "$": "120"
                            },
                            {
                                "D": "SSW",
                                "G": "25",
                                "H": "90.1",
                                "P": "1010",
                                "S": "17",
                                "T": "14.2",
                                "V": "16000",
                                "W": "11",
                                "Pt": "F",
                                "Dp": "12.6",
                                "$": "180"
                            },
                            {
                                "D": "W",
                                "G": "32",
                                "H": "89.4",
                                "P": "1011",
                                "S": "14",
                                "T": "13.4",
                                "V": "35000",
                                "W": "8",
                                "Pt": "R",
                                "Dp": "11.7",
                                "$": "240"
                            },
                            {
                                "D": "SW",
                                "G": "21",
                                "H": "91.2",
                                "P": "1012",
                                "S": "10",
                                "T": "13.5",
                                "V": "35000",
                                "W": "3",
                                "Pt": "R",
                                "Dp": "12.1",
                                "$": "300"
                            },
                            {
                                "D": "WSW",
                                "G": "26",
                                "H": "80.9",
                                "P": "1012",
                                "S": "17",
                                "T": "14.0",
                                "V": "26000",
                                "W": "8",
                                "Pt": "R",
                                "Dp": "10.8",
                                "$": "360"
                            },
                            {
                                "D": "WSW",
                                "G": "24",
                                "H": "77.8",
                                "P": "1013",
                                "S": "16",
                                "T": "14.4",
                                "V": "25000",
                                "W": "8",
                                "Pt": "R",
                                "Dp": "10.6",
                                "$": "420"
                            },
                            {
                                "D": "WSW",
                                "G": "24",
                                "H": "72.9",
                                "P": "1013",
                                "S": "15",
                                "T": "15.3",
                                "V": "25000",
                                "W": "8",
                                "Pt": "R",
                                "Dp": "10.5",
                                "$": "480"
                            },
                            {
                                "D": "SW",
                                "G": "24",
                                "H": "70.1",
                                "P": "1013",
                                "S": "16",
                                "T": "15.7",
                                "V": "23000",
                                "W": "12",
                                "Pt": "R",
                                "Dp": "10.3",
                                "$": "540"
                            },
                            {
                                "D": "SW",
                                "G": "22",
                                "H": "78.9",
                                "P": "1013",
                                "S": "14",
                                "T": "14.4",
                                "V": "6000",
                                "W": "12",
                                "Pt": "R",
                                "Dp": "10.8",
                                "$": "600"
                            },
                            {
                                "D": "S",
                                "G": "18",
                                "H": "92.5",
                                "P": "1012",
                                "S": "10",
                                "T": "13.8",
                                "V": "4100",
                                "W": "12",
                                "Pt": "F",
                                "Dp": "12.6",
                                "$": "660"
                            },
                            {
                                "D": "S",
                                "G": "18",
                                "H": "93.0",
                                "P": "1011",
                                "S": "11",
                                "T": "13.8",
                                "V": "7000",
                                "W": "12",
                                "Pt": "F",
                                "Dp": "12.7",
                                "$": "720"
                            },
                            {
                                "D": "SSW",
                                "G": "23",
                                "H": "93.8",
                                "P": "1010",
                                "S": "13",
                                "T": "15.4",
                                "V": "2000",
                                "W": "12",
                                "Pt": "F",
                                "Dp": "14.4",
                                "$": "780"
                            },
                            {
                                "D": "SW",
                                "G": "29",
                                "H": "92.0",
                                "P": "1010",
                                "S": "17",
                                "T": "16.2",
                                "V": "30000",
                                "W": "12",
                                "Pt": "F",
                                "Dp": "14.9",
                                "$": "840"
                            },
                            {
                                "D": "SW",
                                "G": "31",
                                "H": "88.4",
                                "P": "1010",
                                "S": "21",
                                "T": "16.4",
                                "V": "10000",
                                "W": "12",
                                "Pt": "F",
                                "Dp": "14.5",
                                "$": "900"
                            },
                            {
                                "D": "SW",
                                "G": "33",
                                "H": "84.6",
                                "P": "1010",
                                "S": "22",
                                "T": "17.2",
                                "V": "50000",
                                "W": "8",
                                "Pt": "F",
                                "Dp": "14.6",
                                "$": "960"
                            }
                        ]
                    }
                ]
            }
        }
    }
}