{
    "SiteRep": {
        "Wx": {
            "Param": [
                {
                    "name": "G",
                    "units": "mph",
                    "$": "Wind Gust"
                },
                {
                    "name": "T",
                    "units": "C",
                    "$": "Temperature"
                },
                {
                    "name": "V",
                    "units": "m",
                    "$": "Visibility"
                },
                {
                    "name": "D",
                    "units": "compass",
                    "$": "Wind Direction"
                },
                {
                    "name": "S",
                    "units": "mph",
                    "$": "Wind Speed"
                },
                {
                    "name": "W",
                    "units": "",
                    "$": "Weather Type"
                },
                {
                    "name": "P",
                    "units": "hpa",
                    "$": "Pressure"
                },
                {
                    "name": "Pt",
                    "units": "Pa/s",
                    "$": "Pressure Tendency"
                },
                {
                    "name": "Dp",
                    "units": "C",
                    "$": "Dew Point"
                },
                {
                    "name": "H",
                    "units": "%",
                    "$": "Screen Relative Humidity"
                }
            ]
        },
        "DV": {
            "dataDate": "2024-06-03T16:00:00Z",
            "type": "Obs",
            "Location": {
                "i": "3772",
                "lat": "51.479",
                "lon": "-0.449",
                "name": "HEATHROW",
                "country": "ENGLAND",
                "continent": "EUROPE",
                "elevation": "25.0",
                "Period": [
                    {
                        "type": "Day",
                        "value": "2024-06-02Z",
                        "Rep": [
                            {
                                "D": "NW",
                                "G": "16",
                                "H": "32.7",
                                "P": "1025",
                                "S": "7",
                                "T": "23.7",
                                "V": "40000",
                                "W": "1",
                                "Pt": "F",
                                "Dp": "6.6",
                                "$": "960"
                            },
                            {
                                "D": "NW",
                                "G": "16",
                                "H": "34.0",
                                "P": "1024",
                                "S": "9",
                                "T": "23.4",
                                "V": "40000",
                                "W": "1",
                                "Pt": "F",
                                "Dp": "6.9",
                                "$": "1020"
                            },
                            {
                                "D": "NW",
                                "G": "17",
                                "H": "36.4",
                                "P": "1024",
                                "S": "9",
                                "T": "23.0",
                                "V": "45000",
                                "W": "1",
                                "Pt": "F",
                                "Dp": "7.5",
                                "$": "1080"
                            },
                            {
                                "D": "NW",
                                "G": "15",
                                "H": "40.6",
                                "P": "1024",
                                "S": "8",
                                "T": "22.1",
                                "V": "50000",
                                "W": "1",
                                "Pt": "F",
                                "Dp": "8.3",
                                "$": "1140"
                            },
                            {
                                "D": "NW",
                                "G": "11",
                                "H": "45.6",
                                "P": "1024",
                                "S": "5",
                                "T": "20.5",
                                "V": "40000",
                                "W": "1",
                                "Pt": "F",
                                "Dp": "8.5",
                                "$": "1200"
                            },
                            {
                                "D": "NNW",
                                "G": "10",
                                "H": "52.9",
                                "P": "1024",
                                "S": "3",
                                "T": "19.1",
                                "V": "55000",
                                "W": "0",
                                "Pt": "F",
                                "Dp": "9.4",
                                "$": "1260"
                            },
                            {
                                "D": "NNW",
                                "G": "9",
                                "H": "61.1",
                                "P": "1024",
                                "S": "5",
                                "T": "17.8",
                                "V": "55000",
                                "W": "0",
                                "Pt": "S",
                                "Dp": "10.3",
                                "$": "1320"
                            },
                            {
                                "D": "NW",
                                "G": "14",
                                "H": "67.7",
                                "P": "1024",
                                "S": "8",
                                "T": "16.4",
                                "V": "60000",
                                "W": "0",
                                "Pt": "R",
                                "Dp": "10.5",
                                "$": "1380"
                            }
                        ]
                    },
                    {
                        "type": "Day",
                        "value": "2024-06-03Z",
                        "Rep": [
                            {
                                "D": "NW",
                                "G": "13",
                                "H": "74.1",
                                "P": "1024",
                                "S": "6",
                                "T": "14.7",
                                "V": "55000",
                                "W": "8",
                                "Pt": "R",
                                "Dp": "10.2",
                                "$": "0"
                            },
                            {
                                "D": "WNW",
                                "G": "11",
                                "H": "79.1",
                                "P": "1024",
                                "S": "5",
                                "T": "13.5",
                                "V": "55000",
                                "W": "0",
                                "Pt": "F",
                                "Dp": "10.0",
                                "$": "60"
                            },
                            {
                                "D": "WNW",
                                "G": "8",
                                "H": "81.8",
                                "P": "1023",
                                "S": "3",
                                "T": "13.1",
                                "V": "55000",
                                "W": "7",
                                "Pt": "F",
                                "Dp": "10.1",
                                "$": "120"
                            },
                            {
                                "D": "W",
                                "G": "7",
                                "H": "83.4",
                                "P": "1023",
                                "S": "5",
                                "T": "12.8",
                                "V": "45000",
                                "W": "7",
                                "Pt": "F",
                                "Dp": "10.1",
                                "$": "180"
                            },
                            {
                                "D": "W",
                                "G": "7",
                                "H": "84.0",
                                "P": "1022",
                                "S": "5",
                                "T": "12.7",
                                "V": "45000",
                                "W": "8",
                                "Pt": "F",
                                "Dp": "10.1",
                                "$": "240"
                            },
                            {
                                "D": "WNW",
                                "G": "7",
                                "H": "83.5",
                                "P": "1022",
                                "S": "3",
                                "T": "12.9",
                                "V": "40000",
                                "W": "8",
                                "Pt": "F",
                                "Dp": "10.2",
                                "$": "300"
                            },
                            {
                                "D": "WNW",
                                "G": "6",
                                "H": "82.4",
                                "P": "1022",
                                "S": "3",
                                "T": "13.9",
                                "V": "35000",
                                "W": "8",
                                "Pt": "F",
                                "Dp": "11.0",
                                "$": "360"
                            },
                            {
                                "D": "NW",
                                "G": "9",
                                "H": "77.3",
                                "P": "1022",
                                "S": "5",
                                "T": "15.3",
                                "V": "35000",
                                "W": "8",
                                "Pt": "F",
                                "Dp": "11.4",
                                "$": "420"
                            },
                            {
                                "D": "WNW",
                                "G": "9",
                                "H": "74.4",
                                "P": "1022",
                                "S": "3",
                                "T": "16.2",
                                "V": "40000",
                                "W": "8",
                                "Pt": "F",
                                "Dp": "11.7",
                                "$": "480"
                            },
                            {
                                "D": "W",
                                "G": "9",
                                "H": "71.8",
                                "P": "1022",
                                "S": "5",
                                "T": "17.6",
                                "V": "40000",
                                "W": "8",
                                "Pt": "F",
                                "Dp": "12.5",
                                "$": "540"
                            },
                            {
                                "D": "WNW",
                                "G": "11",
                                "H": "66.5",
                                "P": "1021",
                                "S": "8",
                                "T": "18.6",
                                "V": "50000",
                                "W": "8",
                                "Pt": "F",
                                "Dp": "12.3",
                                "$": "600"
                            },
                            {
                                "D": "NW",
                                "G": "11",
                                "H": "64.6",
                                "P": "1022",
                                "S": "6",
                                "T": "18.1",
                                "V": "55000",
                                "W": "8",
                                "Pt": "F",
                                "Dp": "11.4",
                                "$": "660"
                            },
                            {
                                "D": "NNW",
                                "G": "11",
                                "H": "64.2",
                                "P": "1021",
                                "S": "7",
                                "T": "18.4",
                                "V": "50000",
                                "W": "8",
                                "Pt": "F",
                                "Dp": "11.6",
                                "$": "720"
                            },
                            {
                                "D": "NW",
                                "G": "11",
                                "H": "61.5",
                                "P": "1021",
                                "S": "5",
                                "T": "19.3",
                                "V": "65000",
                                "W": "8",
                                "Pt": "F",
                                "Dp": "11.8",
                                "$": "780"
                            },
                            {
                                "D": "NW",
                                "G": "9",
                                "H": "62.8",
                                "P": "1020",
                                "S": "5",
                                "T": "19.3",
                                "V": "45000",
                                "W": "8",
                                "Pt": "F",
                                "Dp": "12.1",
                                "$": "840"
                            },
                            {
                                "D": "W",
                                "G": "14",
                                "H": "58.1",
                                "P": "1020",
                                "S": "9",
                                "T": "20.0",
                                "V": "45000",
                                "W": "8",
                                "Pt": "F",
                                "Dp": "11.6",
                                "$": "900"
                            },
                            {
                                "D": "NW",
                                "G": "13",
                                "H": "56.8",
                                "P": "1020",
                                "S": "6",
                                "T": "20.7",
                                "V": "50000",
                                "W": "7",
                                "Pt": "F",
                                "Dp": "11.9",
                                "$": "960"
                            }
                        ]
                    }
                ]
            }
        }
    }
}