{
    "SiteRep": {
        "Wx": {
            "Param": [
                {
                    "name": "G",
                    "units": "mph",
                    "$": "Wind Gust"
                },
                {
                    "name": "T",
                    "units": "C",
                    "$": "Temperature"
                },
                {
                    "name": "V",
                    "units": "m",
                    "$": "Visibility"
                },
                {
                    "name": "D",
                    "units": "compass",
                    "$": "Wind Direction"
                },
                {
                    "name": "S",
                    "units": "mph",
                    "$": "Wind Speed"
                },
                {
                    "name": "W",
                    "units": "",
                    "$": "Weather Type"
                },
                {
                    "name": "P",
                    "units": "hpa",
                    "$": "Pressure"
                },
                {
                    "name": "Pt",
                    "units": "Pa/s",
                    "$": "Pressure Tendency"
                },
                {
                    "name": "Dp",
                    "units": "C",
                    "$": "Dew Point"
                },
                {
                    "name": "H",
                    "units": "%",
                    "$": "Screen Relative Humidity"
                }
            ]
        },
        "DV": {
            "dataDate": "2025-12-09T16:00:00Z",
            "type": "Obs",
            "Location": {
                "i": "3772",
                "lat": "51.479",
                "lon": "-0.449",
                "name": "HEATHROW",
                "country": "ENGLAND",
                "continent": "EUROPE",
                "elevation": "25.0",
                "Period": [
                    {
                        "type": "Day",
                        "value": "2025-12-08Z",
                        "Rep": [
                            {
                                "D": "SSW",
                                "G": "18",
                                "H": "91.8",
                                "P": "1009",
                                "S": "13",
                                "T": "13.0",
                                "V": "2400",
                                "W": "8",
                                "Pt": "R",
                                "Dp": "11.7",
                                "$": "960"
                            },
                            {
                                "D": "SSW",
                                "G": "19",
                                "H": "93.0",
                                "P": "1009",
                                "S": "14",
                                "T": "12.6",
                                "V": "24000",
                                "W": "8",
                                "Pt": "R",
                                "Dp": "11.5",
                                "$": "1020"
                            },
                            {
                                "D": "SSW",
                                "G": "22",
                                "H": "93.5",
                                "P": "1009",
                                "S": "13",
                                "T": "12.2",
                                "V": "35000",
                                "W": "11",
                                "Pt": "R",
                                "Dp": "11.2",
                                "$": "1080"
                            },
                            {
                                "D": "SSW",
                                "G": "18",
                                "H": "90.5",
                                "P": "1009",
                                "S": "11",
                                "T": "12.8",
                                "V": "27000",
                                "W": "8",
                                "Pt": "R",
                                "Dp": "11.3",
                                "$": "1140"
                            },
                            {
                                "D": "SSW",
                                "G": "17",
                                "H": "88.2",
                                "P": "1010",
                                "S": "13",
                                "T": "12.6",
                                "V": "30000",
                                "W": "8",
                                "Pt": "R",
                                "Dp": "10.7",
                                "$": "1200"
                            },
                            {
                                "D": "S",
                                "G": "16",
                                "H": "88.8",
                                "P": "1009",
                                "S": "8",
                                "T": "12.4",
                                "V": "27000",
                                "W": "8",
                                "Pt": "R",
                                "Dp": "10.6",
                                "$": "1260"
                            },
                            {
                                "D": "SE",
                                "G": "15",
                                "H": "95.4",
                                "P": "1009",
                                "S": "9",
                                "T": "11.9",
                                "V": "17000",
                                "W": "8",
                                "Pt": "F",
                                "Dp": "11.2",
                                "$": "1320"
                            },
                            {
                                "D": "SSE",
                                "G": "14",
                                "H": "97.4",
                                "P": "1008",
                                "S": "9",
                                "T": "12.4",
                                "V": "9000",
                                "W": "12",
                                "Pt": "F",
                                "Dp": "12.0",
                                "$": "1380"
                            }
                        ]
                    },
                    {
                        "type": "Day",
                        "value": "2025-12-09Z",
                        "Rep": [
                            {
                                "D": "S",
                                "G": "18",
                                "H": "91.8",
                                "P": "1008",
                                "S": "11",
                                "T": "13.1",
                                "V": "11000",
                                "W": "12",
                                "Pt": "F",
                                "Dp": "11.8",
                                "$": "0"
                            },
                            {
                                "D": "S",
                                "G": "22",
                                "H": "88.2",
                                "P": "1007",
                                "S": "11",
                                "T": "13.1",
                                "V": "14000",
                                "W": "12",
                                "Pt": "F",
                                "Dp": "11.2",
                                "$": "60"
                            },
                            {
                                "D": "S",
                                "G": "23",
                                "H": "88.8",
                                "P": "1007",
                                "S": "14",
                                "T": "12.7",
                                "V": "30000",
                                "W": "8",
                                "Pt": "F",
                                "Dp": "10.9",
                                "$": "120"
                            },
                            {
                                "D": "S",
                                "G": "23",
                                "H": "91.1",
                                "P": "1007",
                                "S": "14",
                                "T": "12.2",
                                "V": "11000",
                                "W": "12",
                                "Pt": "F",
                                "Dp": "10.8",
                                "$": "180"
                            },
                            {
                                "D": "S",
                                "G": "21",
                                "H": "93.5",
                                "P": "1006",
                                "S": "14",
                                "T": "11.9",
                                "V": "8000",
                                "W": "12",
                                "Pt": "F",
                                "Dp": "10.9",
                                "$": "240"
                            },
                            {
                                "D": "S",
                                "G": "31",
                                "H": "92.4",
                                "P": "1005",
                                "S": "19",
                                "T": "12.0",
                                "V": "7000",
                                "W": "12",
                                "Pt": "F",
                                "Dp": "10.8",
                                "$": "300"
                            },
                            {
                                "D": "S",
                                "G": "30",
                                "H": "91.1",
                                "P": "1005",
                                "S": "18",
                                "T": "12.0",
                                "V": "24000",
                                "W": "12",
                                "Pt": "F",
                                "Dp": "10.6",
                                "$": "360"
                            },
                            {
                                "D": "S",
                                "G": "30",
                                "H": "91.7",
                                "P": "1004",
                                "S": "17",
                                "T": "11.8",
                                "V": "21000",
                                "W": "12",
                                "Pt": "F",
                                "Dp": "10.5",
                                "$": "420"
                            },
                            {
                                "D": "S",
                                "G": "29",
                                "H": "89.4",
                                "P": "1003",
                                "S": "17",
                                "T": "12.3",
                                "V": "40000",
                                "W": "11",
                                "Pt": "F",
                                "Dp": "10.6",
                                "$": "480"
                            },
                            {
                                "D": "S",
                                "G": "32",
                                "H": "89.4",
                                "P": "1003",
                                "S": "15",
                                "T": "12.3",
                                "V": "35000",
                                "W": "8",
                                "Pt": "F",
                                "Dp": "10.6",
                                "$": "540"
                            },
                            {
                                "D": "S",
                                "G": "25",
                                "H": "87.6",
                                "P": "1003",
                                "S": "13",
                                "T": "12.9",
                                "V": "40000",
                                "W": "8",
                                "Pt": "F",
                                "Dp": "10.9",
                                "$": "600"
                            },
                            {
                                "D": "S",
                                "G": "25",
                                "H": "79.8",
                                "P": "1003",
                                "S": "15",
                                "T": "13.4",
                                "V": "40000",
                                "W": "8",
                                "Pt": "F",
                                "Dp": "10.0",
                                "$": "660"
                            },
                            {
                                "D": "S",
                                "G": "25",
                                "H": "77.9",
                                "P": "1002",
                                "S": "15",
                                "T": "14.0",
                                "V": "40000",
                                "W": "8",
                                "Pt": "F",
                                "Dp": "10.2",
                                "$": "720"
                            },
                            {
                                "D": "S",
                                "G": "30",
                                "H": "75.8",
                                "P": "1002",
                                "S": "16",
                                "T": "14.2",
                                "V": "30000",
                                "W": "8",
                                "Pt": "F",
                                "Dp": "10.0",
                                "$": "780"
                            },
                            {
                                "D": "S",
                                "G": "28",
                                "H": "73.3",
                                "P": "1002",
                                "S": "16",
                                "T": "14.0",
                                "V": "40000",
                                "W": "8",
                                "Pt": "F",
                                "Dp": "9.3",
                                "$": "840"
                            },
                            {
                                "D": "S",
                                "G": "30",
                                "H": "78.4",
                                "P": "1001",
                                "S": "18",
                                "T": "13.8",
                                "V": "20000",
                                "W": "12",
                                "Pt": "F",
                                "Dp": "10.1",
                                "$": "900"
                            },
                            {
                                "D": "S",
                                "G": "28",
                                "H": "89.4",
                                "P": "1001",
                                "S": "16",
                                "T": "13.3",
                                "V": "14000",
                                "W": "12",
                                "Pt": "F",
                                "Dp": "11.6",
                                "$": "960"
                            }
                        ]
                    }
                ]
            }
        }
    }
}