{
    "SiteRep": {
        "Wx": {
            "Param": [
                {
                    "name": "G",
                    "units": "mph",
                    "$": "Wind Gust"
                },
                {
                    "name": "T",
                    "units": "C",
                    "$": "Temperature"
                },
                {
                    "name": "V",
                    "units": "m",
                    "$": "Visibility"
                },
                {
                    "name": "D",
                    "units": "compass",
                    "$": "Wind Direction"
                },
                {
                    "name": "S",
                    "units": "mph",
                    "$": "Wind Speed"
                },
                {
                    "name": "W",
                    "units": "",
                    "$": "Weather Type"
                },
                {
                    "name": "P",
                    "units": "hpa",
                    "$": "Pressure"
                },
                {
                    "name": "Pt",
                    "units": "Pa/s",
                    "$": "Pressure Tendency"
                },
                {
                    "name": "Dp",
                    "units": "C",
                    "$": "Dew Point"
                },
                {
                    "name": "H",
                    "units": "%",
                    "$": "Screen Relative Humidity"
                }
            ]
        },
        "DV": {
            "dataDate": "2024-05-26T16:00:00Z",
            "type": "Obs",
            "Location": {
                "i": "3772",
                "lat": "51.479",
                "lon": "-0.449",
                "name": "HEATHROW",
                "country": "ENGLAND",
                "continent": "EUROPE",
                "elevation": "25.0",
                "Period": [
                    {
                        "type": "Day",
                        "value": "2024-05-25Z",
                        "Rep": [
                            {
                                "D": "S",
                                "G": "16",
                                "H": "40.1",
                                "P": "1014",
                                "S": "9",
                                "T": "20.4",
                                "V": "50000",
                                "W": "1",
                                "Pt": "F",
                                "Dp": "6.5",
                                "$": "960"
                            },
                            {
                                "D": "SSW",
                                "G": "17",
                                "H": "41.5",
                                "P": "1014",
                                "S": "9",
                                "T": "20.3",
                                "V": "60000",
                                "W": "1",
                                "Pt": "F",
                                "Dp": "6.9",
                                "$": "1020"
                            },
                            {
                                "D": "SSW",
                                "G": "17",
                                "H": "38.3",
                                "P": "1014",
                                "S": "8",
                                "T": "19.1",
                                "V": "65000",
                                "W": "1",
                                "Pt": "F",
                                "Dp": "4.7",
                                "$": "1080"
                            },
                            {
                                "D": "SSE",
                                "G": "11",
                                "H": "46.0",
                                "P": "1014",
                                "S": "8",
                                "T": "18.0",
                                "V": "65000",
                                "W": "3",
                                "Pt": "F",
                                "Dp": "6.3",
                                "$": "1140"
                            },
                            {
                                "D": "S",
                                "G": "14",
                                "H": "57.4",
                                "P": "1014",
                                "S": "9",
                                "T": "17.0",
                                "V": "55000",
                                "W": "8",
                                "Pt": "F",
                                "Dp": "8.6",
                                "$": "1200"
                            },
                            {
                                "D": "S",
                                "G": "15",
                                "H": "61.7",
                                "P": "1014",
                                "S": "8",
                                "T": "16.1",
                                "V": "55000",
                                "W": "8",
                                "Pt": "F",
                                "Dp": "8.8",
                                "$": "1260"
                            },
                            {
                                "D": "S",
                                "G": "11",
                                "H": "63.7",
                                "P": "1013",
                                "S": "7",
                                "T": "15.5",
                                "V": "55000",
                                "W": "8",
                                "Pt": "S",
                                "Dp": "8.7",
                                "$": "1320"
                            },
                            {
                                "D": "S",
                                "G": "10",
                                "H": "66.3",
                                "P": "1013",
                                "S": "7",
                                "T": "15.5",
                                "V": "50000",
                                "W": "8",
                                "Pt": "F",
                                "Dp": "9.3",
                                "$": "1380"
                            }
                        ]
                    },
                    {
                        "type": "Day",
                        "value": "2024-05-26Z",
                        "Rep": [
                            {
                                "D": "SSE",
                                "G": "10",
                                "H": "69.9",
                                "P": "1013",
                                "S": "5",
                                "T": "14.9",
                                "V": "45000",
                                "W": "8",
                                "Pt": "F",
                                "Dp": "9.5",
                                "$": "0"
                            },
                            {
                                "D": "SSW",
                                "G": "17",
                                "H": "89.9",
                                "P": "1013",
                                "S": "5",
                                "T": "12.7",
                                "V": "16000",
                                "W": "12",
                                "Pt": "F",
                                "Dp": "11.1",
                                "$": "60"
                            },
                            {
                                "D": "ENE",
                                "G": "7",
                                "H": "91.8",
                                "P": "1012",
                                "S": "5",
                                "T": "12.6",
                                "V": "15000",
                                "W": "12",
                                "Pt": "F",
                                "Dp": "11.3",
                                "$": "120"
                            },
                            {
                                "D": "E",
                                "G": "9",
                                "H": "94.8",
                                "P": "1011",
                                "S": "6",
                                "T": "12.3",
                                "V": "6000",
                                "W": "12",
                                "Pt": "F",
                                "Dp": "11.5",
                                "$": "180"
                            },
                            {
                                "D": "E",
                                "G": "10",
                                "H": "95.5",
                                "P": "1011",
                                "S": "6",
                                "T": "12.5",
                                "V": "11000",
                                "W": "12",
                                "Pt": "F",
                                "Dp": "11.8",
                                "$": "240"
                            },
                            {
                                "D": "ESE",
                                "G": "13",
                                "H": "96.2",
                                "P": "1011",
                                "S": "9",
                                "T": "12.6",
                                "V": "25000",
                                "W": "8",
                                "Pt": "F",
                                "Dp": "12.0",
                                "$": "300"
                            },
                            {
                                "D": "ESE",
                                "G": "14",
                                "H": "94.2",
                                "P": "1011",
                                "S": "10",
                                "T": "12.7",
                                "V": "45000",
                                "W": "8",
                                "Pt": "F",
                                "Dp": "11.8",
                                "$": "360"
                            },
                            {
                                "D": "SE",
                                "G": "13",
                                "H": "91.2",
                                "P": "1011",
                                "S": "9",
                                "T": "13.9",
                                "V": "45000",
                                "W": "8",
                                "Pt": "F",
                                "Dp": "12.5",
                                "$": "420"
                            },
                            {
                                "D": "SSE",
                                "G": "15",
                                "H": "87.7",
                                "P": "1011",
                                "S": "9",
                                "T": "14.7",
                                "V": "45000",
                                "W": "8",
                                "Pt": "F",
                                "Dp": "12.7",
                                "$": "480"
                            },
                            {
                                "D": "S",
                                "G": "18",
                                "H": "82.8",
                                "P": "1010",
                                "S": "11",
                                "T": "16.0",
                                "V": "45000",
                                "W": "8",
                                "Pt": "S",
                                "Dp": "13.1",
                                "$": "540"
                            },
                            {
                                "D": "S",
                                "G": "18",
                                "H": "70.5",
                                "P": "1010",
                                "S": "13",
                                "T": "18.1",
                                "V": "65000",
                                "W": "1",
                                "Pt": "F",
                                "Dp": "12.7",
                                "$": "600"
                            },
                            {
                                "D": "SW",
                                "G": "25",
                                "H": "66.9",
                                "P": "1011",
                                "S": "15",
                                "T": "17.7",
                                "V": "30000",
                                "W": "12",
                                "Pt": "R",
                                "Dp": "11.5",
                                "$": "660"
                            },
                            {
                                "D": "SSW",
                                "G": "23",
                                "H": "57.4",
                                "P": "1010",
                                "S": "15",
                                "T": "19.7",
                                "V": "45000",
                                "W": "3",
                                "Pt": "S",
                                "Dp": "11.1",
                                "$": "720"
                            },
                            {
                                "D": "SSW",
                                "G": "29",
                                "H": "59.0",
                                "P": "1011",
                                "S": "19",
                                "T": "18.4",
                                "V": "27000",
                                "W": "8",
                                "Pt": "R",
                                "Dp": "10.3",
                                "$": "780"
                            },
                            {
                                "D": "SW",
                                "G": "24",
                                "H": "73.3",
                                "P": "1011",
                                "S": "14",
                                "T": "17.3",
                                "V": "45000",
                                "W": "8",
                                "Pt": "R",
                                "Dp": "12.5",
                                "$": "840"
                            },
                            {
                                "D": "SSW",
                                "G": "26",
                                "H": "54.5",
                                "P": "1011",
                                "S": "19",
                                "T": "18.5",
                                "V": "50000",
                                "W": "7",
                                "Pt": "R",
                                "Dp": "9.2",
                                "$": "900"
                            },
                            {
                                "D": "SW",
                                "G": "30",
                                "H": "54.7",
                                "P": "1011",
                                "S": "18",
                                "T": "19.6",
                                "V": "65000",
                                "W": "3",
                                "Pt": "F",
                                "Dp": "10.3",
                                "$": "960"
                            }
                        ]
                    }
                ]
            }
        }
    }
}