{
    "SiteRep": {
        "Wx": {
            "Param": [
                {
                    "name": "G",
                    "units": "mph",
                    "$": "Wind Gust"
                },
                {
                    "name": "T",
                    "units": "C",
                    "$": "Temperature"
                },
                {
                    "name": "V",
                    "units": "m",
                    "$": "Visibility"
                },
                {
                    "name": "D",
                    "units": "compass",
                    "$": "Wind Direction"
                },
                {
                    "name": "S",
                    "units": "mph",
                    "$": "Wind Speed"
                },
                {
                    "name": "W",
                    "units": "",
                    "$": "Weather Type"
                },
                {
                    "name": "P",
                    "units": "hpa",
                    "$": "Pressure"
                },
                {
                    "name": "Pt",
                    "units": "Pa/s",
                    "$": "Pressure Tendency"
                },
                {
                    "name": "Dp",
                    "units": "C",
                    "$": "Dew Point"
                },
                {
                    "name": "H",
                    "units": "%",
                    "$": "Screen Relative Humidity"
                }
            ]
        },
        "DV": {
            "dataDate": "2024-02-04T16:00:00Z",
            "type": "Obs",
            "Location": {
                "i": "3772",
                "lat": "51.479",
                "lon": "-0.449",
                "name": "HEATHROW",
                "country": "ENGLAND",
                "continent": "EUROPE",
                "elevation": "25.0",
                "Period": [
                    {
                        "type": "Day",
                        "value": "2024-02-03Z",
                        "Rep": [
                            {
                                "D": "WSW",
                                "G": "23",
                                "H": "81.2",
                                "P": "1027",
                                "S": "14",
                                "T": "13.1",
                                "V": "75000",
                                "W": "8",
                                "Pt": "F",
                                "Dp": "10.0",
                                "$": "960"
                            },
                            {
                                "D": "WSW",
                                "G": "24",
                                "H": "82.9",
                                "P": "1026",
                                "S": "16",
                                "T": "12.9",
                                "V": "75000",
                                "W": "8",
                                "Pt": "F",
                                "Dp": "10.1",
                                "$": "1020"
                            },
                            {
                                "D": "WSW",
                                "G": "25",
                                "H": "84.6",
                                "P": "1026",
                                "S": "17",
                                "T": "12.7",
                                "V": "75000",
                                "W": "8",
                                "Pt": "F",
                                "Dp": "10.2",
                                "$": "1080"
                            },
                            {
                                "D": "WSW",
                                "G": "24",
                                "H": "84.5",
                                "P": "1027",
                                "S": "17",
                                "T": "12.7",
                                "V": "75000",
                                "W": "8",
                                "Pt": "F",
                                "Dp": "10.2",
                                "$": "1140"
                            },
                            {
                                "D": "W",
                                "G": "26",
                                "H": "88.6",
                                "P": "1027",
                                "S": "13",
                                "T": "12.0",
                                "V": "2200",
                                "W": "11",
                                "Pt": "R",
                                "Dp": "10.2",
                                "$": "1200"
                            },
                            {
                                "D": "WSW",
                                "G": "22",
                                "H": "91.6",
                                "P": "1027",
                                "S": "15",
                                "T": "11.8",
                                "V": "40000",
                                "W": "8",
                                "Pt": "R",
                                "Dp": "10.5",
                                "$": "1260"
                            },
                            {
                                "D": "WSW",
                                "G": "21",
                                "H": "89.7",
                                "P": "1027",
                                "S": "14",
                                "T": "11.7",
                                "V": "45000",
                                "W": "8",
                                "Pt": "R",
                                "Dp": "10.1",
                                "$": "1320"
                            },
                            {
                                "D": "WSW",
                                "G": "26",
                                "H": "89.2",
                                "P": "1027",
                                "S": "14",
                                "T": "11.7",
                                "V": "65000",
                                "W": "8",
                                "Pt": "F",
                                "Dp": "10.0",
                                "$": "1380"
                            }
                        ]
                    },
                    {
                        "type": "Day",
                        "value": "2024-02-04Z",
                        "Rep": [
                            {
                                "D": "WSW",
                                "G": "21",
                                "H": "91.0",
                                "P": "1026",
                                "S": "14",
                                "T": "11.3",
                                "V": "75000",
                                "W": "8",
                                "Pt": "F",
                                "Dp": "9.9",
                                "$": "0"
                            },
                            {
                                "D": "WSW",
                                "G": "19",
                                "H": "93.5",
                                "P": "1026",
                                "S": "13",
                                "T": "11.1",
                                "V": "3700",
                                "W": "8",
                                "Pt": "F",
                                "Dp": "10.1",
                                "$": "60"
                            },
                            {
                                "D": "WSW",
                                "G": "21",
                                "H": "96.1",
                                "P": "1026",
                                "S": "14",
                                "T": "10.9",
                                "V": "11000",
                                "W": "11",
                                "Pt": "F",
                                "Dp": "10.3",
                                "$": "120"
                            },
                            {
                                "D": "WSW",
                                "G": "17",
                                "H": "96.7",
                                "P": "1026",
                                "S": "14",
                                "T": "10.8",
                                "V": "1500",
                                "W": "12",
                                "Pt": "F",
                                "Dp": "10.3",
                                "$": "180"
                            },
                            {
                                "D": "SW",
                                "G": "21",
                                "H": "96.7",
                                "P": "1026",
                                "S": "13",
                                "T": "10.8",
                                "V": "21000",
                                "W": "11",
                                "Pt": "F",
                                "Dp": "10.3",
                                "$": "240"
                            },
                            {
                                "D": "SW",
                                "G": "21",
                                "H": "94.1",
                                "P": "1025",
                                "S": "14",
                                "T": "11.0",
                                "V": "75000",
                                "W": "8",
                                "Pt": "F",
                                "Dp": "10.1",
                                "$": "300"
                            },
                            {
                                "D": "SW",
                                "G": "19",
                                "H": "94.7",
                                "P": "1025",
                                "S": "15",
                                "T": "10.9",
                                "V": "15000",
                                "W": "8",
                                "Pt": "F",
                                "Dp": "10.1",
                                "$": "360"
                            },
                            {
                                "D": "SW",
                                "G": "21",
                                "H": "96.7",
                                "P": "1025",
                                "S": "15",
                                "T": "10.8",
                                "V": "9000",
                                "W": "11",
                                "Pt": "F",
                                "Dp": "10.3",
                                "$": "420"
                            },
                            {
                                "D": "WSW",
                                "G": "25",
                                "H": "95.4",
                                "P": "1025",
                                "S": "17",
                                "T": "11.0",
                                "V": "7000",
                                "W": "11",
                                "Pt": "F",
                                "Dp": "10.3",
                                "$": "480"
                            },
                            {
                                "D": "WSW",
                                "G": "24",
                                "H": "96.0",
                                "P": "1025",
                                "S": "15",
                                "T": "11.2",
                                "V": "15000",
                                "W": "8",
                                "Pt": "F",
                                "Dp": "10.6",
                                "$": "540"
                            },
                            {
                                "D": "WSW",
                                "G": "25",
                                "H": "92.9",
                                "P": "1025",
                                "S": "19",
                                "T": "11.7",
                                "V": "75000",
                                "W": "8",
                                "Pt": "R",
                                "Dp": "10.6",
                                "$": "600"
                            },
                            {
                                "D": "WSW",
                                "G": "26",
                                "H": "87.4",
                                "P": "1025",
                                "S": "17",
                                "T": "12.5",
                                "V": "75000",
                                "W": "1",
                                "Pt": "R",
                                "Dp": "10.5",
                                "$": "660"
                            },
                            {
                                "D": "W",
                                "G": "32",
                                "H": "82.9",
                                "P": "1025",
                                "S": "21",
                                "T": "12.9",
                                "V": "75000",
                                "W": "8",
                                "Pt": "R",
                                "Dp": "10.1",
                                "$": "720"
                            },
                            {
                                "D": "WSW",
                                "G": "29",
                                "H": "87.5",
                                "P": "1024",
                                "S": "18",
                                "T": "12.7",
                                "V": "40000",
                                "W": "8",
                                "Pt": "F",
                                "Dp": "10.7",
                                "$": "780"
                            },
                            {
                                "D": "WSW",
                                "G": "29",
                                "H": "89.9",
                                "P": "1024",
                                "S": "19",
                                "T": "12.7",
                                "V": "30000",
                                "W": "8",
                                "Pt": "F",
                                "Dp": "11.1",
                                "$": "840"
                            },
                            {
                                "D": "WSW",
                                "G": "26",
                                "H": "91.0",
                                "P": "1024",
                                "S": "18",
                                "T": "12.2",
                                "V": "8000",
                                "W": "11",
                                "Pt": "F",
                                "Dp": "10.8",
                                "$": "900"
                            },
                            {
                                "D": "WSW",
                                "G": "28",
                                "H": "82.9",
                                "P": "1023",
                                "S": "17",
                                "T": "12.9",
                                "V": "65000",
                                "W": "8",
                                "Pt": "F",
                                "Dp": "10.1",
                                "$": "960"
                            }
                        ]
                    }
                ]
            }
        }
    }
}