{
    "SiteRep": {
        "Wx": {
            "Param": [
                {
                    "name": "G",
                    "units": "mph",
                    "$": "Wind Gust"
                },
                {
                    "name": "T",
                    "units": "C",
                    "$": "Temperature"
                },
                {
                    "name": "V",
                    "units": "m",
                    "$": "Visibility"
                },
                {
                    "name": "D",
                    "units": "compass",
                    "$": "Wind Direction"
                },
                {
                    "name": "S",
                    "units": "mph",
                    "$": "Wind Speed"
                },
                {
                    "name": "W",
                    "units": "",
                    "$": "Weather Type"
                },
                {
                    "name": "P",
                    "units": "hpa",
                    "$": "Pressure"
                },
                {
                    "name": "Pt",
                    "units": "Pa/s",
                    "$": "Pressure Tendency"
                },
                {
                    "name": "Dp",
                    "units": "C",
                    "$": "Dew Point"
                },
                {
                    "name": "H",
                    "units": "%",
                    "$": "Screen Relative Humidity"
                }
            ]
        },
        "DV": {
            "dataDate": "2025-06-19T16:00:00Z",
            "type": "Obs",
            "Location": {
                "i": "3772",
                "lat": "51.479",
                "lon": "-0.449",
                "name": "HEATHROW",
                "country": "ENGLAND",
                "continent": "EUROPE",
                "elevation": "25.0",
                "Period": [
                    {
                        "type": "Day",
                        "value": "2025-06-18Z",
                        "Rep": [
                            {
                                "D": "N",
                                "G": "14",
                                "H": "32.6",
                                "P": "1023",
                                "S": "6",
                                "T": "28.4",
                                "V": "50000",
                                "W": "1",
                                "Pt": "F",
                                "Dp": "10.6",
                                "$": "960"
                            },
                            {
                                "D": "NW",
                                "G": "15",
                                "H": "33.4",
                                "P": "1023",
                                "S": "8",
                                "T": "28.3",
                                "V": "50000",
                                "W": "1",
                                "Pt": "F",
                                "Dp": "10.9",
                                "$": "1020"
                            },
                            {
                                "D": "N",
                                "G": "11",
                                "H": "34.2",
                                "P": "1023",
                                "S": "5",
                                "T": "27.9",
                                "V": "50000",
                                "W": "1",
                                "Pt": "F",
                                "Dp": "10.9",
                                "$": "1080"
                            },
                            {
                                "D": "NNW",
                                "G": "10",
                                "H": "34.7",
                                "P": "1023",
                                "S": "5",
                                "T": "27.8",
                                "V": "45000",
                                "W": "1",
                                "Pt": "F",
                                "Dp": "11.0",
                                "$": "1140"
                            },
                            {
                                "D": "NW",
                                "G": "8",
                                "H": "37.7",
                                "P": "1023",
                                "S": "2",
                                "T": "26.6",
                                "V": "45000",
                                "W": "1",
                                "Pt": "R",
                                "Dp": "11.2",
                                "$": "1200"
                            },
                            {
                                "D": "WNW",
                                "G": "3",
                                "H": "41.9",
                                "P": "1024",
                                "S": "2",
                                "T": "25.2",
                                "V": "40000",
                                "W": "0",
                                "Pt": "R",
                                "Dp": "11.5",
                                "$": "1260"
                            },
                            {
                                "D": "SSW",
                                "G": "16",
                                "H": "61.5",
                                "P": "1024",
                                "S": "9",
                                "T": "22.8",
                                "V": "40000",
                                "W": "0",
                                "Pt": "R",
                                "Dp": "15.1",
                                "$": "1320"
                            },
                            {
                                "D": "SSW",
                                "G": "10",
                                "H": "66.2",
                                "P": "1024",
                                "S": "6",
                                "T": "21.2",
                                "V": "35000",
                                "W": "0",
                                "Pt": "R",
                                "Dp": "14.7",
                                "$": "1380"
                            }
                        ]
                    },
                    {
                        "type": "Day",
                        "value": "2025-06-19Z",
                        "Rep": [
                            {
                                "D": "WSW",
                                "G": "9",
                                "H": "67.2",
                                "P": "1024",
                                "S": "7",
                                "T": "20.3",
                                "V": "35000",
                                "W": "0",
                                "Pt": "R",
                                "Dp": "14.1",
                                "$": "0"
                            },
                            {
                                "D": "WNW",
                                "G": "8",
                                "H": "62.9",
                                "P": "1024",
                                "S": "3",
                                "T": "20.0",
                                "V": "35000",
                                "W": "0",
                                "Pt": "R",
                                "Dp": "12.8",
                                "$": "60"
                            },
                            {
                                "D": "WNW",
                                "G": "7",
                                "H": "65.7",
                                "P": "1024",
                                "S": "2",
                                "T": "18.9",
                                "V": "30000",
                                "W": "0",
                                "Pt": "S",
                                "Dp": "12.4",
                                "$": "120"
                            },
                            {
                                "D": "N",
                                "G": "3",
                                "H": "72.7",
                                "P": "1024",
                                "S": "0",
                                "T": "17.5",
                                "V": "30000",
                                "W": "0",
                                "Pt": "R",
                                "Dp": "12.6",
                                "$": "180"
                            },
                            {
                                "D": "NW",
                                "G": "6",
                                "H": "76.1",
                                "P": "1024",
                                "S": "3",
                                "T": "17.0",
                                "V": "28000",
                                "W": "1",
                                "Pt": "R",
                                "Dp": "12.8",
                                "$": "240"
                            },
                            {
                                "D": "NNW",
                                "G": "6",
                                "H": "77.0",
                                "P": "1025",
                                "S": "3",
                                "T": "17.0",
                                "V": "18000",
                                "W": "1",
                                "Pt": "R",
                                "Dp": "13.0",
                                "$": "300"
                            },
                            {
                                "D": "NNE",
                                "G": "7",
                                "H": "69.7",
                                "P": "1025",
                                "S": "3",
                                "T": "18.9",
                                "V": "28000",
                                "W": "1",
                                "Pt": "R",
                                "Dp": "13.3",
                                "$": "360"
                            },
                            {
                                "D": "NNE",
                                "G": "7",
                                "H": "62.9",
                                "P": "1025",
                                "S": "2",
                                "T": "22.0",
                                "V": "23000",
                                "W": "1",
                                "Pt": "R",
                                "Dp": "14.7",
                                "$": "420"
                            },
                            {
                                "D": "NE",
                                "G": "6",
                                "H": "55.6",
                                "P": "1025",
                                "S": "2",
                                "T": "23.7",
                                "V": "26000",
                                "W": "1",
                                "Pt": "R",
                                "Dp": "14.4",
                                "$": "480"
                            },
                            {
                                "D": "NNE",
                                "G": "7",
                                "H": "49.2",
                                "P": "1025",
                                "S": "2",
                                "T": "25.5",
                                "V": "25000",
                                "W": "1",
                                "Pt": "R",
                                "Dp": "14.2",
                                "$": "540"
                            },
                            {
                                "D": "ENE",
                                "G": "10",
                                "H": "42.4",
                                "P": "1025",
                                "S": "3",
                                "T": "27.1",
                                "V": "30000",
                                "W": "1",
                                "Pt": "F",
                                "Dp": "13.4",
                                "$": "600"
                            },
                            {
                                "D": "NW",
                                "G": "9",
                                "H": "38.1",
                                "P": "1025",
                                "S": "5",
                                "T": "28.9",
                                "V": "30000",
                                "W": "1",
                                "Pt": "F",
                                "Dp": "13.4",
                                "$": "660"
                            },
                            {
                                "D": "SW",
                                "G": "11",
                                "H": "33.9",
                                "P": "1024",
                                "S": "6",
                                "T": "29.2",
                                "V": "35000",
                                "W": "1",
                                "Pt": "F",
                                "Dp": "11.9",
                                "$": "720"
                            },
                            {
                                "D": "SSW",
                                "G": "15",
                                "H": "31.8",
                                "P": "1024",
                                "S": "8",
                                "T": "30.2",
                                "V": "35000",
                                "W": "1",
                                "Pt": "F",
                                "Dp": "11.8",
                                "$": "780"
                            },
                            {
                                "D": "SW",
                                "G": "15",
                                "H": "30.4",
                                "P": "1024",
                                "S": "6",
                                "T": "31.3",
                                "V": "35000",
                                "W": "1",
                                "Pt": "F",
                                "Dp": "12.1",
                                "$": "840"
                            },
                            {
                                "D": "SSW",
                                "G": "14",
                                "H": "30.7",
                                "P": "1023",
                                "S": "6",
                                "T": "31.4",
                                "V": "35000",
                                "W": "3",
                                "Pt": "F",
                                "Dp": "12.3",
                                "$": "900"
                            },
                            {
                                "D": "W",
                                "G": "11",
                                "H": "29.4",
                                "P": "1023",
                                "S": "6",
                                "T": "31.8",
                                "V": "30000",
                                "W": "1",
                                "Pt": "F",
                                "Dp": "12.0",
                                "$": "960"
                            }
                        ]
                    }
                ]
            }
        }
    }
}