{
    "SiteRep": {
        "Wx": {
            "Param": [
                {
                    "name": "G",
                    "units": "mph",
                    "$": "Wind Gust"
                },
                {
                    "name": "T",
                    "units": "C",
                    "$": "Temperature"
                },
                {
                    "name": "V",
                    "units": "m",
                    "$": "Visibility"
                },
                {
                    "name": "D",
                    "units": "compass",
                    "$": "Wind Direction"
                },
                {
                    "name": "S",
                    "units": "mph",
                    "$": "Wind Speed"
                },
                {
                    "name": "W",
                    "units": "",
                    "$": "Weather Type"
                },
                {
                    "name": "P",
                    "units": "hpa",
                    "$": "Pressure"
                },
                {
                    "name": "Pt",
                    "units": "Pa/s",
                    "$": "Pressure Tendency"
                },
                {
                    "name": "Dp",
                    "units": "C",
                    "$": "Dew Point"
                },
                {
                    "name": "H",
                    "units": "%",
                    "$": "Screen Relative Humidity"
                }
            ]
        },
        "DV": {
            "dataDate": "2025-09-24T16:00:00Z",
            "type": "Obs",
            "Location": {
                "i": "3772",
                "lat": "51.479",
                "lon": "-0.449",
                "name": "HEATHROW",
                "country": "ENGLAND",
                "continent": "EUROPE",
                "elevation": "25.0",
                "Period": [
                    {
                        "type": "Day",
                        "value": "2025-09-23Z",
                        "Rep": [
                            {
                                "D": "NNE",
                                "G": "19",
                                "H": "60.1",
                                "P": "1027",
                                "S": "9",
                                "T": "15.6",
                                "V": "60000",
                                "W": "8",
                                "Pt": "F",
                                "Dp": "8.0",
                                "$": "960"
                            },
                            {
                                "D": "NNE",
                                "G": "19",
                                "H": "59.7",
                                "P": "1027",
                                "S": "9",
                                "T": "15.4",
                                "V": "60000",
                                "W": "8",
                                "Pt": "F",
                                "Dp": "7.7",
                                "$": "1020"
                            },
                            {
                                "D": "NNE",
                                "G": "14",
                                "H": "63.3",
                                "P": "1027",
                                "S": "8",
                                "T": "14.9",
                                "V": "50000",
                                "W": "8",
                                "Pt": "R",
                                "Dp": "8.1",
                                "$": "1080"
                            },
                            {
                                "D": "NNE",
                                "G": "16",
                                "H": "65.5",
                                "P": "1028",
                                "S": "8",
                                "T": "14.3",
                                "V": "45000",
                                "W": "7",
                                "Pt": "R",
                                "Dp": "8.0",
                                "$": "1140"
                            },
                            {
                                "D": "NNE",
                                "G": "15",
                                "H": "66.7",
                                "P": "1028",
                                "S": "9",
                                "T": "13.8",
                                "V": "45000",
                                "W": "8",
                                "Pt": "R",
                                "Dp": "7.8",
                                "$": "1200"
                            },
                            {
                                "D": "NNE",
                                "G": "15",
                                "H": "74.2",
                                "P": "1028",
                                "S": "8",
                                "T": "12.5",
                                "V": "35000",
                                "W": "7",
                                "Pt": "R",
                                "Dp": "8.1",
                                "$": "1260"
                            },
                            {
                                "D": "NNE",
                                "G": "15",
                                "H": "79.4",
                                "P": "1028",
                                "S": "7",
                                "T": "12.0",
                                "V": "35000",
                                "W": "7",
                                "Pt": "R",
                                "Dp": "8.6",
                                "$": "1320"
                            },
                            {
                                "D": "NNE",
                                "G": "13",
                                "H": "84.9",
                                "P": "1028",
                                "S": "6",
                                "T": "11.1",
                                "V": "30000",
                                "W": "0",
                                "Pt": "R",
                                "Dp": "8.7",
                                "$": "1380"
                            }
                        ]
                    },
                    {
                        "type": "Day",
                        "value": "2025-09-24Z",
                        "Rep": [
                            {
                                "D": "NNE",
                                "G": "13",
                                "H": "89.1",
                                "P": "1028",
                                "S": "7",
                                "T": "10.6",
                                "V": "30000",
                                "W": "0",
                                "Pt": "F",
                                "Dp": "8.9",
                                "$": "0"
                            },
                            {
                                "D": "NNE",
                                "G": "15",
                                "H": "90.9",
                                "P": "1028",
                                "S": "7",
                                "T": "10.3",
                                "V": "30000",
                                "W": "0",
                                "Pt": "F",
                                "Dp": "8.9",
                                "$": "60"
                            },
                            {
                                "D": "NNE",
                                "G": "14",
                                "H": "92.1",
                                "P": "1027",
                                "S": "7",
                                "T": "9.9",
                                "V": "30000",
                                "W": "0",
                                "Pt": "F",
                                "Dp": "8.7",
                                "$": "120"
                            },
                            {
                                "D": "NNE",
                                "G": "10",
                                "H": "93.4",
                                "P": "1027",
                                "S": "3",
                                "T": "9.8",
                                "V": "30000",
                                "W": "8",
                                "Pt": "F",
                                "Dp": "8.8",
                                "$": "180"
                            },
                            {
                                "D": "NNE",
                                "G": "11",
                                "H": "90.9",
                                "P": "1027",
                                "S": "7",
                                "T": "10.8",
                                "V": "45000",
                                "W": "8",
                                "Pt": "F",
                                "Dp": "9.4",
                                "$": "240"
                            },
                            {
                                "D": "NNE",
                                "G": "14",
                                "H": "86.7",
                                "P": "1027",
                                "S": "8",
                                "T": "10.3",
                                "V": "45000",
                                "W": "0",
                                "Pt": "F",
                                "Dp": "8.2",
                                "$": "300"
                            },
                            {
                                "D": "N",
                                "G": "13",
                                "H": "88.4",
                                "P": "1027",
                                "S": "7",
                                "T": "9.7",
                                "V": "40000",
                                "W": "0",
                                "Pt": "F",
                                "Dp": "7.9",
                                "$": "360"
                            },
                            {
                                "D": "NNE",
                                "G": "11",
                                "H": "85.4",
                                "P": "1027",
                                "S": "5",
                                "T": "10.0",
                                "V": "45000",
                                "W": "1",
                                "Pt": "R",
                                "Dp": "7.7",
                                "$": "420"
                            },
                            {
                                "D": "N",
                                "G": "14",
                                "H": "79.4",
                                "P": "1027",
                                "S": "7",
                                "T": "11.3",
                                "V": "55000",
                                "W": "8",
                                "Pt": "R",
                                "Dp": "7.9",
                                "$": "480"
                            },
                            {
                                "D": "NNE",
                                "G": "16",
                                "H": "74.3",
                                "P": "1027",
                                "S": "7",
                                "T": "13.1",
                                "V": "60000",
                                "W": "8",
                                "Pt": "R",
                                "Dp": "8.7",
                                "$": "540"
                            },
                            {
                                "D": "NNE",
                                "G": "21",
                                "H": "68.3",
                                "P": "1027",
                                "S": "10",
                                "T": "14.8",
                                "V": "75000",
                                "W": "7",
                                "Pt": "R",
                                "Dp": "9.1",
                                "$": "600"
                            },
                            {
                                "D": "NE",
                                "G": "19",
                                "H": "56.6",
                                "P": "1027",
                                "S": "11",
                                "T": "16.4",
                                "V": "50000",
                                "W": "3",
                                "Pt": "F",
                                "Dp": "7.9",
                                "$": "660"
                            },
                            {
                                "D": "NE",
                                "G": "19",
                                "H": "51.4",
                                "P": "1026",
                                "S": "9",
                                "T": "16.7",
                                "V": "75000",
                                "W": "7",
                                "Pt": "F",
                                "Dp": "6.8",
                                "$": "720"
                            },
                            {
                                "D": "NE",
                                "G": "19",
                                "H": "48.5",
                                "P": "1026",
                                "S": "10",
                                "T": "16.2",
                                "V": "75000",
                                "W": "7",
                                "Pt": "F",
                                "Dp": "5.5",
                                "$": "780"
                            },
                            {
                                "D": "ENE",
                                "G": "23",
                                "H": "33.8",
                                "P": "1025",
                                "S": "11",
                                "T": "18.4",
                                "V": "75000",
                                "W": "1",
                                "Pt": "F",
                                "Dp": "2.5",
                                "$": "840"
                            },
                            {
                                "D": "NE",
                                "G": "24",
                                "H": "30.4",
                                "P": "1025",
                                "S": "13",
                                "T": "18.0",
                                "V": "75000",
                                "W": "1",
                                "Pt": "F",
                                "Dp": "0.7",
                                "$": "960"
                            }
                        ]
                    }
                ]
            }
        }
    }
}