{
    "SiteRep": {
        "Wx": {
            "Param": [
                {
                    "name": "G",
                    "units": "mph",
                    "$": "Wind Gust"
                },
                {
                    "name": "T",
                    "units": "C",
                    "$": "Temperature"
                },
                {
                    "name": "V",
                    "units": "m",
                    "$": "Visibility"
                },
                {
                    "name": "D",
                    "units": "compass",
                    "$": "Wind Direction"
                },
                {
                    "name": "S",
                    "units": "mph",
                    "$": "Wind Speed"
                },
                {
                    "name": "W",
                    "units": "",
                    "$": "Weather Type"
                },
                {
                    "name": "P",
                    "units": "hpa",
                    "$": "Pressure"
                },
                {
                    "name": "Pt",
                    "units": "Pa/s",
                    "$": "Pressure Tendency"
                },
                {
                    "name": "Dp",
                    "units": "C",
                    "$": "Dew Point"
                },
                {
                    "name": "H",
                    "units": "%",
                    "$": "Screen Relative Humidity"
                }
            ]
        },
        "DV": {
            "dataDate": "2025-01-23T16:00:00Z",
            "type": "Obs",
            "Location": {
                "i": "3772",
                "lat": "51.479",
                "lon": "-0.449",
                "name": "HEATHROW",
                "country": "ENGLAND",
                "continent": "EUROPE",
                "elevation": "25.0",
                "Period": [
                    {
                        "type": "Day",
                        "value": "2025-01-22Z",
                        "Rep": [
                            {
                                "D": "NW",
                                "G": "8",
                                "H": "77.9",
                                "P": "1003",
                                "S": "6",
                                "T": "4.9",
                                "V": "9000",
                                "W": "8",
                                "Pt": "F",
                                "Dp": "1.4",
                                "$": "960"
                            },
                            {
                                "D": "NW",
                                "G": "11",
                                "H": "77.5",
                                "P": "1003",
                                "S": "7",
                                "T": "4.6",
                                "V": "11000",
                                "W": "8",
                                "Pt": "F",
                                "Dp": "1.0",
                                "$": "1020"
                            },
                            {
                                "D": "N",
                                "G": "13",
                                "H": "77.3",
                                "P": "1003",
                                "S": "2",
                                "T": "4.5",
                                "V": "11000",
                                "W": "8",
                                "Pt": "R",
                                "Dp": "0.9",
                                "$": "1080"
                            },
                            {
                                "D": "WNW",
                                "G": "10",
                                "H": "76.9",
                                "P": "1003",
                                "S": "5",
                                "T": "4.8",
                                "V": "12000",
                                "W": "8",
                                "Pt": "R",
                                "Dp": "1.1",
                                "$": "1140"
                            },
                            {
                                "D": "W",
                                "G": "10",
                                "H": "79.7",
                                "P": "1003",
                                "S": "6",
                                "T": "4.6",
                                "V": "10000",
                                "W": "8",
                                "Pt": "R",
                                "Dp": "1.4",
                                "$": "1200"
                            },
                            {
                                "D": "W",
                                "G": "10",
                                "H": "85.4",
                                "P": "1003",
                                "S": "6",
                                "T": "3.0",
                                "V": "7000",
                                "W": "5",
                                "Pt": "S",
                                "Dp": "0.8",
                                "$": "1260"
                            },
                            {
                                "D": "W",
                                "G": "8",
                                "H": "89.8",
                                "P": "1003",
                                "S": "6",
                                "T": "3.1",
                                "V": "6000",
                                "W": "5",
                                "Pt": "R",
                                "Dp": "1.6",
                                "$": "1320"
                            },
                            {
                                "D": "W",
                                "G": "10",
                                "H": "93.2",
                                "P": "1004",
                                "S": "6",
                                "T": "2.2",
                                "V": "5000",
                                "W": "5",
                                "Pt": "R",
                                "Dp": "1.2",
                                "$": "1380"
                            }
                        ]
                    },
                    {
                        "type": "Day",
                        "value": "2025-01-23Z",
                        "Rep": [
                            {
                                "D": "W",
                                "G": "8",
                                "H": "94.3",
                                "P": "1004",
                                "S": "5",
                                "T": "1.3",
                                "V": "2900",
                                "W": "5",
                                "Pt": "R",
                                "Dp": "0.5",
                                "$": "0"
                            },
                            {
                                "D": "W",
                                "G": "7",
                                "H": "97.0",
                                "P": "1004",
                                "S": "6",
                                "T": "0.7",
                                "V": "2500",
                                "W": "5",
                                "Pt": "R",
                                "Dp": "0.3",
                                "$": "60"
                            },
                            {
                                "D": "WSW",
                                "G": "10",
                                "H": "97.8",
                                "P": "1004",
                                "S": "9",
                                "T": "1.7",
                                "V": "4000",
                                "W": "5",
                                "Pt": "R",
                                "Dp": "1.4",
                                "$": "120"
                            },
                            {
                                "D": "WSW",
                                "G": "9",
                                "H": "97.9",
                                "P": "1005",
                                "S": "7",
                                "T": "2.3",
                                "V": "4300",
                                "W": "5",
                                "Pt": "R",
                                "Dp": "2.0",
                                "$": "180"
                            },
                            {
                                "D": "W",
                                "G": "7",
                                "H": "95.8",
                                "P": "1005",
                                "S": "6",
                                "T": "2.0",
                                "V": "4700",
                                "W": "5",
                                "Pt": "R",
                                "Dp": "1.4",
                                "$": "240"
                            },
                            {
                                "D": "SW",
                                "G": "9",
                                "H": "95.6",
                                "P": "1005",
                                "S": "6",
                                "T": "1.1",
                                "V": "6000",
                                "W": "5",
                                "Pt": "R",
                                "Dp": "0.5",
                                "$": "300"
                            },
                            {
                                "D": "S",
                                "G": "9",
                                "H": "94.6",
                                "P": "1005",
                                "S": "5",
                                "T": "2.2",
                                "V": "8000",
                                "W": "5",
                                "Pt": "R",
                                "Dp": "1.4",
                                "$": "360"
                            },
                            {
                                "D": "SSW",
                                "G": "13",
                                "H": "92.5",
                                "P": "1005",
                                "S": "8",
                                "T": "3.2",
                                "V": "13000",
                                "W": "8",
                                "Pt": "R",
                                "Dp": "2.1",
                                "$": "420"
                            },
                            {
                                "D": "S",
                                "G": "15",
                                "H": "91.9",
                                "P": "1004",
                                "S": "8",
                                "T": "3.3",
                                "V": "14000",
                                "W": "7",
                                "Pt": "F",
                                "Dp": "2.1",
                                "$": "480"
                            },
                            {
                                "D": "S",
                                "G": "15",
                                "H": "91.2",
                                "P": "1004",
                                "S": "9",
                                "T": "4.5",
                                "V": "18000",
                                "W": "8",
                                "Pt": "F",
                                "Dp": "3.2",
                                "$": "540"
                            },
                            {
                                "D": "S",
                                "G": "19",
                                "H": "92.6",
                                "P": "1003",
                                "S": "11",
                                "T": "5.8",
                                "V": "17000",
                                "W": "12",
                                "Pt": "F",
                                "Dp": "4.7",
                                "$": "600"
                            },
                            {
                                "D": "S",
                                "G": "19",
                                "H": "89.5",
                                "P": "1002",
                                "S": "11",
                                "T": "6.8",
                                "V": "40000",
                                "W": "8",
                                "Pt": "F",
                                "Dp": "5.2",
                                "$": "660"
                            },
                            {
                                "D": "S",
                                "G": "19",
                                "H": "92.7",
                                "P": "1001",
                                "S": "9",
                                "T": "7.1",
                                "V": "13000",
                                "W": "12",
                                "Pt": "F",
                                "Dp": "6.0",
                                "$": "720"
                            },
                            {
                                "D": "S",
                                "G": "21",
                                "H": "91.5",
                                "P": "999",
                                "S": "14",
                                "T": "8.3",
                                "V": "14000",
                                "W": "12",
                                "Pt": "F",
                                "Dp": "7.0",
                                "$": "780"
                            },
                            {
                                "D": "SW",
                                "G": "26",
                                "H": "94.7",
                                "P": "998",
                                "S": "15",
                                "T": "7.7",
                                "V": "1500",
                                "W": "15",
                                "Pt": "F",
                                "Dp": "6.9",
                                "$": "840"
                            },
                            {
                                "D": "WSW",
                                "G": "30",
                                "H": "81.2",
                                "P": "998",
                                "S": "14",
                                "T": "7.8",
                                "V": "65000",
                                "W": "7",
                                "Pt": "F",
                                "Dp": "4.8",
                                "$": "900"
                            },
                            {
                                "D": "WSW",
                                "G": "32",
                                "H": "79.0",
                                "P": "999",
                                "S": "22",
                                "T": "7.2",
                                "V": "75000",
                                "W": "12",
                                "Pt": "R",
                                "Dp": "3.8",
                                "$": "960"
                            }
                        ]
                    }
                ]
            }
        }
    }
}