{
    "SiteRep": {
        "Wx": {
            "Param": [
                {
                    "name": "G",
                    "units": "mph",
                    "$": "Wind Gust"
                },
                {
                    "name": "T",
                    "units": "C",
                    "$": "Temperature"
                },
                {
                    "name": "V",
                    "units": "m",
                    "$": "Visibility"
                },
                {
                    "name": "D",
                    "units": "compass",
                    "$": "Wind Direction"
                },
                {
                    "name": "S",
                    "units": "mph",
                    "$": "Wind Speed"
                },
                {
                    "name": "W",
                    "units": "",
                    "$": "Weather Type"
                },
                {
                    "name": "P",
                    "units": "hpa",
                    "$": "Pressure"
                },
                {
                    "name": "Pt",
                    "units": "Pa/s",
                    "$": "Pressure Tendency"
                },
                {
                    "name": "Dp",
                    "units": "C",
                    "$": "Dew Point"
                },
                {
                    "name": "H",
                    "units": "%",
                    "$": "Screen Relative Humidity"
                }
            ]
        },
        "DV": {
            "dataDate": "2025-05-02T16:00:00Z",
            "type": "Obs",
            "Location": {
                "i": "3772",
                "lat": "51.479",
                "lon": "-0.449",
                "name": "HEATHROW",
                "country": "ENGLAND",
                "continent": "EUROPE",
                "elevation": "25.0",
                "Period": [
                    {
                        "type": "Day",
                        "value": "2025-05-01Z",
                        "Rep": [
                            {
                                "D": "S",
                                "G": "16",
                                "S": "6",
                                "$": "960"
                            },
                            {
                                "D": "SSW",
                                "G": "15",
                                "S": "10",
                                "$": "1020"
                            },
                            {
                                "D": "S",
                                "G": "18",
                                "H": "32.8",
                                "P": "1014",
                                "S": "9",
                                "T": "25.5",
                                "V": "55000",
                                "W": "3",
                                "Pt": "F",
                                "Dp": "8.1",
                                "$": "1080"
                            },
                            {
                                "D": "S",
                                "G": "16",
                                "H": "35.3",
                                "P": "1014",
                                "S": "7",
                                "T": "24.4",
                                "V": "55000",
                                "W": "7",
                                "Pt": "F",
                                "Dp": "8.2",
                                "$": "1140"
                            },
                            {
                                "D": "S",
                                "G": "14",
                                "H": "42.8",
                                "P": "1014",
                                "S": "7",
                                "T": "22.7",
                                "V": "55000",
                                "W": "8",
                                "Pt": "R",
                                "Dp": "9.5",
                                "$": "1200"
                            },
                            {
                                "D": "S",
                                "G": "10",
                                "H": "47.7",
                                "P": "1014",
                                "S": "6",
                                "T": "21.6",
                                "V": "50000",
                                "W": "7",
                                "Pt": "R",
                                "Dp": "10.1",
                                "$": "1260"
                            },
                            {
                                "D": "WSW",
                                "G": "11",
                                "H": "52.1",
                                "P": "1014",
                                "S": "7",
                                "T": "19.6",
                                "V": "50000",
                                "W": "0",
                                "Pt": "R",
                                "Dp": "9.6",
                                "$": "1320"
                            },
                            {
                                "D": "SW",
                                "G": "10",
                                "S": "6",
                                "$": "1380"
                            }
                        ]
                    },
                    {
                        "type": "Day",
                        "value": "2025-05-02Z",
                        "Rep": [
                            {
                                "D": "SSW",
                                "G": "6",
                                "H": "66.4",
                                "P": "1015",
                                "S": "2",
                                "T": "15.9",
                                "V": "40000",
                                "W": "0",
                                "Pt": "R",
                                "Dp": "9.7",
                                "$": "0"
                            },
                            {
                                "D": "SW",
                                "G": "6",
                                "H": "70.2",
                                "P": "1015",
                                "S": "5",
                                "T": "16.4",
                                "W": "2",
                                "Pt": "R",
                                "Dp": "11.0",
                                "$": "60"
                            },
                            {
                                "D": "W",
                                "G": "7",
                                "H": "70.1",
                                "P": "1014",
                                "S": "5",
                                "T": "15.9",
                                "V": "26000",
                                "W": "2",
                                "Pt": "F",
                                "Dp": "10.5",
                                "$": "120"
                            },
                            {
                                "D": "WNW",
                                "G": "8",
                                "H": "72.3",
                                "P": "1014",
                                "S": "3",
                                "T": "15.2",
                                "V": "28000",
                                "W": "7",
                                "Pt": "F",
                                "Dp": "10.3",
                                "$": "180"
                            },
                            {
                                "D": "WSW",
                                "G": "9",
                                "H": "77.8",
                                "P": "1014",
                                "S": "6",
                                "T": "14.3",
                                "V": "25000",
                                "W": "8",
                                "Pt": "F",
                                "Dp": "10.5",
                                "$": "240"
                            },
                            {
                                "D": "WNW",
                                "G": "11",
                                "H": "76.3",
                                "P": "1014",
                                "S": "7",
                                "T": "14.9",
                                "V": "25000",
                                "W": "7",
                                "Pt": "F",
                                "Dp": "10.8",
                                "$": "300"
                            },
                            {
                                "D": "NW",
                                "G": "7",
                                "H": "77.3",
                                "P": "1015",
                                "S": "3",
                                "T": "14.9",
                                "V": "28000",
                                "W": "3",
                                "Pt": "R",
                                "Dp": "11.0",
                                "$": "360"
                            },
                            {
                                "D": "NNW",
                                "G": "10",
                                "H": "74.6",
                                "P": "1015",
                                "S": "7",
                                "T": "16.8",
                                "V": "19000",
                                "W": "1",
                                "Pt": "R",
                                "Dp": "12.3",
                                "$": "420"
                            },
                            {
                                "D": "NNE",
                                "G": "13",
                                "H": "71.0",
                                "P": "1015",
                                "S": "6",
                                "T": "18.0",
                                "V": "17000",
                                "W": "1",
                                "Pt": "R",
                                "Dp": "12.7",
                                "$": "480"
                            },
                            {
                                "D": "NW",
                                "G": "10",
                                "H": "66.7",
                                "P": "1016",
                                "S": "3",
                                "T": "19.1",
                                "V": "16000",
                                "W": "7",
                                "Pt": "R",
                                "Dp": "12.8",
                                "$": "540"
                            },
                            {
                                "D": "N",
                                "G": "10",
                                "H": "60.8",
                                "P": "1016",
                                "S": "3",
                                "T": "21.2",
                                "V": "19000",
                                "W": "3",
                                "Pt": "R",
                                "Dp": "13.4",
                                "$": "600"
                            },
                            {
                                "D": "NNE",
                                "G": "15",
                                "H": "56.5",
                                "P": "1015",
                                "S": "5",
                                "T": "22.5",
                                "V": "20000",
                                "W": "1",
                                "Pt": "R",
                                "Dp": "13.5",
                                "$": "660"
                            },
                            {
                                "D": "NNE",
                                "G": "10",
                                "H": "53.0",
                                "P": "1015",
                                "S": "6",
                                "T": "22.7",
                                "V": "19000",
                                "W": "3",
                                "Pt": "F",
                                "Dp": "12.7",
                                "$": "720"
                            },
                            {
                                "D": "NE",
                                "G": "10",
                                "H": "50.4",
                                "P": "1015",
                                "S": "5",
                                "T": "23.3",
                                "V": "23000",
                                "W": "1",
                                "Pt": "F",
                                "Dp": "12.5",
                                "$": "780"
                            },
                            {
                                "D": "NNE",
                                "G": "13",
                                "H": "47.5",
                                "P": "1014",
                                "S": "7",
                                "T": "24.6",
                                "V": "28000",
                                "W": "1",
                                "Pt": "F",
                                "Dp": "12.8",
                                "$": "840"
                            },
                            {
                                "D": "N",
                                "G": "15",
                                "H": "48.5",
                                "P": "1014",
                                "S": "8",
                                "T": "23.4",
                                "V": "35000",
                                "W": "7",
                                "Pt": "F",
                                "Dp": "12.0",
                                "$": "900"
                            },
                            {
                                "D": "N",
                                "G": "17",
                                "H": "47.9",
                                "P": "1014",
                                "S": "6",
                                "T": "23.7",
                                "V": "35000",
                                "W": "1",
                                "Pt": "F",
                                "Dp": "12.1",
                                "$": "960"
                            }
                        ]
                    }
                ]
            }
        }
    }
}