{
    "SiteRep": {
        "Wx": {
            "Param": [
                {
                    "name": "G",
                    "units": "mph",
                    "$": "Wind Gust"
                },
                {
                    "name": "T",
                    "units": "C",
                    "$": "Temperature"
                },
                {
                    "name": "V",
                    "units": "m",
                    "$": "Visibility"
                },
                {
                    "name": "D",
                    "units": "compass",
                    "$": "Wind Direction"
                },
                {
                    "name": "S",
                    "units": "mph",
                    "$": "Wind Speed"
                },
                {
                    "name": "W",
                    "units": "",
                    "$": "Weather Type"
                },
                {
                    "name": "P",
                    "units": "hpa",
                    "$": "Pressure"
                },
                {
                    "name": "Pt",
                    "units": "Pa/s",
                    "$": "Pressure Tendency"
                },
                {
                    "name": "Dp",
                    "units": "C",
                    "$": "Dew Point"
                },
                {
                    "name": "H",
                    "units": "%",
                    "$": "Screen Relative Humidity"
                }
            ]
        },
        "DV": {
            "dataDate": "2025-04-30T15:00:00Z",
            "type": "Obs",
            "Location": {
                "i": "3772",
                "lat": "51.479",
                "lon": "-0.449",
                "name": "HEATHROW",
                "country": "ENGLAND",
                "continent": "EUROPE",
                "elevation": "25.0",
                "Period": [
                    {
                        "type": "Day",
                        "value": "2025-04-29Z",
                        "Rep": [
                            {
                                "D": "ENE",
                                "G": "18",
                                "H": "38.0",
                                "P": "1024",
                                "S": "10",
                                "T": "22.5",
                                "V": "28000",
                                "W": "1",
                                "Pt": "F",
                                "Dp": "7.7",
                                "$": "960"
                            },
                            {
                                "D": "E",
                                "G": "19",
                                "H": "39.4",
                                "P": "1023",
                                "S": "11",
                                "T": "21.6",
                                "V": "30000",
                                "W": "1",
                                "Pt": "F",
                                "Dp": "7.4",
                                "$": "1020"
                            },
                            {
                                "D": "E",
                                "G": "17",
                                "H": "41.7",
                                "P": "1023",
                                "S": "10",
                                "T": "20.0",
                                "V": "30000",
                                "W": "1",
                                "Pt": "F",
                                "Dp": "6.8",
                                "$": "1080"
                            },
                            {
                                "D": "E",
                                "G": "16",
                                "H": "46.3",
                                "P": "1023",
                                "S": "11",
                                "T": "17.8",
                                "V": "35000",
                                "W": "1",
                                "Pt": "F",
                                "Dp": "6.3",
                                "$": "1140"
                            },
                            {
                                "D": "E",
                                "G": "15",
                                "H": "53.5",
                                "P": "1024",
                                "S": "11",
                                "T": "15.8",
                                "V": "45000",
                                "W": "0",
                                "Pt": "R",
                                "Dp": "6.5",
                                "$": "1200"
                            },
                            {
                                "D": "E",
                                "G": "16",
                                "H": "61.0",
                                "P": "1024",
                                "S": "9",
                                "T": "13.8",
                                "V": "45000",
                                "W": "0",
                                "Pt": "R",
                                "Dp": "6.5",
                                "$": "1260"
                            },
                            {
                                "D": "E",
                                "G": "11",
                                "H": "67.6",
                                "P": "1024",
                                "S": "5",
                                "T": "13.4",
                                "V": "45000",
                                "W": "0",
                                "Pt": "R",
                                "Dp": "7.6",
                                "$": "1320"
                            },
                            {
                                "D": "E",
                                "G": "9",
                                "H": "72.6",
                                "P": "1024",
                                "S": "3",
                                "T": "11.7",
                                "V": "40000",
                                "W": "0",
                                "Pt": "R",
                                "Dp": "7.0",
                                "$": "1380"
                            }
                        ]
                    },
                    {
                        "type": "Day",
                        "value": "2025-04-30Z",
                        "Rep": [
                            {
                                "D": "ENE",
                                "G": "7",
                                "H": "73.5",
                                "P": "1024",
                                "S": "3",
                                "T": "11.5",
                                "V": "40000",
                                "W": "0",
                                "Pt": "F",
                                "Dp": "7.0",
                                "$": "0"
                            },
                            {
                                "D": "N",
                                "G": "5",
                                "H": "76.7",
                                "P": "1024",
                                "S": "2",
                                "T": "11.3",
                                "V": "6000",
                                "W": "0",
                                "Pt": "F",
                                "Dp": "7.4",
                                "$": "60"
                            },
                            {
                                "D": "NNE",
                                "G": "6",
                                "H": "79.2",
                                "P": "1024",
                                "S": "3",
                                "T": "10.6",
                                "V": "30000",
                                "W": "0",
                                "Pt": "F",
                                "Dp": "7.2",
                                "$": "120"
                            },
                            {
                                "D": "NNE",
                                "G": "6",
                                "H": "83.1",
                                "P": "1024",
                                "S": "3",
                                "T": "9.9",
                                "V": "27000",
                                "W": "0",
                                "Pt": "F",
                                "Dp": "7.2",
                                "$": "180"
                            },
                            {
                                "D": "NNE",
                                "G": "8",
                                "H": "85.3",
                                "P": "1024",
                                "S": "3",
                                "T": "9.3",
                                "V": "22000",
                                "W": "0",
                                "Pt": "F",
                                "Dp": "7.0",
                                "$": "240"
                            },
                            {
                                "D": "N",
                                "G": "7",
                                "H": "86.5",
                                "P": "1023",
                                "S": "3",
                                "T": "9.0",
                                "V": "19000",
                                "W": "1",
                                "Pt": "F",
                                "Dp": "6.9",
                                "$": "300"
                            },
                            {
                                "D": "NNE",
                                "G": "8",
                                "H": "84.8",
                                "P": "1023",
                                "S": "5",
                                "T": "10.1",
                                "V": "17000",
                                "W": "1",
                                "Pt": "F",
                                "Dp": "7.7",
                                "$": "360"
                            },
                            {
                                "D": "NE",
                                "G": "6",
                                "H": "77.9",
                                "P": "1023",
                                "S": "3",
                                "T": "12.5",
                                "V": "14000",
                                "W": "1",
                                "Pt": "F",
                                "Dp": "8.8",
                                "$": "420"
                            },
                            {
                                "D": "SSE",
                                "G": "5",
                                "H": "69.5",
                                "P": "1023",
                                "S": "1",
                                "T": "15.8",
                                "V": "14000",
                                "W": "1",
                                "Pt": "S",
                                "Dp": "10.3",
                                "$": "480"
                            },
                            {
                                "D": "E",
                                "G": "6",
                                "H": "59.6",
                                "P": "1023",
                                "S": "2",
                                "T": "18.4",
                                "V": "14000",
                                "W": "1",
                                "Pt": "F",
                                "Dp": "10.5",
                                "$": "540"
                            },
                            {
                                "D": "N",
                                "G": "6",
                                "H": "50.7",
                                "P": "1023",
                                "S": "3",
                                "T": "20.0",
                                "V": "17000",
                                "W": "12",
                                "Pt": "F",
                                "Dp": "9.6",
                                "$": "600"
                            },
                            {
                                "D": "E",
                                "G": "8",
                                "H": "40.8",
                                "P": "1023",
                                "S": "5",
                                "T": "23.4",
                                "V": "19000",
                                "W": "12",
                                "Pt": "F",
                                "Dp": "9.5",
                                "$": "660"
                            },
                            {
                                "D": "E",
                                "G": "10",
                                "H": "29.6",
                                "P": "1022",
                                "S": "3",
                                "T": "24.4",
                                "V": "21000",
                                "W": "12",
                                "Pt": "F",
                                "Dp": "5.8",
                                "$": "720"
                            },
                            {
                                "D": "SE",
                                "G": "11",
                                "H": "27.7",
                                "P": "1022",
                                "S": "7",
                                "T": "25.3",
                                "V": "21000",
                                "W": "1",
                                "Pt": "F",
                                "Dp": "5.6",
                                "$": "780"
                            },
                            {
                                "D": "E",
                                "G": "11",
                                "H": "26.0",
                                "P": "1021",
                                "S": "5",
                                "T": "25.6",
                                "V": "24000",
                                "W": "1",
                                "Pt": "F",
                                "Dp": "5.0",
                                "$": "840"
                            },
                            {
                                "D": "ENE",
                                "G": "13",
                                "H": "30.9",
                                "P": "1020",
                                "S": "5",
                                "T": "26.2",
                                "V": "24000",
                                "W": "1",
                                "Pt": "F",
                                "Dp": "7.9",
                                "$": "900"
                            },
                            {
                                "D": "ENE",
                                "G": "15",
                                "H": "32.0",
                                "P": "1020",
                                "S": "8",
                                "T": "25.6",
                                "V": "23000",
                                "W": "1",
                                "Pt": "F",
                                "Dp": "7.9",
                                "$": "960"
                            }
                        ]
                    }
                ]
            }
        }
    }
}