{
    "SiteRep": {
        "Wx": {
            "Param": [
                {
                    "name": "G",
                    "units": "mph",
                    "$": "Wind Gust"
                },
                {
                    "name": "T",
                    "units": "C",
                    "$": "Temperature"
                },
                {
                    "name": "V",
                    "units": "m",
                    "$": "Visibility"
                },
                {
                    "name": "D",
                    "units": "compass",
                    "$": "Wind Direction"
                },
                {
                    "name": "S",
                    "units": "mph",
                    "$": "Wind Speed"
                },
                {
                    "name": "W",
                    "units": "",
                    "$": "Weather Type"
                },
                {
                    "name": "P",
                    "units": "hpa",
                    "$": "Pressure"
                },
                {
                    "name": "Pt",
                    "units": "Pa/s",
                    "$": "Pressure Tendency"
                },
                {
                    "name": "Dp",
                    "units": "C",
                    "$": "Dew Point"
                },
                {
                    "name": "H",
                    "units": "%",
                    "$": "Screen Relative Humidity"
                }
            ]
        },
        "DV": {
            "dataDate": "2023-11-25T16:00:00Z",
            "type": "Obs",
            "Location": {
                "i": "3772",
                "lat": "51.479",
                "lon": "-0.449",
                "name": "HEATHROW",
                "country": "ENGLAND",
                "continent": "EUROPE",
                "elevation": "25.0",
                "Period": [
                    {
                        "type": "Day",
                        "value": "2023-11-24Z",
                        "Rep": [
                            {
                                "D": "NNW",
                                "G": "22",
                                "H": "51.2",
                                "P": "1021",
                                "S": "6",
                                "T": "6.6",
                                "V": "50000",
                                "W": "1",
                                "Pt": "R",
                                "Dp": "-2.6",
                                "$": "960"
                            },
                            {
                                "D": "NW",
                                "G": "9",
                                "H": "58.6",
                                "P": "1022",
                                "S": "3",
                                "T": "5.1",
                                "V": "40000",
                                "W": "0",
                                "Pt": "R",
                                "Dp": "-2.2",
                                "$": "1020"
                            },
                            {
                                "D": "NW",
                                "G": "6",
                                "H": "63.1",
                                "P": "1022",
                                "S": "5",
                                "T": "4.4",
                                "V": "35000",
                                "W": "0",
                                "Pt": "R",
                                "Dp": "-1.9",
                                "$": "1080"
                            },
                            {
                                "D": "NNW",
                                "G": "11",
                                "H": "63.0",
                                "P": "1022",
                                "S": "7",
                                "T": "4.5",
                                "V": "35000",
                                "W": "0",
                                "Pt": "R",
                                "Dp": "-1.8",
                                "$": "1140"
                            },
                            {
                                "D": "NNW",
                                "G": "13",
                                "H": "65.4",
                                "P": "1022",
                                "S": "8",
                                "T": "4.0",
                                "V": "35000",
                                "W": "0",
                                "Pt": "R",
                                "Dp": "-1.8",
                                "$": "1200"
                            },
                            {
                                "D": "NW",
                                "G": "13",
                                "H": "64.9",
                                "P": "1022",
                                "S": "7",
                                "T": "3.7",
                                "V": "35000",
                                "W": "0",
                                "Pt": "F",
                                "Dp": "-2.2",
                                "$": "1260"
                            },
                            {
                                "D": "NW",
                                "G": "14",
                                "H": "66.0",
                                "P": "1022",
                                "S": "7",
                                "T": "3.7",
                                "V": "40000",
                                "W": "0",
                                "Pt": "F",
                                "Dp": "-2.0",
                                "$": "1320"
                            },
                            {
                                "D": "NW",
                                "G": "13",
                                "H": "68.7",
                                "P": "1022",
                                "S": "6",
                                "T": "3.1",
                                "V": "35000",
                                "W": "0",
                                "Pt": "R",
                                "Dp": "-2.0",
                                "$": "1380"
                            }
                        ]
                    },
                    {
                        "type": "Day",
                        "value": "2023-11-25Z",
                        "Rep": [
                            {
                                "D": "WNW",
                                "G": "10",
                                "H": "71.3",
                                "P": "1022",
                                "S": "7",
                                "T": "2.7",
                                "V": "35000",
                                "W": "0",
                                "Pt": "R",
                                "Dp": "-1.9",
                                "$": "0"
                            },
                            {
                                "D": "NW",
                                "G": "11",
                                "H": "74.4",
                                "P": "1022",
                                "S": "5",
                                "T": "2.0",
                                "V": "35000",
                                "W": "0",
                                "Pt": "R",
                                "Dp": "-2.0",
                                "$": "60"
                            },
                            {
                                "D": "W",
                                "G": "8",
                                "H": "76.0",
                                "P": "1022",
                                "S": "5",
                                "T": "1.8",
                                "V": "30000",
                                "W": "0",
                                "Pt": "S",
                                "Dp": "-1.9",
                                "$": "120"
                            },
                            {
                                "D": "W",
                                "G": "10",
                                "H": "81.4",
                                "P": "1022",
                                "S": "7",
                                "T": "0.4",
                                "V": "30000",
                                "W": "0",
                                "Pt": "F",
                                "Dp": "-2.1",
                                "$": "180"
                            },
                            {
                                "D": "W",
                                "G": "11",
                                "H": "78.4",
                                "P": "1022",
                                "S": "7",
                                "T": "1.4",
                                "V": "30000",
                                "W": "0",
                                "Pt": "S",
                                "Dp": "-1.9",
                                "$": "240"
                            },
                            {
                                "D": "WNW",
                                "G": "13",
                                "H": "78.4",
                                "P": "1022",
                                "S": "8",
                                "T": "1.2",
                                "V": "30000",
                                "W": "0",
                                "Pt": "F",
                                "Dp": "-2.1",
                                "$": "300"
                            },
                            {
                                "D": "W",
                                "G": "11",
                                "H": "77.8",
                                "P": "1022",
                                "S": "6",
                                "T": "1.0",
                                "V": "30000",
                                "W": "0",
                                "Pt": "F",
                                "Dp": "-2.1",
                                "$": "360"
                            },
                            {
                                "D": "W",
                                "G": "9",
                                "H": "79.4",
                                "P": "1022",
                                "S": "5",
                                "T": "-0.1",
                                "V": "30000",
                                "W": "0",
                                "Pt": "F",
                                "Dp": "-2.8",
                                "$": "420"
                            },
                            {
                                "D": "W",
                                "G": "7",
                                "H": "79.9",
                                "P": "1022",
                                "S": "3",
                                "T": "-0.3",
                                "V": "30000",
                                "W": "1",
                                "Pt": "S",
                                "Dp": "-2.9",
                                "$": "480"
                            },
                            {
                                "D": "W",
                                "G": "8",
                                "H": "80.7",
                                "P": "1022",
                                "S": "5",
                                "T": "1.0",
                                "V": "30000",
                                "W": "1",
                                "Pt": "R",
                                "Dp": "-1.9",
                                "$": "540"
                            },
                            {
                                "D": "W",
                                "G": "10",
                                "H": "73.4",
                                "P": "1022",
                                "S": "7",
                                "T": "2.6",
                                "V": "30000",
                                "W": "1",
                                "Pt": "R",
                                "Dp": "-1.6",
                                "$": "600"
                            },
                            {
                                "D": "W",
                                "G": "11",
                                "H": "68.3",
                                "P": "1022",
                                "S": "7",
                                "T": "3.7",
                                "V": "30000",
                                "W": "1",
                                "Pt": "F",
                                "Dp": "-1.5",
                                "$": "660"
                            },
                            {
                                "D": "W",
                                "G": "14",
                                "H": "67.1",
                                "P": "1021",
                                "S": "8",
                                "T": "5.2",
                                "V": "30000",
                                "W": "1",
                                "Pt": "F",
                                "Dp": "-0.3",
                                "$": "720"
                            },
                            {
                                "D": "NW",
                                "G": "18",
                                "H": "60.7",
                                "P": "1021",
                                "S": "9",
                                "T": "6.0",
                                "V": "35000",
                                "W": "1",
                                "Pt": "F",
                                "Dp": "-0.9",
                                "$": "780"
                            },
                            {
                                "D": "NW",
                                "G": "16",
                                "H": "54.8",
                                "P": "1020",
                                "S": "7",
                                "T": "6.3",
                                "V": "40000",
                                "W": "1",
                                "Pt": "F",
                                "Dp": "-2.0",
                                "$": "840"
                            },
                            {
                                "D": "NW",
                                "G": "15",
                                "H": "57.3",
                                "P": "1020",
                                "S": "8",
                                "T": "6.2",
                                "V": "45000",
                                "W": "1",
                                "Pt": "F",
                                "Dp": "-1.5",
                                "$": "900"
                            },
                            {
                                "D": "WNW",
                                "G": "11",
                                "H": "63.7",
                                "P": "1020",
                                "S": "6",
                                "T": "5.1",
                                "V": "40000",
                                "W": "1",
                                "Pt": "F",
                                "Dp": "-1.1",
                                "$": "960"
                            }
                        ]
                    }
                ]
            }
        }
    }
}