{
    "SiteRep": {
        "Wx": {
            "Param": [
                {
                    "name": "G",
                    "units": "mph",
                    "$": "Wind Gust"
                },
                {
                    "name": "T",
                    "units": "C",
                    "$": "Temperature"
                },
                {
                    "name": "V",
                    "units": "m",
                    "$": "Visibility"
                },
                {
                    "name": "D",
                    "units": "compass",
                    "$": "Wind Direction"
                },
                {
                    "name": "S",
                    "units": "mph",
                    "$": "Wind Speed"
                },
                {
                    "name": "W",
                    "units": "",
                    "$": "Weather Type"
                },
                {
                    "name": "P",
                    "units": "hpa",
                    "$": "Pressure"
                },
                {
                    "name": "Pt",
                    "units": "Pa/s",
                    "$": "Pressure Tendency"
                },
                {
                    "name": "Dp",
                    "units": "C",
                    "$": "Dew Point"
                },
                {
                    "name": "H",
                    "units": "%",
                    "$": "Screen Relative Humidity"
                }
            ]
        },
        "DV": {
            "dataDate": "2025-07-31T16:00:00Z",
            "type": "Obs",
            "Location": {
                "i": "3772",
                "lat": "51.479",
                "lon": "-0.449",
                "name": "HEATHROW",
                "country": "ENGLAND",
                "continent": "EUROPE",
                "elevation": "25.0",
                "Period": [
                    {
                        "type": "Day",
                        "value": "2025-07-30Z",
                        "Rep": [
                            {
                                "D": "WNW",
                                "G": "19",
                                "H": "44.4",
                                "P": "1018",
                                "S": "9",
                                "T": "24.5",
                                "V": "50000",
                                "W": "8",
                                "Pt": "F",
                                "Dp": "11.7",
                                "$": "960"
                            },
                            {
                                "D": "WNW",
                                "G": "16",
                                "H": "43.3",
                                "P": "1017",
                                "S": "8",
                                "T": "24.8",
                                "V": "55000",
                                "W": "3",
                                "Pt": "F",
                                "Dp": "11.6",
                                "$": "1020"
                            },
                            {
                                "D": "NW",
                                "G": "13",
                                "H": "45.9",
                                "P": "1017",
                                "S": "6",
                                "T": "24.3",
                                "V": "50000",
                                "W": "3",
                                "Pt": "F",
                                "Dp": "12.0",
                                "$": "1080"
                            },
                            {
                                "D": "WNW",
                                "G": "9",
                                "H": "46.7",
                                "P": "1017",
                                "S": "2",
                                "T": "24.0",
                                "V": "55000",
                                "W": "1",
                                "Pt": "F",
                                "Dp": "12.0",
                                "$": "1140"
                            },
                            {
                                "D": "SW",
                                "G": "9",
                                "H": "51.1",
                                "P": "1017",
                                "S": "7",
                                "T": "23.2",
                                "V": "45000",
                                "W": "2",
                                "Pt": "F",
                                "Dp": "12.6",
                                "$": "1200"
                            },
                            {
                                "D": "W",
                                "G": "16",
                                "H": "57.7",
                                "P": "1017",
                                "S": "10",
                                "T": "22.7",
                                "V": "45000",
                                "W": "8",
                                "Pt": "F",
                                "Dp": "14.0",
                                "$": "1260"
                            },
                            {
                                "D": "W",
                                "G": "17",
                                "H": "63.4",
                                "P": "1018",
                                "S": "8",
                                "T": "21.8",
                                "V": "45000",
                                "W": "8",
                                "Pt": "R",
                                "Dp": "14.6",
                                "$": "1320"
                            },
                            {
                                "D": "WNW",
                                "G": "14",
                                "H": "62.3",
                                "P": "1018",
                                "S": "7",
                                "T": "20.5",
                                "V": "45000",
                                "W": "0",
                                "Pt": "R",
                                "Dp": "13.1",
                                "$": "1380"
                            }
                        ]
                    },
                    {
                        "type": "Day",
                        "value": "2025-07-31Z",
                        "Rep": [
                            {
                                "D": "W",
                                "G": "10",
                                "H": "61.6",
                                "P": "1018",
                                "S": "7",
                                "T": "19.5",
                                "V": "55000",
                                "W": "0",
                                "Pt": "R",
                                "Dp": "12.0",
                                "$": "0"
                            },
                            {
                                "D": "W",
                                "G": "10",
                                "H": "73.3",
                                "P": "1017",
                                "S": "6",
                                "T": "17.6",
                                "V": "24000",
                                "W": "0",
                                "Pt": "F",
                                "Dp": "12.8",
                                "$": "60"
                            },
                            {
                                "D": "W",
                                "G": "7",
                                "H": "74.1",
                                "P": "1017",
                                "S": "5",
                                "T": "16.8",
                                "V": "40000",
                                "W": "0",
                                "Pt": "F",
                                "Dp": "12.2",
                                "$": "120"
                            },
                            {
                                "D": "W",
                                "G": "8",
                                "H": "78.1",
                                "P": "1017",
                                "S": "2",
                                "T": "16.2",
                                "V": "50000",
                                "W": "0",
                                "Pt": "F",
                                "Dp": "12.4",
                                "$": "180"
                            },
                            {
                                "D": "W",
                                "G": "8",
                                "H": "82.3",
                                "P": "1017",
                                "S": "5",
                                "T": "16.3",
                                "V": "45000",
                                "W": "8",
                                "Pt": "F",
                                "Dp": "13.3",
                                "$": "240"
                            },
                            {
                                "D": "WSW",
                                "G": "7",
                                "H": "87.9",
                                "P": "1017",
                                "S": "5",
                                "T": "16.2",
                                "V": "10000",
                                "W": "12",
                                "Pt": "F",
                                "Dp": "14.2",
                                "$": "300"
                            },
                            {
                                "D": "WSW",
                                "G": "9",
                                "H": "91.9",
                                "P": "1017",
                                "S": "6",
                                "T": "16.4",
                                "V": "27000",
                                "W": "15",
                                "Pt": "F",
                                "Dp": "15.1",
                                "$": "360"
                            },
                            {
                                "D": "SW",
                                "G": "11",
                                "H": "90.3",
                                "P": "1016",
                                "S": "6",
                                "T": "17.5",
                                "V": "30000",
                                "W": "8",
                                "Pt": "F",
                                "Dp": "15.9",
                                "$": "420"
                            },
                            {
                                "D": "SW",
                                "G": "11",
                                "H": "89.2",
                                "P": "1016",
                                "S": "8",
                                "T": "18.7",
                                "V": "30000",
                                "W": "8",
                                "Pt": "F",
                                "Dp": "16.9",
                                "$": "480"
                            },
                            {
                                "D": "W",
                                "G": "15",
                                "H": "87.6",
                                "P": "1016",
                                "S": "9",
                                "T": "19.4",
                                "V": "50000",
                                "W": "8",
                                "Pt": "F",
                                "Dp": "17.3",
                                "$": "540"
                            },
                            {
                                "D": "W",
                                "G": "14",
                                "H": "84.8",
                                "P": "1016",
                                "S": "8",
                                "T": "19.6",
                                "V": "55000",
                                "W": "8",
                                "Pt": "F",
                                "Dp": "17.0",
                                "$": "600"
                            },
                            {
                                "D": "W",
                                "G": "11",
                                "H": "81.3",
                                "P": "1016",
                                "S": "6",
                                "T": "20.6",
                                "V": "60000",
                                "W": "8",
                                "Pt": "F",
                                "Dp": "17.3",
                                "$": "660"
                            },
                            {
                                "D": "SW",
                                "G": "11",
                                "H": "87.1",
                                "P": "1015",
                                "S": "8",
                                "T": "20.0",
                                "V": "20000",
                                "W": "15",
                                "Pt": "F",
                                "Dp": "17.8",
                                "$": "720"
                            },
                            {
                                "D": "SSW",
                                "G": "13",
                                "H": "84.4",
                                "P": "1015",
                                "S": "6",
                                "T": "20.7",
                                "V": "50000",
                                "W": "8",
                                "Pt": "F",
                                "Dp": "18.0",
                                "$": "780"
                            },
                            {
                                "D": "SW",
                                "G": "14",
                                "H": "87.1",
                                "P": "1015",
                                "S": "8",
                                "T": "20.7",
                                "V": "11000",
                                "W": "12",
                                "Pt": "F",
                                "Dp": "18.5",
                                "$": "840"
                            },
                            {
                                "D": "W",
                                "G": "14",
                                "H": "80.3",
                                "P": "1015",
                                "S": "8",
                                "T": "21.2",
                                "V": "45000",
                                "W": "12",
                                "Pt": "F",
                                "Dp": "17.7",
                                "$": "900"
                            },
                            {
                                "D": "W",
                                "G": "14",
                                "H": "71.4",
                                "P": "1014",
                                "S": "7",
                                "T": "22.4",
                                "V": "55000",
                                "W": "8",
                                "Pt": "F",
                                "Dp": "17.0",
                                "$": "960"
                            }
                        ]
                    }
                ]
            }
        }
    }
}