{
    "SiteRep": {
        "Wx": {
            "Param": [
                {
                    "name": "G",
                    "units": "mph",
                    "$": "Wind Gust"
                },
                {
                    "name": "T",
                    "units": "C",
                    "$": "Temperature"
                },
                {
                    "name": "V",
                    "units": "m",
                    "$": "Visibility"
                },
                {
                    "name": "D",
                    "units": "compass",
                    "$": "Wind Direction"
                },
                {
                    "name": "S",
                    "units": "mph",
                    "$": "Wind Speed"
                },
                {
                    "name": "W",
                    "units": "",
                    "$": "Weather Type"
                },
                {
                    "name": "P",
                    "units": "hpa",
                    "$": "Pressure"
                },
                {
                    "name": "Pt",
                    "units": "Pa/s",
                    "$": "Pressure Tendency"
                },
                {
                    "name": "Dp",
                    "units": "C",
                    "$": "Dew Point"
                },
                {
                    "name": "H",
                    "units": "%",
                    "$": "Screen Relative Humidity"
                }
            ]
        },
        "DV": {
            "dataDate": "2024-06-09T16:00:00Z",
            "type": "Obs",
            "Location": {
                "i": "3772",
                "lat": "51.479",
                "lon": "-0.449",
                "name": "HEATHROW",
                "country": "ENGLAND",
                "continent": "EUROPE",
                "elevation": "25.0",
                "Period": [
                    {
                        "type": "Day",
                        "value": "2024-06-08Z",
                        "Rep": [
                            {
                                "D": "NW",
                                "G": "19",
                                "H": "42.6",
                                "P": "1012",
                                "S": "10",
                                "T": "19.2",
                                "V": "75000",
                                "W": "7",
                                "Pt": "R",
                                "Dp": "6.3",
                                "$": "960"
                            },
                            {
                                "D": "NNW",
                                "G": "18",
                                "H": "42.6",
                                "P": "1013",
                                "S": "9",
                                "T": "19.2",
                                "V": "65000",
                                "W": "3",
                                "Pt": "R",
                                "Dp": "6.3",
                                "$": "1020"
                            },
                            {
                                "D": "NW",
                                "G": "16",
                                "H": "38.0",
                                "P": "1013",
                                "S": "8",
                                "T": "19.1",
                                "V": "65000",
                                "W": "1",
                                "Pt": "R",
                                "Dp": "4.6",
                                "$": "1080"
                            },
                            {
                                "D": "NW",
                                "G": "16",
                                "H": "42.6",
                                "P": "1013",
                                "S": "6",
                                "T": "18.2",
                                "V": "65000",
                                "W": "1",
                                "Pt": "R",
                                "Dp": "5.4",
                                "$": "1140"
                            },
                            {
                                "D": "NNW",
                                "G": "14",
                                "H": "44.8",
                                "P": "1014",
                                "S": "7",
                                "T": "16.5",
                                "V": "55000",
                                "W": "1",
                                "Pt": "R",
                                "Dp": "4.6",
                                "$": "1200"
                            },
                            {
                                "D": "NNW",
                                "G": "15",
                                "H": "45.7",
                                "P": "1015",
                                "S": "7",
                                "T": "14.9",
                                "V": "55000",
                                "W": "0",
                                "Pt": "R",
                                "Dp": "3.4",
                                "$": "1260"
                            },
                            {
                                "D": "NW",
                                "G": "10",
                                "H": "51.1",
                                "P": "1015",
                                "S": "3",
                                "T": "13.4",
                                "V": "55000",
                                "W": "0",
                                "Pt": "R",
                                "Dp": "3.6",
                                "$": "1320"
                            },
                            {
                                "D": "NNW",
                                "G": "9",
                                "H": "55.7",
                                "P": "1015",
                                "S": "5",
                                "T": "12.3",
                                "V": "55000",
                                "W": "0",
                                "Pt": "R",
                                "Dp": "3.8",
                                "$": "1380"
                            }
                        ]
                    },
                    {
                        "type": "Day",
                        "value": "2024-06-09Z",
                        "Rep": [
                            {
                                "D": "NW",
                                "G": "11",
                                "H": "60.8",
                                "P": "1015",
                                "S": "5",
                                "T": "11.0",
                                "V": "50000",
                                "W": "0",
                                "Pt": "R",
                                "Dp": "3.8",
                                "$": "0"
                            },
                            {
                                "D": "NW",
                                "G": "6",
                                "H": "66.9",
                                "P": "1015",
                                "S": "3",
                                "T": "9.7",
                                "V": "55000",
                                "W": "0",
                                "Pt": "R",
                                "Dp": "3.9",
                                "$": "60"
                            },
                            {
                                "D": "NW",
                                "G": "6",
                                "H": "68.5",
                                "P": "1015",
                                "S": "2",
                                "T": "8.9",
                                "V": "55000",
                                "W": "0",
                                "Pt": "F",
                                "Dp": "3.5",
                                "$": "120"
                            },
                            {
                                "D": "WNW",
                                "G": "5",
                                "H": "73.5",
                                "P": "1014",
                                "S": "2",
                                "T": "8.1",
                                "V": "40000",
                                "W": "0",
                                "Pt": "F",
                                "Dp": "3.7",
                                "$": "180"
                            },
                            {
                                "D": "WSW",
                                "G": "6",
                                "H": "81.6",
                                "P": "1014",
                                "S": "3",
                                "T": "7.6",
                                "V": "45000",
                                "W": "1",
                                "Pt": "F",
                                "Dp": "4.7",
                                "$": "240"
                            },
                            {
                                "D": "WNW",
                                "G": "7",
                                "H": "78.3",
                                "P": "1014",
                                "S": "5",
                                "T": "8.2",
                                "V": "40000",
                                "W": "1",
                                "Pt": "F",
                                "Dp": "4.7",
                                "$": "300"
                            },
                            {
                                "D": "W",
                                "G": "9",
                                "H": "71.0",
                                "P": "1014",
                                "S": "6",
                                "T": "10.5",
                                "V": "40000",
                                "W": "1",
                                "Pt": "F",
                                "Dp": "5.5",
                                "$": "360"
                            },
                            {
                                "D": "W",
                                "G": "11",
                                "H": "62.4",
                                "P": "1014",
                                "S": "8",
                                "T": "12.2",
                                "V": "45000",
                                "W": "1",
                                "Pt": "F",
                                "Dp": "5.3",
                                "$": "420"
                            },
                            {
                                "D": "W",
                                "G": "15",
                                "H": "59.4",
                                "P": "1013",
                                "S": "9",
                                "T": "13.8",
                                "V": "45000",
                                "W": "1",
                                "Pt": "F",
                                "Dp": "6.1",
                                "$": "480"
                            },
                            {
                                "D": "W",
                                "G": "18",
                                "H": "52.4",
                                "P": "1013",
                                "S": "13",
                                "T": "15.3",
                                "V": "45000",
                                "W": "3",
                                "Pt": "F",
                                "Dp": "5.7",
                                "$": "540"
                            },
                            {
                                "D": "W",
                                "G": "22",
                                "H": "45.5",
                                "P": "1013",
                                "S": "11",
                                "T": "16.4",
                                "V": "50000",
                                "W": "8",
                                "Pt": "F",
                                "Dp": "4.7",
                                "$": "600"
                            },
                            {
                                "D": "WNW",
                                "G": "19",
                                "H": "46.1",
                                "P": "1013",
                                "S": "9",
                                "T": "16.2",
                                "V": "55000",
                                "W": "8",
                                "Pt": "F",
                                "Dp": "4.7",
                                "$": "660"
                            },
                            {
                                "D": "WNW",
                                "G": "19",
                                "H": "46.1",
                                "P": "1013",
                                "S": "10",
                                "T": "16.4",
                                "V": "65000",
                                "W": "8",
                                "Pt": "F",
                                "Dp": "4.9",
                                "$": "720"
                            },
                            {
                                "D": "WNW",
                                "G": "16",
                                "H": "50.4",
                                "P": "1013",
                                "S": "8",
                                "T": "15.7",
                                "V": "60000",
                                "W": "8",
                                "Pt": "F",
                                "Dp": "5.5",
                                "$": "780"
                            },
                            {
                                "D": "W",
                                "G": "19",
                                "H": "51.9",
                                "P": "1012",
                                "S": "10",
                                "T": "16.1",
                                "V": "55000",
                                "W": "8",
                                "Pt": "F",
                                "Dp": "6.3",
                                "$": "840"
                            },
                            {
                                "D": "W",
                                "G": "18",
                                "H": "54.7",
                                "P": "1012",
                                "S": "10",
                                "T": "15.5",
                                "V": "55000",
                                "W": "8",
                                "Pt": "F",
                                "Dp": "6.5",
                                "$": "900"
                            },
                            {
                                "D": "W",
                                "G": "19",
                                "H": "55.9",
                                "P": "1012",
                                "S": "7",
                                "T": "15.7",
                                "V": "55000",
                                "W": "8",
                                "Pt": "F",
                                "Dp": "7.0",
                                "$": "960"
                            }
                        ]
                    }
                ]
            }
        }
    }
}