{
    "SiteRep": {
        "Wx": {
            "Param": [
                {
                    "name": "G",
                    "units": "mph",
                    "$": "Wind Gust"
                },
                {
                    "name": "T",
                    "units": "C",
                    "$": "Temperature"
                },
                {
                    "name": "V",
                    "units": "m",
                    "$": "Visibility"
                },
                {
                    "name": "D",
                    "units": "compass",
                    "$": "Wind Direction"
                },
                {
                    "name": "S",
                    "units": "mph",
                    "$": "Wind Speed"
                },
                {
                    "name": "W",
                    "units": "",
                    "$": "Weather Type"
                },
                {
                    "name": "P",
                    "units": "hpa",
                    "$": "Pressure"
                },
                {
                    "name": "Pt",
                    "units": "Pa/s",
                    "$": "Pressure Tendency"
                },
                {
                    "name": "Dp",
                    "units": "C",
                    "$": "Dew Point"
                },
                {
                    "name": "H",
                    "units": "%",
                    "$": "Screen Relative Humidity"
                }
            ]
        },
        "DV": {
            "dataDate": "2025-09-04T15:00:00Z",
            "type": "Obs",
            "Location": {
                "i": "3772",
                "lat": "51.479",
                "lon": "-0.449",
                "name": "HEATHROW",
                "country": "ENGLAND",
                "continent": "EUROPE",
                "elevation": "25.0",
                "Period": [
                    {
                        "type": "Day",
                        "value": "2025-09-03Z",
                        "Rep": [
                            {
                                "D": "SW",
                                "G": "30",
                                "H": "78.6",
                                "P": "996",
                                "S": "19",
                                "T": "18.9",
                                "V": "1300",
                                "W": "12",
                                "Pt": "R",
                                "Dp": "15.1",
                                "$": "960"
                            },
                            {
                                "D": "SW",
                                "G": "36",
                                "H": "90.9",
                                "P": "997",
                                "S": "14",
                                "T": "17.3",
                                "V": "75000",
                                "W": "12",
                                "Pt": "R",
                                "Dp": "15.8",
                                "$": "1020"
                            },
                            {
                                "D": "WSW",
                                "G": "22",
                                "H": "88.6",
                                "P": "998",
                                "S": "15",
                                "T": "17.4",
                                "V": "5000",
                                "W": "12",
                                "Pt": "R",
                                "Dp": "15.5",
                                "$": "1080"
                            },
                            {
                                "D": "SW",
                                "G": "19",
                                "H": "88.0",
                                "P": "999",
                                "S": "13",
                                "T": "17.1",
                                "V": "45000",
                                "W": "12",
                                "Pt": "R",
                                "Dp": "15.1",
                                "$": "1140"
                            },
                            {
                                "D": "SW",
                                "G": "22",
                                "H": "85.2",
                                "P": "1000",
                                "S": "14",
                                "T": "16.4",
                                "V": "75000",
                                "W": "0",
                                "Pt": "R",
                                "Dp": "13.9",
                                "$": "1200"
                            },
                            {
                                "D": "SSW",
                                "G": "18",
                                "H": "85.7",
                                "P": "1001",
                                "S": "11",
                                "T": "16.0",
                                "V": "75000",
                                "W": "0",
                                "Pt": "R",
                                "Dp": "13.6",
                                "$": "1260"
                            },
                            {
                                "D": "SSW",
                                "G": "17",
                                "H": "89.0",
                                "P": "1002",
                                "S": "13",
                                "T": "15.6",
                                "V": "29000",
                                "W": "0",
                                "Pt": "R",
                                "Dp": "13.8",
                                "$": "1320"
                            },
                            {
                                "D": "SSW",
                                "G": "19",
                                "H": "89.6",
                                "P": "1003",
                                "S": "10",
                                "T": "15.4",
                                "V": "29000",
                                "W": "0",
                                "Pt": "R",
                                "Dp": "13.7",
                                "$": "1380"
                            }
                        ]
                    },
                    {
                        "type": "Day",
                        "value": "2025-09-04Z",
                        "Rep": [
                            {
                                "D": "S",
                                "G": "13",
                                "H": "90.7",
                                "P": "1003",
                                "S": "7",
                                "T": "15.3",
                                "V": "25000",
                                "W": "7",
                                "Pt": "R",
                                "Dp": "13.8",
                                "$": "0"
                            },
                            {
                                "D": "SW",
                                "G": "16",
                                "H": "84.0",
                                "P": "1004",
                                "S": "10",
                                "T": "15.5",
                                "V": "75000",
                                "W": "8",
                                "Pt": "R",
                                "Dp": "12.8",
                                "$": "60"
                            },
                            {
                                "D": "SSW",
                                "G": "17",
                                "H": "86.6",
                                "P": "1004",
                                "S": "13",
                                "T": "14.6",
                                "V": "75000",
                                "W": "0",
                                "Pt": "R",
                                "Dp": "12.4",
                                "$": "120"
                            },
                            {
                                "D": "S",
                                "G": "16",
                                "H": "89.5",
                                "P": "1004",
                                "S": "7",
                                "T": "13.8",
                                "V": "45000",
                                "W": "2",
                                "Pt": "R",
                                "Dp": "12.1",
                                "$": "180"
                            },
                            {
                                "D": "S",
                                "G": "14",
                                "H": "87.8",
                                "P": "1004",
                                "S": "8",
                                "T": "14.1",
                                "V": "40000",
                                "W": "7",
                                "Pt": "R",
                                "Dp": "12.1",
                                "$": "240"
                            },
                            {
                                "D": "SE",
                                "G": "10",
                                "H": "90.6",
                                "P": "1003",
                                "S": "7",
                                "T": "13.7",
                                "V": "30000",
                                "W": "8",
                                "Pt": "F",
                                "Dp": "12.2",
                                "$": "300"
                            },
                            {
                                "D": "SE",
                                "G": "17",
                                "H": "92.4",
                                "P": "1003",
                                "S": "8",
                                "T": "14.4",
                                "V": "30000",
                                "W": "12",
                                "Pt": "F",
                                "Dp": "13.2",
                                "$": "360"
                            },
                            {
                                "D": "ESE",
                                "G": "18",
                                "H": "94.9",
                                "P": "1003",
                                "S": "11",
                                "T": "14.6",
                                "V": "900",
                                "W": "15",
                                "Pt": "F",
                                "Dp": "13.8",
                                "$": "420"
                            },
                            {
                                "D": "SSW",
                                "G": "23",
                                "H": "85.7",
                                "P": "1003",
                                "S": "11",
                                "T": "16.0",
                                "V": "30000",
                                "W": "1",
                                "Pt": "F",
                                "Dp": "13.6",
                                "$": "480"
                            },
                            {
                                "D": "SSW",
                                "G": "24",
                                "H": "79.2",
                                "P": "1003",
                                "S": "11",
                                "T": "16.5",
                                "V": "10000",
                                "W": "12",
                                "Pt": "R",
                                "Dp": "12.9",
                                "$": "540"
                            },
                            {
                                "D": "W",
                                "G": "30",
                                "H": "77.5",
                                "P": "1004",
                                "S": "14",
                                "T": "15.3",
                                "V": "2500",
                                "W": "12",
                                "Pt": "R",
                                "Dp": "11.4",
                                "$": "600"
                            },
                            {
                                "D": "SSW",
                                "G": "28",
                                "H": "81.3",
                                "P": "1004",
                                "S": "17",
                                "T": "16.2",
                                "V": "60000",
                                "W": "8",
                                "Pt": "R",
                                "Dp": "13.0",
                                "$": "660"
                            },
                            {
                                "D": "WSW",
                                "G": "28",
                                "H": "65.0",
                                "P": "1004",
                                "S": "15",
                                "T": "18.5",
                                "V": "75000",
                                "W": "8",
                                "Pt": "R",
                                "Dp": "11.8",
                                "$": "720"
                            },
                            {
                                "D": "WSW",
                                "G": "26",
                                "H": "61.1",
                                "P": "1005",
                                "S": "14",
                                "T": "19.9",
                                "V": "75000",
                                "W": "7",
                                "Pt": "R",
                                "Dp": "12.2",
                                "$": "780"
                            },
                            {
                                "D": "WSW",
                                "G": "28",
                                "H": "53.2",
                                "P": "1006",
                                "S": "19",
                                "T": "20.2",
                                "V": "75000",
                                "W": "8",
                                "Pt": "R",
                                "Dp": "10.4",
                                "$": "840"
                            },
                            {
                                "D": "W",
                                "G": "28",
                                "H": "56.9",
                                "P": "1007",
                                "S": "13",
                                "T": "19.2",
                                "V": "75000",
                                "W": "3",
                                "Pt": "R",
                                "Dp": "10.5",
                                "$": "900"
                            },
                            {
                                "D": "W",
                                "G": "28",
                                "H": "50.9",
                                "P": "1007",
                                "S": "18",
                                "T": "19.6",
                                "V": "75000",
                                "W": "1",
                                "Pt": "R",
                                "Dp": "9.2",
                                "$": "960"
                            }
                        ]
                    }
                ]
            }
        }
    }
}