{
    "SiteRep": {
        "Wx": {
            "Param": [
                {
                    "name": "G",
                    "units": "mph",
                    "$": "Wind Gust"
                },
                {
                    "name": "T",
                    "units": "C",
                    "$": "Temperature"
                },
                {
                    "name": "V",
                    "units": "m",
                    "$": "Visibility"
                },
                {
                    "name": "D",
                    "units": "compass",
                    "$": "Wind Direction"
                },
                {
                    "name": "S",
                    "units": "mph",
                    "$": "Wind Speed"
                },
                {
                    "name": "W",
                    "units": "",
                    "$": "Weather Type"
                },
                {
                    "name": "P",
                    "units": "hpa",
                    "$": "Pressure"
                },
                {
                    "name": "Pt",
                    "units": "Pa/s",
                    "$": "Pressure Tendency"
                },
                {
                    "name": "Dp",
                    "units": "C",
                    "$": "Dew Point"
                },
                {
                    "name": "H",
                    "units": "%",
                    "$": "Screen Relative Humidity"
                }
            ]
        },
        "DV": {
            "dataDate": "2024-11-23T16:00:00Z",
            "type": "Obs",
            "Location": {
                "i": "3772",
                "lat": "51.479",
                "lon": "-0.449",
                "name": "HEATHROW",
                "country": "ENGLAND",
                "continent": "EUROPE",
                "elevation": "25.0",
                "Period": [
                    {
                        "type": "Day",
                        "value": "2024-11-22Z",
                        "Rep": [
                            {
                                "D": "W",
                                "G": "17",
                                "H": "61.7",
                                "P": "1011",
                                "S": "8",
                                "T": "7.0",
                                "V": "40000",
                                "W": "8",
                                "Pt": "R",
                                "Dp": "0.2",
                                "$": "960"
                            },
                            {
                                "D": "W",
                                "G": "16",
                                "H": "68.4",
                                "P": "1012",
                                "S": "9",
                                "T": "5.5",
                                "V": "40000",
                                "W": "7",
                                "Pt": "R",
                                "Dp": "0.2",
                                "$": "1020"
                            },
                            {
                                "D": "WSW",
                                "G": "14",
                                "H": "73.0",
                                "P": "1013",
                                "S": "5",
                                "T": "4.7",
                                "V": "35000",
                                "W": "0",
                                "Pt": "R",
                                "Dp": "0.3",
                                "$": "1080"
                            },
                            {
                                "D": "SW",
                                "G": "14",
                                "H": "73.9",
                                "P": "1013",
                                "S": "7",
                                "T": "4.5",
                                "V": "35000",
                                "W": "0",
                                "Pt": "R",
                                "Dp": "0.3",
                                "$": "1140"
                            },
                            {
                                "D": "SW",
                                "G": "10",
                                "H": "74.3",
                                "P": "1014",
                                "S": "6",
                                "T": "3.8",
                                "V": "35000",
                                "W": "8",
                                "Pt": "R",
                                "Dp": "-0.3",
                                "$": "1200"
                            },
                            {
                                "D": "S",
                                "G": "10",
                                "H": "76.4",
                                "P": "1014",
                                "S": "5",
                                "T": "2.9",
                                "V": "29000",
                                "W": "8",
                                "Pt": "R",
                                "Dp": "-0.8",
                                "$": "1260"
                            },
                            {
                                "D": "SSW",
                                "G": "10",
                                "H": "75.8",
                                "P": "1014",
                                "S": "6",
                                "T": "2.8",
                                "V": "29000",
                                "W": "8",
                                "Pt": "R",
                                "Dp": "-1.0",
                                "$": "1320"
                            },
                            {
                                "D": "S",
                                "G": "9",
                                "H": "79.2",
                                "P": "1014",
                                "S": "6",
                                "T": "2.3",
                                "V": "30000",
                                "W": "8",
                                "Pt": "R",
                                "Dp": "-0.9",
                                "$": "1380"
                            }
                        ]
                    },
                    {
                        "type": "Day",
                        "value": "2024-11-23Z",
                        "Rep": [
                            {
                                "D": "SE",
                                "G": "9",
                                "H": "83.8",
                                "P": "1014",
                                "S": "2",
                                "T": "1.3",
                                "V": "30000",
                                "W": "8",
                                "Pt": "F",
                                "Dp": "-1.1",
                                "$": "0"
                            },
                            {
                                "D": "SE",
                                "G": "6",
                                "H": "85.7",
                                "P": "1014",
                                "S": "6",
                                "T": "1.0",
                                "V": "29000",
                                "W": "2",
                                "Pt": "F",
                                "Dp": "-1.1",
                                "$": "60"
                            },
                            {
                                "D": "SSE",
                                "G": "8",
                                "H": "82.8",
                                "P": "1013",
                                "S": "6",
                                "T": "2.2",
                                "V": "30000",
                                "W": "8",
                                "Pt": "F",
                                "Dp": "-0.4",
                                "$": "120"
                            },
                            {
                                "D": "SSE",
                                "G": "11",
                                "H": "79.4",
                                "P": "1012",
                                "S": "8",
                                "T": "3.4",
                                "V": "35000",
                                "W": "8",
                                "Pt": "F",
                                "Dp": "0.2",
                                "$": "180"
                            },
                            {
                                "D": "SE",
                                "G": "11",
                                "H": "90.4",
                                "P": "1010",
                                "S": "7",
                                "T": "3.4",
                                "V": "12000",
                                "W": "12",
                                "Pt": "F",
                                "Dp": "2.0",
                                "$": "240"
                            },
                            {
                                "D": "SSE",
                                "G": "11",
                                "H": "94.6",
                                "P": "1010",
                                "S": "8",
                                "T": "4.1",
                                "V": "10000",
                                "W": "12",
                                "Pt": "F",
                                "Dp": "3.3",
                                "$": "300"
                            },
                            {
                                "D": "ESE",
                                "G": "13",
                                "H": "95.8",
                                "P": "1008",
                                "S": "10",
                                "T": "4.5",
                                "V": "35000",
                                "W": "12",
                                "Pt": "F",
                                "Dp": "3.9",
                                "$": "360"
                            },
                            {
                                "D": "SE",
                                "G": "17",
                                "H": "92.0",
                                "P": "1007",
                                "S": "10",
                                "T": "5.8",
                                "V": "40000",
                                "W": "8",
                                "Pt": "F",
                                "Dp": "4.6",
                                "$": "420"
                            },
                            {
                                "D": "SSE",
                                "G": "21",
                                "H": "89.6",
                                "P": "1005",
                                "S": "14",
                                "T": "8.3",
                                "V": "28000",
                                "W": "12",
                                "Pt": "F",
                                "Dp": "6.7",
                                "$": "480"
                            },
                            {
                                "D": "S",
                                "G": "26",
                                "H": "87.9",
                                "P": "1004",
                                "S": "17",
                                "T": "9.1",
                                "V": "20000",
                                "W": "12",
                                "Pt": "F",
                                "Dp": "7.2",
                                "$": "540"
                            },
                            {
                                "D": "S",
                                "G": "34",
                                "H": "81.6",
                                "P": "1003",
                                "S": "19",
                                "T": "10.1",
                                "V": "26000",
                                "W": "8",
                                "Pt": "F",
                                "Dp": "7.1",
                                "$": "600"
                            },
                            {
                                "D": "S",
                                "G": "36",
                                "H": "89.1",
                                "P": "1002",
                                "S": "19",
                                "T": "9.8",
                                "V": "12000",
                                "W": "12",
                                "Pt": "F",
                                "Dp": "8.1",
                                "$": "660"
                            },
                            {
                                "D": "S",
                                "G": "39",
                                "H": "88.5",
                                "P": "1000",
                                "S": "23",
                                "T": "9.8",
                                "V": "16000",
                                "W": "11",
                                "Pt": "F",
                                "Dp": "8.0",
                                "$": "720"
                            },
                            {
                                "D": "S",
                                "G": "38",
                                "H": "87.4",
                                "P": "999",
                                "S": "23",
                                "T": "10.4",
                                "V": "12000",
                                "W": "11",
                                "Pt": "F",
                                "Dp": "8.4",
                                "$": "780"
                            },
                            {
                                "D": "S",
                                "G": "36",
                                "H": "91.1",
                                "P": "998",
                                "S": "19",
                                "T": "10.7",
                                "V": "7000",
                                "W": "11",
                                "Pt": "F",
                                "Dp": "9.3",
                                "$": "840"
                            },
                            {
                                "D": "S",
                                "G": "36",
                                "H": "92.4",
                                "P": "997",
                                "S": "18",
                                "T": "11.4",
                                "V": "6000",
                                "W": "12",
                                "Pt": "F",
                                "Dp": "10.2",
                                "$": "900"
                            },
                            {
                                "D": "S",
                                "G": "33",
                                "H": "93.5",
                                "P": "997",
                                "S": "18",
                                "T": "11.9",
                                "V": "5000",
                                "W": "12",
                                "Pt": "F",
                                "Dp": "10.9",
                                "$": "960"
                            }
                        ]
                    }
                ]
            }
        }
    }
}