{
    "SiteRep": {
        "Wx": {
            "Param": [
                {
                    "name": "G",
                    "units": "mph",
                    "$": "Wind Gust"
                },
                {
                    "name": "T",
                    "units": "C",
                    "$": "Temperature"
                },
                {
                    "name": "V",
                    "units": "m",
                    "$": "Visibility"
                },
                {
                    "name": "D",
                    "units": "compass",
                    "$": "Wind Direction"
                },
                {
                    "name": "S",
                    "units": "mph",
                    "$": "Wind Speed"
                },
                {
                    "name": "W",
                    "units": "",
                    "$": "Weather Type"
                },
                {
                    "name": "P",
                    "units": "hpa",
                    "$": "Pressure"
                },
                {
                    "name": "Pt",
                    "units": "Pa/s",
                    "$": "Pressure Tendency"
                },
                {
                    "name": "Dp",
                    "units": "C",
                    "$": "Dew Point"
                },
                {
                    "name": "H",
                    "units": "%",
                    "$": "Screen Relative Humidity"
                }
            ]
        },
        "DV": {
            "dataDate": "2024-11-03T16:00:00Z",
            "type": "Obs",
            "Location": {
                "i": "3772",
                "lat": "51.479",
                "lon": "-0.449",
                "name": "HEATHROW",
                "country": "ENGLAND",
                "continent": "EUROPE",
                "elevation": "25.0",
                "Period": [
                    {
                        "type": "Day",
                        "value": "2024-11-02Z",
                        "Rep": [
                            {
                                "D": "E",
                                "G": "15",
                                "H": "79.2",
                                "P": "1029",
                                "S": "10",
                                "T": "13.8",
                                "V": "40000",
                                "W": "8",
                                "Pt": "F",
                                "Dp": "10.3",
                                "$": "960"
                            },
                            {
                                "D": "E",
                                "G": "17",
                                "H": "80.1",
                                "P": "1029",
                                "S": "9",
                                "T": "13.2",
                                "V": "60000",
                                "W": "8",
                                "Pt": "R",
                                "Dp": "9.9",
                                "$": "1020"
                            },
                            {
                                "D": "E",
                                "G": "18",
                                "H": "79.6",
                                "P": "1030",
                                "S": "11",
                                "T": "13.1",
                                "V": "60000",
                                "W": "8",
                                "Pt": "R",
                                "Dp": "9.7",
                                "$": "1080"
                            },
                            {
                                "D": "E",
                                "G": "21",
                                "H": "80.6",
                                "P": "1030",
                                "S": "11",
                                "T": "13.0",
                                "V": "55000",
                                "W": "8",
                                "Pt": "R",
                                "Dp": "9.8",
                                "$": "1140"
                            },
                            {
                                "D": "E",
                                "G": "17",
                                "H": "81.3",
                                "P": "1030",
                                "S": "10",
                                "T": "12.9",
                                "V": "28000",
                                "W": "8",
                                "Pt": "R",
                                "Dp": "9.8",
                                "$": "1200"
                            },
                            {
                                "D": "E",
                                "G": "19",
                                "H": "81.1",
                                "P": "1030",
                                "S": "13",
                                "T": "12.8",
                                "V": "30000",
                                "W": "8",
                                "Pt": "R",
                                "Dp": "9.7",
                                "$": "1260"
                            },
                            {
                                "D": "E",
                                "G": "16",
                                "H": "81.7",
                                "P": "1030",
                                "S": "10",
                                "T": "12.7",
                                "V": "26000",
                                "W": "8",
                                "Pt": "F",
                                "Dp": "9.7",
                                "$": "1320"
                            },
                            {
                                "D": "ESE",
                                "G": "19",
                                "H": "81.8",
                                "P": "1030",
                                "S": "10",
                                "T": "12.6",
                                "V": "24000",
                                "W": "8",
                                "Pt": "F",
                                "Dp": "9.6",
                                "$": "1380"
                            }
                        ]
                    },
                    {
                        "type": "Day",
                        "value": "2024-11-03Z",
                        "Rep": [
                            {
                                "D": "E",
                                "G": "16",
                                "H": "82.8",
                                "P": "1030",
                                "S": "8",
                                "T": "12.5",
                                "V": "22000",
                                "W": "8",
                                "Pt": "F",
                                "Dp": "9.7",
                                "$": "0"
                            },
                            {
                                "D": "E",
                                "G": "10",
                                "H": "82.8",
                                "P": "1029",
                                "S": "6",
                                "T": "12.4",
                                "V": "21000",
                                "W": "8",
                                "Pt": "F",
                                "Dp": "9.6",
                                "$": "60"
                            },
                            {
                                "D": "E",
                                "G": "13",
                                "H": "83.3",
                                "P": "1029",
                                "S": "5",
                                "T": "12.2",
                                "V": "20000",
                                "W": "8",
                                "Pt": "F",
                                "Dp": "9.5",
                                "$": "120"
                            },
                            {
                                "D": "E",
                                "G": "10",
                                "H": "83.3",
                                "P": "1029",
                                "S": "5",
                                "T": "12.0",
                                "V": "23000",
                                "W": "8",
                                "Pt": "F",
                                "Dp": "9.3",
                                "$": "180"
                            },
                            {
                                "D": "ESE",
                                "G": "10",
                                "H": "82.7",
                                "P": "1028",
                                "S": "7",
                                "T": "11.8",
                                "V": "20000",
                                "W": "8",
                                "Pt": "F",
                                "Dp": "9.0",
                                "$": "240"
                            },
                            {
                                "D": "ESE",
                                "G": "10",
                                "H": "83.2",
                                "P": "1028",
                                "S": "6",
                                "T": "11.8",
                                "V": "19000",
                                "W": "8",
                                "Pt": "F",
                                "Dp": "9.1",
                                "$": "300"
                            },
                            {
                                "D": "E",
                                "G": "11",
                                "H": "83.9",
                                "P": "1029",
                                "S": "6",
                                "T": "11.5",
                                "V": "14000",
                                "W": "8",
                                "Pt": "F",
                                "Dp": "8.9",
                                "$": "360"
                            },
                            {
                                "D": "E",
                                "G": "11",
                                "H": "81.6",
                                "P": "1028",
                                "S": "6",
                                "T": "11.7",
                                "V": "17000",
                                "W": "8",
                                "Pt": "F",
                                "Dp": "8.7",
                                "$": "420"
                            },
                            {
                                "D": "E",
                                "G": "14",
                                "H": "82.2",
                                "P": "1028",
                                "S": "7",
                                "T": "11.7",
                                "V": "14000",
                                "W": "8",
                                "Pt": "S",
                                "Dp": "8.8",
                                "$": "480"
                            },
                            {
                                "D": "E",
                                "G": "13",
                                "H": "79.3",
                                "P": "1029",
                                "S": "9",
                                "T": "12.0",
                                "V": "18000",
                                "W": "8",
                                "Pt": "R",
                                "Dp": "8.6",
                                "$": "540"
                            },
                            {
                                "D": "E",
                                "G": "14",
                                "H": "76.3",
                                "P": "1029",
                                "S": "9",
                                "T": "12.4",
                                "V": "20000",
                                "W": "8",
                                "Pt": "R",
                                "Dp": "8.4",
                                "$": "600"
                            },
                            {
                                "D": "E",
                                "G": "18",
                                "H": "76.3",
                                "P": "1028",
                                "S": "8",
                                "T": "12.6",
                                "V": "17000",
                                "W": "8",
                                "Pt": "R",
                                "Dp": "8.6",
                                "$": "660"
                            },
                            {
                                "D": "E",
                                "G": "16",
                                "H": "76.8",
                                "P": "1028",
                                "S": "10",
                                "T": "12.6",
                                "V": "17000",
                                "W": "8",
                                "Pt": "F",
                                "Dp": "8.7",
                                "$": "720"
                            },
                            {
                                "D": "E",
                                "G": "15",
                                "H": "77.9",
                                "P": "1027",
                                "S": "9",
                                "T": "12.5",
                                "V": "16000",
                                "W": "8",
                                "Pt": "F",
                                "Dp": "8.8",
                                "$": "780"
                            },
                            {
                                "D": "E",
                                "G": "14",
                                "H": "77.8",
                                "P": "1027",
                                "S": "9",
                                "T": "12.2",
                                "V": "17000",
                                "W": "8",
                                "Pt": "F",
                                "Dp": "8.5",
                                "$": "840"
                            },
                            {
                                "D": "E",
                                "G": "14",
                                "H": "78.9",
                                "P": "1027",
                                "S": "8",
                                "T": "12.0",
                                "V": "21000",
                                "W": "8",
                                "Pt": "F",
                                "Dp": "8.5",
                                "$": "900"
                            },
                            {
                                "D": "E",
                                "G": "14",
                                "H": "79.4",
                                "P": "1027",
                                "S": "7",
                                "T": "11.8",
                                "V": "21000",
                                "W": "8",
                                "Pt": "F",
                                "Dp": "8.4",
                                "$": "960"
                            }
                        ]
                    }
                ]
            }
        }
    }
}