{
    "SiteRep": {
        "Wx": {
            "Param": [
                {
                    "name": "G",
                    "units": "mph",
                    "$": "Wind Gust"
                },
                {
                    "name": "T",
                    "units": "C",
                    "$": "Temperature"
                },
                {
                    "name": "V",
                    "units": "m",
                    "$": "Visibility"
                },
                {
                    "name": "D",
                    "units": "compass",
                    "$": "Wind Direction"
                },
                {
                    "name": "S",
                    "units": "mph",
                    "$": "Wind Speed"
                },
                {
                    "name": "W",
                    "units": "",
                    "$": "Weather Type"
                },
                {
                    "name": "P",
                    "units": "hpa",
                    "$": "Pressure"
                },
                {
                    "name": "Pt",
                    "units": "Pa/s",
                    "$": "Pressure Tendency"
                },
                {
                    "name": "Dp",
                    "units": "C",
                    "$": "Dew Point"
                },
                {
                    "name": "H",
                    "units": "%",
                    "$": "Screen Relative Humidity"
                }
            ]
        },
        "DV": {
            "dataDate": "2025-05-16T16:00:00Z",
            "type": "Obs",
            "Location": {
                "i": "3772",
                "lat": "51.479",
                "lon": "-0.449",
                "name": "HEATHROW",
                "country": "ENGLAND",
                "continent": "EUROPE",
                "elevation": "25.0",
                "Period": [
                    {
                        "type": "Day",
                        "value": "2025-05-15Z",
                        "Rep": [
                            {
                                "D": "N",
                                "G": "22",
                                "H": "58.8",
                                "P": "1025",
                                "S": "10",
                                "T": "13.8",
                                "V": "28000",
                                "W": "8",
                                "Pt": "F",
                                "Dp": "6.0",
                                "$": "960"
                            },
                            {
                                "D": "NNE",
                                "G": "21",
                                "H": "60.9",
                                "P": "1025",
                                "S": "11",
                                "T": "13.7",
                                "V": "28000",
                                "W": "8",
                                "Pt": "F",
                                "Dp": "6.4",
                                "$": "1020"
                            },
                            {
                                "D": "NNE",
                                "G": "23",
                                "H": "59.9",
                                "P": "1025",
                                "S": "9",
                                "T": "13.3",
                                "V": "35000",
                                "W": "8",
                                "Pt": "F",
                                "Dp": "5.8",
                                "$": "1080"
                            },
                            {
                                "D": "NNE",
                                "G": "17",
                                "H": "61.6",
                                "P": "1025",
                                "S": "9",
                                "T": "13.2",
                                "V": "27000",
                                "W": "8",
                                "Pt": "R",
                                "Dp": "6.1",
                                "$": "1140"
                            },
                            {
                                "D": "NNE",
                                "G": "18",
                                "H": "64.6",
                                "P": "1026",
                                "S": "9",
                                "T": "12.8",
                                "V": "26000",
                                "W": "8",
                                "Pt": "R",
                                "Dp": "6.4",
                                "$": "1200"
                            },
                            {
                                "D": "NNE",
                                "G": "17",
                                "H": "66.8",
                                "P": "1026",
                                "S": "8",
                                "T": "12.5",
                                "V": "24000",
                                "W": "8",
                                "Pt": "R",
                                "Dp": "6.6",
                                "$": "1260"
                            },
                            {
                                "D": "NNE",
                                "G": "15",
                                "H": "69.6",
                                "P": "1026",
                                "S": "8",
                                "T": "12.1",
                                "V": "22000",
                                "W": "8",
                                "Pt": "R",
                                "Dp": "6.8",
                                "$": "1320"
                            },
                            {
                                "D": "NNE",
                                "G": "13",
                                "H": "76.5",
                                "P": "1027",
                                "S": "6",
                                "T": "10.7",
                                "V": "19000",
                                "W": "0",
                                "Pt": "R",
                                "Dp": "6.8",
                                "$": "1380"
                            }
                        ]
                    },
                    {
                        "type": "Day",
                        "value": "2025-05-16Z",
                        "Rep": [
                            {
                                "D": "NNE",
                                "G": "10",
                                "H": "81.3",
                                "P": "1027",
                                "S": "5",
                                "T": "9.6",
                                "V": "18000",
                                "W": "0",
                                "Pt": "R",
                                "Dp": "6.6",
                                "$": "0"
                            },
                            {
                                "D": "N",
                                "G": "8",
                                "H": "85.3",
                                "P": "1027",
                                "S": "3",
                                "T": "8.8",
                                "V": "8000",
                                "W": "5",
                                "Pt": "R",
                                "Dp": "6.5",
                                "$": "60"
                            },
                            {
                                "D": "N",
                                "G": "8",
                                "H": "88.9",
                                "P": "1027",
                                "S": "5",
                                "T": "8.1",
                                "V": "15000",
                                "W": "0",
                                "Pt": "R",
                                "Dp": "6.4",
                                "$": "120"
                            },
                            {
                                "D": "N",
                                "G": "11",
                                "H": "91.3",
                                "P": "1026",
                                "S": "5",
                                "T": "7.8",
                                "V": "14000",
                                "W": "0",
                                "Pt": "F",
                                "Dp": "6.5",
                                "$": "180"
                            },
                            {
                                "D": "N",
                                "G": "10",
                                "H": "90.7",
                                "P": "1026",
                                "S": "5",
                                "T": "7.7",
                                "V": "14000",
                                "W": "0",
                                "Pt": "F",
                                "Dp": "6.3",
                                "$": "240"
                            },
                            {
                                "D": "NNE",
                                "G": "8",
                                "H": "93.3",
                                "P": "1026",
                                "S": "3",
                                "T": "7.7",
                                "V": "13000",
                                "W": "1",
                                "Pt": "F",
                                "Dp": "6.7",
                                "$": "300"
                            },
                            {
                                "D": "N",
                                "G": "13",
                                "H": "89.5",
                                "P": "1027",
                                "S": "7",
                                "T": "8.7",
                                "V": "13000",
                                "W": "7",
                                "Pt": "R",
                                "Dp": "7.1",
                                "$": "360"
                            },
                            {
                                "D": "N",
                                "G": "15",
                                "H": "85.3",
                                "P": "1027",
                                "S": "8",
                                "T": "9.4",
                                "V": "18000",
                                "W": "7",
                                "Pt": "R",
                                "Dp": "7.1",
                                "$": "420"
                            },
                            {
                                "D": "NNE",
                                "G": "16",
                                "H": "72.5",
                                "P": "1027",
                                "S": "10",
                                "T": "11.6",
                                "V": "21000",
                                "W": "1",
                                "Pt": "R",
                                "Dp": "6.9",
                                "$": "480"
                            },
                            {
                                "D": "NNE",
                                "G": "14",
                                "H": "58.4",
                                "P": "1026",
                                "S": "7",
                                "T": "13.9",
                                "V": "30000",
                                "W": "1",
                                "Pt": "R",
                                "Dp": "6.0",
                                "$": "540"
                            },
                            {
                                "D": "NNW",
                                "G": "14",
                                "H": "50.4",
                                "P": "1026",
                                "S": "8",
                                "T": "15.6",
                                "V": "30000",
                                "W": "1",
                                "Pt": "F",
                                "Dp": "5.5",
                                "$": "600"
                            },
                            {
                                "D": "N",
                                "G": "16",
                                "H": "43.7",
                                "P": "1026",
                                "S": "9",
                                "T": "16.6",
                                "V": "30000",
                                "W": "1",
                                "Pt": "F",
                                "Dp": "4.4",
                                "$": "660"
                            },
                            {
                                "D": "N",
                                "G": "18",
                                "H": "38.2",
                                "P": "1025",
                                "S": "8",
                                "T": "17.9",
                                "V": "30000",
                                "W": "1",
                                "Pt": "F",
                                "Dp": "3.7",
                                "$": "720"
                            },
                            {
                                "D": "NNE",
                                "G": "19",
                                "H": "40.9",
                                "P": "1025",
                                "S": "10",
                                "T": "18.4",
                                "V": "35000",
                                "W": "1",
                                "Pt": "F",
                                "Dp": "5.1",
                                "$": "780"
                            },
                            {
                                "D": "N",
                                "G": "18",
                                "H": "43.6",
                                "P": "1025",
                                "S": "10",
                                "T": "18.4",
                                "V": "30000",
                                "W": "1",
                                "Pt": "F",
                                "Dp": "6.0",
                                "$": "840"
                            },
                            {
                                "D": "N",
                                "G": "21",
                                "H": "43.5",
                                "P": "1024",
                                "S": "9",
                                "T": "19.0",
                                "V": "30000",
                                "W": "1",
                                "Pt": "F",
                                "Dp": "6.5",
                                "$": "900"
                            },
                            {
                                "D": "NNE",
                                "G": "18",
                                "H": "45.9",
                                "P": "1024",
                                "S": "10",
                                "T": "18.5",
                                "V": "30000",
                                "W": "1",
                                "Pt": "F",
                                "Dp": "6.8",
                                "$": "960"
                            }
                        ]
                    }
                ]
            }
        }
    }
}