{
    "SiteRep": {
        "Wx": {
            "Param": [
                {
                    "name": "G",
                    "units": "mph",
                    "$": "Wind Gust"
                },
                {
                    "name": "T",
                    "units": "C",
                    "$": "Temperature"
                },
                {
                    "name": "V",
                    "units": "m",
                    "$": "Visibility"
                },
                {
                    "name": "D",
                    "units": "compass",
                    "$": "Wind Direction"
                },
                {
                    "name": "S",
                    "units": "mph",
                    "$": "Wind Speed"
                },
                {
                    "name": "W",
                    "units": "",
                    "$": "Weather Type"
                },
                {
                    "name": "P",
                    "units": "hpa",
                    "$": "Pressure"
                },
                {
                    "name": "Pt",
                    "units": "Pa/s",
                    "$": "Pressure Tendency"
                },
                {
                    "name": "Dp",
                    "units": "C",
                    "$": "Dew Point"
                },
                {
                    "name": "H",
                    "units": "%",
                    "$": "Screen Relative Humidity"
                }
            ]
        },
        "DV": {
            "dataDate": "2023-09-14T16:00:00Z",
            "type": "Obs",
            "Location": {
                "i": "3772",
                "lat": "51.479",
                "lon": "-0.449",
                "name": "HEATHROW",
                "country": "ENGLAND",
                "continent": "EUROPE",
                "elevation": "25.0",
                "Period": [
                    {
                        "type": "Day",
                        "value": "2023-09-13Z",
                        "Rep": [
                            {
                                "D": "N",
                                "G": "8",
                                "H": "52.3",
                                "P": "1021",
                                "S": "3",
                                "T": "20.4",
                                "V": "45000",
                                "W": "8",
                                "Pt": "F",
                                "Dp": "10.4",
                                "$": "960"
                            },
                            {
                                "D": "W",
                                "G": "8",
                                "H": "57.2",
                                "P": "1021",
                                "S": "5",
                                "T": "19.6",
                                "V": "40000",
                                "W": "8",
                                "Pt": "F",
                                "Dp": "11.0",
                                "$": "1020"
                            },
                            {
                                "D": "W",
                                "G": "9",
                                "H": "60.1",
                                "P": "1021",
                                "S": "5",
                                "T": "18.5",
                                "V": "45000",
                                "W": "3",
                                "Pt": "F",
                                "Dp": "10.7",
                                "$": "1080"
                            },
                            {
                                "D": "W",
                                "G": "8",
                                "H": "65.4",
                                "P": "1022",
                                "S": "5",
                                "T": "18.0",
                                "V": "35000",
                                "W": "2",
                                "Pt": "R",
                                "Dp": "11.5",
                                "$": "1140"
                            },
                            {
                                "D": "WSW",
                                "G": "8",
                                "H": "64.1",
                                "P": "1022",
                                "S": "6",
                                "T": "17.9",
                                "V": "45000",
                                "W": "8",
                                "Pt": "R",
                                "Dp": "11.1",
                                "$": "1200"
                            },
                            {
                                "D": "W",
                                "G": "7",
                                "H": "67.1",
                                "P": "1022",
                                "S": "3",
                                "T": "17.4",
                                "V": "35000",
                                "W": "2",
                                "Pt": "R",
                                "Dp": "11.3",
                                "$": "1260"
                            },
                            {
                                "D": "SW",
                                "G": "9",
                                "H": "69.3",
                                "P": "1022",
                                "S": "6",
                                "T": "17.1",
                                "V": "40000",
                                "W": "8",
                                "Pt": "R",
                                "Dp": "11.5",
                                "$": "1320"
                            },
                            {
                                "D": "SE",
                                "G": "10",
                                "H": "78.9",
                                "P": "1022",
                                "S": "5",
                                "T": "15.5",
                                "V": "28000",
                                "W": "8",
                                "Pt": "R",
                                "Dp": "11.9",
                                "$": "1380"
                            }
                        ]
                    },
                    {
                        "type": "Day",
                        "value": "2023-09-14Z",
                        "Rep": [
                            {
                                "D": "S",
                                "G": "8",
                                "H": "78.0",
                                "P": "1022",
                                "S": "5",
                                "T": "15.8",
                                "V": "30000",
                                "W": "8",
                                "Pt": "R",
                                "Dp": "12.0",
                                "$": "0"
                            },
                            {
                                "D": "SSW",
                                "G": "6",
                                "H": "80.9",
                                "P": "1022",
                                "S": "3",
                                "T": "14.6",
                                "V": "30000",
                                "W": "2",
                                "Pt": "F",
                                "Dp": "11.4",
                                "$": "60"
                            },
                            {
                                "D": "S",
                                "G": "6",
                                "H": "86.5",
                                "P": "1022",
                                "S": "3",
                                "T": "14.6",
                                "V": "30000",
                                "W": "8",
                                "Pt": "F",
                                "Dp": "12.4",
                                "$": "120"
                            },
                            {
                                "D": "SW",
                                "G": "8",
                                "H": "85.4",
                                "P": "1021",
                                "S": "5",
                                "T": "14.3",
                                "V": "30000",
                                "W": "7",
                                "Pt": "F",
                                "Dp": "11.9",
                                "$": "180"
                            },
                            {
                                "D": "SW",
                                "G": "7",
                                "H": "86.5",
                                "P": "1021",
                                "S": "3",
                                "T": "14.4",
                                "V": "29000",
                                "W": "8",
                                "Pt": "F",
                                "Dp": "12.2",
                                "$": "240"
                            },
                            {
                                "D": "SSW",
                                "G": "7",
                                "H": "84.3",
                                "P": "1021",
                                "S": "5",
                                "T": "14.5",
                                "V": "30000",
                                "W": "8",
                                "Pt": "F",
                                "Dp": "11.9",
                                "$": "300"
                            },
                            {
                                "D": "SSE",
                                "G": "9",
                                "H": "88.7",
                                "P": "1021",
                                "S": "3",
                                "T": "13.3",
                                "V": "25000",
                                "W": "1",
                                "Pt": "F",
                                "Dp": "11.5",
                                "$": "360"
                            },
                            {
                                "D": "S",
                                "G": "9",
                                "H": "87.1",
                                "P": "1021",
                                "S": "5",
                                "T": "14.2",
                                "V": "28000",
                                "W": "1",
                                "Pt": "F",
                                "Dp": "12.1",
                                "$": "420"
                            },
                            {
                                "D": "SW",
                                "G": "9",
                                "H": "76.5",
                                "P": "1021",
                                "S": "5",
                                "T": "16.2",
                                "V": "35000",
                                "W": "1",
                                "Pt": "R",
                                "Dp": "12.1",
                                "$": "480"
                            },
                            {
                                "D": "SSW",
                                "G": "9",
                                "H": "68.1",
                                "P": "1021",
                                "S": "5",
                                "T": "18.1",
                                "V": "55000",
                                "W": "1",
                                "Pt": "R",
                                "Dp": "12.2",
                                "$": "540"
                            },
                            {
                                "D": "N",
                                "G": "9",
                                "S": "3",
                                "$": "600"
                            },
                            {
                                "D": "SW",
                                "G": "10",
                                "H": "56.8",
                                "P": "1021",
                                "S": "6",
                                "T": "21.0",
                                "V": "45000",
                                "W": "1",
                                "Pt": "F",
                                "Dp": "12.2",
                                "$": "660"
                            },
                            {
                                "D": "SSW",
                                "G": "14",
                                "H": "50.4",
                                "P": "1020",
                                "S": "7",
                                "T": "22.4",
                                "V": "50000",
                                "W": "1",
                                "Pt": "F",
                                "Dp": "11.7",
                                "$": "720"
                            },
                            {
                                "D": "SW",
                                "G": "13",
                                "H": "45.8",
                                "P": "1020",
                                "S": "7",
                                "T": "23.2",
                                "V": "55000",
                                "W": "1",
                                "Pt": "F",
                                "Dp": "11.0",
                                "$": "780"
                            },
                            {
                                "D": "SSE",
                                "G": "14",
                                "H": "43.8",
                                "P": "1020",
                                "S": "6",
                                "T": "23.8",
                                "V": "50000",
                                "W": "1",
                                "Pt": "F",
                                "Dp": "10.9",
                                "$": "840"
                            },
                            {
                                "D": "SW",
                                "G": "14",
                                "H": "40.7",
                                "P": "1019",
                                "S": "5",
                                "T": "23.7",
                                "V": "65000",
                                "W": "1",
                                "Pt": "F",
                                "Dp": "9.7",
                                "$": "900"
                            }
                        ]
                    }
                ]
            }
        }
    }
}