{
    "SiteRep": {
        "Wx": {
            "Param": [
                {
                    "name": "G",
                    "units": "mph",
                    "$": "Wind Gust"
                },
                {
                    "name": "T",
                    "units": "C",
                    "$": "Temperature"
                },
                {
                    "name": "V",
                    "units": "m",
                    "$": "Visibility"
                },
                {
                    "name": "D",
                    "units": "compass",
                    "$": "Wind Direction"
                },
                {
                    "name": "S",
                    "units": "mph",
                    "$": "Wind Speed"
                },
                {
                    "name": "W",
                    "units": "",
                    "$": "Weather Type"
                },
                {
                    "name": "P",
                    "units": "hpa",
                    "$": "Pressure"
                },
                {
                    "name": "Pt",
                    "units": "Pa/s",
                    "$": "Pressure Tendency"
                },
                {
                    "name": "Dp",
                    "units": "C",
                    "$": "Dew Point"
                },
                {
                    "name": "H",
                    "units": "%",
                    "$": "Screen Relative Humidity"
                }
            ]
        },
        "DV": {
            "dataDate": "2024-07-10T16:00:00Z",
            "type": "Obs",
            "Location": {
                "i": "3772",
                "lat": "51.479",
                "lon": "-0.449",
                "name": "HEATHROW",
                "country": "ENGLAND",
                "continent": "EUROPE",
                "elevation": "25.0",
                "Period": [
                    {
                        "type": "Day",
                        "value": "2024-07-09Z",
                        "Rep": [
                            {
                                "D": "S",
                                "G": "16",
                                "H": "91.5",
                                "P": "1009",
                                "S": "11",
                                "T": "19.1",
                                "V": "4400",
                                "W": "12",
                                "Pt": "F",
                                "Dp": "17.7",
                                "$": "960"
                            },
                            {
                                "D": "S",
                                "G": "25",
                                "H": "84.3",
                                "P": "1009",
                                "S": "14",
                                "T": "18.9",
                                "V": "75000",
                                "W": "8",
                                "Pt": "F",
                                "Dp": "16.2",
                                "$": "1020"
                            },
                            {
                                "D": "S",
                                "G": "19",
                                "H": "92.6",
                                "P": "1009",
                                "S": "11",
                                "T": "17.6",
                                "V": "30000",
                                "W": "11",
                                "Pt": "S",
                                "Dp": "16.4",
                                "$": "1080"
                            },
                            {
                                "D": "S",
                                "G": "16",
                                "H": "94.4",
                                "P": "1009",
                                "S": "9",
                                "T": "17.7",
                                "V": "75000",
                                "W": "8",
                                "Pt": "F",
                                "Dp": "16.8",
                                "$": "1140"
                            },
                            {
                                "D": "SSW",
                                "G": "15",
                                "H": "89.2",
                                "P": "1010",
                                "S": "9",
                                "T": "18.0",
                                "V": "75000",
                                "W": "8",
                                "Pt": "R",
                                "Dp": "16.2",
                                "$": "1200"
                            },
                            {
                                "D": "S",
                                "G": "14",
                                "H": "89.7",
                                "P": "1010",
                                "S": "8",
                                "T": "17.7",
                                "V": "45000",
                                "W": "8",
                                "Pt": "R",
                                "Dp": "16.0",
                                "$": "1260"
                            },
                            {
                                "D": "S",
                                "G": "15",
                                "H": "93.8",
                                "P": "1010",
                                "S": "9",
                                "T": "17.2",
                                "V": "50000",
                                "W": "8",
                                "Pt": "R",
                                "Dp": "16.2",
                                "$": "1320"
                            },
                            {
                                "D": "S",
                                "G": "13",
                                "H": "92.6",
                                "P": "1010",
                                "S": "8",
                                "T": "16.8",
                                "V": "60000",
                                "W": "8",
                                "Pt": "R",
                                "Dp": "15.6",
                                "$": "1380"
                            }
                        ]
                    },
                    {
                        "type": "Day",
                        "value": "2024-07-10Z",
                        "Rep": [
                            {
                                "D": "SSW",
                                "G": "11",
                                "H": "93.8",
                                "P": "1010",
                                "S": "7",
                                "T": "16.3",
                                "V": "50000",
                                "W": "8",
                                "Pt": "F",
                                "Dp": "15.3",
                                "$": "0"
                            },
                            {
                                "D": "SSW",
                                "G": "15",
                                "H": "90.8",
                                "P": "1010",
                                "S": "10",
                                "T": "15.9",
                                "V": "50000",
                                "W": "7",
                                "Pt": "F",
                                "Dp": "14.4",
                                "$": "60"
                            },
                            {
                                "D": "S",
                                "G": "15",
                                "H": "89.6",
                                "P": "1010",
                                "S": "9",
                                "T": "15.9",
                                "V": "45000",
                                "W": "8",
                                "Pt": "F",
                                "Dp": "14.2",
                                "$": "120"
                            },
                            {
                                "D": "SW",
                                "G": "19",
                                "H": "91.3",
                                "P": "1010",
                                "S": "15",
                                "T": "15.7",
                                "V": "50000",
                                "W": "12",
                                "Pt": "F",
                                "Dp": "14.3",
                                "$": "180"
                            },
                            {
                                "D": "SW",
                                "G": "21",
                                "H": "85.5",
                                "P": "1010",
                                "S": "13",
                                "T": "15.6",
                                "V": "75000",
                                "W": "8",
                                "Pt": "R",
                                "Dp": "13.2",
                                "$": "240"
                            },
                            {
                                "D": "SSW",
                                "G": "19",
                                "H": "81.7",
                                "P": "1010",
                                "S": "11",
                                "T": "15.8",
                                "V": "75000",
                                "W": "8",
                                "Pt": "R",
                                "Dp": "12.7",
                                "$": "300"
                            },
                            {
                                "D": "SSW",
                                "G": "18",
                                "H": "80.7",
                                "P": "1011",
                                "S": "11",
                                "T": "16.1",
                                "V": "75000",
                                "W": "8",
                                "Pt": "R",
                                "Dp": "12.8",
                                "$": "360"
                            },
                            {
                                "D": "SSW",
                                "G": "19",
                                "H": "80.7",
                                "P": "1011",
                                "S": "14",
                                "T": "16.6",
                                "V": "75000",
                                "W": "8",
                                "Pt": "R",
                                "Dp": "13.3",
                                "$": "420"
                            },
                            {
                                "D": "SW",
                                "G": "22",
                                "H": "77.8",
                                "P": "1011",
                                "S": "15",
                                "T": "17.6",
                                "V": "75000",
                                "W": "8",
                                "Pt": "R",
                                "Dp": "13.7",
                                "$": "480"
                            },
                            {
                                "D": "SSW",
                                "G": "24",
                                "H": "70.7",
                                "P": "1011",
                                "S": "15",
                                "T": "19.0",
                                "V": "75000",
                                "W": "8",
                                "Pt": "R",
                                "Dp": "13.6",
                                "$": "540"
                            },
                            {
                                "D": "SSW",
                                "G": "24",
                                "H": "71.3",
                                "P": "1012",
                                "S": "14",
                                "T": "19.3",
                                "V": "75000",
                                "W": "8",
                                "Pt": "R",
                                "Dp": "14.0",
                                "$": "600"
                            },
                            {
                                "D": "SSW",
                                "G": "23",
                                "H": "70.3",
                                "P": "1012",
                                "S": "11",
                                "T": "19.1",
                                "V": "60000",
                                "W": "8",
                                "Pt": "R",
                                "Dp": "13.6",
                                "$": "660"
                            },
                            {
                                "D": "SW",
                                "G": "25",
                                "H": "68.9",
                                "P": "1012",
                                "S": "16",
                                "T": "19.1",
                                "V": "75000",
                                "W": "12",
                                "Pt": "R",
                                "Dp": "13.3",
                                "$": "720"
                            },
                            {
                                "D": "SSW",
                                "G": "26",
                                "H": "62.7",
                                "P": "1012",
                                "S": "16",
                                "T": "20.3",
                                "V": "75000",
                                "W": "8",
                                "Pt": "R",
                                "Dp": "13.0",
                                "$": "780"
                            },
                            {
                                "D": "SSW",
                                "G": "28",
                                "H": "61.8",
                                "P": "1012",
                                "S": "15",
                                "T": "21.5",
                                "V": "75000",
                                "W": "8",
                                "Pt": "S",
                                "Dp": "13.9",
                                "$": "840"
                            },
                            {
                                "D": "SW",
                                "G": "22",
                                "H": "57.7",
                                "P": "1012",
                                "S": "15",
                                "T": "21.1",
                                "V": "75000",
                                "W": "8",
                                "Pt": "S",
                                "Dp": "12.5",
                                "$": "900"
                            },
                            {
                                "D": "SW",
                                "G": "24",
                                "H": "62.7",
                                "P": "1012",
                                "S": "15",
                                "T": "20.4",
                                "V": "60000",
                                "W": "8",
                                "Pt": "R",
                                "Dp": "13.1",
                                "$": "960"
                            }
                        ]
                    }
                ]
            }
        }
    }
}