{
    "SiteRep": {
        "Wx": {
            "Param": [
                {
                    "name": "G",
                    "units": "mph",
                    "$": "Wind Gust"
                },
                {
                    "name": "T",
                    "units": "C",
                    "$": "Temperature"
                },
                {
                    "name": "V",
                    "units": "m",
                    "$": "Visibility"
                },
                {
                    "name": "D",
                    "units": "compass",
                    "$": "Wind Direction"
                },
                {
                    "name": "S",
                    "units": "mph",
                    "$": "Wind Speed"
                },
                {
                    "name": "W",
                    "units": "",
                    "$": "Weather Type"
                },
                {
                    "name": "P",
                    "units": "hpa",
                    "$": "Pressure"
                },
                {
                    "name": "Pt",
                    "units": "Pa/s",
                    "$": "Pressure Tendency"
                },
                {
                    "name": "Dp",
                    "units": "C",
                    "$": "Dew Point"
                },
                {
                    "name": "H",
                    "units": "%",
                    "$": "Screen Relative Humidity"
                }
            ]
        },
        "DV": {
            "dataDate": "2025-02-17T16:00:00Z",
            "type": "Obs",
            "Location": {
                "i": "3772",
                "lat": "51.479",
                "lon": "-0.449",
                "name": "HEATHROW",
                "country": "ENGLAND",
                "continent": "EUROPE",
                "elevation": "25.0",
                "Period": [
                    {
                        "type": "Day",
                        "value": "2025-02-16Z",
                        "Rep": [
                            {
                                "D": "ENE",
                                "G": "17",
                                "H": "61.5",
                                "P": "1020",
                                "S": "9",
                                "T": "4.1",
                                "V": "23000",
                                "W": "3",
                                "Pt": "S",
                                "Dp": "-2.5",
                                "$": "960"
                            },
                            {
                                "D": "ENE",
                                "G": "18",
                                "H": "64.2",
                                "P": "1020",
                                "S": "9",
                                "T": "3.3",
                                "V": "26000",
                                "W": "7",
                                "Pt": "S",
                                "Dp": "-2.7",
                                "$": "1020"
                            },
                            {
                                "D": "ENE",
                                "G": "15",
                                "H": "67.6",
                                "P": "1021",
                                "S": "7",
                                "T": "2.4",
                                "V": "25000",
                                "W": "8",
                                "Pt": "R",
                                "Dp": "-2.9",
                                "$": "1080"
                            },
                            {
                                "D": "ENE",
                                "G": "17",
                                "H": "68.1",
                                "P": "1021",
                                "S": "8",
                                "T": "2.7",
                                "V": "22000",
                                "W": "8",
                                "Pt": "R",
                                "Dp": "-2.5",
                                "$": "1140"
                            },
                            {
                                "D": "E",
                                "G": "19",
                                "H": "72.4",
                                "P": "1021",
                                "S": "10",
                                "T": "2.7",
                                "V": "22000",
                                "W": "8",
                                "Pt": "R",
                                "Dp": "-1.7",
                                "$": "1200"
                            },
                            {
                                "D": "E",
                                "G": "22",
                                "H": "71.8",
                                "P": "1021",
                                "S": "11",
                                "T": "2.5",
                                "V": "20000",
                                "W": "8",
                                "Pt": "R",
                                "Dp": "-2.0",
                                "$": "1260"
                            },
                            {
                                "D": "E",
                                "G": "18",
                                "H": "72.9",
                                "P": "1022",
                                "S": "10",
                                "T": "2.5",
                                "V": "17000",
                                "W": "8",
                                "Pt": "R",
                                "Dp": "-1.8",
                                "$": "1320"
                            },
                            {
                                "D": "E",
                                "G": "19",
                                "H": "72.9",
                                "P": "1021",
                                "S": "10",
                                "T": "2.5",
                                "V": "15000",
                                "W": "8",
                                "Pt": "S",
                                "Dp": "-1.8",
                                "$": "1380"
                            }
                        ]
                    },
                    {
                        "type": "Day",
                        "value": "2025-02-17Z",
                        "Rep": [
                            {
                                "D": "E",
                                "G": "16",
                                "H": "73.1",
                                "P": "1022",
                                "S": "8",
                                "T": "0.7",
                                "V": "11000",
                                "W": "2",
                                "Pt": "S",
                                "Dp": "-3.1",
                                "$": "0"
                            },
                            {
                                "D": "E",
                                "G": "10",
                                "H": "77.4",
                                "P": "1022",
                                "S": "7",
                                "T": "-0.1",
                                "V": "11000",
                                "W": "0",
                                "Pt": "S",
                                "Dp": "-3.1",
                                "$": "60"
                            },
                            {
                                "D": "ENE",
                                "G": "8",
                                "H": "76.2",
                                "P": "1022",
                                "S": "3",
                                "T": "0.7",
                                "V": "15000",
                                "W": "0",
                                "Pt": "R",
                                "Dp": "-2.6",
                                "$": "120"
                            },
                            {
                                "D": "ENE",
                                "G": "8",
                                "H": "73.0",
                                "P": "1022",
                                "S": "5",
                                "T": "0.6",
                                "V": "17000",
                                "W": "0",
                                "Pt": "S",
                                "Dp": "-3.2",
                                "$": "180"
                            },
                            {
                                "D": "ENE",
                                "G": "9",
                                "H": "69.9",
                                "P": "1021",
                                "S": "6",
                                "T": "0.5",
                                "V": "19000",
                                "W": "0",
                                "Pt": "F",
                                "Dp": "-3.8",
                                "$": "240"
                            },
                            {
                                "D": "E",
                                "G": "11",
                                "H": "74.3",
                                "P": "1021",
                                "S": "6",
                                "T": "-0.1",
                                "V": "17000",
                                "W": "0",
                                "Pt": "F",
                                "Dp": "-3.6",
                                "$": "300"
                            },
                            {
                                "D": "E",
                                "G": "11",
                                "H": "78.7",
                                "P": "1021",
                                "S": "7",
                                "T": "-1.0",
                                "V": "16000",
                                "W": "0",
                                "Pt": "F",
                                "Dp": "-3.7",
                                "$": "360"
                            },
                            {
                                "D": "NE",
                                "G": "8",
                                "H": "77.9",
                                "P": "1022",
                                "S": "2",
                                "T": "-0.4",
                                "V": "14000",
                                "W": "0",
                                "Pt": "R",
                                "Dp": "-3.3",
                                "$": "420"
                            },
                            {
                                "D": "ENE",
                                "G": "8",
                                "H": "78.1",
                                "P": "1022",
                                "S": "5",
                                "T": "0.4",
                                "V": "13000",
                                "W": "1",
                                "Pt": "R",
                                "Dp": "-2.6",
                                "$": "480"
                            },
                            {
                                "D": "E",
                                "G": "14",
                                "H": "76.7",
                                "P": "1022",
                                "S": "9",
                                "T": "1.8",
                                "V": "12000",
                                "W": "1",
                                "Pt": "R",
                                "Dp": "-1.8",
                                "$": "540"
                            },
                            {
                                "D": "E",
                                "G": "18",
                                "H": "70.4",
                                "P": "1022",
                                "S": "13",
                                "T": "3.4",
                                "V": "13000",
                                "W": "1",
                                "Pt": "R",
                                "Dp": "-1.4",
                                "$": "600"
                            },
                            {
                                "D": "ESE",
                                "G": "21",
                                "H": "61.7",
                                "P": "1022",
                                "S": "11",
                                "T": "4.7",
                                "V": "15000",
                                "W": "1",
                                "Pt": "F",
                                "Dp": "-1.9",
                                "$": "660"
                            },
                            {
                                "D": "ESE",
                                "G": "21",
                                "H": "53.3",
                                "P": "1022",
                                "S": "14",
                                "T": "5.4",
                                "V": "22000",
                                "W": "1",
                                "Pt": "F",
                                "Dp": "-3.2",
                                "$": "720"
                            },
                            {
                                "D": "E",
                                "G": "18",
                                "H": "51.0",
                                "P": "1022",
                                "S": "10",
                                "T": "6.1",
                                "V": "27000",
                                "W": "1",
                                "Pt": "F",
                                "Dp": "-3.1",
                                "$": "780"
                            },
                            {
                                "D": "ESE",
                                "G": "17",
                                "H": "48.2",
                                "P": "1021",
                                "S": "11",
                                "T": "6.9",
                                "V": "28000",
                                "W": "1",
                                "Pt": "F",
                                "Dp": "-3.1",
                                "$": "840"
                            },
                            {
                                "D": "E",
                                "G": "18",
                                "H": "48.7",
                                "P": "1021",
                                "S": "10",
                                "T": "6.1",
                                "V": "29000",
                                "W": "1",
                                "Pt": "F",
                                "Dp": "-3.7",
                                "$": "900"
                            },
                            {
                                "D": "E",
                                "G": "17",
                                "H": "57.5",
                                "P": "1021",
                                "S": "11",
                                "T": "5.7",
                                "V": "24000",
                                "W": "1",
                                "Pt": "F",
                                "Dp": "-1.9",
                                "$": "960"
                            }
                        ]
                    }
                ]
            }
        }
    }
}