{
    "SiteRep": {
        "Wx": {
            "Param": [
                {
                    "name": "G",
                    "units": "mph",
                    "$": "Wind Gust"
                },
                {
                    "name": "T",
                    "units": "C",
                    "$": "Temperature"
                },
                {
                    "name": "V",
                    "units": "m",
                    "$": "Visibility"
                },
                {
                    "name": "D",
                    "units": "compass",
                    "$": "Wind Direction"
                },
                {
                    "name": "S",
                    "units": "mph",
                    "$": "Wind Speed"
                },
                {
                    "name": "W",
                    "units": "",
                    "$": "Weather Type"
                },
                {
                    "name": "P",
                    "units": "hpa",
                    "$": "Pressure"
                },
                {
                    "name": "Pt",
                    "units": "Pa/s",
                    "$": "Pressure Tendency"
                },
                {
                    "name": "Dp",
                    "units": "C",
                    "$": "Dew Point"
                },
                {
                    "name": "H",
                    "units": "%",
                    "$": "Screen Relative Humidity"
                }
            ]
        },
        "DV": {
            "dataDate": "2024-02-13T16:00:00Z",
            "type": "Obs",
            "Location": {
                "i": "3772",
                "lat": "51.479",
                "lon": "-0.449",
                "name": "HEATHROW",
                "country": "ENGLAND",
                "continent": "EUROPE",
                "elevation": "25.0",
                "Period": [
                    {
                        "type": "Day",
                        "value": "2024-02-12Z",
                        "Rep": [
                            {
                                "D": "W",
                                "G": "21",
                                "H": "55.1",
                                "P": "1009",
                                "S": "13",
                                "T": "9.4",
                                "V": "65000",
                                "W": "1",
                                "Pt": "R",
                                "Dp": "0.9",
                                "$": "960"
                            },
                            {
                                "D": "WSW",
                                "G": "18",
                                "H": "57.1",
                                "P": "1009",
                                "S": "10",
                                "T": "8.1",
                                "V": "55000",
                                "W": "0",
                                "Pt": "R",
                                "Dp": "0.2",
                                "$": "1020"
                            },
                            {
                                "D": "WSW",
                                "G": "17",
                                "H": "60.4",
                                "P": "1010",
                                "S": "13",
                                "T": "7.6",
                                "V": "26000",
                                "W": "0",
                                "Pt": "R",
                                "Dp": "0.5",
                                "$": "1080"
                            },
                            {
                                "D": "SSW",
                                "G": "17",
                                "H": "62.5",
                                "P": "1011",
                                "S": "8",
                                "T": "7.1",
                                "V": "50000",
                                "W": "2",
                                "Pt": "R",
                                "Dp": "0.5",
                                "$": "1140"
                            },
                            {
                                "D": "SSW",
                                "G": "17",
                                "H": "65.2",
                                "P": "1011",
                                "S": "8",
                                "T": "6.6",
                                "V": "40000",
                                "W": "0",
                                "Pt": "R",
                                "Dp": "0.6",
                                "$": "1200"
                            },
                            {
                                "D": "SSW",
                                "G": "16",
                                "H": "71.5",
                                "P": "1011",
                                "S": "11",
                                "T": "6.1",
                                "V": "40000",
                                "W": "0",
                                "Pt": "R",
                                "Dp": "1.4",
                                "$": "1260"
                            },
                            {
                                "D": "SSW",
                                "G": "16",
                                "H": "78.6",
                                "P": "1012",
                                "S": "10",
                                "T": "5.7",
                                "V": "40000",
                                "W": "0",
                                "Pt": "R",
                                "Dp": "2.3",
                                "$": "1320"
                            },
                            {
                                "D": "SW",
                                "G": "19",
                                "H": "80.2",
                                "P": "1012",
                                "S": "13",
                                "T": "5.7",
                                "V": "40000",
                                "W": "0",
                                "Pt": "R",
                                "Dp": "2.6",
                                "$": "1380"
                            }
                        ]
                    },
                    {
                        "type": "Day",
                        "value": "2024-02-13Z",
                        "Rep": [
                            {
                                "D": "SSW",
                                "G": "18",
                                "H": "81.5",
                                "P": "1012",
                                "S": "11",
                                "T": "5.5",
                                "V": "40000",
                                "W": "0",
                                "Pt": "R",
                                "Dp": "2.6",
                                "$": "0"
                            },
                            {
                                "D": "SSW",
                                "G": "14",
                                "H": "84.3",
                                "P": "1013",
                                "S": "8",
                                "T": "5.1",
                                "V": "40000",
                                "W": "0",
                                "Pt": "R",
                                "Dp": "2.7",
                                "$": "60"
                            },
                            {
                                "D": "SSW",
                                "G": "15",
                                "H": "84.3",
                                "P": "1013",
                                "S": "11",
                                "T": "5.2",
                                "V": "40000",
                                "W": "2",
                                "Pt": "R",
                                "Dp": "2.8",
                                "$": "120"
                            },
                            {
                                "D": "SSW",
                                "G": "15",
                                "H": "84.3",
                                "P": "1013",
                                "S": "9",
                                "T": "5.2",
                                "V": "40000",
                                "W": "2",
                                "Pt": "R",
                                "Dp": "2.8",
                                "$": "180"
                            },
                            {
                                "D": "S",
                                "G": "14",
                                "H": "87.4",
                                "P": "1013",
                                "S": "9",
                                "T": "4.8",
                                "V": "40000",
                                "W": "2",
                                "Pt": "S",
                                "Dp": "2.9",
                                "$": "240"
                            },
                            {
                                "D": "S",
                                "G": "15",
                                "H": "86.9",
                                "P": "1013",
                                "S": "8",
                                "T": "5.7",
                                "V": "40000",
                                "W": "8",
                                "Pt": "R",
                                "Dp": "3.7",
                                "$": "300"
                            },
                            {
                                "D": "S",
                                "G": "15",
                                "H": "83.9",
                                "P": "1013",
                                "S": "7",
                                "T": "6.1",
                                "V": "55000",
                                "W": "8",
                                "Pt": "S",
                                "Dp": "3.6",
                                "$": "360"
                            },
                            {
                                "D": "S",
                                "G": "14",
                                "H": "83.4",
                                "P": "1013",
                                "S": "8",
                                "T": "6.5",
                                "V": "55000",
                                "W": "8",
                                "Pt": "F",
                                "Dp": "3.9",
                                "$": "420"
                            },
                            {
                                "D": "S",
                                "G": "16",
                                "H": "85.0",
                                "P": "1013",
                                "S": "9",
                                "T": "6.7",
                                "V": "50000",
                                "W": "8",
                                "Pt": "R",
                                "Dp": "4.4",
                                "$": "480"
                            },
                            {
                                "D": "S",
                                "G": "16",
                                "H": "85.2",
                                "P": "1013",
                                "S": "10",
                                "T": "7.5",
                                "V": "35000",
                                "W": "8",
                                "Pt": "R",
                                "Dp": "5.2",
                                "$": "540"
                            },
                            {
                                "D": "S",
                                "G": "17",
                                "H": "91.4",
                                "P": "1013",
                                "S": "8",
                                "T": "7.5",
                                "V": "13000",
                                "W": "12",
                                "Pt": "R",
                                "Dp": "6.2",
                                "$": "600"
                            },
                            {
                                "D": "SSE",
                                "G": "15",
                                "H": "91.5",
                                "P": "1013",
                                "S": "9",
                                "T": "8.4",
                                "V": "30000",
                                "W": "12",
                                "Pt": "F",
                                "Dp": "7.1",
                                "$": "660"
                            },
                            {
                                "D": "SSE",
                                "G": "18",
                                "H": "90.9",
                                "P": "1012",
                                "S": "11",
                                "T": "9.0",
                                "V": "17000",
                                "W": "12",
                                "Pt": "F",
                                "Dp": "7.6",
                                "$": "720"
                            },
                            {
                                "D": "SSE",
                                "G": "18",
                                "H": "91.5",
                                "P": "1011",
                                "S": "11",
                                "T": "9.2",
                                "V": "17000",
                                "W": "12",
                                "Pt": "F",
                                "Dp": "7.9",
                                "$": "780"
                            },
                            {
                                "D": "S",
                                "G": "23",
                                "H": "92.8",
                                "P": "1010",
                                "S": "15",
                                "T": "9.0",
                                "V": "3400",
                                "W": "12",
                                "Pt": "F",
                                "Dp": "7.9",
                                "$": "840"
                            },
                            {
                                "D": "S",
                                "G": "26",
                                "H": "92.1",
                                "P": "1009",
                                "S": "14",
                                "T": "9.2",
                                "V": "19000",
                                "W": "12",
                                "Pt": "F",
                                "Dp": "8.0",
                                "$": "900"
                            },
                            {
                                "D": "S",
                                "G": "26",
                                "H": "92.8",
                                "P": "1009",
                                "S": "16",
                                "T": "9.4",
                                "V": "10000",
                                "W": "12",
                                "Pt": "F",
                                "Dp": "8.3",
                                "$": "960"
                            }
                        ]
                    }
                ]
            }
        }
    }
}