{
    "SiteRep": {
        "Wx": {
            "Param": [
                {
                    "name": "G",
                    "units": "mph",
                    "$": "Wind Gust"
                },
                {
                    "name": "T",
                    "units": "C",
                    "$": "Temperature"
                },
                {
                    "name": "V",
                    "units": "m",
                    "$": "Visibility"
                },
                {
                    "name": "D",
                    "units": "compass",
                    "$": "Wind Direction"
                },
                {
                    "name": "S",
                    "units": "mph",
                    "$": "Wind Speed"
                },
                {
                    "name": "W",
                    "units": "",
                    "$": "Weather Type"
                },
                {
                    "name": "P",
                    "units": "hpa",
                    "$": "Pressure"
                },
                {
                    "name": "Pt",
                    "units": "Pa/s",
                    "$": "Pressure Tendency"
                },
                {
                    "name": "Dp",
                    "units": "C",
                    "$": "Dew Point"
                },
                {
                    "name": "H",
                    "units": "%",
                    "$": "Screen Relative Humidity"
                }
            ]
        },
        "DV": {
            "dataDate": "2025-03-16T16:00:00Z",
            "type": "Obs",
            "Location": {
                "i": "3772",
                "lat": "51.479",
                "lon": "-0.449",
                "name": "HEATHROW",
                "country": "ENGLAND",
                "continent": "EUROPE",
                "elevation": "25.0",
                "Period": [
                    {
                        "type": "Day",
                        "value": "2025-03-15Z",
                        "Rep": [
                            {
                                "D": "NE",
                                "G": "22",
                                "H": "36.4",
                                "P": "1021",
                                "S": "14",
                                "T": "8.6",
                                "V": "65000",
                                "W": "1",
                                "Pt": "F",
                                "Dp": "-5.2",
                                "$": "960"
                            },
                            {
                                "D": "NNE",
                                "G": "25",
                                "H": "40.2",
                                "P": "1021",
                                "S": "9",
                                "T": "8.2",
                                "V": "60000",
                                "W": "1",
                                "Pt": "F",
                                "Dp": "-4.3",
                                "$": "1020"
                            },
                            {
                                "D": "NNE",
                                "G": "23",
                                "H": "43.4",
                                "P": "1022",
                                "S": "11",
                                "T": "7.3",
                                "V": "75000",
                                "W": "2",
                                "Pt": "R",
                                "Dp": "-4.1",
                                "$": "1080"
                            },
                            {
                                "D": "NNE",
                                "G": "19",
                                "H": "45.4",
                                "P": "1023",
                                "S": "9",
                                "T": "6.1",
                                "V": "75000",
                                "W": "0",
                                "Pt": "R",
                                "Dp": "-4.6",
                                "$": "1140"
                            },
                            {
                                "D": "NE",
                                "G": "14",
                                "H": "52.2",
                                "P": "1023",
                                "S": "8",
                                "T": "5.0",
                                "V": "60000",
                                "W": "0",
                                "Pt": "R",
                                "Dp": "-3.8",
                                "$": "1200"
                            },
                            {
                                "D": "NNE",
                                "G": "15",
                                "H": "58.8",
                                "P": "1024",
                                "S": "7",
                                "T": "4.0",
                                "V": "60000",
                                "W": "0",
                                "Pt": "R",
                                "Dp": "-3.2",
                                "$": "1260"
                            },
                            {
                                "D": "NE",
                                "G": "13",
                                "H": "65.1",
                                "P": "1024",
                                "S": "7",
                                "T": "3.2",
                                "V": "45000",
                                "W": "0",
                                "Pt": "R",
                                "Dp": "-2.6",
                                "$": "1320"
                            },
                            {
                                "D": "NNE",
                                "G": "15",
                                "H": "70.5",
                                "P": "1024",
                                "S": "5",
                                "T": "2.1",
                                "V": "40000",
                                "W": "0",
                                "Pt": "R",
                                "Dp": "-2.6",
                                "$": "1380"
                            }
                        ]
                    },
                    {
                        "type": "Day",
                        "value": "2025-03-16Z",
                        "Rep": [
                            {
                                "D": "N",
                                "G": "9",
                                "H": "73.6",
                                "P": "1024",
                                "S": "6",
                                "T": "1.2",
                                "V": "50000",
                                "W": "0",
                                "Pt": "R",
                                "Dp": "-2.6",
                                "$": "0"
                            },
                            {
                                "D": "N",
                                "G": "10",
                                "H": "78.2",
                                "P": "1024",
                                "S": "6",
                                "T": "0.6",
                                "V": "50000",
                                "W": "0",
                                "Pt": "F",
                                "Dp": "-2.4",
                                "$": "60"
                            },
                            {
                                "D": "N",
                                "G": "11",
                                "H": "80.8",
                                "P": "1024",
                                "S": "5",
                                "T": "0.5",
                                "V": "45000",
                                "W": "0",
                                "Pt": "F",
                                "Dp": "-2.1",
                                "$": "120"
                            },
                            {
                                "D": "N",
                                "G": "11",
                                "H": "83.3",
                                "P": "1024",
                                "S": "5",
                                "T": "0.3",
                                "V": "45000",
                                "W": "0",
                                "Pt": "S",
                                "Dp": "-1.9",
                                "$": "180"
                            },
                            {
                                "D": "N",
                                "G": "8",
                                "H": "85.6",
                                "P": "1024",
                                "S": "3",
                                "T": "-0.3",
                                "V": "40000",
                                "W": "0",
                                "Pt": "S",
                                "Dp": "-2.1",
                                "$": "240"
                            },
                            {
                                "D": "NNE",
                                "G": "7",
                                "H": "87.5",
                                "P": "1024",
                                "S": "3",
                                "T": "-0.8",
                                "V": "35000",
                                "W": "0",
                                "Pt": "R",
                                "Dp": "-2.3",
                                "$": "300"
                            },
                            {
                                "D": "N",
                                "G": "6",
                                "H": "88.8",
                                "P": "1024",
                                "S": "2",
                                "T": "-0.7",
                                "V": "30000",
                                "W": "0",
                                "Pt": "R",
                                "Dp": "-2.0",
                                "$": "360"
                            },
                            {
                                "D": "N",
                                "G": "8",
                                "H": "90.0",
                                "P": "1025",
                                "S": "3",
                                "T": "-0.3",
                                "V": "28000",
                                "W": "1",
                                "Pt": "R",
                                "Dp": "-1.5",
                                "$": "420"
                            },
                            {
                                "D": "NNE",
                                "G": "11",
                                "H": "85.0",
                                "P": "1025",
                                "S": "6",
                                "T": "1.6",
                                "V": "30000",
                                "W": "1",
                                "Pt": "R",
                                "Dp": "-0.6",
                                "$": "480"
                            },
                            {
                                "D": "NNE",
                                "G": "13",
                                "H": "75.9",
                                "P": "1025",
                                "S": "6",
                                "T": "4.0",
                                "V": "35000",
                                "W": "1",
                                "Pt": "R",
                                "Dp": "0.2",
                                "$": "540"
                            },
                            {
                                "D": "NE",
                                "G": "17",
                                "H": "65.9",
                                "P": "1025",
                                "S": "10",
                                "T": "6.2",
                                "V": "45000",
                                "W": "7",
                                "Pt": "R",
                                "Dp": "0.4",
                                "$": "600"
                            },
                            {
                                "D": "NE",
                                "G": "24",
                                "H": "56.0",
                                "P": "1025",
                                "S": "13",
                                "T": "8.2",
                                "V": "60000",
                                "W": "8",
                                "Pt": "R",
                                "Dp": "0.1",
                                "$": "660"
                            },
                            {
                                "D": "NNE",
                                "G": "23",
                                "H": "53.5",
                                "P": "1025",
                                "S": "14",
                                "T": "8.1",
                                "V": "75000",
                                "W": "8",
                                "Pt": "S",
                                "Dp": "-0.6",
                                "$": "720"
                            },
                            {
                                "D": "NE",
                                "G": "21",
                                "H": "52.1",
                                "P": "1025",
                                "S": "11",
                                "T": "8.5",
                                "V": "65000",
                                "W": "8",
                                "Pt": "F",
                                "Dp": "-0.6",
                                "$": "780"
                            },
                            {
                                "D": "NNE",
                                "G": "22",
                                "H": "49.3",
                                "P": "1025",
                                "S": "10",
                                "T": "8.3",
                                "V": "75000",
                                "W": "8",
                                "Pt": "F",
                                "Dp": "-1.5",
                                "$": "840"
                            },
                            {
                                "D": "NE",
                                "G": "19",
                                "H": "52.8",
                                "P": "1024",
                                "S": "10",
                                "T": "8.2",
                                "V": "75000",
                                "W": "8",
                                "Pt": "F",
                                "Dp": "-0.7",
                                "$": "900"
                            },
                            {
                                "D": "NE",
                                "G": "18",
                                "H": "50.4",
                                "P": "1024",
                                "S": "11",
                                "T": "8.1",
                                "V": "75000",
                                "W": "7",
                                "Pt": "F",
                                "Dp": "-1.4",
                                "$": "960"
                            }
                        ]
                    }
                ]
            }
        }
    }
}