{
    "SiteRep": {
        "Wx": {
            "Param": [
                {
                    "name": "G",
                    "units": "mph",
                    "$": "Wind Gust"
                },
                {
                    "name": "T",
                    "units": "C",
                    "$": "Temperature"
                },
                {
                    "name": "V",
                    "units": "m",
                    "$": "Visibility"
                },
                {
                    "name": "D",
                    "units": "compass",
                    "$": "Wind Direction"
                },
                {
                    "name": "S",
                    "units": "mph",
                    "$": "Wind Speed"
                },
                {
                    "name": "W",
                    "units": "",
                    "$": "Weather Type"
                },
                {
                    "name": "P",
                    "units": "hpa",
                    "$": "Pressure"
                },
                {
                    "name": "Pt",
                    "units": "Pa/s",
                    "$": "Pressure Tendency"
                },
                {
                    "name": "Dp",
                    "units": "C",
                    "$": "Dew Point"
                },
                {
                    "name": "H",
                    "units": "%",
                    "$": "Screen Relative Humidity"
                }
            ]
        },
        "DV": {
            "dataDate": "2024-06-25T16:00:00Z",
            "type": "Obs",
            "Location": {
                "i": "3772",
                "lat": "51.479",
                "lon": "-0.449",
                "name": "HEATHROW",
                "country": "ENGLAND",
                "continent": "EUROPE",
                "elevation": "25.0",
                "Period": [
                    {
                        "type": "Day",
                        "value": "2024-06-24Z",
                        "Rep": [
                            {
                                "D": "SSW",
                                "G": "15",
                                "H": "43.5",
                                "P": "1017",
                                "S": "6",
                                "T": "27.4",
                                "V": "55000",
                                "W": "3",
                                "Pt": "F",
                                "Dp": "14.0",
                                "$": "960"
                            },
                            {
                                "D": "S",
                                "G": "14",
                                "H": "46.7",
                                "P": "1017",
                                "S": "8",
                                "T": "26.1",
                                "V": "60000",
                                "W": "7",
                                "Pt": "F",
                                "Dp": "13.9",
                                "$": "1020"
                            },
                            {
                                "D": "S",
                                "G": "16",
                                "H": "49.4",
                                "P": "1017",
                                "S": "7",
                                "T": "25.8",
                                "V": "60000",
                                "W": "7",
                                "Pt": "F",
                                "Dp": "14.5",
                                "$": "1080"
                            },
                            {
                                "D": "S",
                                "G": "13",
                                "H": "55.2",
                                "P": "1017",
                                "S": "7",
                                "T": "24.5",
                                "V": "55000",
                                "W": "1",
                                "Pt": "F",
                                "Dp": "15.0",
                                "$": "1140"
                            },
                            {
                                "D": "S",
                                "G": "15",
                                "H": "59.7",
                                "P": "1017",
                                "S": "9",
                                "T": "23.2",
                                "V": "60000",
                                "W": "1",
                                "Pt": "F",
                                "Dp": "15.0",
                                "$": "1200"
                            },
                            {
                                "D": "S",
                                "G": "14",
                                "H": "59.9",
                                "P": "1017",
                                "S": "7",
                                "T": "22.1",
                                "V": "60000",
                                "W": "0",
                                "Pt": "R",
                                "Dp": "14.0",
                                "$": "1260"
                            },
                            {
                                "D": "S",
                                "G": "11",
                                "H": "62.9",
                                "P": "1017",
                                "S": "7",
                                "T": "21.2",
                                "V": "75000",
                                "W": "0",
                                "Pt": "R",
                                "Dp": "13.9",
                                "$": "1320"
                            },
                            {
                                "D": "S",
                                "G": "10",
                                "H": "69.4",
                                "P": "1017",
                                "S": "5",
                                "T": "19.5",
                                "V": "65000",
                                "W": "0",
                                "Pt": "R",
                                "Dp": "13.8",
                                "$": "1380"
                            }
                        ]
                    },
                    {
                        "type": "Day",
                        "value": "2024-06-25Z",
                        "Rep": [
                            {
                                "D": "S",
                                "G": "8",
                                "H": "75.3",
                                "P": "1017",
                                "S": "5",
                                "T": "18.2",
                                "V": "75000",
                                "W": "0",
                                "Pt": "F",
                                "Dp": "13.8",
                                "$": "0"
                            },
                            {
                                "D": "S",
                                "G": "7",
                                "H": "78.2",
                                "P": "1017",
                                "S": "3",
                                "T": "17.4",
                                "V": "60000",
                                "W": "0",
                                "Pt": "F",
                                "Dp": "13.6",
                                "$": "60"
                            },
                            {
                                "D": "S",
                                "G": "8",
                                "H": "81.8",
                                "P": "1017",
                                "S": "6",
                                "T": "16.8",
                                "V": "35000",
                                "W": "0",
                                "Pt": "F",
                                "Dp": "13.7",
                                "$": "120"
                            },
                            {
                                "D": "SE",
                                "G": "7",
                                "H": "84.8",
                                "P": "1016",
                                "S": "3",
                                "T": "14.3",
                                "V": "50000",
                                "W": "0",
                                "Pt": "F",
                                "Dp": "11.8",
                                "$": "180"
                            },
                            {
                                "D": "ESE",
                                "G": "8",
                                "H": "91.2",
                                "P": "1016",
                                "S": "5",
                                "T": "13.8",
                                "V": "45000",
                                "W": "1",
                                "Pt": "F",
                                "Dp": "12.4",
                                "$": "240"
                            },
                            {
                                "D": "ESE",
                                "G": "7",
                                "H": "90.6",
                                "P": "1016",
                                "S": "3",
                                "T": "15.0",
                                "V": "45000",
                                "W": "1",
                                "Pt": "F",
                                "Dp": "13.5",
                                "$": "300"
                            },
                            {
                                "D": "SW",
                                "G": "3",
                                "H": "76.0",
                                "P": "1016",
                                "S": "2",
                                "T": "19.2",
                                "V": "45000",
                                "W": "1",
                                "Pt": "S",
                                "Dp": "14.9",
                                "$": "360"
                            },
                            {
                                "D": "N",
                                "G": "6",
                                "H": "68.1",
                                "P": "1016",
                                "S": "2",
                                "T": "19.7",
                                "V": "35000",
                                "W": "1",
                                "Pt": "S",
                                "Dp": "13.7",
                                "$": "420"
                            },
                            {
                                "D": "NNE",
                                "G": "6",
                                "H": "61.8",
                                "P": "1016",
                                "S": "3",
                                "T": "21.8",
                                "V": "40000",
                                "W": "1",
                                "Pt": "F",
                                "Dp": "14.2",
                                "$": "480"
                            },
                            {
                                "D": "E",
                                "G": "6",
                                "H": "50.7",
                                "P": "1016",
                                "S": "3",
                                "T": "24.5",
                                "V": "40000",
                                "W": "1",
                                "Pt": "R",
                                "Dp": "13.7",
                                "$": "540"
                            },
                            {
                                "D": "WNW",
                                "G": "8",
                                "H": "48.8",
                                "P": "1016",
                                "S": "5",
                                "T": "25.7",
                                "V": "45000",
                                "W": "1",
                                "Pt": "F",
                                "Dp": "14.2",
                                "$": "600"
                            },
                            {
                                "D": "NW",
                                "G": "8",
                                "H": "47.8",
                                "P": "1016",
                                "S": "5",
                                "T": "25.8",
                                "V": "45000",
                                "W": "3",
                                "Pt": "F",
                                "Dp": "14.0",
                                "$": "660"
                            },
                            {
                                "D": "S",
                                "G": "10",
                                "H": "42.8",
                                "P": "1015",
                                "S": "3",
                                "T": "27.9",
                                "V": "50000",
                                "W": "1",
                                "Pt": "F",
                                "Dp": "14.2",
                                "$": "720"
                            },
                            {
                                "D": "N",
                                "G": "10",
                                "H": "42.7",
                                "P": "1015",
                                "S": "3",
                                "T": "26.5",
                                "V": "45000",
                                "W": "3",
                                "Pt": "F",
                                "Dp": "12.9",
                                "$": "780"
                            },
                            {
                                "D": "N",
                                "G": "8",
                                "H": "37.8",
                                "P": "1014",
                                "S": "3",
                                "T": "28.8",
                                "V": "45000",
                                "W": "7",
                                "Pt": "F",
                                "Dp": "13.1",
                                "$": "840"
                            },
                            {
                                "D": "NW",
                                "G": "13",
                                "H": "38.4",
                                "P": "1014",
                                "S": "6",
                                "T": "29.2",
                                "V": "55000",
                                "W": "3",
                                "Pt": "F",
                                "Dp": "13.7",
                                "$": "900"
                            },
                            {
                                "D": "NW",
                                "G": "11",
                                "H": "38.6",
                                "P": "1013",
                                "S": "5",
                                "T": "28.9",
                                "V": "45000",
                                "W": "7",
                                "Pt": "F",
                                "Dp": "13.5",
                                "$": "960"
                            }
                        ]
                    }
                ]
            }
        }
    }
}