{
    "SiteRep": {
        "Wx": {
            "Param": [
                {
                    "name": "G",
                    "units": "mph",
                    "$": "Wind Gust"
                },
                {
                    "name": "T",
                    "units": "C",
                    "$": "Temperature"
                },
                {
                    "name": "V",
                    "units": "m",
                    "$": "Visibility"
                },
                {
                    "name": "D",
                    "units": "compass",
                    "$": "Wind Direction"
                },
                {
                    "name": "S",
                    "units": "mph",
                    "$": "Wind Speed"
                },
                {
                    "name": "W",
                    "units": "",
                    "$": "Weather Type"
                },
                {
                    "name": "P",
                    "units": "hpa",
                    "$": "Pressure"
                },
                {
                    "name": "Pt",
                    "units": "Pa/s",
                    "$": "Pressure Tendency"
                },
                {
                    "name": "Dp",
                    "units": "C",
                    "$": "Dew Point"
                },
                {
                    "name": "H",
                    "units": "%",
                    "$": "Screen Relative Humidity"
                }
            ]
        },
        "DV": {
            "dataDate": "2024-11-16T16:00:00Z",
            "type": "Obs",
            "Location": {
                "i": "3772",
                "lat": "51.479",
                "lon": "-0.449",
                "name": "HEATHROW",
                "country": "ENGLAND",
                "continent": "EUROPE",
                "elevation": "25.0",
                "Period": [
                    {
                        "type": "Day",
                        "value": "2024-11-15Z",
                        "Rep": [
                            {
                                "D": "NW",
                                "G": "13",
                                "H": "76.1",
                                "P": "1025",
                                "S": "5",
                                "T": "8.2",
                                "V": "1700",
                                "W": "5",
                                "Pt": "F",
                                "Dp": "4.3",
                                "$": "960"
                            },
                            {
                                "D": "NW",
                                "G": "7",
                                "H": "77.7",
                                "P": "1025",
                                "S": "3",
                                "T": "7.9",
                                "V": "3100",
                                "W": "5",
                                "Pt": "F",
                                "Dp": "4.3",
                                "$": "1020"
                            },
                            {
                                "D": "W",
                                "G": "6",
                                "H": "81.5",
                                "P": "1025",
                                "S": "3",
                                "T": "6.8",
                                "V": "2000",
                                "W": "5",
                                "Pt": "F",
                                "Dp": "3.9",
                                "$": "1080"
                            },
                            {
                                "D": "W",
                                "G": "5",
                                "H": "81.0",
                                "P": "1025",
                                "S": "1",
                                "T": "6.8",
                                "V": "9000",
                                "W": "5",
                                "Pt": "F",
                                "Dp": "3.8",
                                "$": "1140"
                            },
                            {
                                "D": "SW",
                                "G": "6",
                                "H": "83.2",
                                "P": "1024",
                                "S": "3",
                                "T": "6.7",
                                "V": "5000",
                                "W": "5",
                                "Pt": "F",
                                "Dp": "4.1",
                                "$": "1200"
                            },
                            {
                                "D": "SW",
                                "G": "9",
                                "H": "85.7",
                                "P": "1024",
                                "S": "6",
                                "T": "6.2",
                                "V": "6000",
                                "W": "5",
                                "Pt": "F",
                                "Dp": "4.0",
                                "$": "1260"
                            },
                            {
                                "D": "NW",
                                "G": "8",
                                "H": "89.2",
                                "P": "1024",
                                "S": "3",
                                "T": "5.2",
                                "V": "2800",
                                "W": "5",
                                "Pt": "F",
                                "Dp": "3.6",
                                "$": "1320"
                            },
                            {
                                "D": "WNW",
                                "G": "6",
                                "H": "93.8",
                                "P": "1024",
                                "S": "3",
                                "T": "4.6",
                                "V": "1100",
                                "W": "5",
                                "Pt": "F",
                                "Dp": "3.7",
                                "$": "1380"
                            }
                        ]
                    },
                    {
                        "type": "Day",
                        "value": "2024-11-16Z",
                        "Rep": [
                            {
                                "D": "W",
                                "G": "5",
                                "H": "94.5",
                                "P": "1023",
                                "S": "2",
                                "T": "3.7",
                                "V": "1000",
                                "W": "6",
                                "Pt": "F",
                                "Dp": "2.9",
                                "$": "0"
                            },
                            {
                                "D": "S",
                                "G": "3",
                                "H": "96.6",
                                "P": "1022",
                                "S": "2",
                                "T": "4.8",
                                "V": "9000",
                                "W": "8",
                                "Pt": "F",
                                "Dp": "4.3",
                                "$": "60"
                            },
                            {
                                "D": "SW",
                                "G": "7",
                                "H": "96.5",
                                "P": "1022",
                                "S": "3",
                                "T": "5.3",
                                "V": "4500",
                                "W": "5",
                                "Pt": "F",
                                "Dp": "4.8",
                                "$": "120"
                            },
                            {
                                "D": "SSW",
                                "G": "5",
                                "H": "93.8",
                                "P": "1021",
                                "S": "2",
                                "T": "4.8",
                                "V": "11000",
                                "W": "5",
                                "Pt": "F",
                                "Dp": "3.9",
                                "$": "180"
                            },
                            {
                                "D": "SSW",
                                "G": "9",
                                "H": "93.8",
                                "P": "1021",
                                "S": "6",
                                "T": "5.3",
                                "V": "5000",
                                "W": "5",
                                "Pt": "F",
                                "Dp": "4.4",
                                "$": "240"
                            },
                            {
                                "D": "SW",
                                "G": "8",
                                "H": "94.5",
                                "P": "1021",
                                "S": "6",
                                "T": "5.3",
                                "V": "3400",
                                "W": "5",
                                "Pt": "F",
                                "Dp": "4.5",
                                "$": "300"
                            },
                            {
                                "D": "S",
                                "G": "9",
                                "H": "91.2",
                                "P": "1020",
                                "S": "5",
                                "T": "5.7",
                                "V": "11000",
                                "W": "5",
                                "Pt": "F",
                                "Dp": "4.4",
                                "$": "360"
                            },
                            {
                                "D": "SW",
                                "G": "10",
                                "H": "90.7",
                                "P": "1020",
                                "S": "5",
                                "T": "6.5",
                                "V": "3000",
                                "W": "5",
                                "Pt": "F",
                                "Dp": "5.1",
                                "$": "420"
                            },
                            {
                                "D": "W",
                                "G": "9",
                                "H": "90.6",
                                "P": "1020",
                                "S": "6",
                                "T": "6.7",
                                "V": "1300",
                                "W": "5",
                                "Pt": "F",
                                "Dp": "5.3",
                                "$": "480"
                            },
                            {
                                "D": "WSW",
                                "G": "9",
                                "H": "88.9",
                                "P": "1020",
                                "S": "6",
                                "T": "7.7",
                                "V": "4300",
                                "W": "5",
                                "Pt": "F",
                                "Dp": "6.0",
                                "$": "540"
                            },
                            {
                                "D": "WSW",
                                "G": "14",
                                "H": "87.7",
                                "P": "1020",
                                "S": "6",
                                "T": "8.5",
                                "V": "2100",
                                "W": "5",
                                "Pt": "F",
                                "Dp": "6.6",
                                "$": "600"
                            },
                            {
                                "D": "SW",
                                "G": "11",
                                "H": "85.4",
                                "P": "1019",
                                "S": "7",
                                "T": "9.5",
                                "V": "1900",
                                "W": "5",
                                "Pt": "F",
                                "Dp": "7.2",
                                "$": "660"
                            },
                            {
                                "D": "WSW",
                                "G": "11",
                                "H": "82.0",
                                "P": "1018",
                                "S": "6",
                                "T": "10.2",
                                "V": "7000",
                                "W": "5",
                                "Pt": "F",
                                "Dp": "7.3",
                                "$": "720"
                            },
                            {
                                "D": "W",
                                "G": "14",
                                "H": "79.3",
                                "P": "1018",
                                "S": "8",
                                "T": "10.8",
                                "V": "1500",
                                "W": "5",
                                "Pt": "F",
                                "Dp": "7.4",
                                "$": "780"
                            },
                            {
                                "D": "W",
                                "G": "15",
                                "H": "79.4",
                                "P": "1017",
                                "S": "9",
                                "T": "11.0",
                                "V": "1300",
                                "W": "5",
                                "Pt": "F",
                                "Dp": "7.6",
                                "$": "840"
                            },
                            {
                                "D": "W",
                                "G": "14",
                                "H": "83.3",
                                "P": "1017",
                                "S": "8",
                                "T": "10.8",
                                "V": "22000",
                                "W": "8",
                                "Pt": "F",
                                "Dp": "8.1",
                                "$": "900"
                            },
                            {
                                "D": "SW",
                                "G": "16",
                                "H": "81.7",
                                "P": "1016",
                                "S": "9",
                                "T": "11.3",
                                "V": "30000",
                                "W": "8",
                                "Pt": "F",
                                "Dp": "8.3",
                                "$": "960"
                            }
                        ]
                    }
                ]
            }
        }
    }
}