{
    "SiteRep": {
        "Wx": {
            "Param": [
                {
                    "name": "G",
                    "units": "mph",
                    "$": "Wind Gust"
                },
                {
                    "name": "T",
                    "units": "C",
                    "$": "Temperature"
                },
                {
                    "name": "V",
                    "units": "m",
                    "$": "Visibility"
                },
                {
                    "name": "D",
                    "units": "compass",
                    "$": "Wind Direction"
                },
                {
                    "name": "S",
                    "units": "mph",
                    "$": "Wind Speed"
                },
                {
                    "name": "W",
                    "units": "",
                    "$": "Weather Type"
                },
                {
                    "name": "P",
                    "units": "hpa",
                    "$": "Pressure"
                },
                {
                    "name": "Pt",
                    "units": "Pa/s",
                    "$": "Pressure Tendency"
                },
                {
                    "name": "Dp",
                    "units": "C",
                    "$": "Dew Point"
                },
                {
                    "name": "H",
                    "units": "%",
                    "$": "Screen Relative Humidity"
                }
            ]
        },
        "DV": {
            "dataDate": "2025-07-08T16:00:00Z",
            "type": "Obs",
            "Location": {
                "i": "3772",
                "lat": "51.479",
                "lon": "-0.449",
                "name": "HEATHROW",
                "country": "ENGLAND",
                "continent": "EUROPE",
                "elevation": "25.0",
                "Period": [
                    {
                        "type": "Day",
                        "value": "2025-07-07Z",
                        "Rep": [
                            {
                                "D": "NW",
                                "G": "23",
                                "H": "39.3",
                                "P": "1013",
                                "S": "9",
                                "T": "20.6",
                                "V": "75000",
                                "W": "7",
                                "Pt": "R",
                                "Dp": "6.4",
                                "$": "960"
                            },
                            {
                                "D": "WNW",
                                "G": "19",
                                "H": "41.1",
                                "P": "1013",
                                "S": "10",
                                "T": "21.0",
                                "V": "60000",
                                "W": "8",
                                "Pt": "R",
                                "Dp": "7.4",
                                "$": "1020"
                            },
                            {
                                "D": "NW",
                                "G": "22",
                                "H": "38.0",
                                "P": "1013",
                                "S": "10",
                                "T": "21.6",
                                "V": "75000",
                                "W": "3",
                                "Pt": "F",
                                "Dp": "6.8",
                                "$": "1080"
                            },
                            {
                                "D": "NW",
                                "G": "22",
                                "H": "40.0",
                                "P": "1014",
                                "S": "13",
                                "T": "20.1",
                                "V": "50000",
                                "W": "1",
                                "Pt": "R",
                                "Dp": "6.2",
                                "$": "1140"
                            },
                            {
                                "D": "NW",
                                "G": "18",
                                "H": "48.4",
                                "P": "1014",
                                "S": "7",
                                "T": "18.5",
                                "V": "45000",
                                "W": "1",
                                "Pt": "R",
                                "Dp": "7.5",
                                "$": "1200"
                            },
                            {
                                "D": "NW",
                                "G": "17",
                                "H": "53.6",
                                "P": "1015",
                                "S": "8",
                                "T": "17.1",
                                "V": "40000",
                                "W": "0",
                                "Pt": "R",
                                "Dp": "7.7",
                                "$": "1260"
                            },
                            {
                                "D": "WNW",
                                "G": "14",
                                "H": "59.5",
                                "P": "1015",
                                "S": "5",
                                "T": "15.8",
                                "V": "35000",
                                "W": "0",
                                "Pt": "R",
                                "Dp": "8.0",
                                "$": "1320"
                            },
                            {
                                "D": "W",
                                "G": "8",
                                "H": "60.4",
                                "P": "1014",
                                "S": "6",
                                "T": "16.0",
                                "V": "30000",
                                "W": "7",
                                "Pt": "R",
                                "Dp": "8.4",
                                "$": "1380"
                            }
                        ]
                    },
                    {
                        "type": "Day",
                        "value": "2025-07-08Z",
                        "Rep": [
                            {
                                "D": "W",
                                "G": "14",
                                "H": "62.4",
                                "P": "1014",
                                "S": "7",
                                "T": "15.9",
                                "V": "35000",
                                "W": "8",
                                "Pt": "F",
                                "Dp": "8.8",
                                "$": "0"
                            },
                            {
                                "D": "WNW",
                                "G": "16",
                                "H": "76.2",
                                "P": "1015",
                                "S": "7",
                                "T": "14.5",
                                "V": "30000",
                                "W": "8",
                                "Pt": "F",
                                "Dp": "10.4",
                                "$": "60"
                            },
                            {
                                "D": "NW",
                                "G": "17",
                                "H": "74.6",
                                "P": "1015",
                                "S": "11",
                                "T": "13.7",
                                "V": "40000",
                                "W": "12",
                                "Pt": "R",
                                "Dp": "9.3",
                                "$": "120"
                            },
                            {
                                "D": "NW",
                                "G": "21",
                                "H": "79.1",
                                "P": "1015",
                                "S": "7",
                                "T": "12.8",
                                "V": "30000",
                                "W": "0",
                                "Pt": "R",
                                "Dp": "9.3",
                                "$": "180"
                            },
                            {
                                "D": "NW",
                                "G": "17",
                                "H": "79.1",
                                "P": "1015",
                                "S": "8",
                                "T": "12.4",
                                "V": "45000",
                                "W": "1",
                                "Pt": "R",
                                "Dp": "8.9",
                                "$": "240"
                            },
                            {
                                "D": "NW",
                                "G": "14",
                                "H": "79.1",
                                "P": "1016",
                                "S": "8",
                                "T": "12.4",
                                "V": "45000",
                                "W": "1",
                                "Pt": "R",
                                "Dp": "8.9",
                                "$": "300"
                            },
                            {
                                "D": "NW",
                                "G": "16",
                                "H": "76.1",
                                "P": "1016",
                                "S": "8",
                                "T": "13.4",
                                "V": "40000",
                                "W": "1",
                                "Pt": "R",
                                "Dp": "9.3",
                                "$": "360"
                            },
                            {
                                "D": "NNW",
                                "G": "17",
                                "H": "66.2",
                                "P": "1017",
                                "S": "8",
                                "T": "14.9",
                                "V": "22000",
                                "W": "1",
                                "Pt": "R",
                                "Dp": "8.7",
                                "$": "420"
                            },
                            {
                                "D": "N",
                                "G": "16",
                                "H": "57.9",
                                "P": "1017",
                                "S": "7",
                                "T": "16.3",
                                "V": "45000",
                                "W": "1",
                                "Pt": "R",
                                "Dp": "8.1",
                                "$": "480"
                            },
                            {
                                "D": "NW",
                                "G": "16",
                                "H": "47.5",
                                "P": "1018",
                                "S": "9",
                                "T": "18.2",
                                "V": "35000",
                                "W": "1",
                                "Pt": "R",
                                "Dp": "7.0",
                                "$": "540"
                            },
                            {
                                "D": "NNW",
                                "G": "15",
                                "H": "43.7",
                                "P": "1018",
                                "S": "6",
                                "T": "19.2",
                                "V": "35000",
                                "W": "3",
                                "Pt": "R",
                                "Dp": "6.7",
                                "$": "600"
                            },
                            {
                                "D": "NW",
                                "G": "17",
                                "H": "40.2",
                                "P": "1018",
                                "S": "7",
                                "T": "20.3",
                                "V": "35000",
                                "W": "1",
                                "Pt": "R",
                                "Dp": "6.5",
                                "$": "660"
                            },
                            {
                                "D": "WNW",
                                "G": "18",
                                "H": "36.2",
                                "P": "1018",
                                "S": "8",
                                "T": "21.2",
                                "V": "35000",
                                "W": "3",
                                "Pt": "R",
                                "Dp": "5.8",
                                "$": "720"
                            },
                            {
                                "D": "NNW",
                                "G": "18",
                                "H": "36.7",
                                "P": "1018",
                                "S": "7",
                                "T": "22.0",
                                "V": "45000",
                                "W": "1",
                                "Pt": "R",
                                "Dp": "6.7",
                                "$": "780"
                            },
                            {
                                "D": "WNW",
                                "G": "18",
                                "H": "32.6",
                                "P": "1018",
                                "S": "8",
                                "T": "23.1",
                                "V": "55000",
                                "W": "1",
                                "Pt": "R",
                                "Dp": "6.0",
                                "$": "840"
                            },
                            {
                                "D": "NW",
                                "G": "16",
                                "H": "31.7",
                                "P": "1018",
                                "S": "5",
                                "T": "23.7",
                                "V": "50000",
                                "W": "1",
                                "Pt": "S",
                                "Dp": "6.1",
                                "$": "900"
                            },
                            {
                                "D": "W",
                                "G": "16",
                                "H": "30.8",
                                "P": "1018",
                                "S": "8",
                                "T": "24.4",
                                "V": "40000",
                                "W": "1",
                                "Pt": "F",
                                "Dp": "6.3",
                                "$": "960"
                            }
                        ]
                    }
                ]
            }
        }
    }
}