{
    "SiteRep": {
        "Wx": {
            "Param": [
                {
                    "name": "G",
                    "units": "mph",
                    "$": "Wind Gust"
                },
                {
                    "name": "T",
                    "units": "C",
                    "$": "Temperature"
                },
                {
                    "name": "V",
                    "units": "m",
                    "$": "Visibility"
                },
                {
                    "name": "D",
                    "units": "compass",
                    "$": "Wind Direction"
                },
                {
                    "name": "S",
                    "units": "mph",
                    "$": "Wind Speed"
                },
                {
                    "name": "W",
                    "units": "",
                    "$": "Weather Type"
                },
                {
                    "name": "P",
                    "units": "hpa",
                    "$": "Pressure"
                },
                {
                    "name": "Pt",
                    "units": "Pa/s",
                    "$": "Pressure Tendency"
                },
                {
                    "name": "Dp",
                    "units": "C",
                    "$": "Dew Point"
                },
                {
                    "name": "H",
                    "units": "%",
                    "$": "Screen Relative Humidity"
                }
            ]
        },
        "DV": {
            "dataDate": "2025-10-23T16:00:00Z",
            "type": "Obs",
            "Location": {
                "i": "3772",
                "lat": "51.479",
                "lon": "-0.449",
                "name": "HEATHROW",
                "country": "ENGLAND",
                "continent": "EUROPE",
                "elevation": "25.0",
                "Period": [
                    {
                        "type": "Day",
                        "value": "2025-10-22Z",
                        "Rep": [
                            {
                                "D": "SSW",
                                "G": "13",
                                "H": "57.1",
                                "P": "994",
                                "S": "8",
                                "T": "14.2",
                                "V": "50000",
                                "W": "8",
                                "Pt": "F",
                                "Dp": "5.8",
                                "$": "960"
                            },
                            {
                                "D": "S",
                                "G": "13",
                                "H": "59.7",
                                "P": "993",
                                "S": "5",
                                "T": "13.5",
                                "V": "50000",
                                "W": "8",
                                "Pt": "F",
                                "Dp": "5.8",
                                "$": "1020"
                            },
                            {
                                "D": "SE",
                                "G": "9",
                                "H": "69.7",
                                "P": "992",
                                "S": "7",
                                "T": "12.8",
                                "V": "45000",
                                "W": "8",
                                "Pt": "F",
                                "Dp": "7.4",
                                "$": "1080"
                            },
                            {
                                "D": "SE",
                                "G": "10",
                                "H": "80.8",
                                "P": "991",
                                "S": "8",
                                "T": "11.9",
                                "V": "7000",
                                "W": "12",
                                "Pt": "F",
                                "Dp": "8.7",
                                "$": "1140"
                            },
                            {
                                "D": "ESE",
                                "G": "10",
                                "H": "90.5",
                                "P": "989",
                                "S": "3",
                                "T": "10.7",
                                "V": "4500",
                                "W": "12",
                                "Pt": "F",
                                "Dp": "9.2",
                                "$": "1200"
                            },
                            {
                                "D": "NE",
                                "G": "11",
                                "H": "92.9",
                                "P": "987",
                                "S": "7",
                                "T": "10.2",
                                "V": "7000",
                                "W": "12",
                                "Pt": "F",
                                "Dp": "9.1",
                                "$": "1260"
                            },
                            {
                                "D": "NNE",
                                "G": "16",
                                "H": "95.4",
                                "P": "984",
                                "S": "9",
                                "T": "10.1",
                                "V": "10000",
                                "W": "12",
                                "Pt": "F",
                                "Dp": "9.4",
                                "$": "1320"
                            },
                            {
                                "D": "NNE",
                                "G": "21",
                                "H": "96.1",
                                "P": "982",
                                "S": "9",
                                "T": "10.3",
                                "V": "5000",
                                "W": "12",
                                "Pt": "F",
                                "Dp": "9.7",
                                "$": "1380"
                            }
                        ]
                    },
                    {
                        "type": "Day",
                        "value": "2025-10-23Z",
                        "Rep": [
                            {
                                "D": "N",
                                "G": "19",
                                "H": "96.7",
                                "P": "981",
                                "S": "8",
                                "T": "10.3",
                                "V": "3100",
                                "W": "12",
                                "Pt": "F",
                                "Dp": "9.8",
                                "$": "0"
                            },
                            {
                                "D": "N",
                                "G": "19",
                                "H": "96.1",
                                "P": "979",
                                "S": "10",
                                "T": "10.3",
                                "V": "10000",
                                "W": "12",
                                "Pt": "F",
                                "Dp": "9.7",
                                "$": "60"
                            },
                            {
                                "D": "N",
                                "G": "26",
                                "H": "95.5",
                                "P": "978",
                                "S": "11",
                                "T": "9.9",
                                "V": "2800",
                                "W": "12",
                                "Pt": "F",
                                "Dp": "9.2",
                                "$": "120"
                            },
                            {
                                "D": "N",
                                "G": "23",
                                "H": "96.2",
                                "P": "976",
                                "S": "11",
                                "T": "10.0",
                                "V": "3200",
                                "W": "12",
                                "Pt": "F",
                                "Dp": "9.4",
                                "$": "180"
                            },
                            {
                                "D": "N",
                                "G": "28",
                                "H": "94.2",
                                "P": "976",
                                "S": "15",
                                "T": "10.0",
                                "V": "5000",
                                "W": "12",
                                "Pt": "F",
                                "Dp": "9.1",
                                "$": "240"
                            },
                            {
                                "D": "NNW",
                                "G": "25",
                                "H": "94.8",
                                "P": "976",
                                "S": "11",
                                "T": "9.8",
                                "V": "2400",
                                "W": "12",
                                "Pt": "F",
                                "Dp": "9.0",
                                "$": "300"
                            },
                            {
                                "D": "NNW",
                                "G": "32",
                                "H": "92.3",
                                "P": "977",
                                "S": "16",
                                "T": "9.7",
                                "V": "45000",
                                "W": "12",
                                "Pt": "R",
                                "Dp": "8.5",
                                "$": "360"
                            },
                            {
                                "D": "NW",
                                "G": "30",
                                "H": "90.4",
                                "P": "978",
                                "S": "15",
                                "T": "9.6",
                                "V": "40000",
                                "W": "12",
                                "Pt": "R",
                                "Dp": "8.1",
                                "$": "420"
                            },
                            {
                                "D": "NW",
                                "G": "28",
                                "H": "88.0",
                                "P": "980",
                                "S": "15",
                                "T": "9.5",
                                "V": "55000",
                                "W": "8",
                                "Pt": "R",
                                "Dp": "7.6",
                                "$": "480"
                            },
                            {
                                "D": "NW",
                                "G": "30",
                                "H": "84.5",
                                "P": "983",
                                "S": "16",
                                "T": "9.8",
                                "V": "50000",
                                "W": "8",
                                "Pt": "R",
                                "Dp": "7.3",
                                "$": "540"
                            },
                            {
                                "D": "NW",
                                "G": "29",
                                "H": "85.0",
                                "P": "985",
                                "S": "16",
                                "T": "9.6",
                                "V": "30000",
                                "W": "12",
                                "Pt": "R",
                                "Dp": "7.2",
                                "$": "600"
                            },
                            {
                                "D": "WNW",
                                "G": "30",
                                "H": "81.7",
                                "P": "987",
                                "S": "15",
                                "T": "9.9",
                                "V": "35000",
                                "W": "12",
                                "Pt": "R",
                                "Dp": "6.9",
                                "$": "660"
                            },
                            {
                                "D": "WNW",
                                "G": "28",
                                "H": "75.8",
                                "P": "989",
                                "S": "17",
                                "T": "10.8",
                                "V": "75000",
                                "W": "12",
                                "Pt": "R",
                                "Dp": "6.7",
                                "$": "720"
                            },
                            {
                                "D": "W",
                                "G": "29",
                                "H": "73.0",
                                "P": "990",
                                "S": "16",
                                "T": "11.5",
                                "V": "75000",
                                "W": "8",
                                "Pt": "R",
                                "Dp": "6.8",
                                "$": "780"
                            },
                            {
                                "D": "W",
                                "G": "25",
                                "H": "70.2",
                                "P": "991",
                                "S": "13",
                                "T": "12.4",
                                "V": "65000",
                                "W": "8",
                                "Pt": "R",
                                "Dp": "7.1",
                                "$": "840"
                            },
                            {
                                "D": "W",
                                "G": "33",
                                "H": "62.6",
                                "P": "991",
                                "S": "13",
                                "T": "12.9",
                                "V": "65000",
                                "W": "8",
                                "Pt": "R",
                                "Dp": "5.9",
                                "$": "900"
                            },
                            {
                                "D": "WNW",
                                "G": "32",
                                "H": "71.3",
                                "P": "992",
                                "S": "16",
                                "T": "10.9",
                                "V": "75000",
                                "W": "8",
                                "Pt": "R",
                                "Dp": "5.9",
                                "$": "960"
                            }
                        ]
                    }
                ]
            }
        }
    }
}