{
    "SiteRep": {
        "Wx": {
            "Param": [
                {
                    "name": "G",
                    "units": "mph",
                    "$": "Wind Gust"
                },
                {
                    "name": "T",
                    "units": "C",
                    "$": "Temperature"
                },
                {
                    "name": "V",
                    "units": "m",
                    "$": "Visibility"
                },
                {
                    "name": "D",
                    "units": "compass",
                    "$": "Wind Direction"
                },
                {
                    "name": "S",
                    "units": "mph",
                    "$": "Wind Speed"
                },
                {
                    "name": "W",
                    "units": "",
                    "$": "Weather Type"
                },
                {
                    "name": "P",
                    "units": "hpa",
                    "$": "Pressure"
                },
                {
                    "name": "Pt",
                    "units": "Pa/s",
                    "$": "Pressure Tendency"
                },
                {
                    "name": "Dp",
                    "units": "C",
                    "$": "Dew Point"
                },
                {
                    "name": "H",
                    "units": "%",
                    "$": "Screen Relative Humidity"
                }
            ]
        },
        "DV": {
            "dataDate": "2024-04-09T16:00:00Z",
            "type": "Obs",
            "Location": {
                "i": "3772",
                "lat": "51.479",
                "lon": "-0.449",
                "name": "HEATHROW",
                "country": "ENGLAND",
                "continent": "EUROPE",
                "elevation": "25.0",
                "Period": [
                    {
                        "type": "Day",
                        "value": "2024-04-08Z",
                        "Rep": [
                            {
                                "D": "SE",
                                "G": "22",
                                "H": "66.7",
                                "P": "1001",
                                "S": "15",
                                "T": "16.2",
                                "V": "65000",
                                "W": "8",
                                "Pt": "F",
                                "Dp": "10.0",
                                "$": "960"
                            },
                            {
                                "D": "ESE",
                                "G": "21",
                                "H": "82.2",
                                "P": "1000",
                                "S": "11",
                                "T": "15.2",
                                "V": "55000",
                                "W": "12",
                                "Pt": "F",
                                "Dp": "12.2",
                                "$": "1020"
                            },
                            {
                                "D": "SSE",
                                "G": "19",
                                "H": "86.1",
                                "P": "1000",
                                "S": "10",
                                "T": "14.9",
                                "V": "40000",
                                "W": "8",
                                "Pt": "F",
                                "Dp": "12.6",
                                "$": "1080"
                            },
                            {
                                "D": "S",
                                "G": "28",
                                "H": "90.6",
                                "P": "1000",
                                "S": "11",
                                "T": "13.3",
                                "V": "17000",
                                "W": "12",
                                "Pt": "F",
                                "Dp": "11.8",
                                "$": "1140"
                            },
                            {
                                "D": "S",
                                "G": "18",
                                "H": "88.2",
                                "P": "1000",
                                "S": "10",
                                "T": "12.7",
                                "V": "60000",
                                "W": "8",
                                "Pt": "F",
                                "Dp": "10.8",
                                "$": "1200"
                            },
                            {
                                "D": "SSW",
                                "G": "21",
                                "H": "83.5",
                                "P": "1000",
                                "S": "14",
                                "T": "12.0",
                                "V": "40000",
                                "W": "8",
                                "Pt": "R",
                                "Dp": "9.3",
                                "$": "1260"
                            },
                            {
                                "D": "SSW",
                                "G": "25",
                                "H": "74.2",
                                "P": "1000",
                                "S": "15",
                                "T": "10.8",
                                "V": "30000",
                                "W": "8",
                                "Pt": "R",
                                "Dp": "6.4",
                                "$": "1320"
                            },
                            {
                                "D": "S",
                                "G": "24",
                                "H": "76.7",
                                "P": "1000",
                                "S": "11",
                                "T": "9.8",
                                "V": "28000",
                                "W": "8",
                                "Pt": "R",
                                "Dp": "5.9",
                                "$": "1380"
                            }
                        ]
                    },
                    {
                        "type": "Day",
                        "value": "2024-04-09Z",
                        "Rep": [
                            {
                                "D": "SSE",
                                "G": "23",
                                "H": "72.5",
                                "P": "1000",
                                "S": "13",
                                "T": "9.8",
                                "V": "28000",
                                "W": "8",
                                "Pt": "F",
                                "Dp": "5.1",
                                "$": "0"
                            },
                            {
                                "D": "SSE",
                                "G": "28",
                                "H": "72.5",
                                "P": "998",
                                "S": "18",
                                "T": "9.5",
                                "V": "30000",
                                "W": "8",
                                "Pt": "F",
                                "Dp": "4.8",
                                "$": "60"
                            },
                            {
                                "D": "SSE",
                                "G": "37",
                                "H": "84.3",
                                "P": "998",
                                "S": "21",
                                "T": "8.9",
                                "V": "21000",
                                "W": "8",
                                "Pt": "F",
                                "Dp": "6.4",
                                "$": "120"
                            },
                            {
                                "D": "SSE",
                                "G": "32",
                                "H": "90.3",
                                "P": "996",
                                "S": "19",
                                "T": "9.1",
                                "V": "26000",
                                "W": "12",
                                "Pt": "F",
                                "Dp": "7.6",
                                "$": "180"
                            },
                            {
                                "D": "S",
                                "G": "34",
                                "H": "84.3",
                                "P": "996",
                                "S": "21",
                                "T": "9.4",
                                "V": "35000",
                                "W": "8",
                                "Pt": "F",
                                "Dp": "6.9",
                                "$": "240"
                            },
                            {
                                "D": "S",
                                "G": "37",
                                "H": "88.5",
                                "P": "996",
                                "S": "21",
                                "T": "9.1",
                                "V": "5000",
                                "W": "12",
                                "Pt": "F",
                                "Dp": "7.3",
                                "$": "300"
                            },
                            {
                                "D": "SSW",
                                "G": "33",
                                "H": "89.7",
                                "P": "997",
                                "S": "18",
                                "T": "9.0",
                                "V": "11000",
                                "W": "11",
                                "Pt": "R",
                                "Dp": "7.4",
                                "$": "360"
                            },
                            {
                                "D": "SW",
                                "G": "33",
                                "H": "87.9",
                                "P": "999",
                                "S": "16",
                                "T": "8.9",
                                "V": "8000",
                                "W": "12",
                                "Pt": "R",
                                "Dp": "7.0",
                                "$": "420"
                            },
                            {
                                "D": "WSW",
                                "G": "38",
                                "H": "82.6",
                                "P": "1001",
                                "S": "23",
                                "T": "8.9",
                                "V": "55000",
                                "W": "8",
                                "Pt": "R",
                                "Dp": "6.1",
                                "$": "480"
                            },
                            {
                                "D": "WSW",
                                "G": "36",
                                "H": "76.3",
                                "P": "1003",
                                "S": "24",
                                "T": "8.4",
                                "V": "75000",
                                "W": "8",
                                "Pt": "R",
                                "Dp": "4.5",
                                "$": "540"
                            },
                            {
                                "D": "WSW",
                                "G": "37",
                                "H": "84.7",
                                "P": "1005",
                                "S": "23",
                                "T": "7.8",
                                "V": "30000",
                                "W": "12",
                                "Pt": "R",
                                "Dp": "5.4",
                                "$": "600"
                            },
                            {
                                "D": "W",
                                "G": "38",
                                "H": "77.5",
                                "P": "1006",
                                "S": "23",
                                "T": "9.0",
                                "V": "28000",
                                "W": "12",
                                "Pt": "R",
                                "Dp": "5.3",
                                "$": "660"
                            },
                            {
                                "D": "WSW",
                                "G": "36",
                                "H": "85.5",
                                "P": "1008",
                                "S": "21",
                                "T": "9.1",
                                "V": "3900",
                                "W": "12",
                                "Pt": "R",
                                "Dp": "6.8",
                                "$": "720"
                            },
                            {
                                "D": "W",
                                "G": "38",
                                "H": "65.9",
                                "P": "1009",
                                "S": "26",
                                "T": "11.1",
                                "V": "55000",
                                "W": "8",
                                "Pt": "R",
                                "Dp": "5.0",
                                "$": "780"
                            },
                            {
                                "D": "W",
                                "G": "41",
                                "H": "54.6",
                                "P": "1010",
                                "S": "24",
                                "T": "12.3",
                                "V": "50000",
                                "W": "8",
                                "Pt": "R",
                                "Dp": "3.5",
                                "$": "840"
                            },
                            {
                                "D": "W",
                                "G": "40",
                                "H": "47.4",
                                "P": "1012",
                                "S": "23",
                                "T": "12.4",
                                "V": "60000",
                                "W": "8",
                                "Pt": "R",
                                "Dp": "1.6",
                                "$": "900"
                            },
                            {
                                "D": "W",
                                "G": "38",
                                "H": "45.7",
                                "P": "1013",
                                "S": "19",
                                "T": "12.7",
                                "V": "75000",
                                "W": "1",
                                "Pt": "R",
                                "Dp": "1.4",
                                "$": "960"
                            }
                        ]
                    }
                ]
            }
        }
    }
}