{
    "SiteRep": {
        "Wx": {
            "Param": [
                {
                    "name": "G",
                    "units": "mph",
                    "$": "Wind Gust"
                },
                {
                    "name": "T",
                    "units": "C",
                    "$": "Temperature"
                },
                {
                    "name": "V",
                    "units": "m",
                    "$": "Visibility"
                },
                {
                    "name": "D",
                    "units": "compass",
                    "$": "Wind Direction"
                },
                {
                    "name": "S",
                    "units": "mph",
                    "$": "Wind Speed"
                },
                {
                    "name": "W",
                    "units": "",
                    "$": "Weather Type"
                },
                {
                    "name": "P",
                    "units": "hpa",
                    "$": "Pressure"
                },
                {
                    "name": "Pt",
                    "units": "Pa/s",
                    "$": "Pressure Tendency"
                },
                {
                    "name": "Dp",
                    "units": "C",
                    "$": "Dew Point"
                },
                {
                    "name": "H",
                    "units": "%",
                    "$": "Screen Relative Humidity"
                }
            ]
        },
        "DV": {
            "dataDate": "2025-04-04T15:00:00Z",
            "type": "Obs",
            "Location": {
                "i": "3772",
                "lat": "51.479",
                "lon": "-0.449",
                "name": "HEATHROW",
                "country": "ENGLAND",
                "continent": "EUROPE",
                "elevation": "25.0",
                "Period": [
                    {
                        "type": "Day",
                        "value": "2025-04-03Z",
                        "Rep": [
                            {
                                "D": "E",
                                "G": "24",
                                "H": "48.0",
                                "P": "1018",
                                "S": "16",
                                "T": "16.3",
                                "V": "30000",
                                "W": "3",
                                "Pt": "F",
                                "Dp": "5.4",
                                "$": "960"
                            },
                            {
                                "D": "E",
                                "G": "24",
                                "H": "50.9",
                                "P": "1018",
                                "S": "14",
                                "T": "15.6",
                                "V": "26000",
                                "W": "3",
                                "Pt": "R",
                                "Dp": "5.6",
                                "$": "1020"
                            },
                            {
                                "D": "E",
                                "G": "22",
                                "H": "55.5",
                                "P": "1018",
                                "S": "9",
                                "T": "14.6",
                                "V": "21000",
                                "W": "8",
                                "Pt": "R",
                                "Dp": "5.9",
                                "$": "1080"
                            },
                            {
                                "D": "E",
                                "G": "18",
                                "H": "55.5",
                                "P": "1019",
                                "S": "10",
                                "T": "14.5",
                                "V": "19000",
                                "W": "7",
                                "Pt": "R",
                                "Dp": "5.8",
                                "$": "1140"
                            },
                            {
                                "D": "ENE",
                                "G": "16",
                                "H": "57.8",
                                "P": "1019",
                                "S": "8",
                                "T": "14.0",
                                "V": "18000",
                                "W": "7",
                                "Pt": "R",
                                "Dp": "5.9",
                                "$": "1200"
                            },
                            {
                                "D": "ENE",
                                "G": "13",
                                "H": "60.8",
                                "P": "1019",
                                "S": "7",
                                "T": "13.1",
                                "V": "16000",
                                "W": "0",
                                "Pt": "R",
                                "Dp": "5.8",
                                "$": "1260"
                            },
                            {
                                "D": "NE",
                                "G": "10",
                                "H": "65.0",
                                "P": "1019",
                                "S": "3",
                                "T": "12.0",
                                "V": "14000",
                                "W": "0",
                                "Pt": "R",
                                "Dp": "5.7",
                                "$": "1320"
                            },
                            {
                                "D": "ENE",
                                "G": "7",
                                "H": "69.1",
                                "P": "1020",
                                "S": "3",
                                "T": "11.3",
                                "V": "12000",
                                "W": "2",
                                "Pt": "R",
                                "Dp": "5.9",
                                "$": "1380"
                            }
                        ]
                    },
                    {
                        "type": "Day",
                        "value": "2025-04-04Z",
                        "Rep": [
                            {
                                "D": "NE",
                                "G": "8",
                                "H": "71.5",
                                "P": "1019",
                                "S": "3",
                                "T": "11.1",
                                "V": "10000",
                                "W": "0",
                                "Pt": "R",
                                "Dp": "6.2",
                                "$": "0"
                            },
                            {
                                "D": "ENE",
                                "G": "6",
                                "H": "74.9",
                                "P": "1019",
                                "S": "2",
                                "T": "10.0",
                                "V": "9000",
                                "W": "5",
                                "Pt": "R",
                                "Dp": "5.8",
                                "$": "60"
                            },
                            {
                                "D": "N",
                                "G": "6",
                                "H": "77.0",
                                "P": "1019",
                                "S": "3",
                                "T": "10.0",
                                "V": "8000",
                                "W": "5",
                                "Pt": "F",
                                "Dp": "6.2",
                                "$": "120"
                            },
                            {
                                "D": "NNE",
                                "G": "7",
                                "H": "78.6",
                                "P": "1019",
                                "S": "3",
                                "T": "9.9",
                                "V": "7000",
                                "W": "5",
                                "Pt": "F",
                                "Dp": "6.4",
                                "$": "180"
                            },
                            {
                                "D": "NE",
                                "G": "7",
                                "H": "77.0",
                                "P": "1019",
                                "S": "5",
                                "T": "10.2",
                                "V": "8000",
                                "W": "5",
                                "Pt": "F",
                                "Dp": "6.4",
                                "$": "240"
                            },
                            {
                                "D": "NNE",
                                "G": "7",
                                "H": "77.5",
                                "P": "1019",
                                "S": "3",
                                "T": "9.7",
                                "V": "7000",
                                "W": "5",
                                "Pt": "F",
                                "Dp": "6.0",
                                "$": "300"
                            },
                            {
                                "D": "NE",
                                "G": "8",
                                "H": "76.0",
                                "P": "1019",
                                "S": "5",
                                "T": "10.2",
                                "V": "7000",
                                "W": "5",
                                "Pt": "F",
                                "Dp": "6.2",
                                "$": "360"
                            },
                            {
                                "D": "NE",
                                "G": "8",
                                "H": "69.3",
                                "P": "1019",
                                "S": "5",
                                "T": "12.1",
                                "V": "8000",
                                "W": "5",
                                "Pt": "F",
                                "Dp": "6.7",
                                "$": "420"
                            },
                            {
                                "D": "ENE",
                                "G": "18",
                                "H": "61.5",
                                "P": "1019",
                                "S": "9",
                                "T": "13.9",
                                "V": "11000",
                                "W": "8",
                                "Pt": "S",
                                "Dp": "6.7",
                                "$": "480"
                            },
                            {
                                "D": "ENE",
                                "G": "15",
                                "H": "57.3",
                                "P": "1019",
                                "S": "9",
                                "T": "15.3",
                                "V": "12000",
                                "W": "3",
                                "Pt": "F",
                                "Dp": "7.0",
                                "$": "540"
                            },
                            {
                                "D": "E",
                                "G": "16",
                                "H": "49.2",
                                "P": "1019",
                                "S": "8",
                                "T": "18.2",
                                "V": "14000",
                                "W": "1",
                                "Pt": "R",
                                "Dp": "7.5",
                                "$": "600"
                            },
                            {
                                "D": "ENE",
                                "G": "18",
                                "H": "44.7",
                                "P": "1019",
                                "S": "11",
                                "T": "19.5",
                                "V": "19000",
                                "W": "1",
                                "Pt": "F",
                                "Dp": "7.3",
                                "$": "660"
                            },
                            {
                                "D": "ENE",
                                "G": "24",
                                "H": "38.8",
                                "P": "1018",
                                "S": "13",
                                "T": "21.1",
                                "V": "30000",
                                "W": "1",
                                "Pt": "F",
                                "Dp": "6.7",
                                "$": "720"
                            },
                            {
                                "D": "E",
                                "G": "26",
                                "H": "39.9",
                                "P": "1018",
                                "S": "15",
                                "T": "21.0",
                                "V": "26000",
                                "W": "1",
                                "Pt": "F",
                                "Dp": "7.0",
                                "$": "780"
                            },
                            {
                                "D": "E",
                                "G": "24",
                                "H": "36.5",
                                "P": "1017",
                                "S": "17",
                                "T": "21.3",
                                "V": "35000",
                                "W": "1",
                                "Pt": "F",
                                "Dp": "6.0",
                                "$": "840"
                            },
                            {
                                "D": "E",
                                "G": "23",
                                "H": "34.7",
                                "P": "1017",
                                "S": "16",
                                "T": "21.9",
                                "V": "27000",
                                "W": "7",
                                "Pt": "F",
                                "Dp": "5.8",
                                "$": "900"
                            },
                            {
                                "D": "ENE",
                                "G": "26",
                                "H": "31.2",
                                "P": "1016",
                                "S": "15",
                                "T": "21.1",
                                "V": "30000",
                                "W": "1",
                                "Pt": "F",
                                "Dp": "3.6",
                                "$": "960"
                            }
                        ]
                    }
                ]
            }
        }
    }
}