{
    "SiteRep": {
        "Wx": {
            "Param": [
                {
                    "name": "G",
                    "units": "mph",
                    "$": "Wind Gust"
                },
                {
                    "name": "T",
                    "units": "C",
                    "$": "Temperature"
                },
                {
                    "name": "V",
                    "units": "m",
                    "$": "Visibility"
                },
                {
                    "name": "D",
                    "units": "compass",
                    "$": "Wind Direction"
                },
                {
                    "name": "S",
                    "units": "mph",
                    "$": "Wind Speed"
                },
                {
                    "name": "W",
                    "units": "",
                    "$": "Weather Type"
                },
                {
                    "name": "P",
                    "units": "hpa",
                    "$": "Pressure"
                },
                {
                    "name": "Pt",
                    "units": "Pa/s",
                    "$": "Pressure Tendency"
                },
                {
                    "name": "Dp",
                    "units": "C",
                    "$": "Dew Point"
                },
                {
                    "name": "H",
                    "units": "%",
                    "$": "Screen Relative Humidity"
                }
            ]
        },
        "DV": {
            "dataDate": "2024-01-04T16:00:00Z",
            "type": "Obs",
            "Location": {
                "i": "3772",
                "lat": "51.479",
                "lon": "-0.449",
                "name": "HEATHROW",
                "country": "ENGLAND",
                "continent": "EUROPE",
                "elevation": "25.0",
                "Period": [
                    {
                        "type": "Day",
                        "value": "2024-01-03Z",
                        "Rep": [
                            {
                                "D": "WSW",
                                "G": "25",
                                "H": "83.4",
                                "P": "991",
                                "S": "13",
                                "T": "9.9",
                                "V": "40000",
                                "W": "8",
                                "Pt": "R",
                                "Dp": "7.2",
                                "$": "960"
                            },
                            {
                                "D": "WSW",
                                "G": "21",
                                "H": "82.2",
                                "P": "992",
                                "S": "15",
                                "T": "9.9",
                                "V": "27000",
                                "W": "8",
                                "Pt": "R",
                                "Dp": "7.0",
                                "$": "1020"
                            },
                            {
                                "D": "WSW",
                                "G": "25",
                                "H": "82.8",
                                "P": "993",
                                "S": "15",
                                "T": "9.8",
                                "V": "26000",
                                "W": "8",
                                "Pt": "R",
                                "Dp": "7.0",
                                "$": "1080"
                            },
                            {
                                "D": "WSW",
                                "G": "25",
                                "H": "86.1",
                                "P": "994",
                                "S": "14",
                                "T": "9.7",
                                "V": "22000",
                                "W": "8",
                                "Pt": "R",
                                "Dp": "7.5",
                                "$": "1140"
                            },
                            {
                                "D": "W",
                                "G": "25",
                                "H": "90.9",
                                "P": "995",
                                "S": "15",
                                "T": "8.7",
                                "V": "29000",
                                "W": "8",
                                "Pt": "R",
                                "Dp": "7.3",
                                "$": "1200"
                            },
                            {
                                "D": "W",
                                "G": "23",
                                "H": "89.1",
                                "P": "996",
                                "S": "14",
                                "T": "8.8",
                                "V": "30000",
                                "W": "8",
                                "Pt": "R",
                                "Dp": "7.1",
                                "$": "1260"
                            },
                            {
                                "D": "WSW",
                                "G": "22",
                                "H": "87.2",
                                "P": "997",
                                "S": "13",
                                "T": "8.8",
                                "V": "29000",
                                "W": "8",
                                "Pt": "R",
                                "Dp": "6.8",
                                "$": "1320"
                            },
                            {
                                "D": "WSW",
                                "G": "18",
                                "H": "87.9",
                                "P": "998",
                                "S": "13",
                                "T": "8.4",
                                "V": "26000",
                                "W": "8",
                                "Pt": "R",
                                "Dp": "6.5",
                                "$": "1380"
                            }
                        ]
                    },
                    {
                        "type": "Day",
                        "value": "2024-01-04Z",
                        "Rep": [
                            {
                                "D": "WSW",
                                "G": "19",
                                "H": "89.6",
                                "P": "999",
                                "S": "11",
                                "T": "7.9",
                                "V": "30000",
                                "W": "2",
                                "Pt": "R",
                                "Dp": "6.3",
                                "$": "0"
                            },
                            {
                                "D": "WSW",
                                "G": "21",
                                "H": "89.6",
                                "P": "999",
                                "S": "15",
                                "T": "8.2",
                                "V": "40000",
                                "W": "7",
                                "Pt": "R",
                                "Dp": "6.6",
                                "$": "60"
                            },
                            {
                                "D": "WSW",
                                "G": "19",
                                "H": "87.7",
                                "P": "1000",
                                "S": "11",
                                "T": "8.6",
                                "V": "40000",
                                "W": "8",
                                "Pt": "R",
                                "Dp": "6.7",
                                "$": "120"
                            },
                            {
                                "D": "WSW",
                                "G": "19",
                                "H": "87.2",
                                "P": "1001",
                                "S": "11",
                                "T": "7.7",
                                "V": "35000",
                                "W": "8",
                                "Pt": "R",
                                "Dp": "5.7",
                                "$": "180"
                            },
                            {
                                "D": "WSW",
                                "G": "21",
                                "H": "88.3",
                                "P": "1001",
                                "S": "14",
                                "T": "7.1",
                                "V": "30000",
                                "W": "0",
                                "Pt": "R",
                                "Dp": "5.3",
                                "$": "240"
                            },
                            {
                                "D": "WSW",
                                "G": "24",
                                "H": "87.6",
                                "P": "1002",
                                "S": "15",
                                "T": "6.9",
                                "V": "27000",
                                "W": "0",
                                "Pt": "R",
                                "Dp": "5.0",
                                "$": "300"
                            },
                            {
                                "D": "W",
                                "G": "19",
                                "H": "88.8",
                                "P": "1002",
                                "S": "8",
                                "T": "6.3",
                                "V": "22000",
                                "W": "0",
                                "Pt": "R",
                                "Dp": "4.6",
                                "$": "360"
                            },
                            {
                                "D": "SSW",
                                "G": "11",
                                "H": "87.1",
                                "P": "1003",
                                "S": "8",
                                "T": "6.0",
                                "V": "23000",
                                "W": "0",
                                "Pt": "R",
                                "Dp": "4.0",
                                "$": "420"
                            },
                            {
                                "D": "SSW",
                                "G": "13",
                                "H": "87.6",
                                "P": "1003",
                                "S": "9",
                                "T": "6.1",
                                "V": "23000",
                                "W": "0",
                                "Pt": "R",
                                "Dp": "4.2",
                                "$": "480"
                            },
                            {
                                "D": "SSW",
                                "G": "13",
                                "H": "86.4",
                                "P": "1003",
                                "S": "7",
                                "T": "6.2",
                                "V": "22000",
                                "W": "8",
                                "Pt": "R",
                                "Dp": "4.1",
                                "$": "540"
                            },
                            {
                                "D": "SW",
                                "G": "18",
                                "H": "81.3",
                                "P": "1003",
                                "S": "9",
                                "T": "7.5",
                                "V": "23000",
                                "W": "1",
                                "Pt": "R",
                                "Dp": "4.5",
                                "$": "600"
                            },
                            {
                                "D": "SSW",
                                "G": "13",
                                "H": "79.2",
                                "P": "1003",
                                "S": "8",
                                "T": "8.1",
                                "V": "21000",
                                "W": "7",
                                "Pt": "F",
                                "Dp": "4.7",
                                "$": "660"
                            },
                            {
                                "D": "SSE",
                                "G": "11",
                                "H": "80.1",
                                "P": "1002",
                                "S": "5",
                                "T": "8.0",
                                "V": "20000",
                                "W": "7",
                                "Pt": "F",
                                "Dp": "4.8",
                                "$": "720"
                            },
                            {
                                "D": "SSE",
                                "G": "10",
                                "H": "80.2",
                                "P": "1001",
                                "S": "5",
                                "T": "8.2",
                                "V": "20000",
                                "W": "8",
                                "Pt": "F",
                                "Dp": "5.0",
                                "$": "780"
                            },
                            {
                                "D": "E",
                                "G": "9",
                                "H": "81.9",
                                "P": "1000",
                                "S": "6",
                                "T": "8.1",
                                "V": "21000",
                                "W": "8",
                                "Pt": "F",
                                "Dp": "5.2",
                                "$": "840"
                            },
                            {
                                "D": "E",
                                "G": "13",
                                "H": "85.5",
                                "P": "999",
                                "S": "8",
                                "T": "8.1",
                                "V": "10000",
                                "W": "12",
                                "Pt": "F",
                                "Dp": "5.8",
                                "$": "900"
                            },
                            {
                                "D": "E",
                                "G": "13",
                                "H": "93.4",
                                "P": "998",
                                "S": "7",
                                "T": "7.4",
                                "V": "3400",
                                "W": "12",
                                "Pt": "F",
                                "Dp": "6.4",
                                "$": "960"
                            }
                        ]
                    }
                ]
            }
        }
    }
}