{
    "SiteRep": {
        "Wx": {
            "Param": [
                {
                    "name": "G",
                    "units": "mph",
                    "$": "Wind Gust"
                },
                {
                    "name": "T",
                    "units": "C",
                    "$": "Temperature"
                },
                {
                    "name": "V",
                    "units": "m",
                    "$": "Visibility"
                },
                {
                    "name": "D",
                    "units": "compass",
                    "$": "Wind Direction"
                },
                {
                    "name": "S",
                    "units": "mph",
                    "$": "Wind Speed"
                },
                {
                    "name": "W",
                    "units": "",
                    "$": "Weather Type"
                },
                {
                    "name": "P",
                    "units": "hpa",
                    "$": "Pressure"
                },
                {
                    "name": "Pt",
                    "units": "Pa/s",
                    "$": "Pressure Tendency"
                },
                {
                    "name": "Dp",
                    "units": "C",
                    "$": "Dew Point"
                },
                {
                    "name": "H",
                    "units": "%",
                    "$": "Screen Relative Humidity"
                }
            ]
        },
        "DV": {
            "dataDate": "2023-12-25T16:00:00Z",
            "type": "Obs",
            "Location": {
                "i": "3772",
                "lat": "51.479",
                "lon": "-0.449",
                "name": "HEATHROW",
                "country": "ENGLAND",
                "continent": "EUROPE",
                "elevation": "25.0",
                "Period": [
                    {
                        "type": "Day",
                        "value": "2023-12-24Z",
                        "Rep": [
                            {
                                "D": "WSW",
                                "G": "36",
                                "H": "81.0",
                                "P": "1004",
                                "S": "24",
                                "T": "14.0",
                                "V": "75000",
                                "W": "8",
                                "Pt": "F",
                                "Dp": "10.8",
                                "$": "960"
                            },
                            {
                                "D": "WSW",
                                "G": "44",
                                "H": "83.7",
                                "P": "1004",
                                "S": "29",
                                "T": "13.7",
                                "V": "45000",
                                "W": "8",
                                "Pt": "F",
                                "Dp": "11.0",
                                "$": "1020"
                            },
                            {
                                "D": "WSW",
                                "G": "44",
                                "H": "84.8",
                                "P": "1005",
                                "S": "24",
                                "T": "13.6",
                                "V": "75000",
                                "W": "8",
                                "Pt": "R",
                                "Dp": "11.1",
                                "$": "1080"
                            },
                            {
                                "D": "WSW",
                                "G": "38",
                                "H": "83.7",
                                "P": "1005",
                                "S": "25",
                                "T": "13.7",
                                "V": "75000",
                                "W": "8",
                                "Pt": "R",
                                "Dp": "11.0",
                                "$": "1140"
                            },
                            {
                                "D": "WSW",
                                "G": "40",
                                "H": "87.0",
                                "P": "1005",
                                "S": "24",
                                "T": "13.2",
                                "V": "21000",
                                "W": "11",
                                "Pt": "R",
                                "Dp": "11.1",
                                "$": "1200"
                            },
                            {
                                "D": "WSW",
                                "G": "34",
                                "H": "83.7",
                                "P": "1006",
                                "S": "23",
                                "T": "13.5",
                                "V": "75000",
                                "W": "8",
                                "Pt": "R",
                                "Dp": "10.8",
                                "$": "1260"
                            },
                            {
                                "D": "WSW",
                                "G": "31",
                                "H": "85.9",
                                "P": "1006",
                                "S": "16",
                                "T": "13.1",
                                "V": "75000",
                                "W": "8",
                                "Pt": "R",
                                "Dp": "10.8",
                                "$": "1320"
                            },
                            {
                                "D": "WSW",
                                "G": "32",
                                "H": "83.0",
                                "P": "1006",
                                "S": "19",
                                "T": "13.3",
                                "V": "75000",
                                "W": "8",
                                "Pt": "R",
                                "Dp": "10.5",
                                "$": "1380"
                            }
                        ]
                    },
                    {
                        "type": "Day",
                        "value": "2023-12-25Z",
                        "Rep": [
                            {
                                "D": "WSW",
                                "G": "29",
                                "H": "85.9",
                                "P": "1006",
                                "S": "17",
                                "T": "13.2",
                                "V": "75000",
                                "W": "8",
                                "Pt": "R",
                                "Dp": "10.9",
                                "$": "0"
                            },
                            {
                                "D": "WSW",
                                "G": "32",
                                "H": "85.9",
                                "P": "1006",
                                "S": "18",
                                "T": "13.3",
                                "V": "65000",
                                "W": "8",
                                "Pt": "S",
                                "Dp": "11.0",
                                "$": "60"
                            },
                            {
                                "D": "WSW",
                                "G": "26",
                                "H": "87.7",
                                "P": "1006",
                                "S": "18",
                                "T": "13.1",
                                "V": "13000",
                                "W": "12",
                                "Pt": "S",
                                "Dp": "11.1",
                                "$": "120"
                            },
                            {
                                "D": "WSW",
                                "G": "26",
                                "H": "88.8",
                                "P": "1007",
                                "S": "18",
                                "T": "13.0",
                                "V": "50000",
                                "W": "8",
                                "Pt": "R",
                                "Dp": "11.2",
                                "$": "180"
                            },
                            {
                                "D": "WSW",
                                "G": "28",
                                "H": "87.1",
                                "P": "1007",
                                "S": "16",
                                "T": "13.1",
                                "V": "75000",
                                "W": "8",
                                "Pt": "R",
                                "Dp": "11.0",
                                "$": "240"
                            },
                            {
                                "D": "WSW",
                                "G": "26",
                                "H": "86.4",
                                "P": "1007",
                                "S": "16",
                                "T": "13.1",
                                "V": "75000",
                                "W": "8",
                                "Pt": "R",
                                "Dp": "10.9",
                                "$": "300"
                            },
                            {
                                "D": "SW",
                                "G": "25",
                                "H": "90.5",
                                "P": "1007",
                                "S": "15",
                                "T": "12.5",
                                "V": "5000",
                                "W": "11",
                                "Pt": "R",
                                "Dp": "11.0",
                                "$": "360"
                            },
                            {
                                "D": "W",
                                "G": "19",
                                "H": "96.8",
                                "P": "1007",
                                "S": "7",
                                "T": "11.9",
                                "V": "2400",
                                "W": "12",
                                "Pt": "R",
                                "Dp": "11.4",
                                "$": "420"
                            },
                            {
                                "D": "W",
                                "G": "16",
                                "H": "97.3",
                                "P": "1008",
                                "S": "10",
                                "T": "11.9",
                                "V": "2400",
                                "W": "15",
                                "Pt": "R",
                                "Dp": "11.5",
                                "$": "480"
                            },
                            {
                                "D": "WSW",
                                "G": "23",
                                "H": "88.1",
                                "P": "1008",
                                "S": "15",
                                "T": "11.8",
                                "V": "55000",
                                "W": "8",
                                "Pt": "R",
                                "Dp": "9.9",
                                "$": "540"
                            },
                            {
                                "D": "WSW",
                                "G": "21",
                                "H": "88.1",
                                "P": "1009",
                                "S": "11",
                                "T": "12.1",
                                "V": "60000",
                                "W": "8",
                                "Pt": "R",
                                "Dp": "10.2",
                                "$": "600"
                            },
                            {
                                "D": "SW",
                                "G": "23",
                                "H": "86.3",
                                "P": "1009",
                                "S": "13",
                                "T": "12.3",
                                "V": "50000",
                                "W": "8",
                                "Pt": "R",
                                "Dp": "10.1",
                                "$": "660"
                            },
                            {
                                "D": "WSW",
                                "G": "23",
                                "H": "83.0",
                                "P": "1008",
                                "S": "15",
                                "T": "12.5",
                                "V": "40000",
                                "W": "8",
                                "Pt": "R",
                                "Dp": "9.7",
                                "$": "720"
                            },
                            {
                                "D": "SW",
                                "G": "24",
                                "H": "89.9",
                                "P": "1008",
                                "S": "11",
                                "T": "12.3",
                                "V": "35000",
                                "W": "11",
                                "Pt": "F",
                                "Dp": "10.7",
                                "$": "780"
                            },
                            {
                                "D": "WSW",
                                "G": "18",
                                "H": "86.4",
                                "P": "1007",
                                "S": "11",
                                "T": "12.6",
                                "V": "75000",
                                "W": "11",
                                "Pt": "F",
                                "Dp": "10.4",
                                "$": "840"
                            },
                            {
                                "D": "WSW",
                                "G": "21",
                                "H": "89.9",
                                "P": "1006",
                                "S": "11",
                                "T": "11.8",
                                "V": "12000",
                                "W": "8",
                                "Pt": "F",
                                "Dp": "10.2",
                                "$": "900"
                            },
                            {
                                "D": "SW",
                                "G": "17",
                                "H": "95.5",
                                "P": "1006",
                                "S": "11",
                                "T": "11.6",
                                "V": "3500",
                                "W": "11",
                                "Pt": "F",
                                "Dp": "10.9",
                                "$": "960"
                            }
                        ]
                    }
                ]
            }
        }
    }
}