{
    "SiteRep": {
        "Wx": {
            "Param": [
                {
                    "name": "G",
                    "units": "mph",
                    "$": "Wind Gust"
                },
                {
                    "name": "T",
                    "units": "C",
                    "$": "Temperature"
                },
                {
                    "name": "V",
                    "units": "m",
                    "$": "Visibility"
                },
                {
                    "name": "D",
                    "units": "compass",
                    "$": "Wind Direction"
                },
                {
                    "name": "S",
                    "units": "mph",
                    "$": "Wind Speed"
                },
                {
                    "name": "W",
                    "units": "",
                    "$": "Weather Type"
                },
                {
                    "name": "P",
                    "units": "hpa",
                    "$": "Pressure"
                },
                {
                    "name": "Pt",
                    "units": "Pa/s",
                    "$": "Pressure Tendency"
                },
                {
                    "name": "Dp",
                    "units": "C",
                    "$": "Dew Point"
                },
                {
                    "name": "H",
                    "units": "%",
                    "$": "Screen Relative Humidity"
                }
            ]
        },
        "DV": {
            "dataDate": "2023-11-04T16:00:00Z",
            "type": "Obs",
            "Location": {
                "i": "3772",
                "lat": "51.479",
                "lon": "-0.449",
                "name": "HEATHROW",
                "country": "ENGLAND",
                "continent": "EUROPE",
                "elevation": "25.0",
                "Period": [
                    {
                        "type": "Day",
                        "value": "2023-11-03Z",
                        "Rep": [
                            {
                                "D": "W",
                                "G": "13",
                                "H": "89.4",
                                "P": "983",
                                "S": "8",
                                "T": "11.4",
                                "V": "40000",
                                "W": "15",
                                "Pt": "R",
                                "Dp": "9.7",
                                "$": "960"
                            },
                            {
                                "D": "W",
                                "G": "15",
                                "H": "91.1",
                                "P": "983",
                                "S": "8",
                                "T": "10.8",
                                "V": "35000",
                                "W": "11",
                                "Pt": "R",
                                "Dp": "9.4",
                                "$": "1020"
                            },
                            {
                                "D": "W",
                                "G": "15",
                                "H": "86.8",
                                "P": "983",
                                "S": "6",
                                "T": "9.5",
                                "V": "50000",
                                "W": "2",
                                "Pt": "R",
                                "Dp": "7.4",
                                "$": "1080"
                            },
                            {
                                "D": "WSW",
                                "G": "14",
                                "H": "91.0",
                                "P": "984",
                                "S": "7",
                                "T": "8.7",
                                "V": "50000",
                                "W": "0",
                                "Pt": "R",
                                "Dp": "7.3",
                                "$": "1140"
                            },
                            {
                                "D": "W",
                                "G": "13",
                                "H": "90.4",
                                "P": "984",
                                "S": "8",
                                "T": "8.5",
                                "V": "30000",
                                "W": "0",
                                "Pt": "R",
                                "Dp": "7.0",
                                "$": "1200"
                            },
                            {
                                "D": "WSW",
                                "G": "17",
                                "H": "91.0",
                                "P": "984",
                                "S": "11",
                                "T": "8.2",
                                "V": "18000",
                                "W": "0",
                                "Pt": "R",
                                "Dp": "6.8",
                                "$": "1260"
                            },
                            {
                                "D": "SW",
                                "G": "16",
                                "H": "89.7",
                                "P": "984",
                                "S": "11",
                                "T": "7.9",
                                "V": "25000",
                                "W": "0",
                                "Pt": "R",
                                "Dp": "6.3",
                                "$": "1320"
                            },
                            {
                                "D": "SW",
                                "G": "17",
                                "H": "90.9",
                                "P": "984",
                                "S": "9",
                                "T": "7.1",
                                "V": "26000",
                                "W": "0",
                                "Pt": "R",
                                "Dp": "5.7",
                                "$": "1380"
                            }
                        ]
                    },
                    {
                        "type": "Day",
                        "value": "2023-11-04Z",
                        "Rep": [
                            {
                                "D": "SSW",
                                "G": "13",
                                "H": "92.8",
                                "P": "984",
                                "S": "6",
                                "T": "6.5",
                                "V": "27000",
                                "W": "0",
                                "Pt": "F",
                                "Dp": "5.4",
                                "$": "0"
                            },
                            {
                                "D": "SSW",
                                "G": "8",
                                "H": "94.0",
                                "P": "983",
                                "S": "6",
                                "T": "5.7",
                                "V": "22000",
                                "W": "0",
                                "Pt": "F",
                                "Dp": "4.8",
                                "$": "60"
                            },
                            {
                                "D": "S",
                                "G": "10",
                                "H": "93.8",
                                "P": "981",
                                "S": "5",
                                "T": "5.6",
                                "V": "21000",
                                "W": "2",
                                "Pt": "F",
                                "Dp": "4.7",
                                "$": "120"
                            },
                            {
                                "D": "ESE",
                                "G": "9",
                                "H": "95.8",
                                "P": "980",
                                "S": "5",
                                "T": "4.4",
                                "V": "18000",
                                "W": "7",
                                "Pt": "F",
                                "Dp": "3.8",
                                "$": "180"
                            },
                            {
                                "D": "E",
                                "G": "8",
                                "H": "97.2",
                                "P": "978",
                                "S": "7",
                                "T": "4.3",
                                "V": "22000",
                                "W": "2",
                                "Pt": "F",
                                "Dp": "3.9",
                                "$": "240"
                            },
                            {
                                "D": "ESE",
                                "G": "13",
                                "H": "97.9",
                                "P": "976",
                                "S": "9",
                                "T": "6.4",
                                "V": "26000",
                                "W": "7",
                                "Pt": "F",
                                "Dp": "6.1",
                                "$": "300"
                            },
                            {
                                "D": "ESE",
                                "G": "15",
                                "H": "97.4",
                                "P": "975",
                                "S": "10",
                                "T": "7.3",
                                "V": "23000",
                                "W": "12",
                                "Pt": "F",
                                "Dp": "6.9",
                                "$": "360"
                            },
                            {
                                "D": "E",
                                "G": "14",
                                "H": "97.3",
                                "P": "973",
                                "S": "8",
                                "T": "7.8",
                                "V": "2400",
                                "W": "12",
                                "Pt": "F",
                                "Dp": "7.4",
                                "$": "420"
                            },
                            {
                                "D": "SE",
                                "G": "24",
                                "H": "94.8",
                                "P": "971",
                                "S": "15",
                                "T": "8.3",
                                "V": "8000",
                                "W": "12",
                                "Pt": "F",
                                "Dp": "7.5",
                                "$": "480"
                            },
                            {
                                "D": "E",
                                "G": "22",
                                "H": "94.8",
                                "P": "968",
                                "S": "14",
                                "T": "8.2",
                                "W": "12",
                                "Pt": "F",
                                "Dp": "7.4",
                                "$": "540"
                            },
                            {
                                "D": "E",
                                "G": "25",
                                "H": "94.2",
                                "P": "966",
                                "S": "16",
                                "T": "8.6",
                                "V": "13000",
                                "W": "12",
                                "Pt": "F",
                                "Dp": "7.7",
                                "$": "600"
                            },
                            {
                                "D": "N",
                                "G": "25",
                                "H": "94.3",
                                "P": "965",
                                "S": "9",
                                "T": "10.3",
                                "V": "60000",
                                "W": "8",
                                "Pt": "F",
                                "Dp": "9.4",
                                "$": "660"
                            },
                            {
                                "D": "S",
                                "G": "16",
                                "H": "85.0",
                                "P": "964",
                                "S": "10",
                                "T": "13.3",
                                "V": "24000",
                                "W": "3",
                                "Pt": "F",
                                "Dp": "10.8",
                                "$": "720"
                            },
                            {
                                "D": "SSW",
                                "G": "25",
                                "H": "78.7",
                                "P": "964",
                                "S": "16",
                                "T": "13.9",
                                "V": "20000",
                                "W": "7",
                                "Pt": "F",
                                "Dp": "10.2",
                                "$": "780"
                            },
                            {
                                "D": "SSW",
                                "G": "23",
                                "H": "79.6",
                                "P": "964",
                                "S": "15",
                                "T": "12.6",
                                "V": "20000",
                                "W": "7",
                                "Pt": "F",
                                "Dp": "9.1",
                                "$": "840"
                            },
                            {
                                "D": "SSW",
                                "G": "22",
                                "H": "77.1",
                                "P": "965",
                                "S": "14",
                                "T": "13.0",
                                "V": "24000",
                                "W": "3",
                                "Pt": "R",
                                "Dp": "9.0",
                                "$": "900"
                            },
                            {
                                "D": "SSW",
                                "G": "18",
                                "H": "87.2",
                                "P": "965",
                                "S": "11",
                                "T": "11.9",
                                "V": "20000",
                                "W": "12",
                                "Pt": "R",
                                "Dp": "9.8",
                                "$": "960"
                            }
                        ]
                    }
                ]
            }
        }
    }
}