{
    "SiteRep": {
        "Wx": {
            "Param": [
                {
                    "name": "G",
                    "units": "mph",
                    "$": "Wind Gust"
                },
                {
                    "name": "T",
                    "units": "C",
                    "$": "Temperature"
                },
                {
                    "name": "V",
                    "units": "m",
                    "$": "Visibility"
                },
                {
                    "name": "D",
                    "units": "compass",
                    "$": "Wind Direction"
                },
                {
                    "name": "S",
                    "units": "mph",
                    "$": "Wind Speed"
                },
                {
                    "name": "W",
                    "units": "",
                    "$": "Weather Type"
                },
                {
                    "name": "P",
                    "units": "hpa",
                    "$": "Pressure"
                },
                {
                    "name": "Pt",
                    "units": "Pa/s",
                    "$": "Pressure Tendency"
                },
                {
                    "name": "Dp",
                    "units": "C",
                    "$": "Dew Point"
                },
                {
                    "name": "H",
                    "units": "%",
                    "$": "Screen Relative Humidity"
                }
            ]
        },
        "DV": {
            "dataDate": "2024-07-19T16:00:00Z",
            "type": "Obs",
            "Location": {
                "i": "3772",
                "lat": "51.479",
                "lon": "-0.449",
                "name": "HEATHROW",
                "country": "ENGLAND",
                "continent": "EUROPE",
                "elevation": "25.0",
                "Period": [
                    {
                        "type": "Day",
                        "value": "2024-07-18Z",
                        "Rep": [
                            {
                                "D": "S",
                                "G": "23",
                                "H": "41.3",
                                "P": "1019",
                                "S": "11",
                                "T": "27.5",
                                "V": "75000",
                                "W": "3",
                                "Pt": "F",
                                "Dp": "13.3",
                                "$": "960"
                            },
                            {
                                "D": "S",
                                "G": "19",
                                "H": "41.6",
                                "P": "1019",
                                "S": "11",
                                "T": "26.6",
                                "V": "75000",
                                "W": "7",
                                "Pt": "F",
                                "Dp": "12.6",
                                "$": "1020"
                            },
                            {
                                "D": "S",
                                "G": "18",
                                "H": "42.3",
                                "P": "1018",
                                "S": "10",
                                "T": "26.4",
                                "V": "75000",
                                "W": "3",
                                "Pt": "F",
                                "Dp": "12.7",
                                "$": "1080"
                            },
                            {
                                "D": "S",
                                "G": "18",
                                "H": "43.5",
                                "P": "1019",
                                "S": "10",
                                "T": "25.5",
                                "V": "75000",
                                "W": "3",
                                "Pt": "F",
                                "Dp": "12.3",
                                "$": "1140"
                            },
                            {
                                "D": "S",
                                "G": "17",
                                "H": "49.3",
                                "P": "1019",
                                "S": "8",
                                "T": "24.1",
                                "V": "75000",
                                "W": "0",
                                "Pt": "R",
                                "Dp": "12.9",
                                "$": "1200"
                            },
                            {
                                "D": "S",
                                "G": "14",
                                "H": "51.1",
                                "P": "1019",
                                "S": "7",
                                "T": "23.4",
                                "V": "50000",
                                "W": "0",
                                "Pt": "R",
                                "Dp": "12.8",
                                "$": "1260"
                            },
                            {
                                "D": "S",
                                "G": "13",
                                "H": "54.2",
                                "P": "1019",
                                "S": "6",
                                "T": "22.2",
                                "V": "55000",
                                "W": "7",
                                "Pt": "R",
                                "Dp": "12.6",
                                "$": "1320"
                            },
                            {
                                "D": "S",
                                "G": "9",
                                "H": "58.8",
                                "P": "1019",
                                "S": "6",
                                "T": "21.1",
                                "V": "60000",
                                "W": "2",
                                "Pt": "F",
                                "Dp": "12.8",
                                "$": "1380"
                            }
                        ]
                    },
                    {
                        "type": "Day",
                        "value": "2024-07-19Z",
                        "Rep": [
                            {
                                "D": "ESE",
                                "G": "8",
                                "H": "70.1",
                                "P": "1019",
                                "S": "3",
                                "T": "18.4",
                                "V": "55000",
                                "W": "7",
                                "Pt": "F",
                                "Dp": "12.9",
                                "$": "0"
                            },
                            {
                                "D": "SSE",
                                "G": "5",
                                "H": "74.8",
                                "P": "1019",
                                "S": "2",
                                "T": "18.0",
                                "V": "50000",
                                "W": "0",
                                "Pt": "F",
                                "Dp": "13.5",
                                "$": "60"
                            },
                            {
                                "D": "N",
                                "G": "5",
                                "H": "77.3",
                                "P": "1018",
                                "S": "2",
                                "T": "17.9",
                                "V": "45000",
                                "W": "0",
                                "Pt": "F",
                                "Dp": "13.9",
                                "$": "120"
                            },
                            {
                                "D": "N",
                                "G": "3",
                                "H": "80.8",
                                "P": "1018",
                                "S": "2",
                                "T": "17.0",
                                "V": "40000",
                                "W": "0",
                                "Pt": "F",
                                "Dp": "13.7",
                                "$": "180"
                            },
                            {
                                "D": "N",
                                "G": "3",
                                "H": "85.0",
                                "P": "1018",
                                "S": "2",
                                "T": "16.3",
                                "V": "28000",
                                "W": "0",
                                "Pt": "F",
                                "Dp": "13.8",
                                "$": "240"
                            },
                            {
                                "D": "NNW",
                                "G": "5",
                                "H": "82.4",
                                "P": "1018",
                                "S": "3",
                                "T": "17.0",
                                "V": "28000",
                                "W": "1",
                                "Pt": "F",
                                "Dp": "14.0",
                                "$": "300"
                            },
                            {
                                "D": "NNE",
                                "G": "5",
                                "H": "76.9",
                                "P": "1017",
                                "S": "2",
                                "T": "18.7",
                                "V": "29000",
                                "W": "1",
                                "Pt": "F",
                                "Dp": "14.6",
                                "$": "360"
                            },
                            {
                                "D": "NE",
                                "G": "6",
                                "H": "67.1",
                                "P": "1017",
                                "S": "3",
                                "T": "21.3",
                                "V": "28000",
                                "W": "1",
                                "Pt": "F",
                                "Dp": "15.0",
                                "$": "420"
                            },
                            {
                                "D": "NE",
                                "G": "6",
                                "H": "60.6",
                                "P": "1017",
                                "S": "3",
                                "T": "23.5",
                                "V": "30000",
                                "W": "1",
                                "Pt": "F",
                                "Dp": "15.5",
                                "$": "480"
                            },
                            {
                                "D": "N",
                                "G": "8",
                                "H": "52.5",
                                "P": "1017",
                                "S": "3",
                                "T": "25.9",
                                "V": "40000",
                                "W": "1",
                                "Pt": "F",
                                "Dp": "15.5",
                                "$": "540"
                            },
                            {
                                "D": "ESE",
                                "G": "10",
                                "H": "49.6",
                                "P": "1016",
                                "S": "6",
                                "T": "27.4",
                                "V": "55000",
                                "W": "1",
                                "Pt": "F",
                                "Dp": "16.0",
                                "$": "600"
                            },
                            {
                                "D": "SE",
                                "G": "15",
                                "H": "46.9",
                                "P": "1016",
                                "S": "7",
                                "T": "29.0",
                                "V": "60000",
                                "W": "1",
                                "Pt": "F",
                                "Dp": "16.6",
                                "$": "660"
                            },
                            {
                                "D": "SE",
                                "G": "18",
                                "H": "40.2",
                                "P": "1015",
                                "S": "10",
                                "T": "30.1",
                                "V": "55000",
                                "W": "1",
                                "Pt": "F",
                                "Dp": "15.2",
                                "$": "720"
                            },
                            {
                                "D": "S",
                                "G": "22",
                                "H": "36.8",
                                "P": "1015",
                                "S": "10",
                                "T": "30.5",
                                "V": "60000",
                                "W": "7",
                                "Pt": "F",
                                "Dp": "14.2",
                                "$": "780"
                            },
                            {
                                "D": "S",
                                "G": "23",
                                "H": "42.0",
                                "P": "1014",
                                "S": "9",
                                "T": "28.9",
                                "V": "55000",
                                "W": "7",
                                "Pt": "F",
                                "Dp": "14.8",
                                "$": "840"
                            },
                            {
                                "D": "S",
                                "G": "17",
                                "H": "37.1",
                                "P": "1013",
                                "S": "9",
                                "T": "30.6",
                                "V": "50000",
                                "W": "7",
                                "Pt": "F",
                                "Dp": "14.4",
                                "$": "900"
                            },
                            {
                                "D": "S",
                                "G": "18",
                                "S": "10",
                                "$": "960"
                            }
                        ]
                    }
                ]
            }
        }
    }
}