{
    "SiteRep": {
        "Wx": {
            "Param": [
                {
                    "name": "G",
                    "units": "mph",
                    "$": "Wind Gust"
                },
                {
                    "name": "T",
                    "units": "C",
                    "$": "Temperature"
                },
                {
                    "name": "V",
                    "units": "m",
                    "$": "Visibility"
                },
                {
                    "name": "D",
                    "units": "compass",
                    "$": "Wind Direction"
                },
                {
                    "name": "S",
                    "units": "mph",
                    "$": "Wind Speed"
                },
                {
                    "name": "W",
                    "units": "",
                    "$": "Weather Type"
                },
                {
                    "name": "P",
                    "units": "hpa",
                    "$": "Pressure"
                },
                {
                    "name": "Pt",
                    "units": "Pa/s",
                    "$": "Pressure Tendency"
                },
                {
                    "name": "Dp",
                    "units": "C",
                    "$": "Dew Point"
                },
                {
                    "name": "H",
                    "units": "%",
                    "$": "Screen Relative Humidity"
                }
            ]
        },
        "DV": {
            "dataDate": "2024-07-31T16:00:00Z",
            "type": "Obs",
            "Location": {
                "i": "3772",
                "lat": "51.479",
                "lon": "-0.449",
                "name": "HEATHROW",
                "country": "ENGLAND",
                "continent": "EUROPE",
                "elevation": "25.0",
                "Period": [
                    {
                        "type": "Day",
                        "value": "2024-07-30Z",
                        "Rep": [
                            {
                                "D": "ENE",
                                "G": "11",
                                "H": "32.5",
                                "P": "1015",
                                "S": "5",
                                "T": "31.3",
                                "V": "45000",
                                "W": "1",
                                "Pt": "F",
                                "Dp": "13.0",
                                "$": "960"
                            },
                            {
                                "D": "NE",
                                "G": "11",
                                "H": "35.1",
                                "P": "1014",
                                "S": "6",
                                "T": "30.9",
                                "V": "45000",
                                "W": "1",
                                "Pt": "F",
                                "Dp": "13.8",
                                "$": "1020"
                            },
                            {
                                "D": "E",
                                "G": "21",
                                "H": "39.3",
                                "P": "1014",
                                "S": "11",
                                "T": "29.4",
                                "V": "45000",
                                "W": "1",
                                "Pt": "F",
                                "Dp": "14.2",
                                "$": "1080"
                            },
                            {
                                "D": "E",
                                "G": "17",
                                "H": "44.2",
                                "P": "1015",
                                "S": "11",
                                "T": "27.6",
                                "V": "40000",
                                "W": "1",
                                "Pt": "F",
                                "Dp": "14.4",
                                "$": "1140"
                            },
                            {
                                "D": "ENE",
                                "G": "17",
                                "H": "48.2",
                                "P": "1015",
                                "S": "9",
                                "T": "25.7",
                                "V": "40000",
                                "W": "0",
                                "Pt": "R",
                                "Dp": "14.0",
                                "$": "1200"
                            },
                            {
                                "D": "E",
                                "G": "17",
                                "H": "52.0",
                                "P": "1016",
                                "S": "10",
                                "T": "23.0",
                                "V": "45000",
                                "W": "2",
                                "Pt": "R",
                                "Dp": "12.7",
                                "$": "1260"
                            },
                            {
                                "D": "E",
                                "G": "14",
                                "H": "57.9",
                                "P": "1016",
                                "S": "6",
                                "T": "21.8",
                                "V": "40000",
                                "W": "7",
                                "Pt": "R",
                                "Dp": "13.2",
                                "$": "1320"
                            },
                            {
                                "D": "ENE",
                                "G": "9",
                                "H": "57.8",
                                "P": "1016",
                                "S": "5",
                                "T": "21.6",
                                "V": "35000",
                                "W": "7",
                                "Pt": "R",
                                "Dp": "13.0",
                                "$": "1380"
                            }
                        ]
                    },
                    {
                        "type": "Day",
                        "value": "2024-07-31Z",
                        "Rep": [
                            {
                                "D": "NE",
                                "G": "9",
                                "H": "60.8",
                                "P": "1016",
                                "S": "6",
                                "T": "21.0",
                                "V": "35000",
                                "W": "0",
                                "Pt": "R",
                                "Dp": "13.2",
                                "$": "0"
                            },
                            {
                                "D": "NE",
                                "G": "10",
                                "H": "61.5",
                                "P": "1016",
                                "S": "5",
                                "T": "20.6",
                                "V": "35000",
                                "W": "7",
                                "Pt": "F",
                                "Dp": "13.0",
                                "$": "60"
                            },
                            {
                                "D": "ENE",
                                "G": "10",
                                "H": "61.4",
                                "P": "1016",
                                "S": "6",
                                "T": "20.3",
                                "V": "35000",
                                "W": "8",
                                "Pt": "R",
                                "Dp": "12.7",
                                "$": "120"
                            },
                            {
                                "D": "NNE",
                                "G": "9",
                                "H": "64.2",
                                "P": "1015",
                                "S": "6",
                                "T": "19.8",
                                "V": "35000",
                                "W": "8",
                                "Pt": "F",
                                "Dp": "12.9",
                                "$": "180"
                            },
                            {
                                "D": "NE",
                                "G": "10",
                                "H": "65.9",
                                "P": "1015",
                                "S": "6",
                                "T": "19.5",
                                "V": "35000",
                                "W": "8",
                                "Pt": "F",
                                "Dp": "13.0",
                                "$": "240"
                            },
                            {
                                "D": "NNE",
                                "G": "11",
                                "H": "68.4",
                                "P": "1015",
                                "S": "8",
                                "T": "19.0",
                                "V": "40000",
                                "W": "8",
                                "Pt": "F",
                                "Dp": "13.1",
                                "$": "300"
                            },
                            {
                                "D": "NE",
                                "G": "11",
                                "H": "68.5",
                                "P": "1014",
                                "S": "7",
                                "T": "19.1",
                                "V": "40000",
                                "W": "8",
                                "Pt": "F",
                                "Dp": "13.2",
                                "$": "360"
                            },
                            {
                                "D": "ENE",
                                "G": "10",
                                "H": "66.0",
                                "P": "1015",
                                "S": "5",
                                "T": "20.0",
                                "V": "45000",
                                "W": "8",
                                "Pt": "R",
                                "Dp": "13.5",
                                "$": "420"
                            },
                            {
                                "D": "ENE",
                                "G": "11",
                                "H": "61.4",
                                "P": "1015",
                                "S": "8",
                                "T": "21.9",
                                "V": "45000",
                                "W": "7",
                                "Pt": "R",
                                "Dp": "14.2",
                                "$": "480"
                            },
                            {
                                "D": "NE",
                                "G": "13",
                                "H": "56.2",
                                "P": "1014",
                                "S": "8",
                                "T": "24.1",
                                "V": "45000",
                                "W": "7",
                                "Pt": "R",
                                "Dp": "14.9",
                                "$": "540"
                            },
                            {
                                "D": "E",
                                "G": "16",
                                "H": "51.6",
                                "P": "1014",
                                "S": "8",
                                "T": "26.3",
                                "V": "35000",
                                "W": "1",
                                "Pt": "F",
                                "Dp": "15.6",
                                "$": "600"
                            },
                            {
                                "D": "ENE",
                                "G": "17",
                                "H": "48.1",
                                "P": "1014",
                                "S": "9",
                                "T": "26.8",
                                "V": "45000",
                                "W": "1",
                                "Pt": "F",
                                "Dp": "15.0",
                                "$": "660"
                            },
                            {
                                "D": "ENE",
                                "G": "17",
                                "H": "42.7",
                                "P": "1014",
                                "S": "9",
                                "T": "28.4",
                                "V": "45000",
                                "W": "7",
                                "Pt": "F",
                                "Dp": "14.6",
                                "$": "720"
                            },
                            {
                                "D": "E",
                                "G": "18",
                                "H": "38.2",
                                "P": "1014",
                                "S": "13",
                                "T": "29.3",
                                "V": "50000",
                                "W": "1",
                                "Pt": "F",
                                "Dp": "13.7",
                                "$": "780"
                            },
                            {
                                "D": "E",
                                "G": "22",
                                "H": "39.1",
                                "P": "1013",
                                "S": "13",
                                "T": "29.6",
                                "V": "45000",
                                "W": "1",
                                "Pt": "F",
                                "Dp": "14.3",
                                "$": "840"
                            },
                            {
                                "D": "E",
                                "G": "22",
                                "H": "37.6",
                                "P": "1013",
                                "S": "15",
                                "T": "28.9",
                                "V": "50000",
                                "W": "1",
                                "Pt": "F",
                                "Dp": "13.1",
                                "$": "900"
                            },
                            {
                                "D": "E",
                                "G": "19",
                                "H": "39.8",
                                "P": "1013",
                                "S": "13",
                                "T": "28.4",
                                "V": "40000",
                                "W": "1",
                                "Pt": "F",
                                "Dp": "13.5",
                                "$": "960"
                            }
                        ]
                    }
                ]
            }
        }
    }
}