{
    "SiteRep": {
        "Wx": {
            "Param": [
                {
                    "name": "G",
                    "units": "mph",
                    "$": "Wind Gust"
                },
                {
                    "name": "T",
                    "units": "C",
                    "$": "Temperature"
                },
                {
                    "name": "V",
                    "units": "m",
                    "$": "Visibility"
                },
                {
                    "name": "D",
                    "units": "compass",
                    "$": "Wind Direction"
                },
                {
                    "name": "S",
                    "units": "mph",
                    "$": "Wind Speed"
                },
                {
                    "name": "W",
                    "units": "",
                    "$": "Weather Type"
                },
                {
                    "name": "P",
                    "units": "hpa",
                    "$": "Pressure"
                },
                {
                    "name": "Pt",
                    "units": "Pa/s",
                    "$": "Pressure Tendency"
                },
                {
                    "name": "Dp",
                    "units": "C",
                    "$": "Dew Point"
                },
                {
                    "name": "H",
                    "units": "%",
                    "$": "Screen Relative Humidity"
                }
            ]
        },
        "DV": {
            "dataDate": "2025-04-01T16:00:00Z",
            "type": "Obs",
            "Location": {
                "i": "3772",
                "lat": "51.479",
                "lon": "-0.449",
                "name": "HEATHROW",
                "country": "ENGLAND",
                "continent": "EUROPE",
                "elevation": "25.0",
                "Period": [
                    {
                        "type": "Day",
                        "value": "2025-03-31Z",
                        "Rep": [
                            {
                                "D": "E",
                                "G": "14",
                                "H": "44.0",
                                "P": "1027",
                                "S": "6",
                                "T": "16.9",
                                "V": "55000",
                                "W": "1",
                                "Pt": "F",
                                "Dp": "4.8",
                                "$": "960"
                            },
                            {
                                "D": "E",
                                "G": "14",
                                "S": "9",
                                "$": "1020"
                            },
                            {
                                "D": "E",
                                "G": "16",
                                "H": "53.6",
                                "P": "1027",
                                "S": "9",
                                "T": "14.1",
                                "V": "40000",
                                "W": "1",
                                "Pt": "F",
                                "Dp": "5.0",
                                "$": "1080"
                            },
                            {
                                "D": "E",
                                "G": "17",
                                "H": "60.8",
                                "P": "1028",
                                "S": "13",
                                "T": "11.9",
                                "V": "50000",
                                "W": "0",
                                "Pt": "R",
                                "Dp": "4.7",
                                "$": "1140"
                            },
                            {
                                "D": "E",
                                "G": "18",
                                "H": "63.2",
                                "P": "1028",
                                "S": "13",
                                "T": "10.7",
                                "V": "50000",
                                "W": "0",
                                "Pt": "R",
                                "Dp": "4.1",
                                "$": "1200"
                            },
                            {
                                "D": "E",
                                "G": "21",
                                "H": "61.4",
                                "P": "1028",
                                "S": "10",
                                "T": "9.3",
                                "V": "60000",
                                "W": "0",
                                "Pt": "R",
                                "Dp": "2.4",
                                "$": "1260"
                            },
                            {
                                "D": "E",
                                "G": "19",
                                "H": "67.6",
                                "P": "1028",
                                "S": "11",
                                "T": "7.8",
                                "V": "65000",
                                "W": "0",
                                "Pt": "R",
                                "Dp": "2.3",
                                "$": "1320"
                            },
                            {
                                "D": "E",
                                "G": "17",
                                "H": "78.6",
                                "P": "1028",
                                "S": "9",
                                "T": "6.9",
                                "V": "50000",
                                "W": "0",
                                "Pt": "F",
                                "Dp": "3.5",
                                "$": "1380"
                            }
                        ]
                    },
                    {
                        "type": "Day",
                        "value": "2025-04-01Z",
                        "Rep": [
                            {
                                "D": "E",
                                "G": "14",
                                "H": "84.3",
                                "P": "1028",
                                "S": "5",
                                "T": "5.8",
                                "V": "40000",
                                "W": "0",
                                "Pt": "F",
                                "Dp": "3.4",
                                "$": "0"
                            },
                            {
                                "D": "E",
                                "G": "9",
                                "H": "83.7",
                                "P": "1028",
                                "S": "5",
                                "T": "5.8",
                                "V": "35000",
                                "W": "0",
                                "Pt": "F",
                                "Dp": "3.3",
                                "$": "60"
                            },
                            {
                                "D": "E",
                                "G": "15",
                                "H": "89.2",
                                "P": "1027",
                                "S": "8",
                                "T": "5.6",
                                "V": "22000",
                                "W": "0",
                                "Pt": "F",
                                "Dp": "4.0",
                                "$": "120"
                            },
                            {
                                "D": "E",
                                "G": "18",
                                "H": "90.5",
                                "P": "1027",
                                "S": "7",
                                "T": "5.4",
                                "V": "22000",
                                "W": "2",
                                "Pt": "F",
                                "Dp": "4.0",
                                "$": "180"
                            },
                            {
                                "D": "ENE",
                                "G": "11",
                                "H": "90.6",
                                "P": "1026",
                                "S": "5",
                                "T": "5.7",
                                "V": "20000",
                                "W": "2",
                                "Pt": "F",
                                "Dp": "4.3",
                                "$": "240"
                            },
                            {
                                "D": "E",
                                "G": "14",
                                "H": "90.6",
                                "P": "1026",
                                "S": "8",
                                "T": "6.1",
                                "V": "14000",
                                "W": "8",
                                "Pt": "F",
                                "Dp": "4.7",
                                "$": "300"
                            },
                            {
                                "D": "ENE",
                                "G": "13",
                                "H": "91.9",
                                "P": "1027",
                                "S": "5",
                                "T": "6.0",
                                "V": "15000",
                                "W": "1",
                                "Pt": "F",
                                "Dp": "4.8",
                                "$": "360"
                            },
                            {
                                "D": "E",
                                "G": "13",
                                "H": "85.2",
                                "P": "1027",
                                "S": "8",
                                "T": "7.6",
                                "V": "17000",
                                "W": "3",
                                "Pt": "R",
                                "Dp": "5.3",
                                "$": "420"
                            },
                            {
                                "D": "E",
                                "G": "17",
                                "H": "74.7",
                                "P": "1027",
                                "S": "11",
                                "T": "9.4",
                                "V": "22000",
                                "W": "1",
                                "Pt": "R",
                                "Dp": "5.2",
                                "$": "480"
                            },
                            {
                                "D": "E",
                                "G": "21",
                                "H": "70.2",
                                "P": "1027",
                                "S": "13",
                                "T": "10.7",
                                "V": "23000",
                                "W": "3",
                                "Pt": "R",
                                "Dp": "5.6",
                                "$": "540"
                            },
                            {
                                "D": "E",
                                "G": "24",
                                "H": "65.5",
                                "P": "1027",
                                "S": "14",
                                "T": "10.9",
                                "V": "27000",
                                "W": "3",
                                "Pt": "S",
                                "Dp": "4.8",
                                "$": "600"
                            },
                            {
                                "D": "ENE",
                                "G": "28",
                                "H": "54.3",
                                "P": "1026",
                                "S": "15",
                                "T": "12.5",
                                "V": "40000",
                                "W": "1",
                                "Pt": "F",
                                "Dp": "3.7",
                                "$": "660"
                            },
                            {
                                "D": "ENE",
                                "G": "24",
                                "H": "44.6",
                                "P": "1026",
                                "S": "15",
                                "T": "13.5",
                                "V": "60000",
                                "W": "1",
                                "Pt": "F",
                                "Dp": "1.9",
                                "$": "720"
                            },
                            {
                                "D": "E",
                                "G": "29",
                                "H": "36.4",
                                "P": "1025",
                                "S": "18",
                                "T": "14.1",
                                "V": "55000",
                                "W": "1",
                                "Pt": "F",
                                "Dp": "-0.3",
                                "$": "780"
                            },
                            {
                                "D": "E",
                                "G": "32",
                                "H": "36.1",
                                "P": "1024",
                                "S": "21",
                                "T": "13.9",
                                "V": "75000",
                                "W": "1",
                                "Pt": "F",
                                "Dp": "-0.6",
                                "$": "840"
                            },
                            {
                                "D": "E",
                                "G": "30",
                                "H": "40.9",
                                "P": "1023",
                                "S": "17",
                                "T": "13.7",
                                "V": "45000",
                                "W": "1",
                                "Pt": "F",
                                "Dp": "0.9",
                                "$": "900"
                            },
                            {
                                "D": "E",
                                "G": "30",
                                "H": "43.1",
                                "P": "1023",
                                "S": "17",
                                "T": "13.6",
                                "V": "65000",
                                "W": "1",
                                "Pt": "F",
                                "Dp": "1.5",
                                "$": "960"
                            }
                        ]
                    }
                ]
            }
        }
    }
}