{
    "SiteRep": {
        "Wx": {
            "Param": [
                {
                    "name": "G",
                    "units": "mph",
                    "$": "Wind Gust"
                },
                {
                    "name": "T",
                    "units": "C",
                    "$": "Temperature"
                },
                {
                    "name": "V",
                    "units": "m",
                    "$": "Visibility"
                },
                {
                    "name": "D",
                    "units": "compass",
                    "$": "Wind Direction"
                },
                {
                    "name": "S",
                    "units": "mph",
                    "$": "Wind Speed"
                },
                {
                    "name": "W",
                    "units": "",
                    "$": "Weather Type"
                },
                {
                    "name": "P",
                    "units": "hpa",
                    "$": "Pressure"
                },
                {
                    "name": "Pt",
                    "units": "Pa/s",
                    "$": "Pressure Tendency"
                },
                {
                    "name": "Dp",
                    "units": "C",
                    "$": "Dew Point"
                },
                {
                    "name": "H",
                    "units": "%",
                    "$": "Screen Relative Humidity"
                }
            ]
        },
        "DV": {
            "dataDate": "2023-11-05T16:00:00Z",
            "type": "Obs",
            "Location": {
                "i": "3772",
                "lat": "51.479",
                "lon": "-0.449",
                "name": "HEATHROW",
                "country": "ENGLAND",
                "continent": "EUROPE",
                "elevation": "25.0",
                "Period": [
                    {
                        "type": "Day",
                        "value": "2023-11-04Z",
                        "Rep": [
                            {
                                "D": "SSW",
                                "G": "18",
                                "H": "87.2",
                                "P": "965",
                                "S": "11",
                                "T": "11.9",
                                "V": "20000",
                                "W": "12",
                                "Pt": "R",
                                "Dp": "9.8",
                                "$": "960"
                            },
                            {
                                "D": "S",
                                "G": "15",
                                "H": "84.9",
                                "P": "965",
                                "S": "9",
                                "T": "11.4",
                                "V": "16000",
                                "W": "2",
                                "Pt": "R",
                                "Dp": "8.9",
                                "$": "1020"
                            },
                            {
                                "D": "S",
                                "G": "15",
                                "H": "87.0",
                                "P": "965",
                                "S": "9",
                                "T": "10.5",
                                "V": "18000",
                                "W": "0",
                                "Pt": "R",
                                "Dp": "8.4",
                                "$": "1080"
                            },
                            {
                                "D": "S",
                                "G": "16",
                                "H": "89.3",
                                "P": "965",
                                "S": "10",
                                "T": "9.8",
                                "V": "19000",
                                "W": "0",
                                "Pt": "R",
                                "Dp": "8.1",
                                "$": "1140"
                            },
                            {
                                "D": "S",
                                "G": "13",
                                "H": "89.9",
                                "P": "964",
                                "S": "7",
                                "T": "9.5",
                                "V": "19000",
                                "W": "2",
                                "Pt": "F",
                                "Dp": "7.9",
                                "$": "1200"
                            },
                            {
                                "D": "SSE",
                                "G": "11",
                                "H": "92.3",
                                "P": "965",
                                "S": "6",
                                "T": "9.4",
                                "V": "10000",
                                "W": "7",
                                "Pt": "F",
                                "Dp": "8.2",
                                "$": "1260"
                            },
                            {
                                "D": "S",
                                "G": "11",
                                "H": "94.8",
                                "P": "965",
                                "S": "6",
                                "T": "9.7",
                                "V": "5000",
                                "W": "12",
                                "Pt": "F",
                                "Dp": "8.9",
                                "$": "1320"
                            },
                            {
                                "D": "N",
                                "G": "10",
                                "H": "94.8",
                                "P": "965",
                                "S": "1",
                                "T": "9.4",
                                "V": "6000",
                                "W": "12",
                                "Pt": "R",
                                "Dp": "8.6",
                                "$": "1380"
                            }
                        ]
                    },
                    {
                        "type": "Day",
                        "value": "2023-11-05Z",
                        "Rep": [
                            {
                                "D": "WSW",
                                "G": "6",
                                "H": "96.8",
                                "P": "965",
                                "S": "3",
                                "T": "9.3",
                                "V": "8000",
                                "W": "8",
                                "Pt": "R",
                                "Dp": "8.8",
                                "$": "0"
                            },
                            {
                                "D": "W",
                                "G": "3",
                                "H": "97.4",
                                "P": "966",
                                "S": "2",
                                "T": "8.3",
                                "V": "2200",
                                "W": "5",
                                "Pt": "R",
                                "Dp": "7.9",
                                "$": "60"
                            },
                            {
                                "D": "W",
                                "G": "6",
                                "H": "98.7",
                                "P": "967",
                                "S": "5",
                                "T": "7.9",
                                "V": "400",
                                "W": "6",
                                "Pt": "R",
                                "Dp": "7.7",
                                "$": "120"
                            },
                            {
                                "D": "W",
                                "G": "11",
                                "H": "98.1",
                                "P": "968",
                                "S": "7",
                                "T": "8.1",
                                "V": "6000",
                                "W": "8",
                                "Pt": "R",
                                "Dp": "7.8",
                                "$": "180"
                            },
                            {
                                "D": "W",
                                "G": "11",
                                "H": "96.7",
                                "P": "969",
                                "S": "5",
                                "T": "8.2",
                                "V": "7000",
                                "W": "5",
                                "Pt": "R",
                                "Dp": "7.7",
                                "$": "240"
                            },
                            {
                                "D": "WNW",
                                "G": "15",
                                "H": "94.7",
                                "P": "971",
                                "S": "8",
                                "T": "8.6",
                                "V": "5000",
                                "W": "5",
                                "Pt": "R",
                                "Dp": "7.8",
                                "$": "300"
                            },
                            {
                                "D": "W",
                                "G": "17",
                                "H": "94.1",
                                "P": "973",
                                "S": "11",
                                "T": "8.8",
                                "V": "14000",
                                "W": "11",
                                "Pt": "R",
                                "Dp": "7.9",
                                "$": "360"
                            },
                            {
                                "D": "W",
                                "G": "21",
                                "H": "86.9",
                                "P": "975",
                                "S": "13",
                                "T": "9.2",
                                "V": "23000",
                                "W": "8",
                                "Pt": "R",
                                "Dp": "7.1",
                                "$": "420"
                            },
                            {
                                "D": "W",
                                "G": "23",
                                "H": "85.2",
                                "P": "977",
                                "S": "14",
                                "T": "9.3",
                                "V": "35000",
                                "W": "8",
                                "Pt": "R",
                                "Dp": "6.9",
                                "$": "480"
                            },
                            {
                                "D": "W",
                                "G": "26",
                                "H": "81.2",
                                "P": "979",
                                "S": "14",
                                "T": "9.6",
                                "V": "55000",
                                "W": "1",
                                "Pt": "R",
                                "Dp": "6.5",
                                "$": "540"
                            },
                            {
                                "D": "W",
                                "G": "28",
                                "H": "72.5",
                                "P": "981",
                                "S": "16",
                                "T": "11.0",
                                "V": "50000",
                                "W": "1",
                                "Pt": "R",
                                "Dp": "6.2",
                                "$": "600"
                            },
                            {
                                "D": "W",
                                "G": "25",
                                "H": "68.8",
                                "P": "982",
                                "S": "15",
                                "T": "12.2",
                                "V": "50000",
                                "W": "1",
                                "Pt": "R",
                                "Dp": "6.6",
                                "$": "660"
                            },
                            {
                                "D": "W",
                                "G": "29",
                                "H": "65.8",
                                "P": "983",
                                "S": "18",
                                "T": "12.9",
                                "V": "45000",
                                "W": "1",
                                "Pt": "R",
                                "Dp": "6.6",
                                "$": "720"
                            },
                            {
                                "D": "W",
                                "G": "29",
                                "H": "64.4",
                                "P": "984",
                                "S": "18",
                                "T": "12.7",
                                "V": "60000",
                                "W": "3",
                                "Pt": "R",
                                "Dp": "6.1",
                                "$": "780"
                            },
                            {
                                "D": "WSW",
                                "G": "24",
                                "H": "67.1",
                                "P": "985",
                                "S": "15",
                                "T": "12.8",
                                "V": "60000",
                                "W": "7",
                                "Pt": "R",
                                "Dp": "6.8",
                                "$": "840"
                            },
                            {
                                "D": "SW",
                                "G": "26",
                                "H": "69.8",
                                "P": "986",
                                "S": "16",
                                "T": "12.6",
                                "V": "45000",
                                "W": "3",
                                "Pt": "R",
                                "Dp": "7.2",
                                "$": "900"
                            },
                            {
                                "D": "SW",
                                "G": "26",
                                "H": "72.1",
                                "P": "987",
                                "S": "13",
                                "T": "11.9",
                                "V": "40000",
                                "W": "3",
                                "Pt": "R",
                                "Dp": "7.0",
                                "$": "960"
                            }
                        ]
                    }
                ]
            }
        }
    }
}