{
    "SiteRep": {
        "Wx": {
            "Param": [
                {
                    "name": "G",
                    "units": "mph",
                    "$": "Wind Gust"
                },
                {
                    "name": "T",
                    "units": "C",
                    "$": "Temperature"
                },
                {
                    "name": "V",
                    "units": "m",
                    "$": "Visibility"
                },
                {
                    "name": "D",
                    "units": "compass",
                    "$": "Wind Direction"
                },
                {
                    "name": "S",
                    "units": "mph",
                    "$": "Wind Speed"
                },
                {
                    "name": "W",
                    "units": "",
                    "$": "Weather Type"
                },
                {
                    "name": "P",
                    "units": "hpa",
                    "$": "Pressure"
                },
                {
                    "name": "Pt",
                    "units": "Pa/s",
                    "$": "Pressure Tendency"
                },
                {
                    "name": "Dp",
                    "units": "C",
                    "$": "Dew Point"
                },
                {
                    "name": "H",
                    "units": "%",
                    "$": "Screen Relative Humidity"
                }
            ]
        },
        "DV": {
            "dataDate": "2025-08-14T16:00:00Z",
            "type": "Obs",
            "Location": {
                "i": "3772",
                "lat": "51.479",
                "lon": "-0.449",
                "name": "HEATHROW",
                "country": "ENGLAND",
                "continent": "EUROPE",
                "elevation": "25.0",
                "Period": [
                    {
                        "type": "Day",
                        "value": "2025-08-13Z",
                        "Rep": [
                            {
                                "D": "S",
                                "G": "16",
                                "H": "76.7",
                                "P": "1014",
                                "S": "10",
                                "T": "23.0",
                                "V": "17000",
                                "W": "7",
                                "Pt": "R",
                                "Dp": "18.7",
                                "$": "960"
                            },
                            {
                                "D": "SSW",
                                "G": "17",
                                "H": "75.2",
                                "P": "1014",
                                "S": "11",
                                "T": "22.5",
                                "V": "18000",
                                "W": "7",
                                "Pt": "R",
                                "Dp": "17.9",
                                "$": "1020"
                            },
                            {
                                "D": "S",
                                "G": "18",
                                "H": "77.8",
                                "P": "1014",
                                "S": "13",
                                "T": "21.0",
                                "V": "19000",
                                "W": "8",
                                "Pt": "F",
                                "Dp": "17.0",
                                "$": "1080"
                            },
                            {
                                "D": "SSW",
                                "G": "18",
                                "H": "79.2",
                                "P": "1014",
                                "S": "11",
                                "T": "20.4",
                                "V": "19000",
                                "W": "8",
                                "Pt": "R",
                                "Dp": "16.7",
                                "$": "1140"
                            },
                            {
                                "D": "SSW",
                                "G": "17",
                                "H": "80.7",
                                "P": "1014",
                                "S": "9",
                                "T": "20.1",
                                "V": "18000",
                                "W": "8",
                                "Pt": "R",
                                "Dp": "16.7",
                                "$": "1200"
                            },
                            {
                                "D": "SW",
                                "G": "18",
                                "H": "80.2",
                                "P": "1014",
                                "S": "10",
                                "T": "20.1",
                                "V": "17000",
                                "W": "8",
                                "Pt": "F",
                                "Dp": "16.6",
                                "$": "1260"
                            },
                            {
                                "D": "WSW",
                                "G": "16",
                                "H": "76.6",
                                "P": "1015",
                                "S": "10",
                                "T": "19.8",
                                "V": "16000",
                                "W": "8",
                                "Pt": "R",
                                "Dp": "15.6",
                                "$": "1320"
                            },
                            {
                                "D": "SW",
                                "G": "21",
                                "H": "77.1",
                                "P": "1015",
                                "S": "11",
                                "T": "19.4",
                                "V": "25000",
                                "W": "7",
                                "Pt": "R",
                                "Dp": "15.3",
                                "$": "1380"
                            }
                        ]
                    },
                    {
                        "type": "Day",
                        "value": "2025-08-14Z",
                        "Rep": [
                            {
                                "D": "SW",
                                "G": "15",
                                "H": "77.0",
                                "P": "1016",
                                "S": "7",
                                "T": "19.2",
                                "V": "23000",
                                "W": "7",
                                "Pt": "R",
                                "Dp": "15.1",
                                "$": "0"
                            },
                            {
                                "D": "SW",
                                "G": "11",
                                "H": "77.0",
                                "P": "1016",
                                "S": "8",
                                "T": "19.2",
                                "V": "23000",
                                "W": "8",
                                "Pt": "R",
                                "Dp": "15.1",
                                "$": "60"
                            },
                            {
                                "D": "SW",
                                "G": "13",
                                "H": "80.9",
                                "P": "1016",
                                "S": "9",
                                "T": "18.1",
                                "V": "19000",
                                "W": "7",
                                "Pt": "R",
                                "Dp": "14.8",
                                "$": "120"
                            },
                            {
                                "D": "SW",
                                "G": "13",
                                "H": "85.1",
                                "P": "1016",
                                "S": "8",
                                "T": "17.1",
                                "V": "16000",
                                "W": "0",
                                "Pt": "R",
                                "Dp": "14.6",
                                "$": "180"
                            },
                            {
                                "D": "SW",
                                "G": "13",
                                "H": "87.9",
                                "P": "1016",
                                "S": "5",
                                "T": "16.5",
                                "V": "14000",
                                "W": "0",
                                "Pt": "R",
                                "Dp": "14.5",
                                "$": "240"
                            },
                            {
                                "D": "SW",
                                "G": "8",
                                "H": "89.1",
                                "P": "1016",
                                "S": "6",
                                "T": "16.3",
                                "V": "13000",
                                "W": "1",
                                "Pt": "R",
                                "Dp": "14.5",
                                "$": "300"
                            },
                            {
                                "D": "SSW",
                                "G": "8",
                                "H": "88.5",
                                "P": "1017",
                                "S": "5",
                                "T": "16.9",
                                "V": "13000",
                                "W": "1",
                                "Pt": "R",
                                "Dp": "15.0",
                                "$": "360"
                            },
                            {
                                "D": "W",
                                "G": "13",
                                "H": "88.6",
                                "P": "1017",
                                "S": "7",
                                "T": "17.3",
                                "V": "11000",
                                "W": "8",
                                "Pt": "R",
                                "Dp": "15.4",
                                "$": "420"
                            },
                            {
                                "D": "W",
                                "G": "11",
                                "H": "81.6",
                                "P": "1018",
                                "S": "8",
                                "T": "18.9",
                                "V": "27000",
                                "W": "8",
                                "Pt": "R",
                                "Dp": "15.7",
                                "$": "480"
                            },
                            {
                                "D": "SSW",
                                "G": "15",
                                "H": "69.7",
                                "P": "1018",
                                "S": "5",
                                "T": "20.8",
                                "V": "45000",
                                "W": "8",
                                "Pt": "R",
                                "Dp": "15.1",
                                "$": "540"
                            },
                            {
                                "D": "SSE",
                                "G": "10",
                                "H": "61.9",
                                "P": "1018",
                                "S": "5",
                                "T": "22.2",
                                "V": "45000",
                                "W": "8",
                                "Pt": "R",
                                "Dp": "14.6",
                                "$": "600"
                            },
                            {
                                "D": "SSW",
                                "G": "15",
                                "H": "62.3",
                                "P": "1018",
                                "S": "7",
                                "T": "22.2",
                                "V": "55000",
                                "W": "8",
                                "Pt": "R",
                                "Dp": "14.7",
                                "$": "660"
                            },
                            {
                                "D": "SSW",
                                "G": "15",
                                "H": "53.9",
                                "P": "1018",
                                "S": "8",
                                "T": "26.1",
                                "V": "50000",
                                "W": "7",
                                "Pt": "R",
                                "Dp": "16.1",
                                "$": "720"
                            },
                            {
                                "D": "SSW",
                                "G": "17",
                                "H": "50.8",
                                "P": "1018",
                                "S": "8",
                                "T": "25.9",
                                "V": "50000",
                                "W": "7",
                                "Pt": "R",
                                "Dp": "15.0",
                                "$": "780"
                            },
                            {
                                "D": "W",
                                "G": "15",
                                "H": "48.3",
                                "P": "1018",
                                "S": "8",
                                "T": "26.6",
                                "V": "60000",
                                "W": "8",
                                "Pt": "F",
                                "Dp": "14.9",
                                "$": "840"
                            },
                            {
                                "D": "WSW",
                                "G": "17",
                                "H": "42.7",
                                "P": "1018",
                                "S": "10",
                                "T": "27.6",
                                "V": "75000",
                                "W": "7",
                                "Pt": "F",
                                "Dp": "13.9",
                                "$": "900"
                            },
                            {
                                "D": "WSW",
                                "G": "19",
                                "H": "40.3",
                                "P": "1018",
                                "S": "9",
                                "T": "28.7",
                                "V": "65000",
                                "W": "7",
                                "Pt": "S",
                                "Dp": "14.0",
                                "$": "960"
                            }
                        ]
                    }
                ]
            }
        }
    }
}