{
    "SiteRep": {
        "Wx": {
            "Param": [
                {
                    "name": "G",
                    "units": "mph",
                    "$": "Wind Gust"
                },
                {
                    "name": "T",
                    "units": "C",
                    "$": "Temperature"
                },
                {
                    "name": "V",
                    "units": "m",
                    "$": "Visibility"
                },
                {
                    "name": "D",
                    "units": "compass",
                    "$": "Wind Direction"
                },
                {
                    "name": "S",
                    "units": "mph",
                    "$": "Wind Speed"
                },
                {
                    "name": "W",
                    "units": "",
                    "$": "Weather Type"
                },
                {
                    "name": "P",
                    "units": "hpa",
                    "$": "Pressure"
                },
                {
                    "name": "Pt",
                    "units": "Pa/s",
                    "$": "Pressure Tendency"
                },
                {
                    "name": "Dp",
                    "units": "C",
                    "$": "Dew Point"
                },
                {
                    "name": "H",
                    "units": "%",
                    "$": "Screen Relative Humidity"
                }
            ]
        },
        "DV": {
            "dataDate": "2023-11-03T16:00:00Z",
            "type": "Obs",
            "Location": {
                "i": "3772",
                "lat": "51.479",
                "lon": "-0.449",
                "name": "HEATHROW",
                "country": "ENGLAND",
                "continent": "EUROPE",
                "elevation": "25.0",
                "Period": [
                    {
                        "type": "Day",
                        "value": "2023-11-02Z",
                        "Rep": [
                            {
                                "D": "W",
                                "G": "34",
                                "H": "85.8",
                                "P": "969",
                                "S": "22",
                                "T": "9.6",
                                "V": "55000",
                                "W": "8",
                                "Pt": "R",
                                "Dp": "7.3",
                                "$": "960"
                            },
                            {
                                "D": "W",
                                "G": "36",
                                "H": "85.2",
                                "P": "971",
                                "S": "23",
                                "T": "9.3",
                                "V": "23000",
                                "W": "12",
                                "Pt": "R",
                                "Dp": "6.9",
                                "$": "1020"
                            },
                            {
                                "D": "W",
                                "G": "37",
                                "H": "74.8",
                                "P": "972",
                                "S": "24",
                                "T": "9.6",
                                "V": "40000",
                                "W": "8",
                                "Pt": "R",
                                "Dp": "5.3",
                                "$": "1080"
                            },
                            {
                                "D": "W",
                                "G": "34",
                                "H": "79.0",
                                "P": "973",
                                "S": "22",
                                "T": "9.8",
                                "V": "40000",
                                "W": "8",
                                "Pt": "R",
                                "Dp": "6.3",
                                "$": "1140"
                            },
                            {
                                "D": "W",
                                "G": "36",
                                "H": "78.0",
                                "P": "975",
                                "S": "19",
                                "T": "10.1",
                                "V": "40000",
                                "W": "8",
                                "Pt": "R",
                                "Dp": "6.4",
                                "$": "1200"
                            },
                            {
                                "D": "W",
                                "G": "33",
                                "H": "81.8",
                                "P": "975",
                                "S": "22",
                                "T": "9.8",
                                "V": "26000",
                                "W": "12",
                                "Pt": "R",
                                "Dp": "6.8",
                                "$": "1260"
                            },
                            {
                                "D": "WSW",
                                "G": "32",
                                "H": "91.7",
                                "P": "976",
                                "S": "17",
                                "T": "8.9",
                                "V": "3600",
                                "W": "12",
                                "Pt": "R",
                                "Dp": "7.6",
                                "$": "1320"
                            },
                            {
                                "D": "WSW",
                                "G": "25",
                                "H": "87.5",
                                "P": "976",
                                "S": "17",
                                "T": "9.0",
                                "V": "18000",
                                "W": "12",
                                "Pt": "R",
                                "Dp": "7.0",
                                "$": "1380"
                            }
                        ]
                    },
                    {
                        "type": "Day",
                        "value": "2023-11-03Z",
                        "Rep": [
                            {
                                "D": "WSW",
                                "G": "28",
                                "H": "80.1",
                                "P": "977",
                                "S": "14",
                                "T": "9.5",
                                "V": "28000",
                                "W": "8",
                                "Pt": "R",
                                "Dp": "6.2",
                                "$": "0"
                            },
                            {
                                "D": "SW",
                                "G": "21",
                                "H": "81.1",
                                "P": "978",
                                "S": "15",
                                "T": "9.2",
                                "V": "23000",
                                "W": "8",
                                "Pt": "R",
                                "Dp": "6.1",
                                "$": "60"
                            },
                            {
                                "D": "SW",
                                "G": "23",
                                "H": "83.4",
                                "P": "979",
                                "S": "13",
                                "T": "9.0",
                                "V": "23000",
                                "W": "8",
                                "Pt": "R",
                                "Dp": "6.3",
                                "$": "120"
                            },
                            {
                                "D": "SW",
                                "G": "30",
                                "H": "80.5",
                                "P": "979",
                                "S": "17",
                                "T": "8.8",
                                "V": "24000",
                                "W": "8",
                                "Pt": "R",
                                "Dp": "5.6",
                                "$": "180"
                            },
                            {
                                "D": "SW",
                                "G": "24",
                                "H": "81.5",
                                "P": "979",
                                "S": "15",
                                "T": "8.2",
                                "V": "25000",
                                "W": "7",
                                "Pt": "R",
                                "Dp": "5.2",
                                "$": "240"
                            },
                            {
                                "D": "SW",
                                "G": "24",
                                "H": "82.6",
                                "P": "980",
                                "S": "15",
                                "T": "7.8",
                                "V": "26000",
                                "W": "0",
                                "Pt": "R",
                                "Dp": "5.0",
                                "$": "300"
                            },
                            {
                                "D": "SW",
                                "G": "21",
                                "H": "82.6",
                                "P": "980",
                                "S": "14",
                                "T": "8.2",
                                "V": "28000",
                                "W": "0",
                                "Pt": "R",
                                "Dp": "5.4",
                                "$": "360"
                            },
                            {
                                "D": "SW",
                                "G": "22",
                                "H": "81.6",
                                "P": "981",
                                "S": "13",
                                "T": "8.3",
                                "V": "30000",
                                "W": "8",
                                "Pt": "R",
                                "Dp": "5.3",
                                "$": "420"
                            },
                            {
                                "D": "SW",
                                "G": "21",
                                "H": "82.2",
                                "P": "981",
                                "S": "11",
                                "T": "8.8",
                                "V": "30000",
                                "W": "8",
                                "Pt": "R",
                                "Dp": "5.9",
                                "$": "480"
                            },
                            {
                                "D": "SW",
                                "G": "19",
                                "H": "80.1",
                                "P": "982",
                                "S": "13",
                                "T": "10.0",
                                "V": "35000",
                                "W": "8",
                                "Pt": "R",
                                "Dp": "6.7",
                                "$": "540"
                            },
                            {
                                "D": "SW",
                                "G": "22",
                                "H": "80.3",
                                "P": "982",
                                "S": "13",
                                "T": "10.9",
                                "V": "35000",
                                "W": "8",
                                "Pt": "R",
                                "Dp": "7.6",
                                "$": "600"
                            },
                            {
                                "D": "WSW",
                                "G": "21",
                                "H": "76.4",
                                "P": "982",
                                "S": "14",
                                "T": "13.1",
                                "V": "35000",
                                "W": "8",
                                "Pt": "R",
                                "Dp": "9.0",
                                "$": "660"
                            },
                            {
                                "D": "SW",
                                "G": "24",
                                "H": "73.8",
                                "P": "982",
                                "S": "15",
                                "T": "12.8",
                                "V": "40000",
                                "W": "8",
                                "Pt": "R",
                                "Dp": "8.2",
                                "$": "720"
                            },
                            {
                                "D": "WSW",
                                "G": "25",
                                "H": "68.8",
                                "P": "982",
                                "S": "13",
                                "T": "14.1",
                                "V": "40000",
                                "W": "3",
                                "Pt": "F",
                                "Dp": "8.4",
                                "$": "780"
                            },
                            {
                                "D": "SW",
                                "G": "21",
                                "H": "64.4",
                                "P": "982",
                                "S": "15",
                                "T": "14.8",
                                "V": "45000",
                                "W": "8",
                                "Pt": "F",
                                "Dp": "8.1",
                                "$": "840"
                            },
                            {
                                "D": "WNW",
                                "G": "18",
                                "H": "84.3",
                                "P": "982",
                                "S": "8",
                                "T": "12.1",
                                "V": "40000",
                                "W": "11",
                                "Pt": "R",
                                "Dp": "9.5",
                                "$": "900"
                            },
                            {
                                "D": "W",
                                "G": "13",
                                "H": "89.4",
                                "P": "983",
                                "S": "8",
                                "T": "11.4",
                                "V": "40000",
                                "W": "15",
                                "Pt": "R",
                                "Dp": "9.7",
                                "$": "960"
                            }
                        ]
                    }
                ]
            }
        }
    }
}