{
    "SiteRep": {
        "Wx": {
            "Param": [
                {
                    "name": "G",
                    "units": "mph",
                    "$": "Wind Gust"
                },
                {
                    "name": "T",
                    "units": "C",
                    "$": "Temperature"
                },
                {
                    "name": "V",
                    "units": "m",
                    "$": "Visibility"
                },
                {
                    "name": "D",
                    "units": "compass",
                    "$": "Wind Direction"
                },
                {
                    "name": "S",
                    "units": "mph",
                    "$": "Wind Speed"
                },
                {
                    "name": "W",
                    "units": "",
                    "$": "Weather Type"
                },
                {
                    "name": "P",
                    "units": "hpa",
                    "$": "Pressure"
                },
                {
                    "name": "Pt",
                    "units": "Pa/s",
                    "$": "Pressure Tendency"
                },
                {
                    "name": "Dp",
                    "units": "C",
                    "$": "Dew Point"
                },
                {
                    "name": "H",
                    "units": "%",
                    "$": "Screen Relative Humidity"
                }
            ]
        },
        "DV": {
            "dataDate": "2025-08-05T15:00:00Z",
            "type": "Obs",
            "Location": {
                "i": "3772",
                "lat": "51.479",
                "lon": "-0.449",
                "name": "HEATHROW",
                "country": "ENGLAND",
                "continent": "EUROPE",
                "elevation": "25.0",
                "Period": [
                    {
                        "type": "Day",
                        "value": "2025-08-04Z",
                        "Rep": [
                            {
                                "D": "SW",
                                "G": "29",
                                "H": "73.2",
                                "P": "1012",
                                "S": "19",
                                "T": "22.4",
                                "V": "60000",
                                "W": "8",
                                "Pt": "F",
                                "Dp": "17.4",
                                "$": "960"
                            },
                            {
                                "D": "WSW",
                                "G": "29",
                                "H": "77.9",
                                "P": "1012",
                                "S": "16",
                                "T": "21.9",
                                "V": "65000",
                                "W": "12",
                                "Pt": "F",
                                "Dp": "17.9",
                                "$": "1020"
                            },
                            {
                                "D": "SW",
                                "G": "28",
                                "H": "74.2",
                                "P": "1013",
                                "S": "16",
                                "T": "22.3",
                                "V": "75000",
                                "W": "7",
                                "Pt": "R",
                                "Dp": "17.5",
                                "$": "1080"
                            },
                            {
                                "D": "W",
                                "G": "24",
                                "H": "51.2",
                                "P": "1013",
                                "S": "13",
                                "T": "22.4",
                                "V": "60000",
                                "W": "3",
                                "Pt": "R",
                                "Dp": "11.9",
                                "$": "1140"
                            },
                            {
                                "D": "WNW",
                                "G": "21",
                                "H": "47.1",
                                "P": "1015",
                                "S": "10",
                                "T": "20.6",
                                "V": "55000",
                                "W": "7",
                                "Pt": "R",
                                "Dp": "9.0",
                                "$": "1200"
                            },
                            {
                                "D": "WNW",
                                "G": "17",
                                "H": "51.3",
                                "P": "1015",
                                "S": "11",
                                "T": "19.3",
                                "V": "55000",
                                "W": "0",
                                "Pt": "R",
                                "Dp": "9.1",
                                "$": "1260"
                            },
                            {
                                "D": "WNW",
                                "G": "17",
                                "H": "53.5",
                                "P": "1016",
                                "S": "10",
                                "T": "18.2",
                                "V": "50000",
                                "W": "0",
                                "Pt": "R",
                                "Dp": "8.7",
                                "$": "1320"
                            },
                            {
                                "D": "WNW",
                                "G": "16",
                                "H": "54.4",
                                "P": "1017",
                                "S": "7",
                                "T": "17.4",
                                "V": "45000",
                                "W": "7",
                                "Pt": "R",
                                "Dp": "8.2",
                                "$": "1380"
                            }
                        ]
                    },
                    {
                        "type": "Day",
                        "value": "2025-08-05Z",
                        "Rep": [
                            {
                                "D": "W",
                                "G": "18",
                                "H": "54.1",
                                "P": "1017",
                                "S": "11",
                                "T": "17.5",
                                "V": "40000",
                                "W": "8",
                                "Pt": "R",
                                "Dp": "8.2",
                                "$": "0"
                            },
                            {
                                "D": "W",
                                "G": "18",
                                "H": "59.2",
                                "P": "1017",
                                "S": "8",
                                "T": "16.4",
                                "V": "45000",
                                "W": "8",
                                "Pt": "R",
                                "Dp": "8.5",
                                "$": "60"
                            },
                            {
                                "D": "W",
                                "G": "16",
                                "H": "63.9",
                                "P": "1018",
                                "S": "8",
                                "T": "15.2",
                                "V": "40000",
                                "W": "0",
                                "Pt": "R",
                                "Dp": "8.5",
                                "$": "120"
                            },
                            {
                                "D": "W",
                                "G": "11",
                                "H": "70.1",
                                "P": "1018",
                                "S": "7",
                                "T": "13.8",
                                "V": "35000",
                                "W": "0",
                                "Pt": "R",
                                "Dp": "8.5",
                                "$": "180"
                            },
                            {
                                "D": "W",
                                "G": "11",
                                "H": "71.0",
                                "P": "1018",
                                "S": "6",
                                "T": "13.5",
                                "V": "35000",
                                "W": "0",
                                "Pt": "R",
                                "Dp": "8.4",
                                "$": "240"
                            },
                            {
                                "D": "WSW",
                                "G": "14",
                                "H": "75.8",
                                "P": "1019",
                                "S": "8",
                                "T": "12.5",
                                "V": "35000",
                                "W": "1",
                                "Pt": "R",
                                "Dp": "8.4",
                                "$": "300"
                            },
                            {
                                "D": "WSW",
                                "G": "17",
                                "H": "69.6",
                                "P": "1020",
                                "S": "11",
                                "T": "13.8",
                                "V": "35000",
                                "W": "1",
                                "Pt": "R",
                                "Dp": "8.4",
                                "$": "360"
                            },
                            {
                                "D": "W",
                                "G": "17",
                                "H": "65.7",
                                "P": "1021",
                                "S": "11",
                                "T": "15.1",
                                "V": "35000",
                                "W": "1",
                                "Pt": "R",
                                "Dp": "8.8",
                                "$": "420"
                            },
                            {
                                "D": "W",
                                "G": "18",
                                "H": "57.9",
                                "P": "1021",
                                "S": "11",
                                "T": "16.6",
                                "V": "35000",
                                "W": "7",
                                "Pt": "R",
                                "Dp": "8.4",
                                "$": "480"
                            },
                            {
                                "D": "W",
                                "G": "22",
                                "H": "51.9",
                                "P": "1021",
                                "S": "14",
                                "T": "17.9",
                                "V": "40000",
                                "W": "1",
                                "Pt": "R",
                                "Dp": "8.0",
                                "$": "540"
                            },
                            {
                                "D": "WNW",
                                "G": "26",
                                "H": "46.9",
                                "P": "1022",
                                "S": "14",
                                "T": "18.5",
                                "V": "45000",
                                "W": "8",
                                "Pt": "R",
                                "Dp": "7.1",
                                "$": "600"
                            },
                            {
                                "D": "W",
                                "G": "24",
                                "H": "45.0",
                                "P": "1022",
                                "S": "15",
                                "T": "19.5",
                                "V": "45000",
                                "W": "8",
                                "Pt": "R",
                                "Dp": "7.4",
                                "$": "660"
                            },
                            {
                                "D": "WNW",
                                "G": "28",
                                "H": "38.9",
                                "P": "1022",
                                "S": "15",
                                "T": "20.1",
                                "V": "55000",
                                "W": "8",
                                "Pt": "R",
                                "Dp": "5.9",
                                "$": "720"
                            },
                            {
                                "D": "W",
                                "G": "28",
                                "H": "34.9",
                                "P": "1022",
                                "S": "16",
                                "T": "21.6",
                                "V": "55000",
                                "W": "7",
                                "Pt": "R",
                                "Dp": "5.7",
                                "$": "780"
                            },
                            {
                                "D": "W",
                                "G": "28",
                                "H": "34.9",
                                "P": "1023",
                                "S": "16",
                                "T": "21.6",
                                "V": "55000",
                                "W": "7",
                                "Pt": "R",
                                "Dp": "5.7",
                                "$": "840"
                            },
                            {
                                "D": "W",
                                "G": "26",
                                "H": "32.8",
                                "P": "1023",
                                "S": "17",
                                "T": "22.5",
                                "V": "55000",
                                "W": "7",
                                "Pt": "R",
                                "Dp": "5.6",
                                "$": "900"
                            },
                            {
                                "D": "WNW",
                                "G": "26",
                                "H": "33.8",
                                "P": "1023",
                                "S": "15",
                                "T": "22.6",
                                "V": "65000",
                                "W": "3",
                                "Pt": "R",
                                "Dp": "6.1",
                                "$": "960"
                            }
                        ]
                    }
                ]
            }
        }
    }
}