{
    "SiteRep": {
        "Wx": {
            "Param": [
                {
                    "name": "G",
                    "units": "mph",
                    "$": "Wind Gust"
                },
                {
                    "name": "T",
                    "units": "C",
                    "$": "Temperature"
                },
                {
                    "name": "V",
                    "units": "m",
                    "$": "Visibility"
                },
                {
                    "name": "D",
                    "units": "compass",
                    "$": "Wind Direction"
                },
                {
                    "name": "S",
                    "units": "mph",
                    "$": "Wind Speed"
                },
                {
                    "name": "W",
                    "units": "",
                    "$": "Weather Type"
                },
                {
                    "name": "P",
                    "units": "hpa",
                    "$": "Pressure"
                },
                {
                    "name": "Pt",
                    "units": "Pa/s",
                    "$": "Pressure Tendency"
                },
                {
                    "name": "Dp",
                    "units": "C",
                    "$": "Dew Point"
                },
                {
                    "name": "H",
                    "units": "%",
                    "$": "Screen Relative Humidity"
                }
            ]
        },
        "DV": {
            "dataDate": "2024-10-04T16:00:00Z",
            "type": "Obs",
            "Location": {
                "i": "3772",
                "lat": "51.479",
                "lon": "-0.449",
                "name": "HEATHROW",
                "country": "ENGLAND",
                "continent": "EUROPE",
                "elevation": "25.0",
                "Period": [
                    {
                        "type": "Day",
                        "value": "2024-10-03Z",
                        "Rep": [
                            {
                                "D": "ESE",
                                "G": "10",
                                "H": "64.5",
                                "P": "1021",
                                "S": "6",
                                "T": "15.7",
                                "V": "40000",
                                "W": "3",
                                "Pt": "F",
                                "Dp": "9.1",
                                "$": "960"
                            },
                            {
                                "D": "ENE",
                                "G": "13",
                                "H": "66.8",
                                "P": "1021",
                                "S": "6",
                                "T": "13.8",
                                "V": "45000",
                                "W": "7",
                                "Pt": "F",
                                "Dp": "7.8",
                                "$": "1020"
                            },
                            {
                                "D": "NE",
                                "G": "8",
                                "H": "73.3",
                                "P": "1021",
                                "S": "2",
                                "T": "12.7",
                                "V": "35000",
                                "W": "0",
                                "Pt": "R",
                                "Dp": "8.1",
                                "$": "1080"
                            },
                            {
                                "D": "NE",
                                "G": "5",
                                "H": "77.8",
                                "P": "1022",
                                "S": "2",
                                "T": "11.6",
                                "V": "29000",
                                "W": "0",
                                "Pt": "R",
                                "Dp": "7.9",
                                "$": "1140"
                            },
                            {
                                "D": "N",
                                "G": "6",
                                "H": "84.4",
                                "P": "1022",
                                "S": "3",
                                "T": "10.9",
                                "V": "19000",
                                "W": "0",
                                "Pt": "R",
                                "Dp": "8.4",
                                "$": "1200"
                            },
                            {
                                "D": "N",
                                "G": "3",
                                "H": "87.8",
                                "P": "1022",
                                "S": "2",
                                "T": "9.5",
                                "V": "18000",
                                "W": "0",
                                "Pt": "R",
                                "Dp": "7.6",
                                "$": "1260"
                            },
                            {
                                "D": "N",
                                "G": "5",
                                "H": "90.1",
                                "P": "1022",
                                "S": "0",
                                "T": "8.6",
                                "V": "19000",
                                "W": "0",
                                "Pt": "R",
                                "Dp": "7.1",
                                "$": "1320"
                            },
                            {
                                "D": "WNW",
                                "G": "3",
                                "H": "94.0",
                                "P": "1022",
                                "S": "2",
                                "T": "8.3",
                                "V": "20000",
                                "W": "0",
                                "Pt": "R",
                                "Dp": "7.4",
                                "$": "1380"
                            }
                        ]
                    },
                    {
                        "type": "Day",
                        "value": "2024-10-04Z",
                        "Rep": [
                            {
                                "D": "N",
                                "G": "2",
                                "H": "95.2",
                                "P": "1022",
                                "S": "0",
                                "T": "7.4",
                                "V": "19000",
                                "W": "0",
                                "Pt": "R",
                                "Dp": "6.7",
                                "$": "0"
                            },
                            {
                                "D": "N",
                                "G": "3",
                                "H": "96.6",
                                "P": "1022",
                                "S": "2",
                                "T": "7.0",
                                "V": "17000",
                                "W": "0",
                                "Pt": "F",
                                "Dp": "6.5",
                                "$": "60"
                            },
                            {
                                "D": "NE",
                                "G": "5",
                                "H": "95.8",
                                "P": "1021",
                                "S": "1",
                                "T": "6.3",
                                "V": "21000",
                                "W": "0",
                                "Pt": "F",
                                "Dp": "5.7",
                                "$": "120"
                            },
                            {
                                "D": "NNW",
                                "G": "3",
                                "H": "97.3",
                                "P": "1021",
                                "S": "1",
                                "T": "5.8",
                                "V": "17000",
                                "W": "0",
                                "Pt": "F",
                                "Dp": "5.4",
                                "$": "180"
                            },
                            {
                                "D": "N",
                                "G": "3",
                                "H": "97.9",
                                "P": "1021",
                                "S": "1",
                                "T": "5.5",
                                "V": "17000",
                                "W": "0",
                                "Pt": "F",
                                "Dp": "5.2",
                                "$": "240"
                            },
                            {
                                "D": "NNW",
                                "G": "5",
                                "H": "97.3",
                                "P": "1021",
                                "S": "2",
                                "T": "5.6",
                                "V": "20000",
                                "W": "0",
                                "Pt": "F",
                                "Dp": "5.2",
                                "$": "300"
                            },
                            {
                                "D": "N",
                                "G": "3",
                                "H": "97.2",
                                "P": "1021",
                                "S": "0",
                                "T": "4.6",
                                "V": "18000",
                                "W": "0",
                                "Pt": "R",
                                "Dp": "4.2",
                                "$": "360"
                            },
                            {
                                "D": "E",
                                "G": "5",
                                "H": "98.6",
                                "P": "1022",
                                "S": "2",
                                "T": "4.5",
                                "V": "14000",
                                "W": "7",
                                "Pt": "R",
                                "Dp": "4.3",
                                "$": "420"
                            },
                            {
                                "D": "E",
                                "G": "6",
                                "H": "99.4",
                                "P": "1022",
                                "S": "2",
                                "T": "8.3",
                                "V": "18000",
                                "W": "1",
                                "Pt": "R",
                                "Dp": "8.2",
                                "$": "480"
                            },
                            {
                                "D": "ESE",
                                "G": "3",
                                "H": "85.5",
                                "P": "1022",
                                "S": "2",
                                "T": "10.5",
                                "V": "18000",
                                "W": "7",
                                "Pt": "R",
                                "Dp": "8.2",
                                "$": "540"
                            },
                            {
                                "D": "SE",
                                "G": "7",
                                "H": "71.9",
                                "P": "1022",
                                "S": "3",
                                "T": "13.5",
                                "V": "30000",
                                "W": "8",
                                "Pt": "R",
                                "Dp": "8.6",
                                "$": "600"
                            },
                            {
                                "D": "S",
                                "G": "15",
                                "H": "58.8",
                                "P": "1022",
                                "S": "8",
                                "T": "15.1",
                                "V": "40000",
                                "W": "1",
                                "Pt": "R",
                                "Dp": "7.2",
                                "$": "660"
                            },
                            {
                                "D": "SSE",
                                "G": "19",
                                "H": "55.4",
                                "P": "1021",
                                "S": "10",
                                "T": "15.6",
                                "V": "50000",
                                "W": "12",
                                "Pt": "F",
                                "Dp": "6.8",
                                "$": "720"
                            },
                            {
                                "D": "SSW",
                                "G": "14",
                                "H": "56.1",
                                "P": "1021",
                                "S": "6",
                                "T": "15.4",
                                "V": "65000",
                                "W": "7",
                                "Pt": "F",
                                "Dp": "6.8",
                                "$": "780"
                            },
                            {
                                "D": "SSW",
                                "G": "14",
                                "H": "52.6",
                                "P": "1020",
                                "S": "7",
                                "T": "16.2",
                                "V": "55000",
                                "W": "3",
                                "Pt": "F",
                                "Dp": "6.6",
                                "$": "840"
                            },
                            {
                                "D": "S",
                                "G": "14",
                                "H": "52.9",
                                "P": "1020",
                                "S": "6",
                                "T": "16.2",
                                "V": "45000",
                                "W": "3",
                                "Pt": "F",
                                "Dp": "6.7",
                                "$": "900"
                            },
                            {
                                "D": "SSW",
                                "G": "13",
                                "H": "56.1",
                                "P": "1020",
                                "S": "5",
                                "T": "15.2",
                                "V": "55000",
                                "W": "8",
                                "Pt": "F",
                                "Dp": "6.6",
                                "$": "960"
                            }
                        ]
                    }
                ]
            }
        }
    }
}