{
    "SiteRep": {
        "Wx": {
            "Param": [
                {
                    "name": "G",
                    "units": "mph",
                    "$": "Wind Gust"
                },
                {
                    "name": "T",
                    "units": "C",
                    "$": "Temperature"
                },
                {
                    "name": "V",
                    "units": "m",
                    "$": "Visibility"
                },
                {
                    "name": "D",
                    "units": "compass",
                    "$": "Wind Direction"
                },
                {
                    "name": "S",
                    "units": "mph",
                    "$": "Wind Speed"
                },
                {
                    "name": "W",
                    "units": "",
                    "$": "Weather Type"
                },
                {
                    "name": "P",
                    "units": "hpa",
                    "$": "Pressure"
                },
                {
                    "name": "Pt",
                    "units": "Pa/s",
                    "$": "Pressure Tendency"
                },
                {
                    "name": "Dp",
                    "units": "C",
                    "$": "Dew Point"
                },
                {
                    "name": "H",
                    "units": "%",
                    "$": "Screen Relative Humidity"
                }
            ]
        },
        "DV": {
            "dataDate": "2024-10-31T16:00:00Z",
            "type": "Obs",
            "Location": {
                "i": "3772",
                "lat": "51.479",
                "lon": "-0.449",
                "name": "HEATHROW",
                "country": "ENGLAND",
                "continent": "EUROPE",
                "elevation": "25.0",
                "Period": [
                    {
                        "type": "Day",
                        "value": "2024-10-30Z",
                        "Rep": [
                            {
                                "D": "NNW",
                                "G": "7",
                                "H": "74.5",
                                "P": "1028",
                                "S": "3",
                                "T": "14.4",
                                "V": "35000",
                                "W": "8",
                                "Pt": "F",
                                "Dp": "10.0",
                                "$": "960"
                            },
                            {
                                "D": "NNW",
                                "G": "7",
                                "H": "79.6",
                                "P": "1028",
                                "S": "3",
                                "T": "13.2",
                                "V": "26000",
                                "W": "2",
                                "Pt": "F",
                                "Dp": "9.8",
                                "$": "1020"
                            },
                            {
                                "D": "NNW",
                                "G": "8",
                                "H": "82.3",
                                "P": "1029",
                                "S": "5",
                                "T": "12.6",
                                "V": "27000",
                                "W": "8",
                                "Pt": "R",
                                "Dp": "9.7",
                                "$": "1080"
                            },
                            {
                                "D": "N",
                                "G": "8",
                                "H": "83.3",
                                "P": "1029",
                                "S": "5",
                                "T": "12.0",
                                "V": "29000",
                                "W": "8",
                                "Pt": "R",
                                "Dp": "9.3",
                                "$": "1140"
                            },
                            {
                                "D": "N",
                                "G": "8",
                                "H": "85.0",
                                "P": "1029",
                                "S": "5",
                                "T": "11.7",
                                "V": "23000",
                                "W": "8",
                                "Pt": "R",
                                "Dp": "9.3",
                                "$": "1200"
                            },
                            {
                                "D": "N",
                                "G": "7",
                                "H": "87.8",
                                "P": "1029",
                                "S": "3",
                                "T": "11.2",
                                "V": "18000",
                                "W": "2",
                                "Pt": "F",
                                "Dp": "9.3",
                                "$": "1260"
                            },
                            {
                                "D": "N",
                                "G": "7",
                                "H": "90.8",
                                "P": "1029",
                                "S": "3",
                                "T": "10.2",
                                "V": "13000",
                                "W": "0",
                                "Pt": "R",
                                "Dp": "8.8",
                                "$": "1320"
                            },
                            {
                                "D": "NW",
                                "G": "5",
                                "H": "94.0",
                                "P": "1029",
                                "S": "2",
                                "T": "9.4",
                                "V": "10000",
                                "W": "0",
                                "Pt": "R",
                                "Dp": "8.5",
                                "$": "1380"
                            }
                        ]
                    },
                    {
                        "type": "Day",
                        "value": "2024-10-31Z",
                        "Rep": [
                            {
                                "D": "NW",
                                "G": "5",
                                "H": "95.9",
                                "P": "1029",
                                "S": "3",
                                "T": "8.7",
                                "V": "8000",
                                "W": "5",
                                "Pt": "R",
                                "Dp": "8.1",
                                "$": "0"
                            },
                            {
                                "D": "NNW",
                                "G": "6",
                                "H": "96.7",
                                "P": "1029",
                                "S": "5",
                                "T": "8.1",
                                "V": "8000",
                                "W": "5",
                                "Pt": "F",
                                "Dp": "7.6",
                                "$": "60"
                            },
                            {
                                "D": "N",
                                "G": "7",
                                "H": "95.9",
                                "P": "1029",
                                "S": "3",
                                "T": "8.7",
                                "V": "7000",
                                "W": "5",
                                "Pt": "F",
                                "Dp": "8.1",
                                "$": "120"
                            },
                            {
                                "D": "NNE",
                                "G": "6",
                                "H": "96.6",
                                "P": "1028",
                                "S": "2",
                                "T": "8.8",
                                "V": "8000",
                                "W": "5",
                                "Pt": "F",
                                "Dp": "8.3",
                                "$": "180"
                            },
                            {
                                "D": "NE",
                                "G": "5",
                                "H": "96.7",
                                "P": "1028",
                                "S": "1",
                                "T": "9.0",
                                "V": "9000",
                                "W": "5",
                                "Pt": "F",
                                "Dp": "8.5",
                                "$": "240"
                            },
                            {
                                "D": "NNW",
                                "G": "3",
                                "H": "95.3",
                                "P": "1028",
                                "S": "2",
                                "T": "9.5",
                                "V": "8000",
                                "W": "5",
                                "Pt": "F",
                                "Dp": "8.8",
                                "$": "300"
                            },
                            {
                                "D": "NNW",
                                "G": "5",
                                "H": "94.0",
                                "P": "1028",
                                "S": "2",
                                "T": "9.7",
                                "V": "10000",
                                "W": "5",
                                "Pt": "F",
                                "Dp": "8.8",
                                "$": "360"
                            },
                            {
                                "D": "NE",
                                "G": "6",
                                "H": "93.4",
                                "P": "1028",
                                "S": "2",
                                "T": "9.9",
                                "V": "9000",
                                "W": "5",
                                "Pt": "F",
                                "Dp": "8.9",
                                "$": "420"
                            },
                            {
                                "D": "E",
                                "G": "5",
                                "H": "93.4",
                                "P": "1027",
                                "S": "2",
                                "T": "10.6",
                                "V": "9000",
                                "W": "5",
                                "Pt": "F",
                                "Dp": "9.6",
                                "$": "480"
                            },
                            {
                                "D": "NW",
                                "G": "5",
                                "H": "90.9",
                                "P": "1028",
                                "S": "2",
                                "T": "11.2",
                                "V": "8000",
                                "W": "5",
                                "Pt": "F",
                                "Dp": "9.8",
                                "$": "540"
                            },
                            {
                                "D": "W",
                                "G": "3",
                                "H": "88.0",
                                "P": "1028",
                                "S": "2",
                                "T": "12.2",
                                "V": "10000",
                                "W": "5",
                                "Pt": "R",
                                "Dp": "10.3",
                                "$": "600"
                            },
                            {
                                "D": "NW",
                                "G": "6",
                                "H": "86.3",
                                "P": "1028",
                                "S": "3",
                                "T": "12.5",
                                "V": "10000",
                                "W": "8",
                                "Pt": "R",
                                "Dp": "10.3",
                                "$": "660"
                            },
                            {
                                "D": "NNW",
                                "G": "7",
                                "H": "82.9",
                                "P": "1027",
                                "S": "2",
                                "T": "12.9",
                                "V": "10000",
                                "W": "8",
                                "Pt": "F",
                                "Dp": "10.1",
                                "$": "720"
                            },
                            {
                                "D": "NNW",
                                "G": "6",
                                "H": "76.5",
                                "P": "1027",
                                "S": "3",
                                "T": "14.2",
                                "V": "12000",
                                "W": "8",
                                "Pt": "F",
                                "Dp": "10.2",
                                "$": "780"
                            },
                            {
                                "D": "NW",
                                "G": "6",
                                "H": "72.1",
                                "P": "1026",
                                "S": "3",
                                "T": "14.7",
                                "V": "7000",
                                "W": "12",
                                "Pt": "F",
                                "Dp": "9.8",
                                "$": "840"
                            },
                            {
                                "D": "WSW",
                                "G": "8",
                                "H": "70.1",
                                "P": "1026",
                                "S": "6",
                                "T": "14.4",
                                "V": "27000",
                                "W": "8",
                                "Pt": "F",
                                "Dp": "9.1",
                                "$": "900"
                            },
                            {
                                "D": "SSW",
                                "G": "10",
                                "H": "71.0",
                                "P": "1025",
                                "S": "3",
                                "T": "14.0",
                                "V": "30000",
                                "W": "8",
                                "Pt": "F",
                                "Dp": "8.9",
                                "$": "960"
                            }
                        ]
                    }
                ]
            }
        }
    }
}