{
    "SiteRep": {
        "Wx": {
            "Param": [
                {
                    "name": "G",
                    "units": "mph",
                    "$": "Wind Gust"
                },
                {
                    "name": "T",
                    "units": "C",
                    "$": "Temperature"
                },
                {
                    "name": "V",
                    "units": "m",
                    "$": "Visibility"
                },
                {
                    "name": "D",
                    "units": "compass",
                    "$": "Wind Direction"
                },
                {
                    "name": "S",
                    "units": "mph",
                    "$": "Wind Speed"
                },
                {
                    "name": "W",
                    "units": "",
                    "$": "Weather Type"
                },
                {
                    "name": "P",
                    "units": "hpa",
                    "$": "Pressure"
                },
                {
                    "name": "Pt",
                    "units": "Pa/s",
                    "$": "Pressure Tendency"
                },
                {
                    "name": "Dp",
                    "units": "C",
                    "$": "Dew Point"
                },
                {
                    "name": "H",
                    "units": "%",
                    "$": "Screen Relative Humidity"
                }
            ]
        },
        "DV": {
            "dataDate": "2025-09-08T16:00:00Z",
            "type": "Obs",
            "Location": {
                "i": "3772",
                "lat": "51.479",
                "lon": "-0.449",
                "name": "HEATHROW",
                "country": "ENGLAND",
                "continent": "EUROPE",
                "elevation": "25.0",
                "Period": [
                    {
                        "type": "Day",
                        "value": "2025-09-07Z",
                        "Rep": [
                            {
                                "D": "SSW",
                                "G": "30",
                                "H": "61.1",
                                "P": "1007",
                                "S": "18",
                                "T": "23.3",
                                "V": "30000",
                                "W": "7",
                                "Pt": "R",
                                "Dp": "15.4",
                                "$": "960"
                            },
                            {
                                "D": "SSW",
                                "G": "30",
                                "H": "71.3",
                                "P": "1008",
                                "S": "14",
                                "T": "21.7",
                                "V": "35000",
                                "W": "8",
                                "Pt": "R",
                                "Dp": "16.3",
                                "$": "1020"
                            },
                            {
                                "D": "SSW",
                                "G": "23",
                                "H": "69.9",
                                "P": "1008",
                                "S": "13",
                                "T": "21.7",
                                "V": "30000",
                                "W": "8",
                                "Pt": "R",
                                "Dp": "16.0",
                                "$": "1080"
                            },
                            {
                                "D": "S",
                                "G": "21",
                                "H": "66.6",
                                "P": "1009",
                                "S": "11",
                                "T": "20.4",
                                "V": "45000",
                                "W": "2",
                                "Pt": "R",
                                "Dp": "14.0",
                                "$": "1140"
                            },
                            {
                                "D": "SSW",
                                "G": "22",
                                "H": "75.0",
                                "P": "1010",
                                "S": "11",
                                "T": "18.8",
                                "V": "40000",
                                "W": "0",
                                "Pt": "R",
                                "Dp": "14.3",
                                "$": "1200"
                            },
                            {
                                "D": "S",
                                "G": "19",
                                "H": "78.8",
                                "P": "1011",
                                "S": "11",
                                "T": "17.6",
                                "V": "35000",
                                "W": "0",
                                "Pt": "R",
                                "Dp": "13.9",
                                "$": "1260"
                            },
                            {
                                "D": "S",
                                "G": "18",
                                "H": "82.3",
                                "P": "1012",
                                "S": "8",
                                "T": "16.6",
                                "V": "28000",
                                "W": "0",
                                "Pt": "R",
                                "Dp": "13.6",
                                "$": "1320"
                            },
                            {
                                "D": "SW",
                                "G": "14",
                                "H": "84.4",
                                "P": "1012",
                                "S": "8",
                                "T": "16.0",
                                "V": "27000",
                                "W": "0",
                                "Pt": "R",
                                "Dp": "13.4",
                                "$": "1380"
                            }
                        ]
                    },
                    {
                        "type": "Day",
                        "value": "2025-09-08Z",
                        "Rep": [
                            {
                                "D": "SSW",
                                "G": "10",
                                "H": "87.2",
                                "P": "1013",
                                "S": "7",
                                "T": "15.3",
                                "V": "22000",
                                "W": "0",
                                "Pt": "R",
                                "Dp": "13.2",
                                "$": "0"
                            },
                            {
                                "D": "SSW",
                                "G": "10",
                                "H": "87.7",
                                "P": "1013",
                                "S": "6",
                                "T": "15.0",
                                "V": "27000",
                                "W": "0",
                                "Pt": "R",
                                "Dp": "13.0",
                                "$": "60"
                            },
                            {
                                "D": "SSW",
                                "G": "10",
                                "H": "90.7",
                                "P": "1013",
                                "S": "7",
                                "T": "14.5",
                                "V": "22000",
                                "W": "0",
                                "Pt": "R",
                                "Dp": "13.0",
                                "$": "120"
                            },
                            {
                                "D": "S",
                                "G": "10",
                                "H": "91.3",
                                "P": "1013",
                                "S": "5",
                                "T": "14.1",
                                "V": "28000",
                                "W": "0",
                                "Pt": "R",
                                "Dp": "12.7",
                                "$": "180"
                            },
                            {
                                "D": "SSW",
                                "G": "13",
                                "H": "90.0",
                                "P": "1013",
                                "S": "8",
                                "T": "14.0",
                                "V": "28000",
                                "W": "0",
                                "Pt": "R",
                                "Dp": "12.4",
                                "$": "240"
                            },
                            {
                                "D": "SSW",
                                "G": "14",
                                "H": "90.6",
                                "P": "1014",
                                "S": "10",
                                "T": "13.7",
                                "V": "28000",
                                "W": "0",
                                "Pt": "R",
                                "Dp": "12.2",
                                "$": "300"
                            },
                            {
                                "D": "SSW",
                                "G": "15",
                                "H": "88.8",
                                "P": "1015",
                                "S": "7",
                                "T": "13.4",
                                "V": "30000",
                                "W": "1",
                                "Pt": "R",
                                "Dp": "11.6",
                                "$": "360"
                            },
                            {
                                "D": "SW",
                                "G": "11",
                                "H": "87.1",
                                "P": "1016",
                                "S": "6",
                                "T": "14.0",
                                "V": "30000",
                                "W": "1",
                                "Pt": "R",
                                "Dp": "11.9",
                                "$": "420"
                            },
                            {
                                "D": "SW",
                                "G": "13",
                                "H": "76.9",
                                "P": "1016",
                                "S": "8",
                                "T": "15.5",
                                "V": "30000",
                                "W": "1",
                                "Pt": "R",
                                "Dp": "11.5",
                                "$": "480"
                            },
                            {
                                "D": "WSW",
                                "G": "14",
                                "H": "63.7",
                                "P": "1016",
                                "S": "9",
                                "T": "17.6",
                                "V": "35000",
                                "W": "1",
                                "Pt": "R",
                                "Dp": "10.7",
                                "$": "540"
                            },
                            {
                                "D": "WSW",
                                "G": "18",
                                "H": "52.8",
                                "P": "1017",
                                "S": "10",
                                "T": "19.6",
                                "V": "40000",
                                "W": "3",
                                "Pt": "R",
                                "Dp": "9.8",
                                "$": "600"
                            },
                            {
                                "D": "WSW",
                                "G": "21",
                                "H": "48.2",
                                "P": "1017",
                                "S": "14",
                                "T": "19.2",
                                "V": "50000",
                                "W": "3",
                                "Pt": "R",
                                "Dp": "8.1",
                                "$": "660"
                            },
                            {
                                "D": "W",
                                "G": "19",
                                "H": "43.3",
                                "P": "1016",
                                "S": "10",
                                "T": "20.6",
                                "V": "55000",
                                "W": "7",
                                "Pt": "R",
                                "Dp": "7.8",
                                "$": "720"
                            },
                            {
                                "D": "WSW",
                                "G": "19",
                                "H": "43.8",
                                "P": "1016",
                                "S": "11",
                                "T": "20.3",
                                "V": "45000",
                                "W": "7",
                                "Pt": "F",
                                "Dp": "7.7",
                                "$": "780"
                            },
                            {
                                "D": "SW",
                                "G": "24",
                                "H": "42.8",
                                "P": "1016",
                                "S": "13",
                                "T": "21.1",
                                "V": "45000",
                                "W": "1",
                                "Pt": "F",
                                "Dp": "8.1",
                                "$": "840"
                            },
                            {
                                "D": "SW",
                                "G": "23",
                                "H": "44.8",
                                "P": "1016",
                                "S": "11",
                                "T": "20.5",
                                "V": "45000",
                                "W": "1",
                                "Pt": "F",
                                "Dp": "8.2",
                                "$": "900"
                            },
                            {
                                "D": "SW",
                                "G": "22",
                                "H": "43.9",
                                "P": "1016",
                                "S": "15",
                                "T": "21.6",
                                "V": "40000",
                                "W": "3",
                                "Pt": "F",
                                "Dp": "8.9",
                                "$": "960"
                            }
                        ]
                    }
                ]
            }
        }
    }
}