{
    "SiteRep": {
        "Wx": {
            "Param": [
                {
                    "name": "G",
                    "units": "mph",
                    "$": "Wind Gust"
                },
                {
                    "name": "T",
                    "units": "C",
                    "$": "Temperature"
                },
                {
                    "name": "V",
                    "units": "m",
                    "$": "Visibility"
                },
                {
                    "name": "D",
                    "units": "compass",
                    "$": "Wind Direction"
                },
                {
                    "name": "S",
                    "units": "mph",
                    "$": "Wind Speed"
                },
                {
                    "name": "W",
                    "units": "",
                    "$": "Weather Type"
                },
                {
                    "name": "P",
                    "units": "hpa",
                    "$": "Pressure"
                },
                {
                    "name": "Pt",
                    "units": "Pa/s",
                    "$": "Pressure Tendency"
                },
                {
                    "name": "Dp",
                    "units": "C",
                    "$": "Dew Point"
                },
                {
                    "name": "H",
                    "units": "%",
                    "$": "Screen Relative Humidity"
                }
            ]
        },
        "DV": {
            "dataDate": "2024-07-13T16:00:00Z",
            "type": "Obs",
            "Location": {
                "i": "3772",
                "lat": "51.479",
                "lon": "-0.449",
                "name": "HEATHROW",
                "country": "ENGLAND",
                "continent": "EUROPE",
                "elevation": "25.0",
                "Period": [
                    {
                        "type": "Day",
                        "value": "2024-07-12Z",
                        "Rep": [
                            {
                                "D": "NNE",
                                "G": "16",
                                "H": "48.5",
                                "P": "1016",
                                "S": "8",
                                "T": "18.9",
                                "V": "75000",
                                "W": "8",
                                "Pt": "F",
                                "Dp": "7.9",
                                "$": "960"
                            },
                            {
                                "D": "NNW",
                                "G": "15",
                                "H": "52.7",
                                "P": "1016",
                                "S": "7",
                                "T": "17.8",
                                "V": "75000",
                                "W": "8",
                                "Pt": "F",
                                "Dp": "8.1",
                                "$": "1020"
                            },
                            {
                                "D": "N",
                                "G": "15",
                                "H": "55.3",
                                "P": "1016",
                                "S": "6",
                                "T": "17.5",
                                "V": "65000",
                                "W": "8",
                                "Pt": "F",
                                "Dp": "8.5",
                                "$": "1080"
                            },
                            {
                                "D": "N",
                                "G": "10",
                                "H": "55.9",
                                "P": "1016",
                                "S": "5",
                                "T": "17.2",
                                "V": "75000",
                                "W": "8",
                                "Pt": "F",
                                "Dp": "8.4",
                                "$": "1140"
                            },
                            {
                                "D": "N",
                                "G": "9",
                                "H": "60.1",
                                "P": "1016",
                                "S": "5",
                                "T": "16.6",
                                "V": "65000",
                                "W": "8",
                                "Pt": "F",
                                "Dp": "8.9",
                                "$": "1200"
                            },
                            {
                                "D": "NNW",
                                "G": "11",
                                "H": "60.8",
                                "P": "1016",
                                "S": "7",
                                "T": "16.3",
                                "V": "65000",
                                "W": "8",
                                "Pt": "R",
                                "Dp": "8.8",
                                "$": "1260"
                            },
                            {
                                "D": "NNE",
                                "G": "11",
                                "H": "68.0",
                                "P": "1016",
                                "S": "7",
                                "T": "15.2",
                                "V": "60000",
                                "W": "8",
                                "Pt": "R",
                                "Dp": "9.4",
                                "$": "1320"
                            },
                            {
                                "D": "NNE",
                                "G": "14",
                                "H": "65.1",
                                "P": "1016",
                                "S": "5",
                                "T": "14.2",
                                "V": "75000",
                                "W": "8",
                                "Pt": "R",
                                "Dp": "7.8",
                                "$": "1380"
                            }
                        ]
                    },
                    {
                        "type": "Day",
                        "value": "2024-07-13Z",
                        "Rep": [
                            {
                                "D": "N",
                                "G": "8",
                                "H": "64.1",
                                "P": "1016",
                                "S": "3",
                                "T": "13.9",
                                "V": "75000",
                                "W": "8",
                                "Pt": "S",
                                "Dp": "7.3",
                                "$": "0"
                            },
                            {
                                "D": "W",
                                "G": "7",
                                "H": "68.3",
                                "P": "1015",
                                "S": "5",
                                "T": "13.9",
                                "V": "75000",
                                "W": "8",
                                "Pt": "F",
                                "Dp": "8.2",
                                "$": "60"
                            },
                            {
                                "D": "NW",
                                "G": "7",
                                "H": "72.0",
                                "P": "1015",
                                "S": "3",
                                "T": "13.4",
                                "V": "75000",
                                "W": "8",
                                "Pt": "F",
                                "Dp": "8.5",
                                "$": "120"
                            },
                            {
                                "D": "NNW",
                                "G": "9",
                                "H": "70.5",
                                "P": "1015",
                                "S": "3",
                                "T": "13.4",
                                "V": "75000",
                                "W": "8",
                                "Pt": "F",
                                "Dp": "8.2",
                                "$": "180"
                            },
                            {
                                "D": "WNW",
                                "G": "6",
                                "H": "73.5",
                                "P": "1015",
                                "S": "3",
                                "T": "13.1",
                                "V": "65000",
                                "W": "8",
                                "Pt": "F",
                                "Dp": "8.5",
                                "$": "240"
                            },
                            {
                                "D": "NW",
                                "G": "6",
                                "H": "73.5",
                                "P": "1014",
                                "S": "2",
                                "T": "13.3",
                                "V": "55000",
                                "W": "8",
                                "Pt": "F",
                                "Dp": "8.7",
                                "$": "300"
                            },
                            {
                                "D": "WNW",
                                "G": "8",
                                "H": "75.1",
                                "P": "1014",
                                "S": "5",
                                "T": "13.8",
                                "V": "26000",
                                "W": "12",
                                "Pt": "F",
                                "Dp": "9.5",
                                "$": "360"
                            },
                            {
                                "D": "WSW",
                                "G": "11",
                                "H": "83.6",
                                "P": "1014",
                                "S": "8",
                                "T": "13.5",
                                "V": "40000",
                                "W": "12",
                                "Pt": "F",
                                "Dp": "10.8",
                                "$": "420"
                            },
                            {
                                "D": "W",
                                "G": "10",
                                "H": "78.2",
                                "P": "1014",
                                "S": "7",
                                "T": "14.1",
                                "V": "45000",
                                "W": "8",
                                "Pt": "F",
                                "Dp": "10.4",
                                "$": "480"
                            },
                            {
                                "D": "W",
                                "G": "13",
                                "H": "78.4",
                                "P": "1014",
                                "S": "7",
                                "T": "14.9",
                                "V": "40000",
                                "W": "8",
                                "Pt": "F",
                                "Dp": "11.2",
                                "$": "540"
                            },
                            {
                                "D": "W",
                                "G": "11",
                                "H": "66.5",
                                "P": "1014",
                                "S": "7",
                                "T": "16.3",
                                "V": "65000",
                                "W": "8",
                                "Pt": "F",
                                "Dp": "10.1",
                                "$": "600"
                            },
                            {
                                "D": "WSW",
                                "G": "17",
                                "H": "61.2",
                                "P": "1014",
                                "S": "10",
                                "T": "17.3",
                                "V": "75000",
                                "W": "8",
                                "Pt": "F",
                                "Dp": "9.8",
                                "$": "660"
                            },
                            {
                                "D": "WNW",
                                "G": "16",
                                "H": "58.8",
                                "P": "1014",
                                "S": "6",
                                "T": "17.5",
                                "V": "75000",
                                "W": "8",
                                "Pt": "F",
                                "Dp": "9.4",
                                "$": "720"
                            },
                            {
                                "D": "NW",
                                "G": "14",
                                "H": "56.7",
                                "P": "1013",
                                "S": "6",
                                "T": "18.5",
                                "V": "75000",
                                "W": "8",
                                "Pt": "F",
                                "Dp": "9.8",
                                "$": "780"
                            },
                            {
                                "D": "NNW",
                                "G": "14",
                                "H": "53.4",
                                "P": "1013",
                                "S": "5",
                                "T": "18.9",
                                "V": "75000",
                                "W": "8",
                                "Pt": "F",
                                "Dp": "9.3",
                                "$": "840"
                            },
                            {
                                "D": "NW",
                                "G": "11",
                                "H": "51.2",
                                "P": "1012",
                                "S": "6",
                                "T": "19.9",
                                "V": "65000",
                                "W": "8",
                                "Pt": "F",
                                "Dp": "9.6",
                                "$": "900"
                            },
                            {
                                "D": "NW",
                                "G": "11",
                                "H": "48.2",
                                "P": "1012",
                                "S": "6",
                                "T": "20.0",
                                "V": "75000",
                                "W": "8",
                                "Pt": "F",
                                "Dp": "8.8",
                                "$": "960"
                            }
                        ]
                    }
                ]
            }
        }
    }
}