{
    "SiteRep": {
        "Wx": {
            "Param": [
                {
                    "name": "G",
                    "units": "mph",
                    "$": "Wind Gust"
                },
                {
                    "name": "T",
                    "units": "C",
                    "$": "Temperature"
                },
                {
                    "name": "V",
                    "units": "m",
                    "$": "Visibility"
                },
                {
                    "name": "D",
                    "units": "compass",
                    "$": "Wind Direction"
                },
                {
                    "name": "S",
                    "units": "mph",
                    "$": "Wind Speed"
                },
                {
                    "name": "W",
                    "units": "",
                    "$": "Weather Type"
                },
                {
                    "name": "P",
                    "units": "hpa",
                    "$": "Pressure"
                },
                {
                    "name": "Pt",
                    "units": "Pa/s",
                    "$": "Pressure Tendency"
                },
                {
                    "name": "Dp",
                    "units": "C",
                    "$": "Dew Point"
                },
                {
                    "name": "H",
                    "units": "%",
                    "$": "Screen Relative Humidity"
                }
            ]
        },
        "DV": {
            "dataDate": "2025-07-26T16:00:00Z",
            "type": "Obs",
            "Location": {
                "i": "3772",
                "lat": "51.479",
                "lon": "-0.449",
                "name": "HEATHROW",
                "country": "ENGLAND",
                "continent": "EUROPE",
                "elevation": "25.0",
                "Period": [
                    {
                        "type": "Day",
                        "value": "2025-07-25Z",
                        "Rep": [
                            {
                                "D": "SW",
                                "G": "19",
                                "H": "46.6",
                                "P": "1017",
                                "S": "10",
                                "T": "26.0",
                                "V": "25000",
                                "W": "7",
                                "Pt": "F",
                                "Dp": "13.8",
                                "$": "960"
                            },
                            {
                                "D": "WSW",
                                "G": "18",
                                "H": "48.0",
                                "P": "1017",
                                "S": "14",
                                "T": "26.3",
                                "V": "23000",
                                "W": "8",
                                "Pt": "F",
                                "Dp": "14.5",
                                "$": "1020"
                            },
                            {
                                "D": "SW",
                                "G": "18",
                                "H": "47.3",
                                "P": "1017",
                                "S": "11",
                                "T": "25.9",
                                "V": "22000",
                                "W": "3",
                                "Pt": "F",
                                "Dp": "13.9",
                                "$": "1080"
                            },
                            {
                                "D": "SW",
                                "G": "18",
                                "H": "47.9",
                                "P": "1017",
                                "S": "11",
                                "T": "24.9",
                                "V": "28000",
                                "W": "7",
                                "Pt": "F",
                                "Dp": "13.2",
                                "$": "1140"
                            },
                            {
                                "D": "SSW",
                                "G": "17",
                                "H": "52.2",
                                "P": "1017",
                                "S": "10",
                                "T": "23.7",
                                "V": "27000",
                                "W": "8",
                                "Pt": "R",
                                "Dp": "13.4",
                                "$": "1200"
                            },
                            {
                                "D": "WSW",
                                "G": "19",
                                "H": "52.1",
                                "P": "1018",
                                "S": "11",
                                "T": "22.4",
                                "V": "30000",
                                "W": "0",
                                "Pt": "R",
                                "Dp": "12.2",
                                "$": "1260"
                            },
                            {
                                "D": "WSW",
                                "G": "15",
                                "H": "57.9",
                                "P": "1018",
                                "S": "8",
                                "T": "20.7",
                                "V": "30000",
                                "W": "2",
                                "Pt": "R",
                                "Dp": "12.2",
                                "$": "1320"
                            },
                            {
                                "D": "WSW",
                                "G": "13",
                                "H": "62.5",
                                "P": "1018",
                                "S": "8",
                                "T": "19.4",
                                "V": "26000",
                                "W": "2",
                                "Pt": "R",
                                "Dp": "12.1",
                                "$": "1380"
                            }
                        ]
                    },
                    {
                        "type": "Day",
                        "value": "2025-07-26Z",
                        "Rep": [
                            {
                                "D": "WSW",
                                "G": "11",
                                "H": "64.6",
                                "P": "1018",
                                "S": "8",
                                "T": "18.0",
                                "V": "23000",
                                "W": "0",
                                "Pt": "S",
                                "Dp": "11.3",
                                "$": "0"
                            },
                            {
                                "D": "WSW",
                                "G": "11",
                                "H": "66.3",
                                "P": "1017",
                                "S": "8",
                                "T": "17.5",
                                "V": "24000",
                                "W": "0",
                                "Pt": "F",
                                "Dp": "11.2",
                                "$": "60"
                            },
                            {
                                "D": "W",
                                "G": "9",
                                "H": "70.6",
                                "P": "1017",
                                "S": "6",
                                "T": "16.4",
                                "V": "24000",
                                "W": "0",
                                "Pt": "F",
                                "Dp": "11.1",
                                "$": "120"
                            },
                            {
                                "D": "W",
                                "G": "8",
                                "H": "74.0",
                                "P": "1017",
                                "S": "7",
                                "T": "15.9",
                                "V": "24000",
                                "W": "0",
                                "Pt": "F",
                                "Dp": "11.3",
                                "$": "180"
                            },
                            {
                                "D": "WSW",
                                "G": "7",
                                "H": "79.0",
                                "P": "1017",
                                "S": "5",
                                "T": "15.4",
                                "V": "24000",
                                "W": "2",
                                "Pt": "F",
                                "Dp": "11.8",
                                "$": "240"
                            },
                            {
                                "D": "W",
                                "G": "9",
                                "H": "78.6",
                                "P": "1017",
                                "S": "6",
                                "T": "16.5",
                                "V": "26000",
                                "W": "8",
                                "Pt": "F",
                                "Dp": "12.8",
                                "$": "300"
                            },
                            {
                                "D": "W",
                                "G": "10",
                                "H": "78.2",
                                "P": "1017",
                                "S": "6",
                                "T": "17.4",
                                "V": "28000",
                                "W": "8",
                                "Pt": "F",
                                "Dp": "13.6",
                                "$": "360"
                            },
                            {
                                "D": "WSW",
                                "G": "11",
                                "H": "78.4",
                                "P": "1017",
                                "S": "8",
                                "T": "18.8",
                                "V": "35000",
                                "W": "8",
                                "Pt": "S",
                                "Dp": "15.0",
                                "$": "420"
                            },
                            {
                                "D": "WSW",
                                "G": "13",
                                "H": "75.1",
                                "P": "1017",
                                "S": "8",
                                "T": "19.5",
                                "V": "50000",
                                "W": "8",
                                "Pt": "R",
                                "Dp": "15.0",
                                "$": "480"
                            },
                            {
                                "D": "WSW",
                                "G": "16",
                                "H": "68.4",
                                "P": "1016",
                                "S": "9",
                                "T": "20.9",
                                "V": "55000",
                                "W": "8",
                                "Pt": "S",
                                "Dp": "14.9",
                                "$": "540"
                            },
                            {
                                "D": "W",
                                "G": "15",
                                "H": "66.6",
                                "P": "1016",
                                "S": "11",
                                "T": "20.7",
                                "V": "60000",
                                "W": "8",
                                "Pt": "F",
                                "Dp": "14.3",
                                "$": "600"
                            },
                            {
                                "D": "WSW",
                                "G": "17",
                                "H": "60.7",
                                "P": "1016",
                                "S": "9",
                                "T": "22.1",
                                "V": "60000",
                                "W": "8",
                                "Pt": "F",
                                "Dp": "14.2",
                                "$": "660"
                            },
                            {
                                "D": "W",
                                "G": "19",
                                "H": "58.2",
                                "P": "1016",
                                "S": "11",
                                "T": "23.1",
                                "V": "60000",
                                "W": "8",
                                "Pt": "F",
                                "Dp": "14.5",
                                "$": "720"
                            },
                            {
                                "D": "W",
                                "G": "23",
                                "H": "64.2",
                                "P": "1016",
                                "S": "10",
                                "T": "21.7",
                                "V": "55000",
                                "W": "8",
                                "Pt": "F",
                                "Dp": "14.7",
                                "$": "780"
                            },
                            {
                                "D": "WNW",
                                "G": "14",
                                "H": "67.7",
                                "P": "1016",
                                "S": "8",
                                "T": "21.8",
                                "V": "60000",
                                "W": "8",
                                "Pt": "R",
                                "Dp": "15.6",
                                "$": "840"
                            },
                            {
                                "D": "NW",
                                "G": "15",
                                "H": "60.7",
                                "P": "1016",
                                "S": "6",
                                "T": "22.2",
                                "V": "55000",
                                "W": "8",
                                "Pt": "R",
                                "Dp": "14.3",
                                "$": "900"
                            },
                            {
                                "D": "NE",
                                "G": "13",
                                "H": "58.2",
                                "P": "1016",
                                "S": "3",
                                "T": "23.3",
                                "V": "55000",
                                "W": "3",
                                "Pt": "F",
                                "Dp": "14.7",
                                "$": "960"
                            }
                        ]
                    }
                ]
            }
        }
    }
}