{
    "SiteRep": {
        "Wx": {
            "Param": [
                {
                    "name": "G",
                    "units": "mph",
                    "$": "Wind Gust"
                },
                {
                    "name": "T",
                    "units": "C",
                    "$": "Temperature"
                },
                {
                    "name": "V",
                    "units": "m",
                    "$": "Visibility"
                },
                {
                    "name": "D",
                    "units": "compass",
                    "$": "Wind Direction"
                },
                {
                    "name": "S",
                    "units": "mph",
                    "$": "Wind Speed"
                },
                {
                    "name": "W",
                    "units": "",
                    "$": "Weather Type"
                },
                {
                    "name": "P",
                    "units": "hpa",
                    "$": "Pressure"
                },
                {
                    "name": "Pt",
                    "units": "Pa/s",
                    "$": "Pressure Tendency"
                },
                {
                    "name": "Dp",
                    "units": "C",
                    "$": "Dew Point"
                },
                {
                    "name": "H",
                    "units": "%",
                    "$": "Screen Relative Humidity"
                }
            ]
        },
        "DV": {
            "dataDate": "2023-10-07T16:00:00Z",
            "type": "Obs",
            "Location": {
                "i": "3772",
                "lat": "51.479",
                "lon": "-0.449",
                "name": "HEATHROW",
                "country": "ENGLAND",
                "continent": "EUROPE",
                "elevation": "25.0",
                "Period": [
                    {
                        "type": "Day",
                        "value": "2023-10-06Z",
                        "Rep": [
                            {
                                "D": "SW",
                                "G": "23",
                                "H": "61.4",
                                "P": "1022",
                                "S": "13",
                                "T": "20.6",
                                "V": "40000",
                                "W": "3",
                                "Pt": "F",
                                "Dp": "13.0",
                                "$": "960"
                            },
                            {
                                "D": "SW",
                                "G": "18",
                                "H": "66.2",
                                "P": "1022",
                                "S": "11",
                                "T": "19.4",
                                "V": "40000",
                                "W": "3",
                                "Pt": "S",
                                "Dp": "13.0",
                                "$": "1020"
                            },
                            {
                                "D": "SW",
                                "G": "17",
                                "H": "70.5",
                                "P": "1022",
                                "S": "10",
                                "T": "18.4",
                                "V": "35000",
                                "W": "2",
                                "Pt": "S",
                                "Dp": "13.0",
                                "$": "1080"
                            },
                            {
                                "D": "SSW",
                                "G": "15",
                                "H": "73.7",
                                "P": "1022",
                                "S": "8",
                                "T": "17.7",
                                "V": "30000",
                                "W": "7",
                                "Pt": "R",
                                "Dp": "13.0",
                                "$": "1140"
                            },
                            {
                                "D": "SW",
                                "G": "17",
                                "H": "77.6",
                                "P": "1023",
                                "S": "11",
                                "T": "17.1",
                                "V": "30000",
                                "W": "7",
                                "Pt": "R",
                                "Dp": "13.2",
                                "$": "1200"
                            },
                            {
                                "D": "SW",
                                "G": "17",
                                "H": "81.2",
                                "P": "1023",
                                "S": "11",
                                "T": "16.6",
                                "V": "30000",
                                "W": "8",
                                "Pt": "R",
                                "Dp": "13.4",
                                "$": "1260"
                            },
                            {
                                "D": "SW",
                                "G": "16",
                                "H": "83.3",
                                "P": "1023",
                                "S": "10",
                                "T": "16.5",
                                "V": "29000",
                                "W": "8",
                                "Pt": "R",
                                "Dp": "13.7",
                                "$": "1320"
                            },
                            {
                                "D": "SW",
                                "G": "16",
                                "H": "85.6",
                                "P": "1023",
                                "S": "9",
                                "T": "16.1",
                                "V": "30000",
                                "W": "8",
                                "Pt": "R",
                                "Dp": "13.7",
                                "$": "1380"
                            }
                        ]
                    },
                    {
                        "type": "Day",
                        "value": "2023-10-07Z",
                        "Rep": [
                            {
                                "D": "SW",
                                "G": "15",
                                "H": "83.9",
                                "P": "1023",
                                "S": "11",
                                "T": "16.2",
                                "V": "30000",
                                "W": "8",
                                "Pt": "F",
                                "Dp": "13.5",
                                "$": "0"
                            },
                            {
                                "D": "SW",
                                "G": "15",
                                "H": "85.5",
                                "P": "1022",
                                "S": "8",
                                "T": "15.8",
                                "V": "30000",
                                "W": "8",
                                "Pt": "F",
                                "Dp": "13.4",
                                "$": "60"
                            },
                            {
                                "D": "S",
                                "G": "10",
                                "H": "86.6",
                                "P": "1022",
                                "S": "6",
                                "T": "15.4",
                                "V": "30000",
                                "W": "8",
                                "Pt": "F",
                                "Dp": "13.2",
                                "$": "120"
                            },
                            {
                                "D": "SSW",
                                "G": "14",
                                "H": "87.1",
                                "P": "1021",
                                "S": "8",
                                "T": "15.1",
                                "V": "30000",
                                "W": "8",
                                "Pt": "F",
                                "Dp": "13.0",
                                "$": "180"
                            },
                            {
                                "D": "SSW",
                                "G": "16",
                                "H": "84.8",
                                "P": "1021",
                                "S": "11",
                                "T": "15.0",
                                "V": "35000",
                                "W": "2",
                                "Pt": "F",
                                "Dp": "12.5",
                                "$": "240"
                            },
                            {
                                "D": "SSW",
                                "G": "15",
                                "H": "87.1",
                                "P": "1022",
                                "S": "7",
                                "T": "14.5",
                                "V": "30000",
                                "W": "0",
                                "Pt": "F",
                                "Dp": "12.4",
                                "$": "300"
                            },
                            {
                                "D": "SSW",
                                "G": "17",
                                "H": "87.7",
                                "P": "1021",
                                "S": "10",
                                "T": "14.6",
                                "V": "29000",
                                "W": "0",
                                "Pt": "R",
                                "Dp": "12.6",
                                "$": "360"
                            },
                            {
                                "D": "SSW",
                                "G": "15",
                                "H": "87.7",
                                "P": "1022",
                                "S": "6",
                                "T": "14.9",
                                "V": "28000",
                                "W": "1",
                                "Pt": "R",
                                "Dp": "12.9",
                                "$": "420"
                            },
                            {
                                "D": "SSW",
                                "G": "13",
                                "H": "83.3",
                                "P": "1022",
                                "S": "8",
                                "T": "16.0",
                                "V": "27000",
                                "W": "1",
                                "Pt": "R",
                                "Dp": "13.2",
                                "$": "480"
                            },
                            {
                                "D": "WSW",
                                "G": "22",
                                "H": "74.7",
                                "P": "1023",
                                "S": "15",
                                "T": "17.9",
                                "V": "30000",
                                "W": "1",
                                "Pt": "R",
                                "Dp": "13.4",
                                "$": "540"
                            },
                            {
                                "D": "WSW",
                                "G": "25",
                                "H": "71.5",
                                "P": "1023",
                                "S": "15",
                                "T": "18.6",
                                "V": "35000",
                                "W": "1",
                                "Pt": "R",
                                "Dp": "13.4",
                                "$": "600"
                            },
                            {
                                "D": "WSW",
                                "G": "24",
                                "H": "64.3",
                                "P": "1023",
                                "S": "13",
                                "T": "20.5",
                                "V": "35000",
                                "W": "1",
                                "Pt": "R",
                                "Dp": "13.6",
                                "$": "660"
                            },
                            {
                                "D": "WSW",
                                "G": "21",
                                "H": "57.5",
                                "P": "1023",
                                "S": "11",
                                "T": "22.4",
                                "V": "35000",
                                "W": "1",
                                "Pt": "R",
                                "Dp": "13.7",
                                "$": "720"
                            },
                            {
                                "D": "WSW",
                                "G": "19",
                                "H": "54.9",
                                "P": "1022",
                                "S": "14",
                                "T": "23.6",
                                "V": "35000",
                                "W": "1",
                                "Pt": "F",
                                "Dp": "14.1",
                                "$": "780"
                            },
                            {
                                "D": "WSW",
                                "G": "19",
                                "H": "51.0",
                                "P": "1022",
                                "S": "14",
                                "T": "24.7",
                                "V": "35000",
                                "W": "3",
                                "Pt": "F",
                                "Dp": "14.0",
                                "$": "840"
                            },
                            {
                                "D": "WSW",
                                "G": "19",
                                "H": "52.1",
                                "P": "1022",
                                "S": "13",
                                "T": "23.9",
                                "V": "30000",
                                "W": "3",
                                "Pt": "F",
                                "Dp": "13.6",
                                "$": "900"
                            },
                            {
                                "D": "WSW",
                                "G": "19",
                                "H": "54.4",
                                "P": "1022",
                                "S": "11",
                                "T": "23.0",
                                "V": "30000",
                                "W": "8",
                                "Pt": "R",
                                "Dp": "13.4",
                                "$": "960"
                            }
                        ]
                    }
                ]
            }
        }
    }
}