{
    "SiteRep": {
        "Wx": {
            "Param": [
                {
                    "name": "G",
                    "units": "mph",
                    "$": "Wind Gust"
                },
                {
                    "name": "T",
                    "units": "C",
                    "$": "Temperature"
                },
                {
                    "name": "V",
                    "units": "m",
                    "$": "Visibility"
                },
                {
                    "name": "D",
                    "units": "compass",
                    "$": "Wind Direction"
                },
                {
                    "name": "S",
                    "units": "mph",
                    "$": "Wind Speed"
                },
                {
                    "name": "W",
                    "units": "",
                    "$": "Weather Type"
                },
                {
                    "name": "P",
                    "units": "hpa",
                    "$": "Pressure"
                },
                {
                    "name": "Pt",
                    "units": "Pa/s",
                    "$": "Pressure Tendency"
                },
                {
                    "name": "Dp",
                    "units": "C",
                    "$": "Dew Point"
                },
                {
                    "name": "H",
                    "units": "%",
                    "$": "Screen Relative Humidity"
                }
            ]
        },
        "DV": {
            "dataDate": "2024-06-07T16:00:00Z",
            "type": "Obs",
            "Location": {
                "i": "3772",
                "lat": "51.479",
                "lon": "-0.449",
                "name": "HEATHROW",
                "country": "ENGLAND",
                "continent": "EUROPE",
                "elevation": "25.0",
                "Period": [
                    {
                        "type": "Day",
                        "value": "2024-06-06Z",
                        "Rep": [
                            {
                                "D": "W",
                                "G": "16",
                                "H": "42.4",
                                "P": "1017",
                                "S": "9",
                                "T": "19.8",
                                "V": "65000",
                                "W": "7",
                                "Pt": "F",
                                "Dp": "6.8",
                                "$": "960"
                            },
                            {
                                "D": "W",
                                "G": "18",
                                "H": "47.1",
                                "P": "1017",
                                "S": "8",
                                "T": "17.7",
                                "V": "55000",
                                "W": "8",
                                "Pt": "F",
                                "Dp": "6.4",
                                "$": "1020"
                            },
                            {
                                "D": "W",
                                "G": "16",
                                "H": "42.8",
                                "P": "1017",
                                "S": "9",
                                "T": "18.4",
                                "V": "45000",
                                "W": "8",
                                "Pt": "F",
                                "Dp": "5.7",
                                "$": "1080"
                            },
                            {
                                "D": "WNW",
                                "G": "14",
                                "H": "47.7",
                                "P": "1017",
                                "S": "6",
                                "T": "17.3",
                                "V": "45000",
                                "W": "1",
                                "Pt": "R",
                                "Dp": "6.2",
                                "$": "1140"
                            },
                            {
                                "D": "NW",
                                "G": "9",
                                "H": "50.1",
                                "P": "1017",
                                "S": "5",
                                "T": "16.2",
                                "V": "50000",
                                "W": "7",
                                "Pt": "R",
                                "Dp": "5.9",
                                "$": "1200"
                            },
                            {
                                "D": "W",
                                "G": "13",
                                "H": "52.7",
                                "P": "1018",
                                "S": "6",
                                "T": "15.6",
                                "V": "40000",
                                "W": "2",
                                "Pt": "R",
                                "Dp": "6.1",
                                "$": "1260"
                            },
                            {
                                "D": "W",
                                "G": "13",
                                "H": "60.7",
                                "P": "1018",
                                "S": "6",
                                "T": "14.1",
                                "V": "40000",
                                "W": "2",
                                "Pt": "R",
                                "Dp": "6.7",
                                "$": "1320"
                            },
                            {
                                "D": "W",
                                "G": "13",
                                "H": "65.3",
                                "P": "1018",
                                "S": "7",
                                "T": "13.2",
                                "V": "35000",
                                "W": "2",
                                "Pt": "R",
                                "Dp": "6.9",
                                "$": "1380"
                            }
                        ]
                    },
                    {
                        "type": "Day",
                        "value": "2024-06-07Z",
                        "Rep": [
                            {
                                "D": "W",
                                "G": "13",
                                "H": "69.7",
                                "P": "1019",
                                "S": "8",
                                "T": "12.0",
                                "V": "30000",
                                "W": "0",
                                "Pt": "R",
                                "Dp": "6.7",
                                "$": "0"
                            },
                            {
                                "D": "W",
                                "G": "14",
                                "H": "74.1",
                                "P": "1019",
                                "S": "7",
                                "T": "11.4",
                                "V": "35000",
                                "W": "7",
                                "Pt": "R",
                                "Dp": "7.0",
                                "$": "60"
                            },
                            {
                                "D": "WSW",
                                "G": "11",
                                "H": "82.4",
                                "P": "1019",
                                "S": "5",
                                "T": "8.9",
                                "V": "30000",
                                "W": "0",
                                "Pt": "R",
                                "Dp": "6.1",
                                "$": "120"
                            },
                            {
                                "D": "W",
                                "G": "6",
                                "H": "82.5",
                                "P": "1019",
                                "S": "6",
                                "T": "9.2",
                                "V": "30000",
                                "W": "0",
                                "Pt": "S",
                                "Dp": "6.4",
                                "$": "180"
                            },
                            {
                                "D": "WSW",
                                "G": "6",
                                "H": "85.3",
                                "P": "1019",
                                "S": "5",
                                "T": "8.1",
                                "V": "27000",
                                "W": "1",
                                "Pt": "S",
                                "Dp": "5.8",
                                "$": "240"
                            },
                            {
                                "D": "SW",
                                "G": "8",
                                "H": "85.4",
                                "P": "1019",
                                "S": "5",
                                "T": "9.1",
                                "V": "28000",
                                "W": "1",
                                "Pt": "R",
                                "Dp": "6.8",
                                "$": "300"
                            },
                            {
                                "D": "SSW",
                                "G": "7",
                                "H": "77.7",
                                "P": "1019",
                                "S": "3",
                                "T": "10.9",
                                "V": "27000",
                                "W": "1",
                                "Pt": "R",
                                "Dp": "7.2",
                                "$": "360"
                            },
                            {
                                "D": "W",
                                "G": "11",
                                "H": "68.4",
                                "P": "1019",
                                "S": "7",
                                "T": "12.7",
                                "V": "35000",
                                "W": "1",
                                "Pt": "R",
                                "Dp": "7.1",
                                "$": "420"
                            },
                            {
                                "D": "WSW",
                                "G": "14",
                                "H": "61.1",
                                "P": "1019",
                                "S": "9",
                                "T": "14.4",
                                "V": "40000",
                                "W": "1",
                                "Pt": "R",
                                "Dp": "7.1",
                                "$": "480"
                            },
                            {
                                "D": "W",
                                "G": "15",
                                "H": "54.3",
                                "P": "1019",
                                "S": "8",
                                "T": "16.0",
                                "V": "40000",
                                "W": "1",
                                "Pt": "R",
                                "Dp": "6.9",
                                "$": "540"
                            },
                            {
                                "D": "WSW",
                                "G": "18",
                                "H": "51.5",
                                "P": "1019",
                                "S": "10",
                                "T": "17.4",
                                "V": "45000",
                                "W": "3",
                                "Pt": "F",
                                "Dp": "7.4",
                                "$": "600"
                            },
                            {
                                "D": "SW",
                                "G": "22",
                                "H": "46.1",
                                "P": "1019",
                                "S": "14",
                                "T": "18.9",
                                "V": "50000",
                                "W": "3",
                                "Pt": "F",
                                "Dp": "7.2",
                                "$": "660"
                            },
                            {
                                "D": "WSW",
                                "G": "21",
                                "H": "50.7",
                                "P": "1019",
                                "S": "14",
                                "T": "18.3",
                                "V": "50000",
                                "W": "8",
                                "Pt": "F",
                                "Dp": "8.0",
                                "$": "720"
                            },
                            {
                                "D": "SW",
                                "G": "22",
                                "H": "44.3",
                                "P": "1018",
                                "S": "13",
                                "T": "20.1",
                                "V": "65000",
                                "W": "3",
                                "Pt": "F",
                                "Dp": "7.7",
                                "$": "780"
                            },
                            {
                                "D": "WSW",
                                "G": "23",
                                "H": "46.5",
                                "P": "1017",
                                "S": "13",
                                "T": "19.1",
                                "V": "55000",
                                "W": "8",
                                "Pt": "F",
                                "Dp": "7.5",
                                "$": "840"
                            },
                            {
                                "D": "WSW",
                                "G": "21",
                                "H": "46.8",
                                "P": "1017",
                                "S": "13",
                                "T": "19.1",
                                "V": "50000",
                                "W": "8",
                                "Pt": "F",
                                "Dp": "7.6",
                                "$": "900"
                            },
                            {
                                "D": "W",
                                "G": "22",
                                "H": "49.1",
                                "P": "1016",
                                "S": "13",
                                "T": "18.7",
                                "V": "50000",
                                "W": "8",
                                "Pt": "F",
                                "Dp": "7.9",
                                "$": "960"
                            }
                        ]
                    }
                ]
            }
        }
    }
}