{
    "SiteRep": {
        "Wx": {
            "Param": [
                {
                    "name": "G",
                    "units": "mph",
                    "$": "Wind Gust"
                },
                {
                    "name": "T",
                    "units": "C",
                    "$": "Temperature"
                },
                {
                    "name": "V",
                    "units": "m",
                    "$": "Visibility"
                },
                {
                    "name": "D",
                    "units": "compass",
                    "$": "Wind Direction"
                },
                {
                    "name": "S",
                    "units": "mph",
                    "$": "Wind Speed"
                },
                {
                    "name": "W",
                    "units": "",
                    "$": "Weather Type"
                },
                {
                    "name": "P",
                    "units": "hpa",
                    "$": "Pressure"
                },
                {
                    "name": "Pt",
                    "units": "Pa/s",
                    "$": "Pressure Tendency"
                },
                {
                    "name": "Dp",
                    "units": "C",
                    "$": "Dew Point"
                },
                {
                    "name": "H",
                    "units": "%",
                    "$": "Screen Relative Humidity"
                }
            ]
        },
        "DV": {
            "dataDate": "2023-11-18T16:00:00Z",
            "type": "Obs",
            "Location": {
                "i": "3772",
                "lat": "51.479",
                "lon": "-0.449",
                "name": "HEATHROW",
                "country": "ENGLAND",
                "continent": "EUROPE",
                "elevation": "25.0",
                "Period": [
                    {
                        "type": "Day",
                        "value": "2023-11-17Z",
                        "Rep": [
                            {
                                "D": "SSW",
                                "G": "10",
                                "H": "80.8",
                                "P": "1021",
                                "S": "5",
                                "T": "9.4",
                                "V": "26000",
                                "W": "7",
                                "Pt": "R",
                                "Dp": "6.3",
                                "$": "960"
                            },
                            {
                                "D": "SW",
                                "G": "10",
                                "H": "79.1",
                                "P": "1021",
                                "S": "7",
                                "T": "9.0",
                                "V": "27000",
                                "W": "7",
                                "Pt": "R",
                                "Dp": "5.6",
                                "$": "1020"
                            },
                            {
                                "D": "S",
                                "G": "10",
                                "H": "83.0",
                                "P": "1021",
                                "S": "5",
                                "T": "8.8",
                                "V": "22000",
                                "W": "2",
                                "Pt": "R",
                                "Dp": "6.1",
                                "$": "1080"
                            },
                            {
                                "D": "S",
                                "G": "9",
                                "H": "81.9",
                                "P": "1021",
                                "S": "6",
                                "T": "9.1",
                                "V": "20000",
                                "W": "8",
                                "Pt": "R",
                                "Dp": "6.2",
                                "$": "1140"
                            },
                            {
                                "D": "S",
                                "G": "10",
                                "H": "82.9",
                                "P": "1021",
                                "S": "6",
                                "T": "8.9",
                                "V": "19000",
                                "W": "8",
                                "Pt": "R",
                                "Dp": "6.2",
                                "$": "1200"
                            },
                            {
                                "D": "S",
                                "G": "11",
                                "H": "83.6",
                                "P": "1020",
                                "S": "7",
                                "T": "9.0",
                                "V": "19000",
                                "W": "8",
                                "Pt": "F",
                                "Dp": "6.4",
                                "$": "1260"
                            },
                            {
                                "D": "S",
                                "G": "13",
                                "H": "84.6",
                                "P": "1020",
                                "S": "8",
                                "T": "8.8",
                                "V": "19000",
                                "W": "12",
                                "Pt": "F",
                                "Dp": "6.4",
                                "$": "1320"
                            },
                            {
                                "D": "S",
                                "G": "14",
                                "H": "85.9",
                                "P": "1020",
                                "S": "7",
                                "T": "8.6",
                                "V": "12000",
                                "W": "12",
                                "Pt": "F",
                                "Dp": "6.4",
                                "$": "1380"
                            }
                        ]
                    },
                    {
                        "type": "Day",
                        "value": "2023-11-18Z",
                        "Rep": [
                            {
                                "D": "S",
                                "G": "14",
                                "H": "87.7",
                                "P": "1020",
                                "S": "6",
                                "T": "8.4",
                                "V": "6000",
                                "W": "12",
                                "Pt": "F",
                                "Dp": "6.5",
                                "$": "0"
                            },
                            {
                                "D": "SE",
                                "G": "10",
                                "H": "89.6",
                                "P": "1019",
                                "S": "8",
                                "T": "8.3",
                                "V": "35000",
                                "W": "8",
                                "Pt": "F",
                                "Dp": "6.7",
                                "$": "60"
                            },
                            {
                                "D": "ESE",
                                "G": "16",
                                "H": "95.9",
                                "P": "1017",
                                "S": "9",
                                "T": "7.9",
                                "V": "10000",
                                "W": "11",
                                "Pt": "F",
                                "Dp": "7.3",
                                "$": "120"
                            },
                            {
                                "D": "SE",
                                "G": "15",
                                "H": "98.0",
                                "P": "1016",
                                "S": "9",
                                "T": "8.7",
                                "V": "29000",
                                "W": "8",
                                "Pt": "F",
                                "Dp": "8.4",
                                "$": "180"
                            },
                            {
                                "D": "S",
                                "G": "15",
                                "H": "96.1",
                                "P": "1015",
                                "S": "10",
                                "T": "10.0",
                                "V": "7000",
                                "W": "11",
                                "Pt": "F",
                                "Dp": "9.4",
                                "$": "240"
                            },
                            {
                                "D": "SSE",
                                "G": "17",
                                "H": "96.0",
                                "P": "1014",
                                "S": "11",
                                "T": "10.5",
                                "V": "75000",
                                "W": "8",
                                "Pt": "F",
                                "Dp": "9.9",
                                "$": "300"
                            },
                            {
                                "D": "S",
                                "G": "21",
                                "H": "94.8",
                                "P": "1012",
                                "S": "13",
                                "T": "11.2",
                                "V": "20000",
                                "W": "8",
                                "Pt": "F",
                                "Dp": "10.4",
                                "$": "360"
                            },
                            {
                                "D": "SSE",
                                "G": "21",
                                "H": "94.8",
                                "P": "1011",
                                "S": "14",
                                "T": "11.5",
                                "V": "4700",
                                "W": "12",
                                "Pt": "F",
                                "Dp": "10.7",
                                "$": "420"
                            },
                            {
                                "D": "S",
                                "G": "21",
                                "H": "96.1",
                                "P": "1010",
                                "S": "13",
                                "T": "12.0",
                                "V": "30000",
                                "W": "12",
                                "Pt": "F",
                                "Dp": "11.4",
                                "$": "480"
                            },
                            {
                                "D": "S",
                                "G": "22",
                                "H": "96.1",
                                "P": "1010",
                                "S": "11",
                                "T": "12.8",
                                "V": "2700",
                                "W": "12",
                                "Pt": "F",
                                "Dp": "12.2",
                                "$": "540"
                            },
                            {
                                "D": "S",
                                "G": "18",
                                "H": "97.4",
                                "P": "1009",
                                "S": "10",
                                "T": "13.6",
                                "V": "7000",
                                "W": "11",
                                "Pt": "F",
                                "Dp": "13.2",
                                "$": "600"
                            },
                            {
                                "D": "SSW",
                                "G": "19",
                                "H": "95.5",
                                "P": "1009",
                                "S": "14",
                                "T": "14.5",
                                "V": "3900",
                                "W": "11",
                                "Pt": "F",
                                "Dp": "13.8",
                                "$": "660"
                            },
                            {
                                "D": "SW",
                                "G": "21",
                                "H": "94.3",
                                "P": "1009",
                                "S": "14",
                                "T": "14.9",
                                "V": "6000",
                                "W": "11",
                                "Pt": "F",
                                "Dp": "14.0",
                                "$": "720"
                            },
                            {
                                "D": "SW",
                                "G": "19",
                                "H": "91.3",
                                "P": "1009",
                                "S": "13",
                                "T": "15.2",
                                "V": "55000",
                                "W": "8",
                                "Pt": "F",
                                "Dp": "13.8",
                                "$": "780"
                            },
                            {
                                "D": "SSW",
                                "G": "19",
                                "H": "89.6",
                                "P": "1008",
                                "S": "13",
                                "T": "15.3",
                                "V": "40000",
                                "W": "8",
                                "Pt": "F",
                                "Dp": "13.6",
                                "$": "840"
                            },
                            {
                                "D": "SW",
                                "G": "19",
                                "H": "86.6",
                                "P": "1008",
                                "S": "14",
                                "T": "15.1",
                                "V": "35000",
                                "W": "8",
                                "Pt": "F",
                                "Dp": "12.9",
                                "$": "900"
                            },
                            {
                                "D": "SSW",
                                "G": "19",
                                "H": "86.6",
                                "P": "1008",
                                "S": "14",
                                "T": "14.8",
                                "V": "26000",
                                "W": "8",
                                "Pt": "F",
                                "Dp": "12.6",
                                "$": "960"
                            }
                        ]
                    }
                ]
            }
        }
    }
}