{
    "SiteRep": {
        "Wx": {
            "Param": [
                {
                    "name": "G",
                    "units": "mph",
                    "$": "Wind Gust"
                },
                {
                    "name": "T",
                    "units": "C",
                    "$": "Temperature"
                },
                {
                    "name": "V",
                    "units": "m",
                    "$": "Visibility"
                },
                {
                    "name": "D",
                    "units": "compass",
                    "$": "Wind Direction"
                },
                {
                    "name": "S",
                    "units": "mph",
                    "$": "Wind Speed"
                },
                {
                    "name": "W",
                    "units": "",
                    "$": "Weather Type"
                },
                {
                    "name": "P",
                    "units": "hpa",
                    "$": "Pressure"
                },
                {
                    "name": "Pt",
                    "units": "Pa/s",
                    "$": "Pressure Tendency"
                },
                {
                    "name": "Dp",
                    "units": "C",
                    "$": "Dew Point"
                },
                {
                    "name": "H",
                    "units": "%",
                    "$": "Screen Relative Humidity"
                }
            ]
        },
        "DV": {
            "dataDate": "2025-02-15T16:00:00Z",
            "type": "Obs",
            "Location": {
                "i": "3772",
                "lat": "51.479",
                "lon": "-0.449",
                "name": "HEATHROW",
                "country": "ENGLAND",
                "continent": "EUROPE",
                "elevation": "25.0",
                "Period": [
                    {
                        "type": "Day",
                        "value": "2025-02-14Z",
                        "Rep": [
                            {
                                "D": "ESE",
                                "G": "17",
                                "H": "54.8",
                                "P": "1023",
                                "S": "11",
                                "T": "5.5",
                                "V": "22000",
                                "W": "3",
                                "Pt": "F",
                                "Dp": "-2.7",
                                "$": "960"
                            },
                            {
                                "D": "SE",
                                "G": "17",
                                "H": "57.9",
                                "P": "1024",
                                "S": "9",
                                "T": "4.2",
                                "V": "20000",
                                "W": "0",
                                "Pt": "F",
                                "Dp": "-3.2",
                                "$": "1020"
                            },
                            {
                                "D": "ESE",
                                "G": "13",
                                "H": "63.7",
                                "P": "1024",
                                "S": "10",
                                "T": "3.4",
                                "V": "17000",
                                "W": "8",
                                "Pt": "F",
                                "Dp": "-2.7",
                                "$": "1080"
                            },
                            {
                                "D": "ESE",
                                "G": "16",
                                "H": "69.1",
                                "P": "1024",
                                "S": "11",
                                "T": "3.0",
                                "V": "12000",
                                "W": "8",
                                "Pt": "R",
                                "Dp": "-2.0",
                                "$": "1140"
                            },
                            {
                                "D": "ESE",
                                "G": "17",
                                "H": "74.8",
                                "P": "1024",
                                "S": "9",
                                "T": "1.7",
                                "V": "9000",
                                "W": "5",
                                "Pt": "R",
                                "Dp": "-2.2",
                                "$": "1200"
                            },
                            {
                                "D": "ESE",
                                "G": "13",
                                "H": "80.6",
                                "P": "1024",
                                "S": "7",
                                "T": "1.4",
                                "V": "8000",
                                "W": "5",
                                "Pt": "R",
                                "Dp": "-1.5",
                                "$": "1260"
                            },
                            {
                                "D": "ESE",
                                "G": "15",
                                "H": "75.6",
                                "P": "1024",
                                "S": "11",
                                "T": "2.7",
                                "V": "9000",
                                "W": "5",
                                "Pt": "F",
                                "Dp": "-1.1",
                                "$": "1320"
                            },
                            {
                                "D": "ESE",
                                "G": "17",
                                "H": "79.2",
                                "P": "1024",
                                "S": "10",
                                "T": "2.4",
                                "V": "8000",
                                "W": "5",
                                "Pt": "F",
                                "Dp": "-0.8",
                                "$": "1380"
                            }
                        ]
                    },
                    {
                        "type": "Day",
                        "value": "2025-02-15Z",
                        "Rep": [
                            {
                                "D": "ESE",
                                "G": "16",
                                "H": "79.6",
                                "P": "1023",
                                "S": "8",
                                "T": "2.7",
                                "V": "8000",
                                "W": "5",
                                "Pt": "F",
                                "Dp": "-0.4",
                                "$": "0"
                            },
                            {
                                "D": "ESE",
                                "G": "14",
                                "H": "79.7",
                                "P": "1023",
                                "S": "10",
                                "T": "3.0",
                                "V": "9000",
                                "W": "5",
                                "Pt": "F",
                                "Dp": "-0.1",
                                "$": "60"
                            },
                            {
                                "D": "ESE",
                                "G": "15",
                                "H": "79.7",
                                "P": "1022",
                                "S": "9",
                                "T": "3.0",
                                "V": "9000",
                                "W": "5",
                                "Pt": "F",
                                "Dp": "-0.1",
                                "$": "120"
                            },
                            {
                                "D": "ESE",
                                "G": "13",
                                "H": "81.0",
                                "P": "1022",
                                "S": "8",
                                "T": "3.1",
                                "V": "9000",
                                "W": "5",
                                "Pt": "F",
                                "Dp": "0.2",
                                "$": "180"
                            },
                            {
                                "D": "SE",
                                "G": "13",
                                "H": "79.8",
                                "P": "1021",
                                "S": "8",
                                "T": "3.2",
                                "V": "10000",
                                "W": "5",
                                "Pt": "F",
                                "Dp": "0.1",
                                "$": "240"
                            },
                            {
                                "D": "ESE",
                                "G": "11",
                                "H": "80.4",
                                "P": "1021",
                                "S": "8",
                                "T": "3.2",
                                "V": "10000",
                                "W": "8",
                                "Pt": "F",
                                "Dp": "0.2",
                                "$": "300"
                            },
                            {
                                "D": "ESE",
                                "G": "11",
                                "H": "79.8",
                                "P": "1021",
                                "S": "8",
                                "T": "3.3",
                                "V": "10000",
                                "W": "8",
                                "Pt": "F",
                                "Dp": "0.2",
                                "$": "360"
                            },
                            {
                                "D": "ESE",
                                "G": "13",
                                "H": "78.7",
                                "P": "1020",
                                "S": "9",
                                "T": "3.5",
                                "V": "11000",
                                "W": "8",
                                "Pt": "F",
                                "Dp": "0.2",
                                "$": "420"
                            },
                            {
                                "D": "ESE",
                                "G": "13",
                                "H": "79.4",
                                "P": "1021",
                                "S": "9",
                                "T": "3.5",
                                "V": "11000",
                                "W": "8",
                                "Pt": "F",
                                "Dp": "0.3",
                                "$": "480"
                            },
                            {
                                "D": "ESE",
                                "G": "14",
                                "H": "79.5",
                                "P": "1020",
                                "S": "10",
                                "T": "4.0",
                                "V": "11000",
                                "W": "8",
                                "Pt": "F",
                                "Dp": "0.8",
                                "$": "540"
                            },
                            {
                                "D": "SE",
                                "G": "14",
                                "H": "76.7",
                                "P": "1020",
                                "S": "8",
                                "T": "4.6",
                                "V": "11000",
                                "W": "8",
                                "Pt": "F",
                                "Dp": "0.9",
                                "$": "600"
                            },
                            {
                                "D": "SE",
                                "G": "14",
                                "H": "77.8",
                                "P": "1020",
                                "S": "8",
                                "T": "5.0",
                                "V": "11000",
                                "W": "8",
                                "Pt": "F",
                                "Dp": "1.5",
                                "$": "660"
                            },
                            {
                                "D": "SE",
                                "G": "15",
                                "H": "73.0",
                                "P": "1019",
                                "S": "9",
                                "T": "5.5",
                                "V": "12000",
                                "W": "12",
                                "Pt": "F",
                                "Dp": "1.1",
                                "$": "720"
                            },
                            {
                                "D": "SSE",
                                "G": "14",
                                "H": "74.2",
                                "P": "1019",
                                "S": "9",
                                "T": "6.1",
                                "V": "13000",
                                "W": "8",
                                "Pt": "F",
                                "Dp": "1.9",
                                "$": "780"
                            },
                            {
                                "D": "SSE",
                                "G": "15",
                                "H": "67.8",
                                "P": "1018",
                                "S": "6",
                                "T": "6.1",
                                "V": "16000",
                                "W": "8",
                                "Pt": "F",
                                "Dp": "0.7",
                                "$": "840"
                            },
                            {
                                "D": "SE",
                                "G": "16",
                                "H": "76.3",
                                "P": "1018",
                                "S": "10",
                                "T": "5.6",
                                "V": "11000",
                                "W": "12",
                                "Pt": "F",
                                "Dp": "1.8",
                                "$": "900"
                            },
                            {
                                "D": "SE",
                                "G": "15",
                                "H": "73.6",
                                "P": "1018",
                                "S": "10",
                                "T": "5.7",
                                "V": "15000",
                                "W": "12",
                                "Pt": "F",
                                "Dp": "1.4",
                                "$": "960"
                            }
                        ]
                    }
                ]
            }
        }
    }
}