{
    "SiteRep": {
        "Wx": {
            "Param": [
                {
                    "name": "G",
                    "units": "mph",
                    "$": "Wind Gust"
                },
                {
                    "name": "T",
                    "units": "C",
                    "$": "Temperature"
                },
                {
                    "name": "V",
                    "units": "m",
                    "$": "Visibility"
                },
                {
                    "name": "D",
                    "units": "compass",
                    "$": "Wind Direction"
                },
                {
                    "name": "S",
                    "units": "mph",
                    "$": "Wind Speed"
                },
                {
                    "name": "W",
                    "units": "",
                    "$": "Weather Type"
                },
                {
                    "name": "P",
                    "units": "hpa",
                    "$": "Pressure"
                },
                {
                    "name": "Pt",
                    "units": "Pa/s",
                    "$": "Pressure Tendency"
                },
                {
                    "name": "Dp",
                    "units": "C",
                    "$": "Dew Point"
                },
                {
                    "name": "H",
                    "units": "%",
                    "$": "Screen Relative Humidity"
                }
            ]
        },
        "DV": {
            "dataDate": "2024-03-27T16:00:00Z",
            "type": "Obs",
            "Location": {
                "i": "3772",
                "lat": "51.479",
                "lon": "-0.449",
                "name": "HEATHROW",
                "country": "ENGLAND",
                "continent": "EUROPE",
                "elevation": "25.0",
                "Period": [
                    {
                        "type": "Day",
                        "value": "2024-03-26Z",
                        "Rep": [
                            {
                                "D": "SE",
                                "G": "11",
                                "H": "82.3",
                                "P": "985",
                                "S": "7",
                                "T": "10.6",
                                "V": "5000",
                                "W": "12",
                                "Pt": "F",
                                "Dp": "7.7",
                                "$": "960"
                            },
                            {
                                "D": "ESE",
                                "G": "9",
                                "H": "89.3",
                                "P": "984",
                                "S": "2",
                                "T": "9.9",
                                "V": "4500",
                                "W": "12",
                                "Pt": "F",
                                "Dp": "8.2",
                                "$": "1020"
                            },
                            {
                                "D": "NNE",
                                "G": "3",
                                "H": "91.0",
                                "P": "984",
                                "S": "2",
                                "T": "9.8",
                                "V": "4800",
                                "W": "12",
                                "Pt": "F",
                                "Dp": "8.4",
                                "$": "1080"
                            },
                            {
                                "D": "E",
                                "G": "6",
                                "H": "94.7",
                                "P": "983",
                                "S": "5",
                                "T": "9.6",
                                "V": "5000",
                                "W": "12",
                                "Pt": "F",
                                "Dp": "8.8",
                                "$": "1140"
                            },
                            {
                                "D": "SW",
                                "G": "8",
                                "H": "95.4",
                                "P": "983",
                                "S": "7",
                                "T": "9.4",
                                "V": "2900",
                                "W": "12",
                                "Pt": "F",
                                "Dp": "8.7",
                                "$": "1200"
                            },
                            {
                                "D": "SW",
                                "G": "13",
                                "H": "96.0",
                                "P": "982",
                                "S": "8",
                                "T": "8.9",
                                "V": "2300",
                                "W": "15",
                                "Pt": "F",
                                "Dp": "8.3",
                                "$": "1260"
                            },
                            {
                                "D": "WSW",
                                "G": "28",
                                "H": "94.1",
                                "P": "982",
                                "S": "17",
                                "T": "6.9",
                                "V": "4000",
                                "W": "12",
                                "Pt": "F",
                                "Dp": "6.0",
                                "$": "1320"
                            },
                            {
                                "D": "WSW",
                                "G": "26",
                                "H": "94.0",
                                "P": "982",
                                "S": "13",
                                "T": "6.3",
                                "V": "11000",
                                "W": "12",
                                "Pt": "F",
                                "Dp": "5.4",
                                "$": "1380"
                            }
                        ]
                    },
                    {
                        "type": "Day",
                        "value": "2024-03-27Z",
                        "Rep": [
                            {
                                "D": "SSW",
                                "G": "16",
                                "H": "93.5",
                                "P": "982",
                                "S": "11",
                                "T": "6.2",
                                "V": "65000",
                                "W": "12",
                                "Pt": "F",
                                "Dp": "5.2",
                                "$": "0"
                            },
                            {
                                "D": "SSW",
                                "G": "16",
                                "H": "94.0",
                                "P": "981",
                                "S": "5",
                                "T": "5.4",
                                "V": "65000",
                                "W": "2",
                                "Pt": "F",
                                "Dp": "4.5",
                                "$": "60"
                            },
                            {
                                "D": "S",
                                "G": "13",
                                "H": "95.3",
                                "P": "982",
                                "S": "9",
                                "T": "5.4",
                                "V": "50000",
                                "W": "7",
                                "Pt": "F",
                                "Dp": "4.7",
                                "$": "120"
                            },
                            {
                                "D": "SSW",
                                "G": "15",
                                "H": "94.6",
                                "P": "981",
                                "S": "7",
                                "T": "5.2",
                                "V": "30000",
                                "W": "8",
                                "Pt": "F",
                                "Dp": "4.4",
                                "$": "180"
                            },
                            {
                                "D": "SSE",
                                "G": "10",
                                "H": "95.3",
                                "P": "981",
                                "S": "6",
                                "T": "4.7",
                                "V": "30000",
                                "W": "7",
                                "Pt": "F",
                                "Dp": "4.0",
                                "$": "240"
                            },
                            {
                                "D": "SE",
                                "G": "11",
                                "H": "95.3",
                                "P": "981",
                                "S": "8",
                                "T": "5.0",
                                "V": "35000",
                                "W": "2",
                                "Pt": "F",
                                "Dp": "4.3",
                                "$": "300"
                            },
                            {
                                "D": "SSE",
                                "G": "11",
                                "H": "94.0",
                                "P": "980",
                                "S": "8",
                                "T": "5.4",
                                "V": "30000",
                                "W": "3",
                                "Pt": "F",
                                "Dp": "4.5",
                                "$": "360"
                            },
                            {
                                "D": "SE",
                                "G": "14",
                                "H": "93.4",
                                "P": "980",
                                "S": "10",
                                "T": "6.5",
                                "V": "27000",
                                "W": "1",
                                "Pt": "F",
                                "Dp": "5.5",
                                "$": "420"
                            },
                            {
                                "D": "SSE",
                                "G": "18",
                                "H": "86.1",
                                "P": "980",
                                "S": "10",
                                "T": "8.2",
                                "V": "30000",
                                "W": "3",
                                "Pt": "F",
                                "Dp": "6.0",
                                "$": "480"
                            },
                            {
                                "D": "SSE",
                                "G": "30",
                                "H": "74.7",
                                "P": "980",
                                "S": "19",
                                "T": "9.5",
                                "V": "40000",
                                "W": "3",
                                "Pt": "S",
                                "Dp": "5.2",
                                "$": "540"
                            },
                            {
                                "D": "SSE",
                                "G": "30",
                                "H": "62.0",
                                "P": "980",
                                "S": "18",
                                "T": "10.9",
                                "V": "45000",
                                "W": "8",
                                "Pt": "R",
                                "Dp": "3.8",
                                "$": "600"
                            },
                            {
                                "D": "SSE",
                                "G": "32",
                                "H": "64.2",
                                "P": "980",
                                "S": "21",
                                "T": "11.5",
                                "V": "45000",
                                "W": "8",
                                "Pt": "F",
                                "Dp": "4.9",
                                "$": "660"
                            },
                            {
                                "D": "SSE",
                                "G": "37",
                                "H": "68.6",
                                "P": "980",
                                "S": "21",
                                "T": "10.8",
                                "V": "40000",
                                "W": "12",
                                "Pt": "F",
                                "Dp": "5.2",
                                "$": "720"
                            },
                            {
                                "D": "SSW",
                                "G": "36",
                                "H": "91.5",
                                "P": "981",
                                "S": "13",
                                "T": "6.2",
                                "V": "3500",
                                "W": "12",
                                "Pt": "R",
                                "Dp": "4.9",
                                "$": "780"
                            },
                            {
                                "D": "SSE",
                                "G": "19",
                                "H": "81.6",
                                "P": "980",
                                "S": "11",
                                "T": "9.2",
                                "V": "75000",
                                "W": "8",
                                "Pt": "R",
                                "Dp": "6.2",
                                "$": "840"
                            },
                            {
                                "D": "SSE",
                                "G": "22",
                                "H": "74.7",
                                "P": "980",
                                "S": "15",
                                "T": "9.4",
                                "V": "75000",
                                "W": "3",
                                "Pt": "R",
                                "Dp": "5.1",
                                "$": "900"
                            },
                            {
                                "D": "S",
                                "G": "26",
                                "H": "64.8",
                                "P": "980",
                                "S": "15",
                                "T": "9.8",
                                "V": "55000",
                                "W": "1",
                                "Pt": "F",
                                "Dp": "3.4",
                                "$": "960"
                            }
                        ]
                    }
                ]
            }
        }
    }
}