{
    "SiteRep": {
        "Wx": {
            "Param": [
                {
                    "name": "G",
                    "units": "mph",
                    "$": "Wind Gust"
                },
                {
                    "name": "T",
                    "units": "C",
                    "$": "Temperature"
                },
                {
                    "name": "V",
                    "units": "m",
                    "$": "Visibility"
                },
                {
                    "name": "D",
                    "units": "compass",
                    "$": "Wind Direction"
                },
                {
                    "name": "S",
                    "units": "mph",
                    "$": "Wind Speed"
                },
                {
                    "name": "W",
                    "units": "",
                    "$": "Weather Type"
                },
                {
                    "name": "P",
                    "units": "hpa",
                    "$": "Pressure"
                },
                {
                    "name": "Pt",
                    "units": "Pa/s",
                    "$": "Pressure Tendency"
                },
                {
                    "name": "Dp",
                    "units": "C",
                    "$": "Dew Point"
                },
                {
                    "name": "H",
                    "units": "%",
                    "$": "Screen Relative Humidity"
                }
            ]
        },
        "DV": {
            "dataDate": "2024-03-03T16:00:00Z",
            "type": "Obs",
            "Location": {
                "i": "3772",
                "lat": "51.479",
                "lon": "-0.449",
                "name": "HEATHROW",
                "country": "ENGLAND",
                "continent": "EUROPE",
                "elevation": "25.0",
                "Period": [
                    {
                        "type": "Day",
                        "value": "2024-03-02Z",
                        "Rep": [
                            {
                                "D": "S",
                                "G": "26",
                                "H": "74.4",
                                "P": "992",
                                "S": "9",
                                "T": "7.9",
                                "V": "50000",
                                "W": "7",
                                "Pt": "R",
                                "Dp": "3.6",
                                "$": "960"
                            },
                            {
                                "D": "S",
                                "G": "19",
                                "H": "76.3",
                                "P": "992",
                                "S": "10",
                                "T": "7.0",
                                "V": "65000",
                                "W": "1",
                                "Pt": "R",
                                "Dp": "3.1",
                                "$": "1020"
                            },
                            {
                                "D": "S",
                                "G": "15",
                                "H": "74.0",
                                "P": "993",
                                "S": "9",
                                "T": "6.4",
                                "V": "55000",
                                "W": "7",
                                "Pt": "R",
                                "Dp": "2.1",
                                "$": "1080"
                            },
                            {
                                "D": "SSW",
                                "G": "14",
                                "H": "75.5",
                                "P": "994",
                                "S": "7",
                                "T": "5.8",
                                "V": "50000",
                                "W": "2",
                                "Pt": "R",
                                "Dp": "1.8",
                                "$": "1140"
                            },
                            {
                                "D": "S",
                                "G": "11",
                                "H": "79.7",
                                "P": "995",
                                "S": "6",
                                "T": "4.1",
                                "V": "40000",
                                "W": "0",
                                "Pt": "R",
                                "Dp": "0.9",
                                "$": "1200"
                            },
                            {
                                "D": "S",
                                "G": "15",
                                "H": "82.7",
                                "P": "995",
                                "S": "5",
                                "T": "4.2",
                                "V": "35000",
                                "W": "0",
                                "Pt": "R",
                                "Dp": "1.5",
                                "$": "1260"
                            },
                            {
                                "D": "S",
                                "G": "10",
                                "H": "86.1",
                                "P": "995",
                                "S": "6",
                                "T": "3.6",
                                "V": "35000",
                                "W": "7",
                                "Pt": "R",
                                "Dp": "1.5",
                                "$": "1320"
                            },
                            {
                                "D": "S",
                                "G": "10",
                                "H": "86.7",
                                "P": "996",
                                "S": "6",
                                "T": "3.4",
                                "V": "40000",
                                "W": "8",
                                "Pt": "R",
                                "Dp": "1.4",
                                "$": "1380"
                            }
                        ]
                    },
                    {
                        "type": "Day",
                        "value": "2024-03-03Z",
                        "Rep": [
                            {
                                "D": "SSW",
                                "G": "8",
                                "H": "88.5",
                                "P": "996",
                                "S": "3",
                                "T": "2.1",
                                "V": "29000",
                                "W": "8",
                                "Pt": "R",
                                "Dp": "0.4",
                                "$": "0"
                            },
                            {
                                "D": "SSW",
                                "G": "6",
                                "H": "92.4",
                                "P": "997",
                                "S": "3",
                                "T": "1.6",
                                "V": "27000",
                                "W": "8",
                                "Pt": "R",
                                "Dp": "0.5",
                                "$": "60"
                            },
                            {
                                "D": "WSW",
                                "G": "6",
                                "H": "95.0",
                                "P": "997",
                                "S": "2",
                                "T": "1.6",
                                "V": "23000",
                                "W": "8",
                                "Pt": "R",
                                "Dp": "0.9",
                                "$": "120"
                            },
                            {
                                "D": "S",
                                "G": "3",
                                "H": "95.8",
                                "P": "998",
                                "S": "2",
                                "T": "0.7",
                                "V": "16000",
                                "W": "8",
                                "Pt": "R",
                                "Dp": "0.1",
                                "$": "180"
                            },
                            {
                                "D": "N",
                                "G": "3",
                                "H": "96.3",
                                "P": "998",
                                "S": "0",
                                "T": "0.7",
                                "V": "14000",
                                "W": "8",
                                "Pt": "R",
                                "Dp": "0.2",
                                "$": "240"
                            },
                            {
                                "D": "SW",
                                "G": "3",
                                "H": "97.2",
                                "P": "998",
                                "S": "2",
                                "T": "0.8",
                                "V": "15000",
                                "W": "8",
                                "Pt": "R",
                                "Dp": "0.4",
                                "$": "300"
                            },
                            {
                                "D": "W",
                                "G": "3",
                                "H": "97.0",
                                "P": "999",
                                "S": "1",
                                "T": "0.7",
                                "V": "12000",
                                "W": "8",
                                "Pt": "R",
                                "Dp": "0.3",
                                "$": "360"
                            },
                            {
                                "D": "NNW",
                                "G": "3",
                                "H": "96.7",
                                "P": "1000",
                                "S": "2",
                                "T": "0.1",
                                "V": "5000",
                                "W": "5",
                                "Pt": "R",
                                "Dp": "-0.3",
                                "$": "420"
                            },
                            {
                                "D": "WNW",
                                "G": "5",
                                "H": "98.6",
                                "P": "1001",
                                "S": "2",
                                "T": "0.4",
                                "V": "6000",
                                "W": "5",
                                "Pt": "R",
                                "Dp": "0.2",
                                "$": "480"
                            },
                            {
                                "D": "WNW",
                                "G": "3",
                                "H": "98.6",
                                "P": "1001",
                                "S": "2",
                                "T": "1.7",
                                "V": "10000",
                                "W": "3",
                                "Pt": "R",
                                "Dp": "1.5",
                                "$": "540"
                            },
                            {
                                "D": "W",
                                "G": "8",
                                "H": "95.2",
                                "P": "1002",
                                "S": "5",
                                "T": "3.2",
                                "V": "16000",
                                "W": "1",
                                "Pt": "R",
                                "Dp": "2.5",
                                "$": "600"
                            },
                            {
                                "D": "W",
                                "G": "7",
                                "H": "85.6",
                                "P": "1003",
                                "S": "3",
                                "T": "5.6",
                                "V": "28000",
                                "W": "1",
                                "Pt": "R",
                                "Dp": "3.4",
                                "$": "660"
                            },
                            {
                                "D": "W",
                                "G": "9",
                                "H": "76.7",
                                "P": "1003",
                                "S": "7",
                                "T": "7.0",
                                "V": "35000",
                                "W": "8",
                                "Pt": "R",
                                "Dp": "3.2",
                                "$": "720"
                            },
                            {
                                "D": "W",
                                "G": "11",
                                "H": "67.7",
                                "P": "1003",
                                "S": "7",
                                "T": "8.1",
                                "V": "45000",
                                "W": "3",
                                "Pt": "R",
                                "Dp": "2.5",
                                "$": "780"
                            },
                            {
                                "D": "W",
                                "G": "11",
                                "H": "57.9",
                                "P": "1003",
                                "S": "6",
                                "T": "10.2",
                                "V": "60000",
                                "W": "3",
                                "Pt": "R",
                                "Dp": "2.3",
                                "$": "840"
                            },
                            {
                                "D": "SW",
                                "G": "15",
                                "H": "55.6",
                                "P": "1004",
                                "S": "8",
                                "T": "10.8",
                                "V": "75000",
                                "W": "8",
                                "Pt": "R",
                                "Dp": "2.3",
                                "$": "900"
                            }
                        ]
                    }
                ]
            }
        }
    }
}