{
    "SiteRep": {
        "Wx": {
            "Param": [
                {
                    "name": "G",
                    "units": "mph",
                    "$": "Wind Gust"
                },
                {
                    "name": "T",
                    "units": "C",
                    "$": "Temperature"
                },
                {
                    "name": "V",
                    "units": "m",
                    "$": "Visibility"
                },
                {
                    "name": "D",
                    "units": "compass",
                    "$": "Wind Direction"
                },
                {
                    "name": "S",
                    "units": "mph",
                    "$": "Wind Speed"
                },
                {
                    "name": "W",
                    "units": "",
                    "$": "Weather Type"
                },
                {
                    "name": "P",
                    "units": "hpa",
                    "$": "Pressure"
                },
                {
                    "name": "Pt",
                    "units": "Pa/s",
                    "$": "Pressure Tendency"
                },
                {
                    "name": "Dp",
                    "units": "C",
                    "$": "Dew Point"
                },
                {
                    "name": "H",
                    "units": "%",
                    "$": "Screen Relative Humidity"
                }
            ]
        },
        "DV": {
            "dataDate": "2024-05-15T16:00:00Z",
            "type": "Obs",
            "Location": {
                "i": "3772",
                "lat": "51.479",
                "lon": "-0.449",
                "name": "HEATHROW",
                "country": "ENGLAND",
                "continent": "EUROPE",
                "elevation": "25.0",
                "Period": [
                    {
                        "type": "Day",
                        "value": "2024-05-14Z",
                        "Rep": [
                            {
                                "D": "SE",
                                "G": "19",
                                "H": "68.5",
                                "P": "1001",
                                "S": "14",
                                "T": "16.4",
                                "V": "45000",
                                "W": "3",
                                "Pt": "R",
                                "Dp": "10.6",
                                "$": "960"
                            },
                            {
                                "D": "SE",
                                "G": "19",
                                "H": "68.1",
                                "P": "1001",
                                "S": "13",
                                "T": "16.8",
                                "V": "45000",
                                "W": "7",
                                "Pt": "R",
                                "Dp": "10.9",
                                "$": "1020"
                            },
                            {
                                "D": "SE",
                                "G": "21",
                                "H": "69.9",
                                "P": "1001",
                                "S": "13",
                                "T": "16.5",
                                "V": "45000",
                                "W": "8",
                                "Pt": "R",
                                "Dp": "11.0",
                                "$": "1080"
                            },
                            {
                                "D": "ESE",
                                "G": "19",
                                "H": "73.2",
                                "P": "1002",
                                "S": "11",
                                "T": "15.9",
                                "V": "45000",
                                "W": "8",
                                "Pt": "R",
                                "Dp": "11.1",
                                "$": "1140"
                            },
                            {
                                "D": "ESE",
                                "G": "21",
                                "H": "78.5",
                                "P": "1002",
                                "S": "13",
                                "T": "14.7",
                                "V": "40000",
                                "W": "7",
                                "Pt": "R",
                                "Dp": "11.0",
                                "$": "1200"
                            },
                            {
                                "D": "ESE",
                                "G": "19",
                                "H": "82.2",
                                "P": "1002",
                                "S": "13",
                                "T": "14.7",
                                "V": "40000",
                                "W": "8",
                                "Pt": "R",
                                "Dp": "11.7",
                                "$": "1260"
                            },
                            {
                                "D": "ESE",
                                "G": "24",
                                "H": "85.4",
                                "P": "1002",
                                "S": "13",
                                "T": "14.4",
                                "V": "45000",
                                "W": "12",
                                "Pt": "R",
                                "Dp": "12.0",
                                "$": "1320"
                            },
                            {
                                "D": "ESE",
                                "G": "21",
                                "H": "91.3",
                                "P": "1002",
                                "S": "11",
                                "T": "13.9",
                                "V": "19000",
                                "W": "12",
                                "Pt": "R",
                                "Dp": "12.5",
                                "$": "1380"
                            }
                        ]
                    },
                    {
                        "type": "Day",
                        "value": "2024-05-15Z",
                        "Rep": [
                            {
                                "D": "ESE",
                                "G": "14",
                                "H": "93.1",
                                "P": "1002",
                                "S": "9",
                                "T": "13.8",
                                "V": "30000",
                                "W": "12",
                                "Pt": "R",
                                "Dp": "12.7",
                                "$": "0"
                            },
                            {
                                "D": "ESE",
                                "G": "14",
                                "H": "93.1",
                                "P": "1002",
                                "S": "7",
                                "T": "13.6",
                                "V": "27000",
                                "W": "8",
                                "Pt": "F",
                                "Dp": "12.5",
                                "$": "60"
                            },
                            {
                                "D": "ESE",
                                "G": "10",
                                "H": "93.1",
                                "P": "1002",
                                "S": "7",
                                "T": "13.8",
                                "V": "28000",
                                "W": "8",
                                "Pt": "F",
                                "Dp": "12.7",
                                "$": "120"
                            },
                            {
                                "D": "SE",
                                "G": "13",
                                "H": "91.8",
                                "P": "1002",
                                "S": "7",
                                "T": "13.7",
                                "V": "26000",
                                "W": "8",
                                "Pt": "F",
                                "Dp": "12.4",
                                "$": "180"
                            },
                            {
                                "D": "E",
                                "G": "10",
                                "H": "93.0",
                                "P": "1003",
                                "S": "7",
                                "T": "12.7",
                                "V": "18000",
                                "W": "8",
                                "Pt": "R",
                                "Dp": "11.6",
                                "$": "240"
                            },
                            {
                                "D": "E",
                                "G": "10",
                                "H": "92.4",
                                "P": "1003",
                                "S": "6",
                                "T": "12.9",
                                "V": "20000",
                                "W": "8",
                                "Pt": "R",
                                "Dp": "11.7",
                                "$": "300"
                            },
                            {
                                "D": "ESE",
                                "G": "11",
                                "H": "90.6",
                                "P": "1004",
                                "S": "8",
                                "T": "13.1",
                                "V": "28000",
                                "W": "8",
                                "Pt": "R",
                                "Dp": "11.6",
                                "$": "360"
                            },
                            {
                                "D": "SE",
                                "G": "13",
                                "H": "85.0",
                                "P": "1004",
                                "S": "8",
                                "T": "14.8",
                                "V": "30000",
                                "W": "8",
                                "Pt": "R",
                                "Dp": "12.3",
                                "$": "420"
                            },
                            {
                                "D": "SE",
                                "G": "11",
                                "H": "80.5",
                                "P": "1004",
                                "S": "7",
                                "T": "14.7",
                                "V": "40000",
                                "W": "8",
                                "Pt": "R",
                                "Dp": "11.4",
                                "$": "480"
                            },
                            {
                                "D": "SSE",
                                "G": "16",
                                "H": "66.2",
                                "P": "1004",
                                "S": "10",
                                "T": "16.2",
                                "V": "55000",
                                "W": "8",
                                "Pt": "R",
                                "Dp": "9.9",
                                "$": "540"
                            },
                            {
                                "D": "SE",
                                "G": "16",
                                "H": "65.7",
                                "P": "1004",
                                "S": "9",
                                "T": "18.0",
                                "V": "50000",
                                "W": "8",
                                "Pt": "R",
                                "Dp": "11.5",
                                "$": "600"
                            },
                            {
                                "D": "SE",
                                "G": "16",
                                "H": "58.1",
                                "P": "1004",
                                "S": "7",
                                "T": "19.0",
                                "V": "60000",
                                "W": "7",
                                "Pt": "R",
                                "Dp": "10.6",
                                "$": "660"
                            },
                            {
                                "D": "SE",
                                "G": "18",
                                "H": "54.6",
                                "P": "1004",
                                "S": "11",
                                "T": "18.5",
                                "V": "60000",
                                "W": "7",
                                "Pt": "R",
                                "Dp": "9.2",
                                "$": "720"
                            },
                            {
                                "D": "SE",
                                "G": "19",
                                "H": "46.9",
                                "P": "1004",
                                "S": "11",
                                "T": "19.6",
                                "V": "75000",
                                "W": "7",
                                "Pt": "F",
                                "Dp": "8.0",
                                "$": "780"
                            },
                            {
                                "D": "SE",
                                "G": "22",
                                "H": "46.2",
                                "P": "1004",
                                "S": "11",
                                "T": "20.1",
                                "V": "55000",
                                "W": "7",
                                "Pt": "S",
                                "Dp": "8.2",
                                "$": "840"
                            },
                            {
                                "D": "SSE",
                                "G": "18",
                                "H": "47.5",
                                "P": "1004",
                                "S": "10",
                                "T": "20.3",
                                "V": "75000",
                                "W": "3",
                                "Pt": "S",
                                "Dp": "8.8",
                                "$": "900"
                            },
                            {
                                "D": "SE",
                                "G": "17",
                                "H": "47.1",
                                "P": "1004",
                                "S": "9",
                                "T": "20.1",
                                "V": "60000",
                                "W": "1",
                                "Pt": "R",
                                "Dp": "8.5",
                                "$": "960"
                            }
                        ]
                    }
                ]
            }
        }
    }
}