{
    "SiteRep": {
        "Wx": {
            "Param": [
                {
                    "name": "G",
                    "units": "mph",
                    "$": "Wind Gust"
                },
                {
                    "name": "T",
                    "units": "C",
                    "$": "Temperature"
                },
                {
                    "name": "V",
                    "units": "m",
                    "$": "Visibility"
                },
                {
                    "name": "D",
                    "units": "compass",
                    "$": "Wind Direction"
                },
                {
                    "name": "S",
                    "units": "mph",
                    "$": "Wind Speed"
                },
                {
                    "name": "W",
                    "units": "",
                    "$": "Weather Type"
                },
                {
                    "name": "P",
                    "units": "hpa",
                    "$": "Pressure"
                },
                {
                    "name": "Pt",
                    "units": "Pa/s",
                    "$": "Pressure Tendency"
                },
                {
                    "name": "Dp",
                    "units": "C",
                    "$": "Dew Point"
                },
                {
                    "name": "H",
                    "units": "%",
                    "$": "Screen Relative Humidity"
                }
            ]
        },
        "DV": {
            "dataDate": "2024-02-27T16:00:00Z",
            "type": "Obs",
            "Location": {
                "i": "3772",
                "lat": "51.479",
                "lon": "-0.449",
                "name": "HEATHROW",
                "country": "ENGLAND",
                "continent": "EUROPE",
                "elevation": "25.0",
                "Period": [
                    {
                        "type": "Day",
                        "value": "2024-02-26Z",
                        "Rep": [
                            {
                                "D": "NNE",
                                "G": "34",
                                "H": "55.5",
                                "P": "1013",
                                "S": "17",
                                "T": "8.4",
                                "V": "55000",
                                "W": "8",
                                "Pt": "R",
                                "Dp": "0.1",
                                "$": "960"
                            },
                            {
                                "D": "N",
                                "G": "32",
                                "H": "57.8",
                                "P": "1014",
                                "S": "15",
                                "T": "7.8",
                                "V": "60000",
                                "W": "7",
                                "Pt": "R",
                                "Dp": "0.1",
                                "$": "1020"
                            },
                            {
                                "D": "N",
                                "G": "31",
                                "H": "63.9",
                                "P": "1016",
                                "S": "10",
                                "T": "7.0",
                                "V": "55000",
                                "W": "2",
                                "Pt": "R",
                                "Dp": "0.7",
                                "$": "1080"
                            },
                            {
                                "D": "N",
                                "G": "23",
                                "H": "72.1",
                                "P": "1017",
                                "S": "10",
                                "T": "6.5",
                                "V": "50000",
                                "W": "7",
                                "Pt": "R",
                                "Dp": "1.9",
                                "$": "1140"
                            },
                            {
                                "D": "N",
                                "G": "23",
                                "H": "78.5",
                                "P": "1018",
                                "S": "9",
                                "T": "5.7",
                                "V": "45000",
                                "W": "0",
                                "Pt": "R",
                                "Dp": "2.3",
                                "$": "1200"
                            },
                            {
                                "D": "N",
                                "G": "18",
                                "H": "81.8",
                                "P": "1019",
                                "S": "8",
                                "T": "5.2",
                                "V": "40000",
                                "W": "2",
                                "Pt": "R",
                                "Dp": "2.4",
                                "$": "1260"
                            },
                            {
                                "D": "N",
                                "G": "17",
                                "H": "83.2",
                                "P": "1020",
                                "S": "8",
                                "T": "5.2",
                                "V": "30000",
                                "W": "7",
                                "Pt": "R",
                                "Dp": "2.6",
                                "$": "1320"
                            },
                            {
                                "D": "N",
                                "G": "14",
                                "H": "85.0",
                                "P": "1020",
                                "S": "8",
                                "T": "5.3",
                                "V": "30000",
                                "W": "8",
                                "Pt": "R",
                                "Dp": "3.0",
                                "$": "1380"
                            }
                        ]
                    },
                    {
                        "type": "Day",
                        "value": "2024-02-27Z",
                        "Rep": [
                            {
                                "D": "NNE",
                                "G": "14",
                                "H": "84.2",
                                "P": "1021",
                                "S": "5",
                                "T": "5.1",
                                "V": "35000",
                                "W": "8",
                                "Pt": "R",
                                "Dp": "2.7",
                                "$": "0"
                            },
                            {
                                "D": "NNW",
                                "G": "11",
                                "H": "81.9",
                                "P": "1021",
                                "S": "6",
                                "T": "4.9",
                                "V": "40000",
                                "W": "2",
                                "Pt": "R",
                                "Dp": "2.1",
                                "$": "60"
                            },
                            {
                                "D": "NW",
                                "G": "10",
                                "H": "86.0",
                                "P": "1021",
                                "S": "3",
                                "T": "3.9",
                                "V": "35000",
                                "W": "7",
                                "Pt": "R",
                                "Dp": "1.8",
                                "$": "120"
                            },
                            {
                                "D": "NW",
                                "G": "8",
                                "H": "92.3",
                                "P": "1021",
                                "S": "3",
                                "T": "2.7",
                                "V": "24000",
                                "W": "0",
                                "Pt": "R",
                                "Dp": "1.6",
                                "$": "180"
                            },
                            {
                                "D": "NW",
                                "G": "7",
                                "H": "93.2",
                                "P": "1021",
                                "S": "5",
                                "T": "2.5",
                                "V": "18000",
                                "W": "0",
                                "Pt": "R",
                                "Dp": "1.5",
                                "$": "240"
                            },
                            {
                                "D": "WNW",
                                "G": "10",
                                "H": "95.0",
                                "P": "1021",
                                "S": "6",
                                "T": "2.3",
                                "V": "11000",
                                "W": "8",
                                "Pt": "R",
                                "Dp": "1.6",
                                "$": "300"
                            },
                            {
                                "D": "N",
                                "G": "10",
                                "H": "94.4",
                                "P": "1021",
                                "S": "2",
                                "T": "2.1",
                                "V": "11000",
                                "W": "2",
                                "Pt": "R",
                                "Dp": "1.3",
                                "$": "360"
                            },
                            {
                                "D": "NW",
                                "G": "6",
                                "H": "95.6",
                                "P": "1021",
                                "S": "2",
                                "T": "1.9",
                                "V": "10000",
                                "W": "1",
                                "Pt": "R",
                                "Dp": "1.3",
                                "$": "420"
                            },
                            {
                                "D": "W",
                                "G": "8",
                                "H": "95.0",
                                "P": "1022",
                                "S": "6",
                                "T": "2.4",
                                "V": "11000",
                                "W": "8",
                                "Pt": "R",
                                "Dp": "1.7",
                                "$": "480"
                            },
                            {
                                "D": "W",
                                "G": "8",
                                "H": "90.4",
                                "P": "1022",
                                "S": "5",
                                "T": "3.4",
                                "V": "13000",
                                "W": "8",
                                "Pt": "R",
                                "Dp": "2.0",
                                "$": "540"
                            },
                            {
                                "D": "W",
                                "G": "7",
                                "H": "83.6",
                                "P": "1022",
                                "S": "3",
                                "T": "5.0",
                                "V": "19000",
                                "W": "1",
                                "Pt": "R",
                                "Dp": "2.5",
                                "$": "600"
                            },
                            {
                                "D": "W",
                                "G": "9",
                                "H": "77.4",
                                "P": "1022",
                                "S": "7",
                                "T": "6.4",
                                "V": "29000",
                                "W": "1",
                                "Pt": "F",
                                "Dp": "2.8",
                                "$": "660"
                            },
                            {
                                "D": "SW",
                                "G": "14",
                                "H": "66.2",
                                "P": "1021",
                                "S": "8",
                                "T": "7.8",
                                "V": "60000",
                                "W": "8",
                                "Pt": "F",
                                "Dp": "2.0",
                                "$": "720"
                            },
                            {
                                "D": "W",
                                "G": "14",
                                "H": "67.7",
                                "P": "1021",
                                "S": "8",
                                "T": "7.8",
                                "V": "55000",
                                "W": "8",
                                "Pt": "F",
                                "Dp": "2.3",
                                "$": "780"
                            },
                            {
                                "D": "W",
                                "G": "15",
                                "H": "68.8",
                                "P": "1020",
                                "S": "9",
                                "T": "7.6",
                                "V": "45000",
                                "W": "8",
                                "Pt": "F",
                                "Dp": "2.3",
                                "$": "840"
                            },
                            {
                                "D": "WSW",
                                "G": "15",
                                "H": "64.8",
                                "P": "1019",
                                "S": "10",
                                "T": "9.1",
                                "V": "50000",
                                "W": "7",
                                "Pt": "F",
                                "Dp": "2.9",
                                "$": "900"
                            },
                            {
                                "D": "SW",
                                "G": "17",
                                "H": "62.0",
                                "P": "1019",
                                "S": "9",
                                "T": "9.2",
                                "V": "75000",
                                "W": "3",
                                "Pt": "F",
                                "Dp": "2.4",
                                "$": "960"
                            }
                        ]
                    }
                ]
            }
        }
    }
}