{
    "SiteRep": {
        "Wx": {
            "Param": [
                {
                    "name": "G",
                    "units": "mph",
                    "$": "Wind Gust"
                },
                {
                    "name": "T",
                    "units": "C",
                    "$": "Temperature"
                },
                {
                    "name": "V",
                    "units": "m",
                    "$": "Visibility"
                },
                {
                    "name": "D",
                    "units": "compass",
                    "$": "Wind Direction"
                },
                {
                    "name": "S",
                    "units": "mph",
                    "$": "Wind Speed"
                },
                {
                    "name": "W",
                    "units": "",
                    "$": "Weather Type"
                },
                {
                    "name": "P",
                    "units": "hpa",
                    "$": "Pressure"
                },
                {
                    "name": "Pt",
                    "units": "Pa/s",
                    "$": "Pressure Tendency"
                },
                {
                    "name": "Dp",
                    "units": "C",
                    "$": "Dew Point"
                },
                {
                    "name": "H",
                    "units": "%",
                    "$": "Screen Relative Humidity"
                }
            ]
        },
        "DV": {
            "dataDate": "2024-05-11T16:00:00Z",
            "type": "Obs",
            "Location": {
                "i": "3772",
                "lat": "51.479",
                "lon": "-0.449",
                "name": "HEATHROW",
                "country": "ENGLAND",
                "continent": "EUROPE",
                "elevation": "25.0",
                "Period": [
                    {
                        "type": "Day",
                        "value": "2024-05-10Z",
                        "Rep": [
                            {
                                "D": "E",
                                "G": "19",
                                "H": "53.5",
                                "P": "1022",
                                "S": "10",
                                "T": "22.5",
                                "V": "28000",
                                "W": "1",
                                "Pt": "F",
                                "Dp": "12.7",
                                "$": "960"
                            },
                            {
                                "D": "E",
                                "G": "17",
                                "H": "54.7",
                                "P": "1021",
                                "S": "11",
                                "T": "21.3",
                                "V": "35000",
                                "W": "1",
                                "Pt": "F",
                                "Dp": "11.9",
                                "$": "1020"
                            },
                            {
                                "D": "E",
                                "G": "19",
                                "H": "54.0",
                                "P": "1022",
                                "S": "13",
                                "T": "20.2",
                                "V": "55000",
                                "W": "1",
                                "Pt": "F",
                                "Dp": "10.7",
                                "$": "1080"
                            },
                            {
                                "D": "E",
                                "G": "17",
                                "H": "57.6",
                                "P": "1022",
                                "S": "11",
                                "T": "18.4",
                                "V": "55000",
                                "W": "1",
                                "Pt": "R",
                                "Dp": "10.0",
                                "$": "1140"
                            },
                            {
                                "D": "E",
                                "G": "17",
                                "H": "65.6",
                                "P": "1022",
                                "S": "9",
                                "T": "16.8",
                                "V": "50000",
                                "W": "0",
                                "Pt": "R",
                                "Dp": "10.4",
                                "$": "1200"
                            },
                            {
                                "D": "E",
                                "G": "15",
                                "H": "71.7",
                                "P": "1023",
                                "S": "9",
                                "T": "14.9",
                                "V": "40000",
                                "W": "0",
                                "Pt": "R",
                                "Dp": "9.9",
                                "$": "1260"
                            },
                            {
                                "D": "E",
                                "G": "13",
                                "H": "74.5",
                                "P": "1023",
                                "S": "9",
                                "T": "13.9",
                                "V": "30000",
                                "W": "0",
                                "Pt": "R",
                                "Dp": "9.5",
                                "$": "1320"
                            },
                            {
                                "D": "E",
                                "G": "10",
                                "H": "77.9",
                                "P": "1023",
                                "S": "7",
                                "T": "12.6",
                                "V": "18000",
                                "W": "0",
                                "Pt": "R",
                                "Dp": "8.9",
                                "$": "1380"
                            }
                        ]
                    },
                    {
                        "type": "Day",
                        "value": "2024-05-11Z",
                        "Rep": [
                            {
                                "D": "E",
                                "G": "9",
                                "H": "81.2",
                                "P": "1022",
                                "S": "6",
                                "T": "12.3",
                                "V": "15000",
                                "W": "0",
                                "Pt": "F",
                                "Dp": "9.2",
                                "$": "0"
                            },
                            {
                                "D": "ENE",
                                "G": "8",
                                "H": "76.8",
                                "P": "1022",
                                "S": "5",
                                "T": "12.5",
                                "V": "19000",
                                "W": "0",
                                "Pt": "S",
                                "Dp": "8.6",
                                "$": "60"
                            },
                            {
                                "D": "ENE",
                                "G": "7",
                                "H": "79.3",
                                "P": "1022",
                                "S": "3",
                                "T": "10.9",
                                "V": "17000",
                                "W": "0",
                                "Pt": "F",
                                "Dp": "7.5",
                                "$": "120"
                            },
                            {
                                "D": "NE",
                                "G": "6",
                                "H": "83.3",
                                "P": "1022",
                                "S": "3",
                                "T": "11.3",
                                "V": "12000",
                                "W": "0",
                                "Pt": "F",
                                "Dp": "8.6",
                                "$": "180"
                            },
                            {
                                "D": "NE",
                                "G": "6",
                                "H": "86.7",
                                "P": "1022",
                                "S": "2",
                                "T": "11.0",
                                "V": "9000",
                                "W": "2",
                                "Pt": "F",
                                "Dp": "8.9",
                                "$": "240"
                            },
                            {
                                "D": "NNE",
                                "G": "5",
                                "H": "89.1",
                                "P": "1022",
                                "S": "3",
                                "T": "11.1",
                                "V": "7000",
                                "W": "5",
                                "Pt": "F",
                                "Dp": "9.4",
                                "$": "300"
                            },
                            {
                                "D": "NE",
                                "G": "7",
                                "H": "86.3",
                                "P": "1021",
                                "S": "3",
                                "T": "12.5",
                                "V": "7000",
                                "W": "5",
                                "Pt": "F",
                                "Dp": "10.3",
                                "$": "360"
                            },
                            {
                                "D": "NE",
                                "G": "10",
                                "H": "82.0",
                                "P": "1022",
                                "S": "6",
                                "T": "14.1",
                                "V": "7000",
                                "W": "5",
                                "Pt": "F",
                                "Dp": "11.1",
                                "$": "420"
                            },
                            {
                                "D": "NNE",
                                "G": "11",
                                "H": "83.7",
                                "P": "1022",
                                "S": "7",
                                "T": "14.4",
                                "V": "5000",
                                "W": "5",
                                "Pt": "R",
                                "Dp": "11.7",
                                "$": "480"
                            },
                            {
                                "D": "NE",
                                "G": "11",
                                "H": "76.5",
                                "P": "1022",
                                "S": "6",
                                "T": "16.3",
                                "V": "7000",
                                "W": "5",
                                "Pt": "R",
                                "Dp": "12.2",
                                "$": "540"
                            },
                            {
                                "D": "E",
                                "G": "16",
                                "H": "67.4",
                                "P": "1021",
                                "S": "7",
                                "T": "18.7",
                                "V": "8000",
                                "W": "12",
                                "Pt": "F",
                                "Dp": "12.6",
                                "$": "600"
                            },
                            {
                                "D": "ENE",
                                "G": "17",
                                "H": "61.4",
                                "P": "1021",
                                "S": "9",
                                "T": "20.3",
                                "V": "9000",
                                "W": "7",
                                "Pt": "F",
                                "Dp": "12.7",
                                "$": "660"
                            },
                            {
                                "D": "E",
                                "G": "23",
                                "H": "58.0",
                                "P": "1020",
                                "S": "15",
                                "T": "21.1",
                                "V": "13000",
                                "W": "1",
                                "Pt": "F",
                                "Dp": "12.6",
                                "$": "720"
                            },
                            {
                                "D": "E",
                                "G": "23",
                                "H": "53.1",
                                "P": "1020",
                                "S": "14",
                                "T": "22.2",
                                "V": "16000",
                                "W": "1",
                                "Pt": "F",
                                "Dp": "12.3",
                                "$": "780"
                            },
                            {
                                "D": "E",
                                "G": "22",
                                "H": "47.5",
                                "P": "1019",
                                "S": "14",
                                "T": "22.4",
                                "V": "21000",
                                "W": "1",
                                "Pt": "F",
                                "Dp": "10.8",
                                "$": "840"
                            },
                            {
                                "D": "E",
                                "G": "23",
                                "H": "49.8",
                                "P": "1019",
                                "S": "15",
                                "T": "22.3",
                                "V": "23000",
                                "W": "1",
                                "Pt": "F",
                                "Dp": "11.4",
                                "$": "900"
                            },
                            {
                                "D": "E",
                                "G": "22",
                                "H": "45.5",
                                "P": "1019",
                                "S": "13",
                                "T": "22.3",
                                "V": "25000",
                                "W": "1",
                                "Pt": "F",
                                "Dp": "10.1",
                                "$": "960"
                            }
                        ]
                    }
                ]
            }
        }
    }
}