{
    "SiteRep": {
        "Wx": {
            "Param": [
                {
                    "name": "G",
                    "units": "mph",
                    "$": "Wind Gust"
                },
                {
                    "name": "T",
                    "units": "C",
                    "$": "Temperature"
                },
                {
                    "name": "V",
                    "units": "m",
                    "$": "Visibility"
                },
                {
                    "name": "D",
                    "units": "compass",
                    "$": "Wind Direction"
                },
                {
                    "name": "S",
                    "units": "mph",
                    "$": "Wind Speed"
                },
                {
                    "name": "W",
                    "units": "",
                    "$": "Weather Type"
                },
                {
                    "name": "P",
                    "units": "hpa",
                    "$": "Pressure"
                },
                {
                    "name": "Pt",
                    "units": "Pa/s",
                    "$": "Pressure Tendency"
                },
                {
                    "name": "Dp",
                    "units": "C",
                    "$": "Dew Point"
                },
                {
                    "name": "H",
                    "units": "%",
                    "$": "Screen Relative Humidity"
                }
            ]
        },
        "DV": {
            "dataDate": "2025-10-25T16:00:00Z",
            "type": "Obs",
            "Location": {
                "i": "3772",
                "lat": "51.479",
                "lon": "-0.449",
                "name": "HEATHROW",
                "country": "ENGLAND",
                "continent": "EUROPE",
                "elevation": "25.0",
                "Period": [
                    {
                        "type": "Day",
                        "value": "2025-10-24Z",
                        "Rep": [
                            {
                                "D": "SW",
                                "G": "31",
                                "S": "15",
                                "$": "960"
                            },
                            {
                                "D": "SW",
                                "G": "25",
                                "S": "18",
                                "$": "1020"
                            },
                            {
                                "D": "SW",
                                "G": "23",
                                "S": "14",
                                "$": "1080"
                            },
                            {
                                "D": "SW",
                                "G": "21",
                                "S": "11",
                                "$": "1140"
                            },
                            {
                                "D": "SW",
                                "G": "19",
                                "S": "13",
                                "$": "1200"
                            },
                            {
                                "D": "SW",
                                "G": "18",
                                "S": "10",
                                "$": "1260"
                            },
                            {
                                "D": "SW",
                                "G": "23",
                                "S": "15",
                                "$": "1320"
                            },
                            {
                                "D": "W",
                                "G": "21",
                                "S": "8",
                                "$": "1380"
                            }
                        ]
                    },
                    {
                        "type": "Day",
                        "value": "2025-10-25Z",
                        "Rep": [
                            {
                                "D": "W",
                                "G": "15",
                                "H": "83.9",
                                "P": "997",
                                "S": "9",
                                "T": "9.7",
                                "V": "35000",
                                "W": "8",
                                "Pt": "F",
                                "Dp": "7.1",
                                "$": "0"
                            },
                            {
                                "D": "W",
                                "G": "17",
                                "H": "86.2",
                                "P": "997",
                                "S": "7",
                                "T": "9.1",
                                "V": "45000",
                                "W": "7",
                                "Pt": "R",
                                "Dp": "6.9",
                                "$": "60"
                            },
                            {
                                "D": "W",
                                "G": "18",
                                "H": "87.2",
                                "P": "998",
                                "S": "10",
                                "T": "8.6",
                                "V": "50000",
                                "W": "2",
                                "Pt": "R",
                                "Dp": "6.6",
                                "$": "120"
                            },
                            {
                                "D": "W",
                                "G": "19",
                                "H": "85.4",
                                "P": "998",
                                "S": "13",
                                "T": "8.6",
                                "V": "55000",
                                "W": "8",
                                "Pt": "R",
                                "Dp": "6.3",
                                "$": "180"
                            },
                            {
                                "D": "WNW",
                                "G": "21",
                                "H": "82.1",
                                "P": "999",
                                "S": "11",
                                "T": "9.3",
                                "V": "65000",
                                "W": "8",
                                "Pt": "R",
                                "Dp": "6.4",
                                "$": "240"
                            },
                            {
                                "D": "W",
                                "G": "19",
                                "H": "81.5",
                                "P": "1000",
                                "S": "13",
                                "T": "9.5",
                                "V": "60000",
                                "W": "8",
                                "Pt": "R",
                                "Dp": "6.5",
                                "$": "300"
                            },
                            {
                                "D": "W",
                                "G": "18",
                                "H": "81.5",
                                "P": "1000",
                                "S": "8",
                                "T": "9.6",
                                "V": "60000",
                                "W": "8",
                                "Pt": "R",
                                "Dp": "6.6",
                                "$": "360"
                            },
                            {
                                "D": "W",
                                "G": "16",
                                "H": "82.1",
                                "P": "1001",
                                "S": "9",
                                "T": "9.7",
                                "V": "55000",
                                "W": "8",
                                "Pt": "R",
                                "Dp": "6.8",
                                "$": "420"
                            },
                            {
                                "D": "W",
                                "G": "17",
                                "H": "83.7",
                                "P": "1002",
                                "S": "9",
                                "T": "9.4",
                                "V": "50000",
                                "W": "1",
                                "Pt": "R",
                                "Dp": "6.8",
                                "$": "480"
                            },
                            {
                                "D": "W",
                                "G": "18",
                                "H": "76.2",
                                "P": "1003",
                                "S": "9",
                                "T": "10.7",
                                "V": "55000",
                                "W": "1",
                                "Pt": "R",
                                "Dp": "6.7",
                                "$": "540"
                            },
                            {
                                "D": "WNW",
                                "G": "18",
                                "H": "68.9",
                                "P": "1003",
                                "S": "10",
                                "T": "11.8",
                                "V": "55000",
                                "W": "8",
                                "Pt": "R",
                                "Dp": "6.3",
                                "$": "600"
                            },
                            {
                                "D": "WNW",
                                "G": "23",
                                "H": "75.8",
                                "P": "1004",
                                "S": "13",
                                "T": "10.9",
                                "V": "50000",
                                "W": "8",
                                "Pt": "R",
                                "Dp": "6.8",
                                "$": "660"
                            },
                            {
                                "D": "WNW",
                                "G": "19",
                                "H": "75.6",
                                "P": "1004",
                                "S": "11",
                                "T": "10.2",
                                "V": "75000",
                                "W": "12",
                                "Pt": "R",
                                "Dp": "6.1",
                                "$": "720"
                            },
                            {
                                "D": "WNW",
                                "G": "24",
                                "H": "64.2",
                                "P": "1004",
                                "S": "16",
                                "T": "11.4",
                                "V": "50000",
                                "W": "7",
                                "Pt": "R",
                                "Dp": "4.9",
                                "$": "780"
                            },
                            {
                                "D": "WNW",
                                "G": "28",
                                "H": "73.4",
                                "P": "1005",
                                "S": "15",
                                "T": "9.5",
                                "V": "3500",
                                "W": "12",
                                "Pt": "R",
                                "Dp": "5.0",
                                "$": "840"
                            },
                            {
                                "D": "WNW",
                                "G": "17",
                                "H": "62.4",
                                "P": "1005",
                                "S": "10",
                                "T": "11.3",
                                "V": "75000",
                                "W": "8",
                                "Pt": "R",
                                "Dp": "4.4",
                                "$": "900"
                            },
                            {
                                "D": "WNW",
                                "G": "30",
                                "H": "65.2",
                                "P": "1005",
                                "S": "14",
                                "T": "9.9",
                                "V": "65000",
                                "W": "1",
                                "Pt": "R",
                                "Dp": "3.7",
                                "$": "960"
                            }
                        ]
                    }
                ]
            }
        }
    }
}