{
    "SiteRep": {
        "Wx": {
            "Param": [
                {
                    "name": "G",
                    "units": "mph",
                    "$": "Wind Gust"
                },
                {
                    "name": "T",
                    "units": "C",
                    "$": "Temperature"
                },
                {
                    "name": "V",
                    "units": "m",
                    "$": "Visibility"
                },
                {
                    "name": "D",
                    "units": "compass",
                    "$": "Wind Direction"
                },
                {
                    "name": "S",
                    "units": "mph",
                    "$": "Wind Speed"
                },
                {
                    "name": "W",
                    "units": "",
                    "$": "Weather Type"
                },
                {
                    "name": "P",
                    "units": "hpa",
                    "$": "Pressure"
                },
                {
                    "name": "Pt",
                    "units": "Pa/s",
                    "$": "Pressure Tendency"
                },
                {
                    "name": "Dp",
                    "units": "C",
                    "$": "Dew Point"
                },
                {
                    "name": "H",
                    "units": "%",
                    "$": "Screen Relative Humidity"
                }
            ]
        },
        "DV": {
            "dataDate": "2025-05-10T15:00:00Z",
            "type": "Obs",
            "Location": {
                "i": "3772",
                "lat": "51.479",
                "lon": "-0.449",
                "name": "HEATHROW",
                "country": "ENGLAND",
                "continent": "EUROPE",
                "elevation": "25.0",
                "Period": [
                    {
                        "type": "Day",
                        "value": "2025-05-09Z",
                        "Rep": [
                            {
                                "D": "E",
                                "G": "28",
                                "H": "27.6",
                                "P": "1019",
                                "S": "14",
                                "T": "18.2",
                                "V": "50000",
                                "W": "1",
                                "Pt": "F",
                                "Dp": "-0.5",
                                "$": "960"
                            },
                            {
                                "D": "ESE",
                                "G": "23",
                                "H": "31.7",
                                "P": "1019",
                                "S": "14",
                                "T": "17.8",
                                "V": "50000",
                                "W": "1",
                                "Pt": "F",
                                "Dp": "1.0",
                                "$": "1020"
                            },
                            {
                                "D": "E",
                                "G": "23",
                                "H": "33.0",
                                "P": "1019",
                                "S": "15",
                                "T": "16.8",
                                "V": "45000",
                                "W": "1",
                                "Pt": "F",
                                "Dp": "0.7",
                                "$": "1080"
                            },
                            {
                                "D": "E",
                                "G": "19",
                                "H": "33.3",
                                "P": "1019",
                                "S": "13",
                                "T": "15.4",
                                "V": "50000",
                                "W": "1",
                                "Pt": "R",
                                "Dp": "-0.4",
                                "$": "1140"
                            },
                            {
                                "D": "E",
                                "G": "19",
                                "H": "44.4",
                                "P": "1020",
                                "S": "10",
                                "T": "13.5",
                                "V": "45000",
                                "W": "0",
                                "Pt": "R",
                                "Dp": "1.8",
                                "$": "1200"
                            },
                            {
                                "D": "ENE",
                                "G": "16",
                                "H": "45.1",
                                "P": "1020",
                                "S": "7",
                                "T": "13.5",
                                "V": "40000",
                                "W": "0",
                                "Pt": "R",
                                "Dp": "2.0",
                                "$": "1260"
                            },
                            {
                                "D": "ENE",
                                "G": "14",
                                "H": "47.9",
                                "P": "1020",
                                "S": "3",
                                "T": "12.7",
                                "V": "45000",
                                "W": "0",
                                "Pt": "R",
                                "Dp": "2.1",
                                "$": "1320"
                            },
                            {
                                "D": "NE",
                                "G": "11",
                                "H": "54.7",
                                "P": "1020",
                                "S": "6",
                                "T": "12.0",
                                "V": "45000",
                                "W": "0",
                                "Pt": "R",
                                "Dp": "3.3",
                                "$": "1380"
                            }
                        ]
                    },
                    {
                        "type": "Day",
                        "value": "2025-05-10Z",
                        "Rep": [
                            {
                                "D": "NE",
                                "G": "9",
                                "H": "59.4",
                                "P": "1020",
                                "S": "5",
                                "T": "11.2",
                                "V": "50000",
                                "W": "0",
                                "Pt": "F",
                                "Dp": "3.7",
                                "$": "0"
                            },
                            {
                                "D": "NNE",
                                "G": "8",
                                "H": "64.1",
                                "P": "1020",
                                "S": "5",
                                "T": "10.4",
                                "V": "45000",
                                "W": "0",
                                "Pt": "F",
                                "Dp": "4.0",
                                "$": "60"
                            },
                            {
                                "D": "NNE",
                                "G": "6",
                                "H": "69.1",
                                "P": "1020",
                                "S": "2",
                                "T": "9.4",
                                "V": "45000",
                                "W": "0",
                                "Pt": "F",
                                "Dp": "4.1",
                                "$": "120"
                            },
                            {
                                "D": "NNE",
                                "G": "6",
                                "H": "74.1",
                                "P": "1019",
                                "S": "3",
                                "T": "8.8",
                                "V": "40000",
                                "W": "0",
                                "Pt": "F",
                                "Dp": "4.5",
                                "$": "180"
                            },
                            {
                                "D": "NNE",
                                "G": "7",
                                "H": "79.4",
                                "P": "1019",
                                "S": "3",
                                "T": "8.1",
                                "V": "35000",
                                "W": "0",
                                "Pt": "F",
                                "Dp": "4.8",
                                "$": "240"
                            },
                            {
                                "D": "NNE",
                                "G": "7",
                                "H": "82.8",
                                "P": "1019",
                                "S": "3",
                                "T": "7.9",
                                "V": "30000",
                                "W": "1",
                                "Pt": "F",
                                "Dp": "5.2",
                                "$": "300"
                            },
                            {
                                "D": "NNE",
                                "G": "7",
                                "H": "80.2",
                                "P": "1019",
                                "S": "3",
                                "T": "9.7",
                                "V": "30000",
                                "W": "1",
                                "Pt": "F",
                                "Dp": "6.5",
                                "$": "360"
                            },
                            {
                                "D": "ENE",
                                "G": "9",
                                "H": "73.0",
                                "P": "1019",
                                "S": "6",
                                "T": "13.4",
                                "V": "26000",
                                "W": "1",
                                "Pt": "F",
                                "Dp": "8.7",
                                "$": "420"
                            },
                            {
                                "D": "ENE",
                                "G": "10",
                                "H": "58.7",
                                "P": "1019",
                                "S": "6",
                                "T": "16.2",
                                "V": "30000",
                                "W": "1",
                                "Pt": "F",
                                "Dp": "8.2",
                                "$": "480"
                            },
                            {
                                "D": "E",
                                "G": "13",
                                "H": "48.2",
                                "P": "1018",
                                "S": "8",
                                "T": "18.2",
                                "V": "30000",
                                "W": "1",
                                "Pt": "F",
                                "Dp": "7.2",
                                "$": "540"
                            },
                            {
                                "D": "E",
                                "G": "16",
                                "H": "35.7",
                                "P": "1018",
                                "S": "9",
                                "T": "20.4",
                                "V": "45000",
                                "W": "1",
                                "Pt": "F",
                                "Dp": "4.9",
                                "$": "600"
                            },
                            {
                                "D": "E",
                                "G": "30",
                                "H": "28.5",
                                "P": "1017",
                                "S": "14",
                                "T": "21.5",
                                "V": "75000",
                                "W": "3",
                                "Pt": "F",
                                "Dp": "2.7",
                                "$": "660"
                            },
                            {
                                "D": "E",
                                "G": "26",
                                "H": "30.3",
                                "P": "1017",
                                "S": "13",
                                "T": "20.4",
                                "V": "65000",
                                "W": "3",
                                "Pt": "F",
                                "Dp": "2.6",
                                "$": "720"
                            },
                            {
                                "D": "E",
                                "G": "29",
                                "H": "23.3",
                                "P": "1016",
                                "S": "15",
                                "T": "22.5",
                                "V": "75000",
                                "W": "3",
                                "Pt": "F",
                                "Dp": "0.8",
                                "$": "780"
                            },
                            {
                                "D": "ESE",
                                "G": "26",
                                "H": "21.3",
                                "P": "1016",
                                "S": "15",
                                "T": "23.2",
                                "V": "75000",
                                "W": "1",
                                "Pt": "F",
                                "Dp": "0.2",
                                "$": "840"
                            },
                            {
                                "D": "ENE",
                                "G": "23",
                                "H": "25.9",
                                "P": "1015",
                                "S": "13",
                                "T": "22.7",
                                "V": "60000",
                                "W": "1",
                                "Pt": "F",
                                "Dp": "2.4",
                                "$": "900"
                            },
                            {
                                "D": "E",
                                "G": "24",
                                "H": "27.4",
                                "P": "1015",
                                "S": "14",
                                "T": "21.7",
                                "V": "60000",
                                "W": "1",
                                "Pt": "F",
                                "Dp": "2.3",
                                "$": "960"
                            }
                        ]
                    }
                ]
            }
        }
    }
}