{
    "SiteRep": {
        "Wx": {
            "Param": [
                {
                    "name": "G",
                    "units": "mph",
                    "$": "Wind Gust"
                },
                {
                    "name": "T",
                    "units": "C",
                    "$": "Temperature"
                },
                {
                    "name": "V",
                    "units": "m",
                    "$": "Visibility"
                },
                {
                    "name": "D",
                    "units": "compass",
                    "$": "Wind Direction"
                },
                {
                    "name": "S",
                    "units": "mph",
                    "$": "Wind Speed"
                },
                {
                    "name": "W",
                    "units": "",
                    "$": "Weather Type"
                },
                {
                    "name": "P",
                    "units": "hpa",
                    "$": "Pressure"
                },
                {
                    "name": "Pt",
                    "units": "Pa/s",
                    "$": "Pressure Tendency"
                },
                {
                    "name": "Dp",
                    "units": "C",
                    "$": "Dew Point"
                },
                {
                    "name": "H",
                    "units": "%",
                    "$": "Screen Relative Humidity"
                }
            ]
        },
        "DV": {
            "dataDate": "2025-01-12T16:00:00Z",
            "type": "Obs",
            "Location": {
                "i": "3772",
                "lat": "51.479",
                "lon": "-0.449",
                "name": "HEATHROW",
                "country": "ENGLAND",
                "continent": "EUROPE",
                "elevation": "25.0",
                "Period": [
                    {
                        "type": "Day",
                        "value": "2025-01-11Z",
                        "Rep": [
                            {
                                "D": "WNW",
                                "G": "7",
                                "H": "78.6",
                                "P": "1032",
                                "S": "5",
                                "T": "3.7",
                                "V": "18000",
                                "W": "1",
                                "Pt": "R",
                                "Dp": "0.4",
                                "$": "960"
                            },
                            {
                                "D": "WNW",
                                "G": "5",
                                "H": "84.4",
                                "P": "1032",
                                "S": "3",
                                "T": "2.4",
                                "V": "16000",
                                "W": "2",
                                "Pt": "R",
                                "Dp": "0.1",
                                "$": "1020"
                            },
                            {
                                "D": "NW",
                                "G": "5",
                                "H": "89.5",
                                "P": "1033",
                                "S": "2",
                                "T": "1.4",
                                "V": "14000",
                                "W": "8",
                                "Pt": "R",
                                "Dp": "-0.1",
                                "$": "1080"
                            },
                            {
                                "D": "NE",
                                "G": "2",
                                "H": "91.5",
                                "P": "1034",
                                "S": "2",
                                "T": "1.0",
                                "V": "6000",
                                "W": "5",
                                "Pt": "R",
                                "Dp": "-0.2",
                                "$": "1140"
                            },
                            {
                                "D": "N",
                                "G": "2",
                                "H": "93.6",
                                "P": "1034",
                                "S": "0",
                                "T": "1.3",
                                "V": "9000",
                                "W": "5",
                                "Pt": "R",
                                "Dp": "0.4",
                                "$": "1200"
                            },
                            {
                                "D": "N",
                                "G": "5",
                                "H": "89.3",
                                "P": "1035",
                                "S": "0",
                                "T": "-0.3",
                                "V": "5000",
                                "W": "5",
                                "Pt": "R",
                                "Dp": "-1.6",
                                "$": "1260"
                            },
                            {
                                "D": "NNW",
                                "G": "3",
                                "H": "94.9",
                                "P": "1036",
                                "S": "2",
                                "T": "0.7",
                                "V": "6000",
                                "W": "5",
                                "Pt": "R",
                                "Dp": "0.0",
                                "$": "1320"
                            },
                            {
                                "D": "N",
                                "G": "3",
                                "H": "91.9",
                                "P": "1036",
                                "S": "0",
                                "T": "-0.2",
                                "V": "5000",
                                "W": "5",
                                "Pt": "R",
                                "Dp": "-1.2",
                                "$": "1380"
                            }
                        ]
                    },
                    {
                        "type": "Day",
                        "value": "2025-01-12Z",
                        "Rep": [
                            {
                                "D": "WNW",
                                "G": "3",
                                "H": "95.1",
                                "P": "1036",
                                "S": "2",
                                "T": "-0.9",
                                "V": "7000",
                                "W": "5",
                                "Pt": "R",
                                "Dp": "-1.4",
                                "$": "0"
                            },
                            {
                                "D": "NNE",
                                "G": "3",
                                "H": "94.5",
                                "P": "1036",
                                "S": "2",
                                "T": "-1.6",
                                "V": "5000",
                                "W": "5",
                                "Pt": "R",
                                "Dp": "-2.1",
                                "$": "60"
                            },
                            {
                                "D": "N",
                                "G": "5",
                                "H": "93.4",
                                "P": "1036",
                                "S": "0",
                                "T": "-2.8",
                                "V": "800",
                                "W": "5",
                                "Pt": "R",
                                "Dp": "-3.3",
                                "$": "120"
                            },
                            {
                                "D": "WNW",
                                "G": "3",
                                "H": "93.8",
                                "P": "1038",
                                "S": "1",
                                "T": "-3.1",
                                "V": "6000",
                                "W": "5",
                                "Pt": "R",
                                "Dp": "-3.5",
                                "$": "180"
                            },
                            {
                                "D": "E",
                                "G": "5",
                                "H": "92.2",
                                "P": "1038",
                                "S": "1",
                                "T": "-3.8",
                                "V": "2100",
                                "W": "5",
                                "Pt": "R",
                                "Dp": "-4.3",
                                "$": "240"
                            },
                            {
                                "D": "E",
                                "G": "5",
                                "H": "91.9",
                                "P": "1038",
                                "S": "1",
                                "T": "-4.3",
                                "V": "2900",
                                "W": "5",
                                "Pt": "R",
                                "Dp": "-4.8",
                                "$": "300"
                            },
                            {
                                "D": "SE",
                                "G": "7",
                                "H": "94.8",
                                "P": "1038",
                                "S": "5",
                                "T": "-3.8",
                                "V": "90",
                                "W": "6",
                                "Pt": "R",
                                "Dp": "-4.0",
                                "$": "360"
                            },
                            {
                                "D": "ENE",
                                "G": "5",
                                "H": "96.9",
                                "P": "1039",
                                "S": "1",
                                "T": "-2.5",
                                "V": "200",
                                "W": "6",
                                "Pt": "R",
                                "Dp": "-2.6",
                                "$": "420"
                            },
                            {
                                "D": "NNE",
                                "G": "6",
                                "H": "96.6",
                                "P": "1040",
                                "S": "3",
                                "T": "-1.8",
                                "V": "2600",
                                "W": "8",
                                "Pt": "R",
                                "Dp": "-2.0",
                                "$": "480"
                            },
                            {
                                "D": "E",
                                "G": "5",
                                "H": "97.2",
                                "P": "1040",
                                "S": "2",
                                "T": "-1.1",
                                "V": "2600",
                                "W": "5",
                                "Pt": "R",
                                "Dp": "-1.3",
                                "$": "540"
                            },
                            {
                                "D": "NE",
                                "G": "5",
                                "H": "98.0",
                                "P": "1040",
                                "S": "2",
                                "T": "-0.4",
                                "V": "4400",
                                "W": "5",
                                "Pt": "R",
                                "Dp": "-0.6",
                                "$": "600"
                            },
                            {
                                "D": "NE",
                                "G": "5",
                                "H": "98.5",
                                "P": "1041",
                                "S": "1",
                                "T": "0.2",
                                "V": "3900",
                                "W": "5",
                                "Pt": "R",
                                "Dp": "0.0",
                                "$": "660"
                            },
                            {
                                "D": "N",
                                "G": "3",
                                "H": "98.5",
                                "P": "1040",
                                "S": "1",
                                "T": "1.1",
                                "V": "5000",
                                "W": "5",
                                "Pt": "R",
                                "Dp": "0.9",
                                "$": "720"
                            },
                            {
                                "D": "NNW",
                                "G": "3",
                                "H": "95.6",
                                "P": "1040",
                                "S": "2",
                                "T": "1.5",
                                "V": "5000",
                                "W": "5",
                                "Pt": "R",
                                "Dp": "0.9",
                                "$": "780"
                            },
                            {
                                "D": "S",
                                "G": "7",
                                "H": "87.0",
                                "P": "1040",
                                "S": "2",
                                "T": "2.9",
                                "V": "20000",
                                "W": "8",
                                "Pt": "F",
                                "Dp": "1.0",
                                "$": "840"
                            },
                            {
                                "D": "S",
                                "G": "7",
                                "H": "77.8",
                                "P": "1040",
                                "S": "2",
                                "T": "3.5",
                                "V": "29000",
                                "W": "8",
                                "Pt": "F",
                                "Dp": "0.1",
                                "$": "900"
                            },
                            {
                                "D": "N",
                                "G": "6",
                                "H": "85.6",
                                "P": "1040",
                                "S": "0",
                                "T": "3.0",
                                "V": "11000",
                                "W": "8",
                                "Pt": "R",
                                "Dp": "0.9",
                                "$": "960"
                            }
                        ]
                    }
                ]
            }
        }
    }
}