{
    "SiteRep": {
        "Wx": {
            "Param": [
                {
                    "name": "G",
                    "units": "mph",
                    "$": "Wind Gust"
                },
                {
                    "name": "T",
                    "units": "C",
                    "$": "Temperature"
                },
                {
                    "name": "V",
                    "units": "m",
                    "$": "Visibility"
                },
                {
                    "name": "D",
                    "units": "compass",
                    "$": "Wind Direction"
                },
                {
                    "name": "S",
                    "units": "mph",
                    "$": "Wind Speed"
                },
                {
                    "name": "W",
                    "units": "",
                    "$": "Weather Type"
                },
                {
                    "name": "P",
                    "units": "hpa",
                    "$": "Pressure"
                },
                {
                    "name": "Pt",
                    "units": "Pa/s",
                    "$": "Pressure Tendency"
                },
                {
                    "name": "Dp",
                    "units": "C",
                    "$": "Dew Point"
                },
                {
                    "name": "H",
                    "units": "%",
                    "$": "Screen Relative Humidity"
                }
            ]
        },
        "DV": {
            "dataDate": "2024-04-18T16:00:00Z",
            "type": "Obs",
            "Location": {
                "i": "3772",
                "lat": "51.479",
                "lon": "-0.449",
                "name": "HEATHROW",
                "country": "ENGLAND",
                "continent": "EUROPE",
                "elevation": "25.0",
                "Period": [
                    {
                        "type": "Day",
                        "value": "2024-04-17Z",
                        "Rep": [
                            {
                                "D": "WNW",
                                "G": "23",
                                "H": "44.2",
                                "P": "1014",
                                "S": "14",
                                "T": "11.1",
                                "V": "65000",
                                "W": "8",
                                "Pt": "F",
                                "Dp": "-0.5",
                                "$": "960"
                            },
                            {
                                "D": "WNW",
                                "G": "21",
                                "H": "40.3",
                                "P": "1014",
                                "S": "13",
                                "T": "11.8",
                                "V": "65000",
                                "W": "8",
                                "Pt": "F",
                                "Dp": "-1.1",
                                "$": "1020"
                            },
                            {
                                "D": "NW",
                                "G": "24",
                                "H": "41.6",
                                "P": "1014",
                                "S": "13",
                                "T": "11.1",
                                "V": "65000",
                                "W": "8",
                                "Pt": "F",
                                "Dp": "-1.3",
                                "$": "1080"
                            },
                            {
                                "D": "N",
                                "G": "25",
                                "H": "57.3",
                                "P": "1015",
                                "S": "10",
                                "T": "9.3",
                                "V": "65000",
                                "W": "8",
                                "Pt": "R",
                                "Dp": "1.4",
                                "$": "1140"
                            },
                            {
                                "D": "NNW",
                                "G": "23",
                                "H": "60.2",
                                "P": "1016",
                                "S": "11",
                                "T": "8.5",
                                "V": "75000",
                                "W": "8",
                                "Pt": "R",
                                "Dp": "1.3",
                                "$": "1200"
                            },
                            {
                                "D": "NW",
                                "G": "15",
                                "H": "71.1",
                                "P": "1017",
                                "S": "5",
                                "T": "6.5",
                                "V": "75000",
                                "W": "0",
                                "Pt": "R",
                                "Dp": "1.7",
                                "$": "1260"
                            },
                            {
                                "D": "NW",
                                "G": "14",
                                "H": "72.1",
                                "P": "1017",
                                "S": "7",
                                "T": "6.6",
                                "V": "75000",
                                "W": "2",
                                "Pt": "R",
                                "Dp": "2.0",
                                "$": "1320"
                            },
                            {
                                "D": "NW",
                                "G": "17",
                                "H": "70.2",
                                "P": "1018",
                                "S": "10",
                                "T": "6.9",
                                "V": "75000",
                                "W": "8",
                                "Pt": "R",
                                "Dp": "1.9",
                                "$": "1380"
                            }
                        ]
                    },
                    {
                        "type": "Day",
                        "value": "2024-04-18Z",
                        "Rep": [
                            {
                                "D": "NNW",
                                "G": "19",
                                "H": "76.4",
                                "P": "1018",
                                "S": "10",
                                "T": "6.5",
                                "V": "65000",
                                "W": "8",
                                "Pt": "R",
                                "Dp": "2.7",
                                "$": "0"
                            },
                            {
                                "D": "N",
                                "G": "18",
                                "H": "82.6",
                                "P": "1019",
                                "S": "9",
                                "T": "6.4",
                                "V": "55000",
                                "W": "8",
                                "Pt": "R",
                                "Dp": "3.7",
                                "$": "60"
                            },
                            {
                                "D": "N",
                                "G": "16",
                                "H": "81.4",
                                "P": "1019",
                                "S": "8",
                                "T": "6.4",
                                "V": "55000",
                                "W": "8",
                                "Pt": "R",
                                "Dp": "3.5",
                                "$": "120"
                            },
                            {
                                "D": "N",
                                "G": "18",
                                "H": "83.7",
                                "P": "1020",
                                "S": "7",
                                "T": "5.7",
                                "V": "50000",
                                "W": "2",
                                "Pt": "R",
                                "Dp": "3.2",
                                "$": "180"
                            },
                            {
                                "D": "N",
                                "G": "14",
                                "H": "86.7",
                                "P": "1021",
                                "S": "7",
                                "T": "4.9",
                                "V": "40000",
                                "W": "0",
                                "Pt": "R",
                                "Dp": "2.9",
                                "$": "240"
                            },
                            {
                                "D": "N",
                                "G": "13",
                                "H": "88.0",
                                "P": "1021",
                                "S": "6",
                                "T": "4.8",
                                "V": "40000",
                                "W": "0",
                                "Pt": "R",
                                "Dp": "3.0",
                                "$": "300"
                            },
                            {
                                "D": "NNW",
                                "G": "13",
                                "H": "87.9",
                                "P": "1022",
                                "S": "6",
                                "T": "5.0",
                                "V": "35000",
                                "W": "1",
                                "Pt": "R",
                                "Dp": "3.2",
                                "$": "360"
                            },
                            {
                                "D": "N",
                                "G": "14",
                                "H": "83.2",
                                "P": "1023",
                                "S": "6",
                                "T": "6.3",
                                "V": "35000",
                                "W": "1",
                                "Pt": "R",
                                "Dp": "3.7",
                                "$": "420"
                            },
                            {
                                "D": "N",
                                "G": "11",
                                "H": "73.4",
                                "P": "1023",
                                "S": "7",
                                "T": "8.2",
                                "V": "40000",
                                "W": "3",
                                "Pt": "R",
                                "Dp": "3.8",
                                "$": "480"
                            },
                            {
                                "D": "NNE",
                                "G": "13",
                                "H": "64.7",
                                "P": "1024",
                                "S": "5",
                                "T": "9.2",
                                "V": "60000",
                                "W": "1",
                                "Pt": "R",
                                "Dp": "3.0",
                                "$": "540"
                            },
                            {
                                "D": "WNW",
                                "G": "11",
                                "H": "55.9",
                                "P": "1024",
                                "S": "6",
                                "T": "9.4",
                                "V": "55000",
                                "W": "7",
                                "Pt": "R",
                                "Dp": "1.2",
                                "$": "600"
                            },
                            {
                                "D": "W",
                                "G": "10",
                                "H": "52.2",
                                "P": "1024",
                                "S": "5",
                                "T": "11.5",
                                "V": "45000",
                                "W": "1",
                                "Pt": "R",
                                "Dp": "2.2",
                                "$": "660"
                            },
                            {
                                "D": "SW",
                                "G": "15",
                                "H": "48.5",
                                "P": "1023",
                                "S": "8",
                                "T": "12.8",
                                "V": "60000",
                                "W": "1",
                                "Pt": "F",
                                "Dp": "2.4",
                                "$": "720"
                            },
                            {
                                "D": "WSW",
                                "G": "21",
                                "H": "42.0",
                                "P": "1023",
                                "S": "9",
                                "T": "13.1",
                                "V": "65000",
                                "W": "8",
                                "Pt": "F",
                                "Dp": "0.7",
                                "$": "780"
                            },
                            {
                                "D": "WSW",
                                "G": "18",
                                "H": "43.4",
                                "P": "1022",
                                "S": "10",
                                "T": "13.7",
                                "V": "75000",
                                "W": "8",
                                "Pt": "F",
                                "Dp": "1.7",
                                "$": "840"
                            },
                            {
                                "D": "W",
                                "G": "21",
                                "H": "39.7",
                                "P": "1021",
                                "S": "14",
                                "T": "14.1",
                                "V": "65000",
                                "W": "8",
                                "Pt": "F",
                                "Dp": "0.8",
                                "$": "900"
                            },
                            {
                                "D": "W",
                                "G": "24",
                                "H": "42.3",
                                "P": "1021",
                                "S": "14",
                                "T": "13.7",
                                "V": "75000",
                                "W": "8",
                                "Pt": "F",
                                "Dp": "1.3",
                                "$": "960"
                            }
                        ]
                    }
                ]
            }
        }
    }
}