{
    "SiteRep": {
        "Wx": {
            "Param": [
                {
                    "name": "G",
                    "units": "mph",
                    "$": "Wind Gust"
                },
                {
                    "name": "T",
                    "units": "C",
                    "$": "Temperature"
                },
                {
                    "name": "V",
                    "units": "m",
                    "$": "Visibility"
                },
                {
                    "name": "D",
                    "units": "compass",
                    "$": "Wind Direction"
                },
                {
                    "name": "S",
                    "units": "mph",
                    "$": "Wind Speed"
                },
                {
                    "name": "W",
                    "units": "",
                    "$": "Weather Type"
                },
                {
                    "name": "P",
                    "units": "hpa",
                    "$": "Pressure"
                },
                {
                    "name": "Pt",
                    "units": "Pa/s",
                    "$": "Pressure Tendency"
                },
                {
                    "name": "Dp",
                    "units": "C",
                    "$": "Dew Point"
                },
                {
                    "name": "H",
                    "units": "%",
                    "$": "Screen Relative Humidity"
                }
            ]
        },
        "DV": {
            "dataDate": "2024-03-24T16:00:00Z",
            "type": "Obs",
            "Location": {
                "i": "3772",
                "lat": "51.479",
                "lon": "-0.449",
                "name": "HEATHROW",
                "country": "ENGLAND",
                "continent": "EUROPE",
                "elevation": "25.0",
                "Period": [
                    {
                        "type": "Day",
                        "value": "2024-03-23Z",
                        "Rep": [
                            {
                                "D": "WNW",
                                "G": "33",
                                "H": "70.1",
                                "P": "1009",
                                "S": "9",
                                "T": "8.5",
                                "V": "60000",
                                "W": "7",
                                "Pt": "F",
                                "Dp": "3.4",
                                "$": "960"
                            },
                            {
                                "D": "W",
                                "G": "29",
                                "H": "51.5",
                                "P": "1009",
                                "S": "14",
                                "T": "9.2",
                                "V": "65000",
                                "W": "7",
                                "Pt": "F",
                                "Dp": "-0.2",
                                "$": "1020"
                            },
                            {
                                "D": "W",
                                "G": "24",
                                "H": "53.3",
                                "P": "1010",
                                "S": "11",
                                "T": "8.7",
                                "V": "55000",
                                "W": "7",
                                "Pt": "R",
                                "Dp": "-0.2",
                                "$": "1080"
                            },
                            {
                                "D": "W",
                                "G": "19",
                                "H": "62.2",
                                "P": "1010",
                                "S": "10",
                                "T": "7.8",
                                "V": "55000",
                                "W": "8",
                                "Pt": "R",
                                "Dp": "1.1",
                                "$": "1140"
                            },
                            {
                                "D": "W",
                                "G": "21",
                                "H": "64.6",
                                "P": "1010",
                                "S": "14",
                                "T": "7.2",
                                "V": "40000",
                                "W": "7",
                                "Pt": "R",
                                "Dp": "1.0",
                                "$": "1200"
                            },
                            {
                                "D": "W",
                                "G": "24",
                                "H": "65.7",
                                "P": "1010",
                                "S": "15",
                                "T": "6.6",
                                "V": "40000",
                                "W": "7",
                                "Pt": "F",
                                "Dp": "0.7",
                                "$": "1260"
                            },
                            {
                                "D": "WSW",
                                "G": "28",
                                "H": "68.2",
                                "P": "1010",
                                "S": "15",
                                "T": "6.3",
                                "V": "35000",
                                "W": "0",
                                "Pt": "F",
                                "Dp": "0.9",
                                "$": "1320"
                            },
                            {
                                "D": "WSW",
                                "G": "24",
                                "H": "68.2",
                                "P": "1009",
                                "S": "16",
                                "T": "6.3",
                                "V": "35000",
                                "W": "2",
                                "Pt": "F",
                                "Dp": "0.9",
                                "$": "1380"
                            }
                        ]
                    },
                    {
                        "type": "Day",
                        "value": "2024-03-24Z",
                        "Rep": [
                            {
                                "D": "W",
                                "G": "28",
                                "H": "70.6",
                                "P": "1009",
                                "S": "16",
                                "T": "6.0",
                                "V": "35000",
                                "W": "0",
                                "Pt": "F",
                                "Dp": "1.1",
                                "$": "0"
                            },
                            {
                                "D": "W",
                                "G": "21",
                                "H": "75.1",
                                "P": "1009",
                                "S": "13",
                                "T": "5.2",
                                "V": "30000",
                                "W": "0",
                                "Pt": "F",
                                "Dp": "1.2",
                                "$": "60"
                            },
                            {
                                "D": "W",
                                "G": "21",
                                "H": "73.7",
                                "P": "1009",
                                "S": "14",
                                "T": "6.2",
                                "V": "30000",
                                "W": "8",
                                "Pt": "F",
                                "Dp": "1.9",
                                "$": "120"
                            },
                            {
                                "D": "W",
                                "G": "22",
                                "H": "77.0",
                                "P": "1009",
                                "S": "15",
                                "T": "5.9",
                                "V": "29000",
                                "W": "8",
                                "Pt": "F",
                                "Dp": "2.2",
                                "$": "180"
                            },
                            {
                                "D": "W",
                                "G": "24",
                                "H": "75.9",
                                "P": "1009",
                                "S": "15",
                                "T": "6.4",
                                "V": "29000",
                                "W": "12",
                                "Pt": "F",
                                "Dp": "2.5",
                                "$": "240"
                            },
                            {
                                "D": "W",
                                "G": "18",
                                "H": "79.2",
                                "P": "1009",
                                "S": "11",
                                "T": "6.2",
                                "V": "29000",
                                "W": "8",
                                "Pt": "S",
                                "Dp": "2.9",
                                "$": "300"
                            },
                            {
                                "D": "W",
                                "G": "19",
                                "H": "82.1",
                                "P": "1009",
                                "S": "14",
                                "T": "5.4",
                                "V": "30000",
                                "W": "1",
                                "Pt": "R",
                                "Dp": "2.6",
                                "$": "360"
                            },
                            {
                                "D": "W",
                                "G": "22",
                                "H": "81.5",
                                "P": "1010",
                                "S": "13",
                                "T": "5.9",
                                "V": "30000",
                                "W": "1",
                                "Pt": "R",
                                "Dp": "3.0",
                                "$": "420"
                            },
                            {
                                "D": "W",
                                "G": "26",
                                "H": "70.9",
                                "P": "1010",
                                "S": "14",
                                "T": "7.8",
                                "V": "35000",
                                "W": "1",
                                "Pt": "R",
                                "Dp": "2.9",
                                "$": "480"
                            },
                            {
                                "D": "WNW",
                                "G": "28",
                                "H": "65.7",
                                "P": "1010",
                                "S": "15",
                                "T": "8.6",
                                "V": "40000",
                                "W": "8",
                                "Pt": "R",
                                "Dp": "2.6",
                                "$": "540"
                            },
                            {
                                "D": "WNW",
                                "G": "26",
                                "H": "57.2",
                                "P": "1011",
                                "S": "16",
                                "T": "10.1",
                                "V": "45000",
                                "W": "8",
                                "Pt": "R",
                                "Dp": "2.1",
                                "$": "600"
                            },
                            {
                                "D": "WNW",
                                "G": "28",
                                "H": "53.5",
                                "P": "1011",
                                "S": "18",
                                "T": "11.0",
                                "V": "55000",
                                "W": "8",
                                "Pt": "R",
                                "Dp": "2.0",
                                "$": "660"
                            },
                            {
                                "D": "WNW",
                                "G": "25",
                                "H": "47.1",
                                "P": "1011",
                                "S": "15",
                                "T": "11.4",
                                "V": "55000",
                                "W": "7",
                                "Pt": "R",
                                "Dp": "0.6",
                                "$": "720"
                            },
                            {
                                "D": "WNW",
                                "G": "26",
                                "H": "43.8",
                                "P": "1011",
                                "S": "15",
                                "T": "11.5",
                                "V": "60000",
                                "W": "8",
                                "Pt": "S",
                                "Dp": "-0.3",
                                "$": "780"
                            },
                            {
                                "D": "WNW",
                                "G": "25",
                                "H": "42.4",
                                "P": "1010",
                                "S": "14",
                                "T": "12.2",
                                "V": "75000",
                                "W": "7",
                                "Pt": "F",
                                "Dp": "-0.1",
                                "$": "840"
                            },
                            {
                                "D": "W",
                                "G": "24",
                                "H": "39.7",
                                "P": "1010",
                                "S": "15",
                                "T": "13.3",
                                "V": "75000",
                                "W": "3",
                                "Pt": "F",
                                "Dp": "0.0",
                                "$": "900"
                            },
                            {
                                "D": "WNW",
                                "G": "19",
                                "H": "43.5",
                                "P": "1010",
                                "S": "9",
                                "T": "11.8",
                                "V": "60000",
                                "W": "1",
                                "Pt": "F",
                                "Dp": "-0.1",
                                "$": "960"
                            }
                        ]
                    }
                ]
            }
        }
    }
}