{
    "SiteRep": {
        "Wx": {
            "Param": [
                {
                    "name": "G",
                    "units": "mph",
                    "$": "Wind Gust"
                },
                {
                    "name": "T",
                    "units": "C",
                    "$": "Temperature"
                },
                {
                    "name": "V",
                    "units": "m",
                    "$": "Visibility"
                },
                {
                    "name": "D",
                    "units": "compass",
                    "$": "Wind Direction"
                },
                {
                    "name": "S",
                    "units": "mph",
                    "$": "Wind Speed"
                },
                {
                    "name": "W",
                    "units": "",
                    "$": "Weather Type"
                },
                {
                    "name": "P",
                    "units": "hpa",
                    "$": "Pressure"
                },
                {
                    "name": "Pt",
                    "units": "Pa/s",
                    "$": "Pressure Tendency"
                },
                {
                    "name": "Dp",
                    "units": "C",
                    "$": "Dew Point"
                },
                {
                    "name": "H",
                    "units": "%",
                    "$": "Screen Relative Humidity"
                }
            ]
        },
        "DV": {
            "dataDate": "2024-02-18T16:00:00Z",
            "type": "Obs",
            "Location": {
                "i": "3772",
                "lat": "51.479",
                "lon": "-0.449",
                "name": "HEATHROW",
                "country": "ENGLAND",
                "continent": "EUROPE",
                "elevation": "25.0",
                "Period": [
                    {
                        "type": "Day",
                        "value": "2024-02-17Z",
                        "Rep": [
                            {
                                "D": "SSW",
                                "G": "23",
                                "H": "82.2",
                                "P": "1029",
                                "S": "11",
                                "T": "12.6",
                                "V": "60000",
                                "W": "8",
                                "Pt": "F",
                                "Dp": "9.7",
                                "$": "960"
                            },
                            {
                                "D": "S",
                                "G": "24",
                                "H": "86.2",
                                "P": "1029",
                                "S": "13",
                                "T": "11.9",
                                "V": "40000",
                                "W": "8",
                                "Pt": "F",
                                "Dp": "9.7",
                                "$": "1020"
                            },
                            {
                                "D": "S",
                                "G": "24",
                                "H": "89.7",
                                "P": "1029",
                                "S": "13",
                                "T": "11.2",
                                "V": "30000",
                                "W": "8",
                                "Pt": "F",
                                "Dp": "9.6",
                                "$": "1080"
                            },
                            {
                                "D": "SSW",
                                "G": "21",
                                "H": "89.2",
                                "P": "1029",
                                "S": "10",
                                "T": "11.3",
                                "V": "40000",
                                "W": "12",
                                "Pt": "F",
                                "Dp": "9.6",
                                "$": "1140"
                            },
                            {
                                "D": "S",
                                "G": "24",
                                "H": "88.0",
                                "P": "1028",
                                "S": "13",
                                "T": "11.7",
                                "V": "40000",
                                "W": "8",
                                "Pt": "F",
                                "Dp": "9.8",
                                "$": "1200"
                            },
                            {
                                "D": "S",
                                "G": "23",
                                "H": "92.2",
                                "P": "1028",
                                "S": "13",
                                "T": "11.4",
                                "V": "9000",
                                "W": "12",
                                "Pt": "F",
                                "Dp": "10.2",
                                "$": "1260"
                            },
                            {
                                "D": "S",
                                "G": "23",
                                "H": "94.2",
                                "P": "1028",
                                "S": "13",
                                "T": "11.3",
                                "V": "7000",
                                "W": "12",
                                "Pt": "F",
                                "Dp": "10.4",
                                "$": "1320"
                            },
                            {
                                "D": "S",
                                "G": "23",
                                "H": "94.1",
                                "P": "1027",
                                "S": "13",
                                "T": "11.1",
                                "V": "4900",
                                "W": "12",
                                "Pt": "F",
                                "Dp": "10.2",
                                "$": "1380"
                            }
                        ]
                    },
                    {
                        "type": "Day",
                        "value": "2024-02-18Z",
                        "Rep": [
                            {
                                "D": "SSW",
                                "G": "22",
                                "H": "95.4",
                                "P": "1027",
                                "S": "13",
                                "T": "11.0",
                                "V": "4900",
                                "W": "12",
                                "Pt": "F",
                                "Dp": "10.3",
                                "$": "0"
                            },
                            {
                                "D": "SSW",
                                "G": "19",
                                "H": "96.0",
                                "P": "1026",
                                "S": "11",
                                "T": "11.0",
                                "V": "8000",
                                "W": "12",
                                "Pt": "F",
                                "Dp": "10.4",
                                "$": "60"
                            },
                            {
                                "D": "SSW",
                                "G": "18",
                                "H": "96.7",
                                "P": "1025",
                                "S": "11",
                                "T": "11.0",
                                "V": "4300",
                                "W": "12",
                                "Pt": "F",
                                "Dp": "10.5",
                                "$": "120"
                            },
                            {
                                "D": "SSW",
                                "G": "16",
                                "H": "96.0",
                                "P": "1025",
                                "S": "10",
                                "T": "11.0",
                                "V": "6000",
                                "W": "12",
                                "Pt": "F",
                                "Dp": "10.4",
                                "$": "180"
                            },
                            {
                                "D": "S",
                                "G": "15",
                                "H": "96.7",
                                "P": "1023",
                                "S": "9",
                                "T": "10.9",
                                "V": "5000",
                                "W": "12",
                                "Pt": "F",
                                "Dp": "10.4",
                                "$": "240"
                            },
                            {
                                "D": "S",
                                "G": "16",
                                "H": "96.7",
                                "P": "1023",
                                "S": "10",
                                "T": "10.8",
                                "V": "5000",
                                "W": "12",
                                "Pt": "F",
                                "Dp": "10.3",
                                "$": "300"
                            },
                            {
                                "D": "SSW",
                                "G": "13",
                                "H": "97.4",
                                "P": "1022",
                                "S": "7",
                                "T": "10.7",
                                "V": "3100",
                                "W": "12",
                                "Pt": "F",
                                "Dp": "10.3",
                                "$": "360"
                            },
                            {
                                "D": "SW",
                                "G": "14",
                                "H": "97.4",
                                "P": "1021",
                                "S": "9",
                                "T": "10.9",
                                "V": "7000",
                                "W": "12",
                                "Pt": "F",
                                "Dp": "10.5",
                                "$": "420"
                            },
                            {
                                "D": "WSW",
                                "G": "16",
                                "H": "96.1",
                                "P": "1021",
                                "S": "8",
                                "T": "11.3",
                                "V": "10000",
                                "W": "12",
                                "Pt": "F",
                                "Dp": "10.7",
                                "$": "480"
                            },
                            {
                                "D": "WSW",
                                "G": "18",
                                "H": "96.0",
                                "P": "1022",
                                "S": "13",
                                "T": "11.5",
                                "V": "75000",
                                "W": "8",
                                "Pt": "R",
                                "Dp": "10.9",
                                "$": "540"
                            },
                            {
                                "D": "W",
                                "G": "18",
                                "H": "92.9",
                                "P": "1023",
                                "S": "13",
                                "T": "12.3",
                                "V": "75000",
                                "W": "8",
                                "Pt": "R",
                                "Dp": "11.2",
                                "$": "600"
                            },
                            {
                                "D": "W",
                                "G": "22",
                                "H": "87.6",
                                "P": "1023",
                                "S": "11",
                                "T": "13.4",
                                "V": "75000",
                                "W": "8",
                                "Pt": "R",
                                "Dp": "11.4",
                                "$": "660"
                            },
                            {
                                "D": "W",
                                "G": "21",
                                "H": "82.0",
                                "P": "1024",
                                "S": "11",
                                "T": "14.1",
                                "V": "75000",
                                "W": "8",
                                "Pt": "R",
                                "Dp": "11.1",
                                "$": "720"
                            },
                            {
                                "D": "W",
                                "G": "22",
                                "H": "76.7",
                                "P": "1024",
                                "S": "15",
                                "T": "14.8",
                                "V": "65000",
                                "W": "8",
                                "Pt": "R",
                                "Dp": "10.8",
                                "$": "780"
                            },
                            {
                                "D": "W",
                                "G": "22",
                                "H": "73.6",
                                "P": "1024",
                                "S": "11",
                                "T": "14.6",
                                "V": "50000",
                                "W": "1",
                                "Pt": "R",
                                "Dp": "10.0",
                                "$": "840"
                            },
                            {
                                "D": "WNW",
                                "G": "23",
                                "H": "64.3",
                                "P": "1025",
                                "S": "15",
                                "T": "15.3",
                                "V": "35000",
                                "W": "8",
                                "Pt": "R",
                                "Dp": "8.7",
                                "$": "900"
                            },
                            {
                                "D": "WNW",
                                "G": "22",
                                "H": "71.5",
                                "P": "1025",
                                "S": "13",
                                "T": "14.4",
                                "V": "45000",
                                "W": "7",
                                "Pt": "R",
                                "Dp": "9.4",
                                "$": "960"
                            }
                        ]
                    }
                ]
            }
        }
    }
}