{
    "SiteRep": {
        "Wx": {
            "Param": [
                {
                    "name": "G",
                    "units": "mph",
                    "$": "Wind Gust"
                },
                {
                    "name": "T",
                    "units": "C",
                    "$": "Temperature"
                },
                {
                    "name": "V",
                    "units": "m",
                    "$": "Visibility"
                },
                {
                    "name": "D",
                    "units": "compass",
                    "$": "Wind Direction"
                },
                {
                    "name": "S",
                    "units": "mph",
                    "$": "Wind Speed"
                },
                {
                    "name": "W",
                    "units": "",
                    "$": "Weather Type"
                },
                {
                    "name": "P",
                    "units": "hpa",
                    "$": "Pressure"
                },
                {
                    "name": "Pt",
                    "units": "Pa/s",
                    "$": "Pressure Tendency"
                },
                {
                    "name": "Dp",
                    "units": "C",
                    "$": "Dew Point"
                },
                {
                    "name": "H",
                    "units": "%",
                    "$": "Screen Relative Humidity"
                }
            ]
        },
        "DV": {
            "dataDate": "2024-03-02T16:00:00Z",
            "type": "Obs",
            "Location": {
                "i": "3772",
                "lat": "51.479",
                "lon": "-0.449",
                "name": "HEATHROW",
                "country": "ENGLAND",
                "continent": "EUROPE",
                "elevation": "25.0",
                "Period": [
                    {
                        "type": "Day",
                        "value": "2024-03-01Z",
                        "Rep": [
                            {
                                "D": "SSW",
                                "G": "31",
                                "H": "54.3",
                                "P": "991",
                                "S": "18",
                                "T": "9.0",
                                "V": "50000",
                                "W": "3",
                                "Pt": "R",
                                "Dp": "0.2",
                                "$": "960"
                            },
                            {
                                "D": "S",
                                "G": "28",
                                "H": "70.9",
                                "P": "992",
                                "S": "17",
                                "T": "6.4",
                                "V": "45000",
                                "W": "12",
                                "Pt": "R",
                                "Dp": "1.5",
                                "$": "1020"
                            },
                            {
                                "D": "SSE",
                                "G": "25",
                                "H": "87.6",
                                "P": "992",
                                "S": "17",
                                "T": "4.6",
                                "V": "4500",
                                "W": "12",
                                "Pt": "R",
                                "Dp": "2.7",
                                "$": "1080"
                            },
                            {
                                "D": "SE",
                                "G": "24",
                                "H": "90.6",
                                "P": "991",
                                "S": "10",
                                "T": "4.7",
                                "V": "25000",
                                "W": "12",
                                "Pt": "R",
                                "Dp": "3.3",
                                "$": "1140"
                            },
                            {
                                "D": "ESE",
                                "G": "15",
                                "H": "89.9",
                                "P": "991",
                                "S": "9",
                                "T": "4.2",
                                "V": "30000",
                                "W": "8",
                                "Pt": "F",
                                "Dp": "2.7",
                                "$": "1200"
                            },
                            {
                                "D": "SE",
                                "G": "15",
                                "H": "89.9",
                                "P": "991",
                                "S": "10",
                                "T": "4.5",
                                "V": "60000",
                                "W": "8",
                                "Pt": "F",
                                "Dp": "3.0",
                                "$": "1260"
                            },
                            {
                                "D": "SE",
                                "G": "14",
                                "H": "93.9",
                                "P": "991",
                                "S": "9",
                                "T": "3.8",
                                "V": "30000",
                                "W": "0",
                                "Pt": "F",
                                "Dp": "2.9",
                                "$": "1320"
                            },
                            {
                                "D": "SE",
                                "G": "15",
                                "H": "91.3",
                                "P": "991",
                                "S": "9",
                                "T": "3.7",
                                "V": "40000",
                                "W": "0",
                                "Pt": "F",
                                "Dp": "2.4",
                                "$": "1380"
                            }
                        ]
                    },
                    {
                        "type": "Day",
                        "value": "2024-03-02Z",
                        "Rep": [
                            {
                                "D": "SE",
                                "G": "15",
                                "H": "93.2",
                                "P": "991",
                                "S": "8",
                                "T": "3.4",
                                "V": "45000",
                                "W": "2",
                                "Pt": "F",
                                "Dp": "2.4",
                                "$": "0"
                            },
                            {
                                "D": "SSE",
                                "G": "23",
                                "H": "93.9",
                                "P": "991",
                                "S": "11",
                                "T": "4.2",
                                "V": "3300",
                                "W": "12",
                                "Pt": "F",
                                "Dp": "3.3",
                                "$": "60"
                            },
                            {
                                "D": "SSE",
                                "G": "22",
                                "H": "94.6",
                                "P": "990",
                                "S": "10",
                                "T": "4.0",
                                "V": "5000",
                                "W": "12",
                                "Pt": "F",
                                "Dp": "3.2",
                                "$": "120"
                            },
                            {
                                "D": "SE",
                                "G": "14",
                                "H": "95.2",
                                "P": "990",
                                "S": "7",
                                "T": "3.9",
                                "V": "10000",
                                "W": "12",
                                "Pt": "F",
                                "Dp": "3.2",
                                "$": "180"
                            },
                            {
                                "D": "ESE",
                                "G": "16",
                                "H": "95.9",
                                "P": "989",
                                "S": "11",
                                "T": "4.7",
                                "V": "27000",
                                "W": "11",
                                "Pt": "F",
                                "Dp": "4.1",
                                "$": "240"
                            },
                            {
                                "D": "ESE",
                                "G": "21",
                                "H": "91.4",
                                "P": "989",
                                "S": "14",
                                "T": "5.5",
                                "V": "26000",
                                "W": "12",
                                "Pt": "F",
                                "Dp": "4.2",
                                "$": "300"
                            },
                            {
                                "D": "ESE",
                                "G": "25",
                                "H": "88.9",
                                "P": "988",
                                "S": "14",
                                "T": "5.7",
                                "V": "19000",
                                "W": "8",
                                "Pt": "F",
                                "Dp": "4.0",
                                "$": "360"
                            },
                            {
                                "D": "SE",
                                "G": "25",
                                "H": "92.7",
                                "P": "988",
                                "S": "14",
                                "T": "5.5",
                                "V": "5000",
                                "W": "12",
                                "Pt": "F",
                                "Dp": "4.4",
                                "$": "420"
                            },
                            {
                                "D": "S",
                                "G": "23",
                                "H": "93.3",
                                "P": "989",
                                "S": "13",
                                "T": "4.9",
                                "V": "3700",
                                "W": "12",
                                "Pt": "F",
                                "Dp": "3.9",
                                "$": "480"
                            },
                            {
                                "D": "SSE",
                                "G": "24",
                                "H": "93.3",
                                "P": "989",
                                "S": "11",
                                "T": "4.6",
                                "V": "3200",
                                "W": "12",
                                "Pt": "R",
                                "Dp": "3.6",
                                "$": "540"
                            },
                            {
                                "D": "SSE",
                                "G": "19",
                                "H": "94.0",
                                "P": "990",
                                "S": "11",
                                "T": "4.9",
                                "V": "11000",
                                "W": "12",
                                "Pt": "R",
                                "Dp": "4.0",
                                "$": "600"
                            },
                            {
                                "D": "SSW",
                                "G": "19",
                                "H": "91.2",
                                "P": "990",
                                "S": "10",
                                "T": "4.3",
                                "V": "2200",
                                "W": "12",
                                "Pt": "R",
                                "Dp": "3.0",
                                "$": "660"
                            },
                            {
                                "D": "SSE",
                                "G": "15",
                                "H": "87.1",
                                "P": "991",
                                "S": "10",
                                "T": "5.8",
                                "V": "75000",
                                "W": "8",
                                "Pt": "R",
                                "Dp": "3.8",
                                "$": "720"
                            },
                            {
                                "D": "SSE",
                                "G": "19",
                                "H": "85.9",
                                "P": "991",
                                "S": "11",
                                "T": "6.4",
                                "V": "20000",
                                "W": "12",
                                "Pt": "R",
                                "Dp": "4.2",
                                "$": "780"
                            },
                            {
                                "D": "S",
                                "G": "19",
                                "H": "70.5",
                                "P": "991",
                                "S": "13",
                                "T": "8.9",
                                "V": "75000",
                                "W": "7",
                                "Pt": "R",
                                "Dp": "3.8",
                                "$": "840"
                            },
                            {
                                "D": "S",
                                "G": "21",
                                "H": "64.1",
                                "P": "991",
                                "S": "13",
                                "T": "8.1",
                                "V": "75000",
                                "W": "8",
                                "Pt": "R",
                                "Dp": "1.7",
                                "$": "900"
                            }
                        ]
                    }
                ]
            }
        }
    }
}