{
    "SiteRep": {
        "Wx": {
            "Param": [
                {
                    "name": "G",
                    "units": "mph",
                    "$": "Wind Gust"
                },
                {
                    "name": "T",
                    "units": "C",
                    "$": "Temperature"
                },
                {
                    "name": "V",
                    "units": "m",
                    "$": "Visibility"
                },
                {
                    "name": "D",
                    "units": "compass",
                    "$": "Wind Direction"
                },
                {
                    "name": "S",
                    "units": "mph",
                    "$": "Wind Speed"
                },
                {
                    "name": "W",
                    "units": "",
                    "$": "Weather Type"
                },
                {
                    "name": "P",
                    "units": "hpa",
                    "$": "Pressure"
                },
                {
                    "name": "Pt",
                    "units": "Pa/s",
                    "$": "Pressure Tendency"
                },
                {
                    "name": "Dp",
                    "units": "C",
                    "$": "Dew Point"
                },
                {
                    "name": "H",
                    "units": "%",
                    "$": "Screen Relative Humidity"
                }
            ]
        },
        "DV": {
            "dataDate": "2024-08-30T16:00:00Z",
            "type": "Obs",
            "Location": {
                "i": "3772",
                "lat": "51.479",
                "lon": "-0.449",
                "name": "HEATHROW",
                "country": "ENGLAND",
                "continent": "EUROPE",
                "elevation": "25.0",
                "Period": [
                    {
                        "type": "Day",
                        "value": "2024-08-29Z",
                        "Rep": [
                            {
                                "D": "WSW",
                                "G": "18",
                                "H": "45.2",
                                "P": "1019",
                                "S": "11",
                                "T": "21.2",
                                "V": "35000",
                                "W": "7",
                                "Pt": "R",
                                "Dp": "9.0",
                                "$": "960"
                            },
                            {
                                "D": "WSW",
                                "G": "18",
                                "H": "41.7",
                                "P": "1019",
                                "S": "13",
                                "T": "21.4",
                                "V": "40000",
                                "W": "3",
                                "Pt": "R",
                                "Dp": "8.0",
                                "$": "1020"
                            },
                            {
                                "D": "W",
                                "G": "16",
                                "H": "39.9",
                                "P": "1019",
                                "S": "9",
                                "T": "21.3",
                                "V": "35000",
                                "W": "1",
                                "Pt": "R",
                                "Dp": "7.3",
                                "$": "1080"
                            },
                            {
                                "D": "NW",
                                "G": "15",
                                "H": "47.3",
                                "P": "1019",
                                "S": "5",
                                "T": "19.5",
                                "V": "27000",
                                "W": "0",
                                "Pt": "R",
                                "Dp": "8.1",
                                "$": "1140"
                            },
                            {
                                "D": "WNW",
                                "G": "7",
                                "H": "50.4",
                                "P": "1020",
                                "S": "5",
                                "T": "18.8",
                                "V": "27000",
                                "W": "0",
                                "Pt": "R",
                                "Dp": "8.4",
                                "$": "1200"
                            },
                            {
                                "D": "WNW",
                                "G": "9",
                                "H": "54.8",
                                "P": "1020",
                                "S": "5",
                                "T": "17.7",
                                "V": "24000",
                                "W": "0",
                                "Pt": "R",
                                "Dp": "8.6",
                                "$": "1260"
                            },
                            {
                                "D": "WNW",
                                "G": "8",
                                "H": "57.6",
                                "P": "1021",
                                "S": "6",
                                "T": "16.7",
                                "V": "20000",
                                "W": "0",
                                "Pt": "R",
                                "Dp": "8.4",
                                "$": "1320"
                            },
                            {
                                "D": "W",
                                "G": "7",
                                "H": "64.5",
                                "P": "1021",
                                "S": "6",
                                "T": "15.6",
                                "V": "18000",
                                "W": "0",
                                "Pt": "R",
                                "Dp": "9.0",
                                "$": "1380"
                            }
                        ]
                    },
                    {
                        "type": "Day",
                        "value": "2024-08-30Z",
                        "Rep": [
                            {
                                "D": "WSW",
                                "G": "8",
                                "H": "71.4",
                                "P": "1021",
                                "S": "2",
                                "T": "13.4",
                                "V": "15000",
                                "W": "0",
                                "Pt": "R",
                                "Dp": "8.4",
                                "$": "0"
                            },
                            {
                                "D": "W",
                                "G": "5",
                                "H": "74.9",
                                "P": "1022",
                                "S": "2",
                                "T": "13.3",
                                "V": "14000",
                                "W": "0",
                                "Pt": "R",
                                "Dp": "9.0",
                                "$": "60"
                            },
                            {
                                "D": "WNW",
                                "G": "6",
                                "H": "77.0",
                                "P": "1022",
                                "S": "3",
                                "T": "13.1",
                                "V": "13000",
                                "W": "7",
                                "Pt": "R",
                                "Dp": "9.2",
                                "$": "120"
                            },
                            {
                                "D": "NW",
                                "G": "8",
                                "H": "81.1",
                                "P": "1022",
                                "S": "5",
                                "T": "12.1",
                                "V": "11000",
                                "W": "7",
                                "Pt": "R",
                                "Dp": "9.0",
                                "$": "180"
                            },
                            {
                                "D": "NW",
                                "G": "6",
                                "H": "83.9",
                                "P": "1022",
                                "S": "3",
                                "T": "11.7",
                                "V": "9000",
                                "W": "5",
                                "Pt": "R",
                                "Dp": "9.1",
                                "$": "240"
                            },
                            {
                                "D": "NE",
                                "G": "6",
                                "H": "87.3",
                                "P": "1022",
                                "S": "3",
                                "T": "11.2",
                                "V": "10000",
                                "W": "5",
                                "Pt": "F",
                                "Dp": "9.2",
                                "$": "300"
                            },
                            {
                                "D": "NE",
                                "G": "5",
                                "H": "83.4",
                                "P": "1022",
                                "S": "2",
                                "T": "12.1",
                                "V": "10000",
                                "W": "1",
                                "Pt": "R",
                                "Dp": "9.4",
                                "$": "360"
                            },
                            {
                                "D": "N",
                                "G": "7",
                                "H": "78.2",
                                "P": "1022",
                                "S": "2",
                                "T": "13.9",
                                "V": "12000",
                                "W": "1",
                                "Pt": "R",
                                "Dp": "10.2",
                                "$": "420"
                            },
                            {
                                "D": "NNE",
                                "G": "7",
                                "H": "69.9",
                                "P": "1023",
                                "S": "3",
                                "T": "15.6",
                                "V": "14000",
                                "W": "1",
                                "Pt": "R",
                                "Dp": "10.2",
                                "$": "480"
                            },
                            {
                                "D": "E",
                                "G": "10",
                                "H": "59.3",
                                "P": "1023",
                                "S": "6",
                                "T": "18.6",
                                "V": "21000",
                                "W": "1",
                                "Pt": "R",
                                "Dp": "10.6",
                                "$": "540"
                            },
                            {
                                "D": "NE",
                                "G": "13",
                                "H": "47.1",
                                "P": "1023",
                                "S": "7",
                                "T": "20.3",
                                "V": "25000",
                                "W": "1",
                                "Pt": "R",
                                "Dp": "8.8",
                                "$": "600"
                            },
                            {
                                "D": "NE",
                                "G": "13",
                                "H": "43.5",
                                "P": "1023",
                                "S": "7",
                                "T": "20.9",
                                "V": "21000",
                                "W": "1",
                                "Pt": "R",
                                "Dp": "8.2",
                                "$": "660"
                            },
                            {
                                "D": "NE",
                                "G": "13",
                                "H": "45.4",
                                "P": "1023",
                                "S": "6",
                                "T": "21.1",
                                "V": "22000",
                                "W": "1",
                                "Pt": "S",
                                "Dp": "9.0",
                                "$": "720"
                            },
                            {
                                "D": "NNE",
                                "G": "14",
                                "H": "39.8",
                                "P": "1023",
                                "S": "6",
                                "T": "22.9",
                                "V": "23000",
                                "W": "3",
                                "Pt": "S",
                                "Dp": "8.7",
                                "$": "780"
                            },
                            {
                                "D": "ENE",
                                "G": "14",
                                "H": "39.8",
                                "P": "1022",
                                "S": "5",
                                "T": "22.8",
                                "V": "23000",
                                "W": "3",
                                "Pt": "F",
                                "Dp": "8.6",
                                "$": "840"
                            },
                            {
                                "D": "ENE",
                                "G": "16",
                                "H": "38.6",
                                "P": "1022",
                                "S": "8",
                                "T": "23.3",
                                "V": "25000",
                                "W": "1",
                                "Pt": "F",
                                "Dp": "8.6",
                                "$": "900"
                            },
                            {
                                "D": "ENE",
                                "G": "15",
                                "H": "39.0",
                                "P": "1022",
                                "S": "9",
                                "T": "22.9",
                                "V": "24000",
                                "W": "3",
                                "Pt": "F",
                                "Dp": "8.4",
                                "$": "960"
                            }
                        ]
                    }
                ]
            }
        }
    }
}