{
    "SiteRep": {
        "Wx": {
            "Param": [
                {
                    "name": "G",
                    "units": "mph",
                    "$": "Wind Gust"
                },
                {
                    "name": "T",
                    "units": "C",
                    "$": "Temperature"
                },
                {
                    "name": "V",
                    "units": "m",
                    "$": "Visibility"
                },
                {
                    "name": "D",
                    "units": "compass",
                    "$": "Wind Direction"
                },
                {
                    "name": "S",
                    "units": "mph",
                    "$": "Wind Speed"
                },
                {
                    "name": "W",
                    "units": "",
                    "$": "Weather Type"
                },
                {
                    "name": "P",
                    "units": "hpa",
                    "$": "Pressure"
                },
                {
                    "name": "Pt",
                    "units": "Pa/s",
                    "$": "Pressure Tendency"
                },
                {
                    "name": "Dp",
                    "units": "C",
                    "$": "Dew Point"
                },
                {
                    "name": "H",
                    "units": "%",
                    "$": "Screen Relative Humidity"
                }
            ]
        },
        "DV": {
            "dataDate": "2025-03-06T16:00:00Z",
            "type": "Obs",
            "Location": {
                "i": "3772",
                "lat": "51.479",
                "lon": "-0.449",
                "name": "HEATHROW",
                "country": "ENGLAND",
                "continent": "EUROPE",
                "elevation": "25.0",
                "Period": [
                    {
                        "type": "Day",
                        "value": "2025-03-05Z",
                        "Rep": [
                            {
                                "D": "SSW",
                                "G": "13",
                                "H": "43.4",
                                "P": "1020",
                                "S": "7",
                                "T": "14.3",
                                "V": "17000",
                                "W": "1",
                                "Pt": "F",
                                "Dp": "2.2",
                                "$": "960"
                            },
                            {
                                "D": "S",
                                "G": "14",
                                "H": "56.2",
                                "P": "1020",
                                "S": "9",
                                "T": "13.0",
                                "V": "12000",
                                "W": "1",
                                "Pt": "F",
                                "Dp": "4.6",
                                "$": "1020"
                            },
                            {
                                "D": "S",
                                "G": "14",
                                "H": "62.2",
                                "P": "1020",
                                "S": "8",
                                "T": "11.4",
                                "V": "11000",
                                "W": "0",
                                "Pt": "F",
                                "Dp": "4.5",
                                "$": "1080"
                            },
                            {
                                "D": "S",
                                "G": "10",
                                "H": "67.4",
                                "P": "1020",
                                "S": "6",
                                "T": "10.2",
                                "V": "10000",
                                "W": "0",
                                "Pt": "F",
                                "Dp": "4.5",
                                "$": "1140"
                            },
                            {
                                "D": "S",
                                "G": "11",
                                "H": "68.9",
                                "P": "1019",
                                "S": "5",
                                "T": "8.6",
                                "V": "9000",
                                "W": "5",
                                "Pt": "F",
                                "Dp": "3.3",
                                "$": "1200"
                            },
                            {
                                "D": "S",
                                "G": "8",
                                "H": "73.9",
                                "P": "1019",
                                "S": "5",
                                "T": "7.7",
                                "V": "9000",
                                "W": "5",
                                "Pt": "F",
                                "Dp": "3.4",
                                "$": "1260"
                            },
                            {
                                "D": "S",
                                "G": "8",
                                "H": "79.2",
                                "P": "1019",
                                "S": "5",
                                "T": "7.0",
                                "V": "7000",
                                "W": "5",
                                "Pt": "F",
                                "Dp": "3.7",
                                "$": "1320"
                            },
                            {
                                "D": "S",
                                "G": "9",
                                "H": "80.3",
                                "P": "1019",
                                "S": "7",
                                "T": "5.9",
                                "V": "6000",
                                "W": "5",
                                "Pt": "F",
                                "Dp": "2.8",
                                "$": "1380"
                            }
                        ]
                    },
                    {
                        "type": "Day",
                        "value": "2025-03-06Z",
                        "Rep": [
                            {
                                "D": "S",
                                "G": "8",
                                "H": "80.3",
                                "P": "1018",
                                "S": "3",
                                "T": "5.4",
                                "V": "7000",
                                "W": "5",
                                "Pt": "F",
                                "Dp": "2.3",
                                "$": "0"
                            },
                            {
                                "D": "SW",
                                "G": "6",
                                "H": "85.3",
                                "P": "1018",
                                "S": "3",
                                "T": "3.7",
                                "V": "7000",
                                "W": "5",
                                "Pt": "F",
                                "Dp": "1.5",
                                "$": "60"
                            },
                            {
                                "D": "NNW",
                                "G": "3",
                                "H": "88.5",
                                "P": "1017",
                                "S": "2",
                                "T": "3.4",
                                "V": "5000",
                                "W": "5",
                                "Pt": "F",
                                "Dp": "1.7",
                                "$": "120"
                            },
                            {
                                "D": "E",
                                "G": "3",
                                "H": "90.2",
                                "P": "1017",
                                "S": "1",
                                "T": "1.8",
                                "V": "5000",
                                "W": "5",
                                "Pt": "F",
                                "Dp": "0.4",
                                "$": "180"
                            },
                            {
                                "D": "N",
                                "G": "2",
                                "H": "91.8",
                                "P": "1016",
                                "S": "1",
                                "T": "2.5",
                                "V": "5000",
                                "W": "5",
                                "Pt": "F",
                                "Dp": "1.3",
                                "$": "240"
                            },
                            {
                                "D": "NE",
                                "G": "2",
                                "H": "92.3",
                                "P": "1016",
                                "S": "1",
                                "T": "2.2",
                                "V": "5000",
                                "W": "5",
                                "Pt": "F",
                                "Dp": "1.1",
                                "$": "300"
                            },
                            {
                                "D": "NNE",
                                "G": "5",
                                "H": "91.0",
                                "P": "1015",
                                "S": "2",
                                "T": "2.4",
                                "V": "4900",
                                "W": "5",
                                "Pt": "F",
                                "Dp": "1.1",
                                "$": "360"
                            },
                            {
                                "D": "NE",
                                "G": "5",
                                "H": "89.7",
                                "P": "1015",
                                "S": "2",
                                "T": "2.8",
                                "V": "5000",
                                "W": "5",
                                "Pt": "F",
                                "Dp": "1.3",
                                "$": "420"
                            },
                            {
                                "D": "NE",
                                "G": "3",
                                "H": "84.3",
                                "P": "1015",
                                "S": "1",
                                "T": "4.8",
                                "V": "7000",
                                "W": "5",
                                "Pt": "F",
                                "Dp": "2.4",
                                "$": "480"
                            },
                            {
                                "D": "SE",
                                "G": "10",
                                "H": "75.8",
                                "P": "1014",
                                "S": "6",
                                "T": "8.7",
                                "V": "6000",
                                "W": "5",
                                "Pt": "F",
                                "Dp": "4.7",
                                "$": "540"
                            },
                            {
                                "D": "SSE",
                                "G": "10",
                                "H": "66.1",
                                "P": "1014",
                                "S": "6",
                                "T": "12.1",
                                "V": "8000",
                                "W": "5",
                                "Pt": "F",
                                "Dp": "6.0",
                                "$": "600"
                            },
                            {
                                "D": "S",
                                "G": "13",
                                "H": "56.8",
                                "P": "1013",
                                "S": "7",
                                "T": "14.8",
                                "V": "14000",
                                "W": "1",
                                "Pt": "F",
                                "Dp": "6.4",
                                "$": "660"
                            },
                            {
                                "D": "S",
                                "G": "17",
                                "H": "45.7",
                                "P": "1013",
                                "S": "11",
                                "T": "16.1",
                                "V": "30000",
                                "W": "1",
                                "Pt": "F",
                                "Dp": "4.5",
                                "$": "720"
                            },
                            {
                                "D": "S",
                                "G": "18",
                                "H": "46.3",
                                "P": "1012",
                                "S": "11",
                                "T": "16.7",
                                "V": "30000",
                                "W": "1",
                                "Pt": "F",
                                "Dp": "5.2",
                                "$": "780"
                            },
                            {
                                "D": "S",
                                "G": "19",
                                "H": "45.7",
                                "P": "1012",
                                "S": "13",
                                "T": "16.9",
                                "V": "35000",
                                "W": "1",
                                "Pt": "F",
                                "Dp": "5.2",
                                "$": "840"
                            },
                            {
                                "D": "S",
                                "G": "22",
                                "H": "46.5",
                                "P": "1012",
                                "S": "14",
                                "T": "16.2",
                                "V": "40000",
                                "W": "1",
                                "Pt": "F",
                                "Dp": "4.8",
                                "$": "900"
                            },
                            {
                                "D": "S",
                                "G": "22",
                                "H": "46.3",
                                "P": "1012",
                                "S": "13",
                                "T": "14.4",
                                "V": "55000",
                                "W": "3",
                                "Pt": "F",
                                "Dp": "3.1",
                                "$": "960"
                            }
                        ]
                    }
                ]
            }
        }
    }
}