{
    "SiteRep": {
        "Wx": {
            "Param": [
                {
                    "name": "G",
                    "units": "mph",
                    "$": "Wind Gust"
                },
                {
                    "name": "T",
                    "units": "C",
                    "$": "Temperature"
                },
                {
                    "name": "V",
                    "units": "m",
                    "$": "Visibility"
                },
                {
                    "name": "D",
                    "units": "compass",
                    "$": "Wind Direction"
                },
                {
                    "name": "S",
                    "units": "mph",
                    "$": "Wind Speed"
                },
                {
                    "name": "W",
                    "units": "",
                    "$": "Weather Type"
                },
                {
                    "name": "P",
                    "units": "hpa",
                    "$": "Pressure"
                },
                {
                    "name": "Pt",
                    "units": "Pa/s",
                    "$": "Pressure Tendency"
                },
                {
                    "name": "Dp",
                    "units": "C",
                    "$": "Dew Point"
                },
                {
                    "name": "H",
                    "units": "%",
                    "$": "Screen Relative Humidity"
                }
            ]
        },
        "DV": {
            "dataDate": "2025-09-22T16:00:00Z",
            "type": "Obs",
            "Location": {
                "i": "3772",
                "lat": "51.479",
                "lon": "-0.449",
                "name": "HEATHROW",
                "country": "ENGLAND",
                "continent": "EUROPE",
                "elevation": "25.0",
                "Period": [
                    {
                        "type": "Day",
                        "value": "2025-09-21Z",
                        "Rep": [
                            {
                                "D": "NNW",
                                "G": "17",
                                "H": "37.8",
                                "P": "1019",
                                "S": "9",
                                "T": "16.4",
                                "V": "75000",
                                "W": "1",
                                "Pt": "R",
                                "Dp": "2.2",
                                "$": "960"
                            },
                            {
                                "D": "NNE",
                                "G": "17",
                                "H": "37.5",
                                "P": "1020",
                                "S": "8",
                                "T": "15.4",
                                "V": "75000",
                                "W": "1",
                                "Pt": "R",
                                "Dp": "1.2",
                                "$": "1020"
                            },
                            {
                                "D": "NNE",
                                "G": "16",
                                "H": "42.4",
                                "P": "1021",
                                "S": "6",
                                "T": "14.1",
                                "V": "75000",
                                "W": "1",
                                "Pt": "R",
                                "Dp": "1.7",
                                "$": "1080"
                            },
                            {
                                "D": "NNE",
                                "G": "11",
                                "H": "50.4",
                                "P": "1022",
                                "S": "6",
                                "T": "12.9",
                                "V": "65000",
                                "W": "0",
                                "Pt": "R",
                                "Dp": "3.0",
                                "$": "1140"
                            },
                            {
                                "D": "NNE",
                                "G": "14",
                                "H": "57.9",
                                "P": "1023",
                                "S": "8",
                                "T": "12.0",
                                "V": "60000",
                                "W": "0",
                                "Pt": "R",
                                "Dp": "4.1",
                                "$": "1200"
                            },
                            {
                                "D": "NE",
                                "G": "16",
                                "H": "66.2",
                                "P": "1024",
                                "S": "8",
                                "T": "11.4",
                                "V": "45000",
                                "W": "0",
                                "Pt": "R",
                                "Dp": "5.4",
                                "$": "1260"
                            },
                            {
                                "D": "NE",
                                "G": "14",
                                "H": "69.8",
                                "P": "1024",
                                "S": "7",
                                "T": "10.8",
                                "V": "35000",
                                "W": "0",
                                "Pt": "R",
                                "Dp": "5.6",
                                "$": "1320"
                            },
                            {
                                "D": "NNE",
                                "G": "11",
                                "H": "75.3",
                                "P": "1024",
                                "S": "5",
                                "T": "9.5",
                                "V": "35000",
                                "W": "0",
                                "Pt": "R",
                                "Dp": "5.4",
                                "$": "1380"
                            }
                        ]
                    },
                    {
                        "type": "Day",
                        "value": "2025-09-22Z",
                        "Rep": [
                            {
                                "D": "NNE",
                                "G": "8",
                                "H": "79.5",
                                "P": "1024",
                                "S": "5",
                                "T": "8.5",
                                "V": "40000",
                                "W": "0",
                                "Pt": "R",
                                "Dp": "5.2",
                                "$": "0"
                            },
                            {
                                "D": "N",
                                "G": "13",
                                "H": "77.2",
                                "P": "1024",
                                "S": "6",
                                "T": "8.4",
                                "V": "40000",
                                "W": "0",
                                "Pt": "R",
                                "Dp": "4.7",
                                "$": "60"
                            },
                            {
                                "D": "NNE",
                                "G": "11",
                                "H": "77.7",
                                "P": "1025",
                                "S": "3",
                                "T": "7.9",
                                "V": "45000",
                                "W": "0",
                                "Pt": "R",
                                "Dp": "4.3",
                                "$": "120"
                            },
                            {
                                "D": "N",
                                "G": "13",
                                "H": "77.7",
                                "P": "1025",
                                "S": "6",
                                "T": "8.0",
                                "V": "40000",
                                "W": "0",
                                "Pt": "R",
                                "Dp": "4.4",
                                "$": "180"
                            },
                            {
                                "D": "N",
                                "G": "10",
                                "H": "79.8",
                                "P": "1025",
                                "S": "7",
                                "T": "7.6",
                                "V": "35000",
                                "W": "0",
                                "Pt": "R",
                                "Dp": "4.4",
                                "$": "240"
                            },
                            {
                                "D": "N",
                                "G": "11",
                                "H": "80.5",
                                "P": "1025",
                                "S": "7",
                                "T": "7.6",
                                "V": "40000",
                                "W": "0",
                                "Pt": "R",
                                "Dp": "4.5",
                                "$": "300"
                            },
                            {
                                "D": "N",
                                "G": "14",
                                "H": "80.4",
                                "P": "1026",
                                "S": "7",
                                "T": "7.7",
                                "V": "35000",
                                "W": "0",
                                "Pt": "R",
                                "Dp": "4.6",
                                "$": "360"
                            },
                            {
                                "D": "N",
                                "G": "14",
                                "H": "77.2",
                                "P": "1026",
                                "S": "7",
                                "T": "8.6",
                                "V": "35000",
                                "W": "1",
                                "Pt": "R",
                                "Dp": "4.9",
                                "$": "420"
                            },
                            {
                                "D": "N",
                                "G": "16",
                                "H": "70.2",
                                "P": "1027",
                                "S": "8",
                                "T": "10.4",
                                "V": "30000",
                                "W": "1",
                                "Pt": "R",
                                "Dp": "5.3",
                                "$": "480"
                            },
                            {
                                "D": "N",
                                "G": "19",
                                "H": "63.6",
                                "P": "1027",
                                "S": "9",
                                "T": "12.7",
                                "V": "35000",
                                "W": "1",
                                "Pt": "R",
                                "Dp": "6.1",
                                "$": "540"
                            },
                            {
                                "D": "NNE",
                                "G": "22",
                                "H": "59.6",
                                "P": "1027",
                                "S": "13",
                                "T": "13.9",
                                "V": "40000",
                                "W": "1",
                                "Pt": "R",
                                "Dp": "6.3",
                                "$": "600"
                            },
                            {
                                "D": "NNE",
                                "G": "21",
                                "S": "11",
                                "$": "660"
                            },
                            {
                                "D": "NNE",
                                "G": "21",
                                "S": "9",
                                "$": "720"
                            },
                            {
                                "D": "NNE",
                                "G": "21",
                                "H": "49.3",
                                "P": "1027",
                                "S": "9",
                                "T": "16.5",
                                "V": "55000",
                                "W": "7",
                                "Pt": "F",
                                "Dp": "6.0",
                                "$": "780"
                            },
                            {
                                "D": "N",
                                "G": "21",
                                "H": "41.4",
                                "P": "1027",
                                "S": "9",
                                "T": "16.1",
                                "V": "55000",
                                "W": "8",
                                "Pt": "F",
                                "Dp": "3.2",
                                "$": "840"
                            },
                            {
                                "D": "N",
                                "G": "19",
                                "H": "37.5",
                                "P": "1026",
                                "S": "10",
                                "T": "16.1",
                                "V": "65000",
                                "W": "1",
                                "Pt": "F",
                                "Dp": "1.9",
                                "$": "960"
                            }
                        ]
                    }
                ]
            }
        }
    }
}