{
    "SiteRep": {
        "Wx": {
            "Param": [
                {
                    "name": "G",
                    "units": "mph",
                    "$": "Wind Gust"
                },
                {
                    "name": "T",
                    "units": "C",
                    "$": "Temperature"
                },
                {
                    "name": "V",
                    "units": "m",
                    "$": "Visibility"
                },
                {
                    "name": "D",
                    "units": "compass",
                    "$": "Wind Direction"
                },
                {
                    "name": "S",
                    "units": "mph",
                    "$": "Wind Speed"
                },
                {
                    "name": "W",
                    "units": "",
                    "$": "Weather Type"
                },
                {
                    "name": "P",
                    "units": "hpa",
                    "$": "Pressure"
                },
                {
                    "name": "Pt",
                    "units": "Pa/s",
                    "$": "Pressure Tendency"
                },
                {
                    "name": "Dp",
                    "units": "C",
                    "$": "Dew Point"
                },
                {
                    "name": "H",
                    "units": "%",
                    "$": "Screen Relative Humidity"
                }
            ]
        },
        "DV": {
            "dataDate": "2025-06-18T16:00:00Z",
            "type": "Obs",
            "Location": {
                "i": "3772",
                "lat": "51.479",
                "lon": "-0.449",
                "name": "HEATHROW",
                "country": "ENGLAND",
                "continent": "EUROPE",
                "elevation": "25.0",
                "Period": [
                    {
                        "type": "Day",
                        "value": "2025-06-17Z",
                        "Rep": [
                            {
                                "D": "WSW",
                                "G": "22",
                                "H": "35.7",
                                "P": "1023",
                                "S": "11",
                                "T": "27.4",
                                "V": "30000",
                                "W": "1",
                                "Pt": "F",
                                "Dp": "11.1",
                                "$": "960"
                            },
                            {
                                "D": "W",
                                "G": "19",
                                "H": "36.6",
                                "P": "1023",
                                "S": "11",
                                "T": "26.9",
                                "V": "35000",
                                "W": "1",
                                "Pt": "F",
                                "Dp": "11.0",
                                "$": "1020"
                            },
                            {
                                "D": "W",
                                "G": "21",
                                "H": "38.1",
                                "P": "1023",
                                "S": "11",
                                "T": "26.0",
                                "V": "30000",
                                "W": "1",
                                "Pt": "F",
                                "Dp": "10.8",
                                "$": "1080"
                            },
                            {
                                "D": "W",
                                "G": "18",
                                "H": "42.0",
                                "P": "1023",
                                "S": "11",
                                "T": "24.7",
                                "V": "30000",
                                "W": "1",
                                "Pt": "F",
                                "Dp": "11.1",
                                "$": "1140"
                            },
                            {
                                "D": "W",
                                "G": "17",
                                "H": "48.2",
                                "P": "1023",
                                "S": "8",
                                "T": "23.0",
                                "V": "30000",
                                "W": "1",
                                "Pt": "R",
                                "Dp": "11.6",
                                "$": "1200"
                            },
                            {
                                "D": "W",
                                "G": "15",
                                "H": "49.4",
                                "P": "1024",
                                "S": "9",
                                "T": "21.7",
                                "V": "30000",
                                "W": "0",
                                "Pt": "R",
                                "Dp": "10.8",
                                "$": "1260"
                            },
                            {
                                "D": "W",
                                "G": "17",
                                "H": "53.3",
                                "P": "1024",
                                "S": "10",
                                "T": "20.5",
                                "V": "30000",
                                "W": "0",
                                "Pt": "R",
                                "Dp": "10.8",
                                "$": "1320"
                            },
                            {
                                "D": "WNW",
                                "G": "17",
                                "H": "57.4",
                                "P": "1024",
                                "S": "8",
                                "T": "18.9",
                                "V": "30000",
                                "W": "0",
                                "Pt": "R",
                                "Dp": "10.4",
                                "$": "1380"
                            }
                        ]
                    },
                    {
                        "type": "Day",
                        "value": "2025-06-18Z",
                        "Rep": [
                            {
                                "D": "W",
                                "G": "15",
                                "H": "65.2",
                                "P": "1024",
                                "S": "8",
                                "T": "17.4",
                                "V": "28000",
                                "W": "0",
                                "Pt": "R",
                                "Dp": "10.9",
                                "$": "0"
                            },
                            {
                                "D": "W",
                                "G": "13",
                                "H": "67.8",
                                "P": "1024",
                                "S": "6",
                                "T": "16.8",
                                "V": "30000",
                                "W": "0",
                                "Pt": "S",
                                "Dp": "10.9",
                                "$": "60"
                            },
                            {
                                "D": "W",
                                "G": "13",
                                "H": "75.8",
                                "P": "1024",
                                "S": "5",
                                "T": "15.4",
                                "V": "27000",
                                "W": "0",
                                "Pt": "F",
                                "Dp": "11.2",
                                "$": "120"
                            },
                            {
                                "D": "WNW",
                                "G": "8",
                                "H": "78.8",
                                "P": "1024",
                                "S": "5",
                                "T": "15.0",
                                "V": "21000",
                                "W": "0",
                                "Pt": "S",
                                "Dp": "11.4",
                                "$": "180"
                            },
                            {
                                "D": "W",
                                "G": "8",
                                "H": "82.5",
                                "P": "1024",
                                "S": "5",
                                "T": "14.4",
                                "V": "28000",
                                "W": "1",
                                "Pt": "R",
                                "Dp": "11.5",
                                "$": "240"
                            },
                            {
                                "D": "WNW",
                                "G": "8",
                                "H": "84.8",
                                "P": "1025",
                                "S": "3",
                                "T": "14.6",
                                "V": "29000",
                                "W": "1",
                                "Pt": "R",
                                "Dp": "12.1",
                                "$": "300"
                            },
                            {
                                "D": "W",
                                "G": "6",
                                "H": "79.5",
                                "P": "1025",
                                "S": "5",
                                "T": "16.0",
                                "V": "35000",
                                "W": "1",
                                "Pt": "R",
                                "Dp": "12.5",
                                "$": "360"
                            },
                            {
                                "D": "NW",
                                "G": "9",
                                "H": "73.7",
                                "P": "1025",
                                "S": "6",
                                "T": "17.5",
                                "V": "35000",
                                "W": "1",
                                "Pt": "R",
                                "Dp": "12.8",
                                "$": "420"
                            },
                            {
                                "D": "W",
                                "G": "7",
                                "H": "67.5",
                                "P": "1025",
                                "S": "3",
                                "T": "19.4",
                                "V": "35000",
                                "W": "1",
                                "Pt": "R",
                                "Dp": "13.3",
                                "$": "480"
                            },
                            {
                                "D": "W",
                                "G": "9",
                                "H": "59.6",
                                "P": "1025",
                                "S": "6",
                                "T": "21.7",
                                "V": "45000",
                                "W": "1",
                                "Pt": "R",
                                "Dp": "13.6",
                                "$": "540"
                            },
                            {
                                "D": "SW",
                                "G": "11",
                                "H": "56.3",
                                "P": "1025",
                                "S": "5",
                                "T": "23.3",
                                "V": "50000",
                                "W": "3",
                                "Pt": "F",
                                "Dp": "14.2",
                                "$": "600"
                            },
                            {
                                "D": "NNW",
                                "G": "10",
                                "H": "51.6",
                                "P": "1025",
                                "S": "5",
                                "T": "23.4",
                                "V": "55000",
                                "W": "3",
                                "Pt": "F",
                                "Dp": "13.0",
                                "$": "660"
                            },
                            {
                                "D": "W",
                                "G": "11",
                                "H": "41.7",
                                "P": "1025",
                                "S": "7",
                                "T": "25.7",
                                "V": "50000",
                                "W": "1",
                                "Pt": "F",
                                "Dp": "11.9",
                                "$": "720"
                            },
                            {
                                "D": "N",
                                "G": "14",
                                "H": "37.5",
                                "P": "1024",
                                "S": "5",
                                "T": "26.8",
                                "V": "65000",
                                "W": "1",
                                "Pt": "F",
                                "Dp": "11.3",
                                "$": "780"
                            },
                            {
                                "D": "S",
                                "G": "13",
                                "H": "34.5",
                                "P": "1024",
                                "S": "6",
                                "T": "27.3",
                                "V": "55000",
                                "W": "1",
                                "Pt": "F",
                                "Dp": "10.5",
                                "$": "840"
                            },
                            {
                                "D": "W",
                                "G": "14",
                                "H": "32.2",
                                "P": "1024",
                                "S": "5",
                                "T": "27.9",
                                "V": "55000",
                                "W": "1",
                                "Pt": "F",
                                "Dp": "10.0",
                                "$": "900"
                            },
                            {
                                "D": "N",
                                "G": "14",
                                "H": "32.6",
                                "P": "1023",
                                "S": "6",
                                "T": "28.4",
                                "V": "50000",
                                "W": "1",
                                "Pt": "F",
                                "Dp": "10.6",
                                "$": "960"
                            }
                        ]
                    }
                ]
            }
        }
    }
}