{
    "SiteRep": {
        "Wx": {
            "Param": [
                {
                    "name": "G",
                    "units": "mph",
                    "$": "Wind Gust"
                },
                {
                    "name": "T",
                    "units": "C",
                    "$": "Temperature"
                },
                {
                    "name": "V",
                    "units": "m",
                    "$": "Visibility"
                },
                {
                    "name": "D",
                    "units": "compass",
                    "$": "Wind Direction"
                },
                {
                    "name": "S",
                    "units": "mph",
                    "$": "Wind Speed"
                },
                {
                    "name": "W",
                    "units": "",
                    "$": "Weather Type"
                },
                {
                    "name": "P",
                    "units": "hpa",
                    "$": "Pressure"
                },
                {
                    "name": "Pt",
                    "units": "Pa/s",
                    "$": "Pressure Tendency"
                },
                {
                    "name": "Dp",
                    "units": "C",
                    "$": "Dew Point"
                },
                {
                    "name": "H",
                    "units": "%",
                    "$": "Screen Relative Humidity"
                }
            ]
        },
        "DV": {
            "dataDate": "2024-02-25T16:00:00Z",
            "type": "Obs",
            "Location": {
                "i": "3772",
                "lat": "51.479",
                "lon": "-0.449",
                "name": "HEATHROW",
                "country": "ENGLAND",
                "continent": "EUROPE",
                "elevation": "25.0",
                "Period": [
                    {
                        "type": "Day",
                        "value": "2024-02-24Z",
                        "Rep": [
                            {
                                "D": "N",
                                "G": "11",
                                "H": "64.6",
                                "P": "996",
                                "S": "1",
                                "T": "8.4",
                                "V": "45000",
                                "W": "8",
                                "Pt": "R",
                                "Dp": "2.1",
                                "$": "960"
                            },
                            {
                                "D": "W",
                                "G": "7",
                                "H": "73.3",
                                "P": "996",
                                "S": "5",
                                "T": "7.9",
                                "V": "8000",
                                "W": "8",
                                "Pt": "R",
                                "Dp": "3.4",
                                "$": "1020"
                            },
                            {
                                "D": "WNW",
                                "G": "7",
                                "H": "75.2",
                                "P": "996",
                                "S": "3",
                                "T": "7.6",
                                "V": "23000",
                                "W": "8",
                                "Pt": "R",
                                "Dp": "3.5",
                                "$": "1080"
                            },
                            {
                                "D": "NNW",
                                "G": "6",
                                "H": "82.9",
                                "P": "997",
                                "S": "3",
                                "T": "6.0",
                                "V": "14000",
                                "W": "0",
                                "Pt": "R",
                                "Dp": "3.3",
                                "$": "1140"
                            },
                            {
                                "D": "WNW",
                                "G": "6",
                                "H": "88.7",
                                "P": "998",
                                "S": "2",
                                "T": "5.1",
                                "V": "8000",
                                "W": "0",
                                "Pt": "R",
                                "Dp": "3.4",
                                "$": "1200"
                            },
                            {
                                "D": "WNW",
                                "G": "3",
                                "H": "91.3",
                                "P": "998",
                                "S": "2",
                                "T": "4.2",
                                "V": "4900",
                                "W": "0",
                                "Pt": "R",
                                "Dp": "2.9",
                                "$": "1260"
                            },
                            {
                                "D": "W",
                                "G": "5",
                                "H": "93.9",
                                "P": "998",
                                "S": "2",
                                "T": "3.5",
                                "V": "10000",
                                "W": "0",
                                "Pt": "R",
                                "Dp": "2.6",
                                "$": "1320"
                            },
                            {
                                "D": "W",
                                "G": "3",
                                "H": "95.8",
                                "P": "998",
                                "S": "2",
                                "T": "2.7",
                                "V": "3800",
                                "W": "5",
                                "Pt": "R",
                                "Dp": "2.1",
                                "$": "1380"
                            }
                        ]
                    },
                    {
                        "type": "Day",
                        "value": "2024-02-25Z",
                        "Rep": [
                            {
                                "D": "N",
                                "G": "5",
                                "H": "97.2",
                                "P": "998",
                                "S": "0",
                                "T": "2.7",
                                "V": "7000",
                                "W": "5",
                                "Pt": "R",
                                "Dp": "2.3",
                                "$": "0"
                            },
                            {
                                "D": "ESE",
                                "G": "5",
                                "H": "95.8",
                                "P": "998",
                                "S": "5",
                                "T": "0.6",
                                "V": "2100",
                                "W": "12",
                                "Pt": "R",
                                "Dp": "0.0",
                                "$": "60"
                            },
                            {
                                "D": "SW",
                                "G": "5",
                                "H": "97.9",
                                "P": "998",
                                "S": "1",
                                "T": "1.4",
                                "V": "4100",
                                "W": "0",
                                "Pt": "F",
                                "Dp": "1.1",
                                "$": "120"
                            },
                            {
                                "D": "N",
                                "G": "2",
                                "H": "97.1",
                                "P": "998",
                                "S": "0",
                                "T": "0.4",
                                "V": "5000",
                                "W": "0",
                                "Pt": "F",
                                "Dp": "0.0",
                                "$": "180"
                            },
                            {
                                "D": "NNE",
                                "G": "3",
                                "H": "97.2",
                                "P": "997",
                                "S": "2",
                                "T": "-0.3",
                                "V": "100",
                                "W": "6",
                                "Pt": "F",
                                "Dp": "-0.6",
                                "$": "240"
                            },
                            {
                                "D": "NNW",
                                "G": "5",
                                "H": "98.5",
                                "P": "997",
                                "S": "1",
                                "T": "0.1",
                                "V": "90",
                                "W": "6",
                                "Pt": "F",
                                "Dp": "-0.1",
                                "$": "300"
                            },
                            {
                                "D": "NNE",
                                "G": "5",
                                "H": "98.2",
                                "P": "997",
                                "S": "2",
                                "T": "-0.1",
                                "V": "90",
                                "W": "6",
                                "Pt": "F",
                                "Dp": "-0.3",
                                "$": "360"
                            },
                            {
                                "D": "NNE",
                                "G": "5",
                                "H": "98.8",
                                "P": "997",
                                "S": "3",
                                "T": "-0.4",
                                "V": "300",
                                "W": "6",
                                "Pt": "F",
                                "Dp": "-0.5",
                                "$": "420"
                            },
                            {
                                "D": "NE",
                                "G": "5",
                                "H": "99.4",
                                "P": "997",
                                "S": "2",
                                "T": "1.2",
                                "V": "4500",
                                "W": "8",
                                "Pt": "F",
                                "Dp": "1.1",
                                "$": "480"
                            },
                            {
                                "D": "ENE",
                                "G": "8",
                                "H": "99.4",
                                "P": "996",
                                "S": "5",
                                "T": "3.7",
                                "V": "9000",
                                "W": "8",
                                "Pt": "F",
                                "Dp": "3.6",
                                "$": "540"
                            },
                            {
                                "D": "E",
                                "G": "14",
                                "H": "96.0",
                                "P": "996",
                                "S": "7",
                                "T": "6.1",
                                "V": "17000",
                                "W": "8",
                                "Pt": "F",
                                "Dp": "5.5",
                                "$": "600"
                            },
                            {
                                "D": "E",
                                "G": "15",
                                "H": "86.5",
                                "P": "995",
                                "S": "9",
                                "T": "7.2",
                                "V": "25000",
                                "W": "7",
                                "Pt": "F",
                                "Dp": "5.1",
                                "$": "660"
                            },
                            {
                                "D": "E",
                                "G": "21",
                                "H": "81.5",
                                "P": "995",
                                "S": "15",
                                "T": "8.6",
                                "V": "35000",
                                "Pt": "F",
                                "Dp": "5.6",
                                "$": "720"
                            },
                            {
                                "D": "ESE",
                                "G": "26",
                                "H": "75.0",
                                "P": "994",
                                "S": "18",
                                "T": "8.5",
                                "V": "35000",
                                "W": "8",
                                "Pt": "F",
                                "Dp": "4.3",
                                "$": "780"
                            },
                            {
                                "D": "E",
                                "G": "24",
                                "H": "78.1",
                                "P": "994",
                                "S": "17",
                                "T": "8.0",
                                "V": "30000",
                                "W": "8",
                                "Pt": "F",
                                "Dp": "4.4",
                                "$": "840"
                            },
                            {
                                "D": "E",
                                "G": "25",
                                "H": "80.2",
                                "P": "993",
                                "S": "16",
                                "T": "7.4",
                                "V": "30000",
                                "W": "8",
                                "Pt": "F",
                                "Dp": "4.2",
                                "$": "900"
                            },
                            {
                                "D": "E",
                                "G": "28",
                                "H": "81.3",
                                "P": "993",
                                "S": "16",
                                "T": "7.0",
                                "V": "27000",
                                "W": "8",
                                "Pt": "F",
                                "Dp": "4.0",
                                "$": "960"
                            }
                        ]
                    }
                ]
            }
        }
    }
}