{
    "SiteRep": {
        "Wx": {
            "Param": [
                {
                    "name": "G",
                    "units": "mph",
                    "$": "Wind Gust"
                },
                {
                    "name": "T",
                    "units": "C",
                    "$": "Temperature"
                },
                {
                    "name": "V",
                    "units": "m",
                    "$": "Visibility"
                },
                {
                    "name": "D",
                    "units": "compass",
                    "$": "Wind Direction"
                },
                {
                    "name": "S",
                    "units": "mph",
                    "$": "Wind Speed"
                },
                {
                    "name": "W",
                    "units": "",
                    "$": "Weather Type"
                },
                {
                    "name": "P",
                    "units": "hpa",
                    "$": "Pressure"
                },
                {
                    "name": "Pt",
                    "units": "Pa/s",
                    "$": "Pressure Tendency"
                },
                {
                    "name": "Dp",
                    "units": "C",
                    "$": "Dew Point"
                },
                {
                    "name": "H",
                    "units": "%",
                    "$": "Screen Relative Humidity"
                }
            ]
        },
        "DV": {
            "dataDate": "2024-02-10T16:00:00Z",
            "type": "Obs",
            "Location": {
                "i": "3772",
                "lat": "51.479",
                "lon": "-0.449",
                "name": "HEATHROW",
                "country": "ENGLAND",
                "continent": "EUROPE",
                "elevation": "25.0",
                "Period": [
                    {
                        "type": "Day",
                        "value": "2024-02-09Z",
                        "Rep": [
                            {
                                "D": "S",
                                "G": "25",
                                "H": "88.9",
                                "P": "978",
                                "S": "14",
                                "T": "11.3",
                                "V": "6000",
                                "W": "11",
                                "Pt": "S",
                                "Dp": "9.5",
                                "$": "960"
                            },
                            {
                                "D": "S",
                                "G": "18",
                                "H": "91.8",
                                "P": "977",
                                "S": "9",
                                "T": "10.9",
                                "V": "16000",
                                "W": "11",
                                "Pt": "F",
                                "Dp": "9.6",
                                "$": "1020"
                            },
                            {
                                "D": "SSE",
                                "G": "16",
                                "H": "90.6",
                                "P": "978",
                                "S": "10",
                                "T": "11.0",
                                "V": "11000",
                                "W": "11",
                                "Pt": "S",
                                "Dp": "9.5",
                                "$": "1080"
                            },
                            {
                                "D": "SSE",
                                "G": "18",
                                "H": "93.6",
                                "P": "978",
                                "S": "10",
                                "T": "10.5",
                                "V": "21000",
                                "W": "12",
                                "Pt": "R",
                                "Dp": "9.5",
                                "$": "1140"
                            },
                            {
                                "D": "SSE",
                                "G": "16",
                                "H": "93.6",
                                "P": "978",
                                "S": "10",
                                "T": "10.5",
                                "V": "22000",
                                "W": "8",
                                "Pt": "R",
                                "Dp": "9.5",
                                "$": "1200"
                            },
                            {
                                "D": "S",
                                "G": "16",
                                "H": "91.7",
                                "P": "978",
                                "S": "9",
                                "T": "10.8",
                                "V": "28000",
                                "W": "8",
                                "Pt": "R",
                                "Dp": "9.5",
                                "$": "1260"
                            },
                            {
                                "D": "S",
                                "G": "15",
                                "H": "91.1",
                                "P": "979",
                                "S": "7",
                                "T": "10.5",
                                "V": "25000",
                                "W": "8",
                                "Pt": "R",
                                "Dp": "9.1",
                                "$": "1320"
                            },
                            {
                                "D": "S",
                                "G": "11",
                                "H": "93.0",
                                "P": "979",
                                "S": "7",
                                "T": "10.3",
                                "V": "20000",
                                "W": "8",
                                "Pt": "R",
                                "Dp": "9.2",
                                "$": "1380"
                            }
                        ]
                    },
                    {
                        "type": "Day",
                        "value": "2024-02-10Z",
                        "Rep": [
                            {
                                "D": "SSW",
                                "G": "10",
                                "H": "94.1",
                                "P": "979",
                                "S": "3",
                                "T": "9.5",
                                "V": "18000",
                                "W": "8",
                                "Pt": "R",
                                "Dp": "8.6",
                                "$": "0"
                            },
                            {
                                "D": "S",
                                "G": "9",
                                "H": "96.1",
                                "P": "980",
                                "S": "6",
                                "T": "9.9",
                                "V": "16000",
                                "W": "8",
                                "Pt": "R",
                                "Dp": "9.3",
                                "$": "60"
                            },
                            {
                                "D": "S",
                                "G": "9",
                                "H": "95.5",
                                "P": "980",
                                "S": "6",
                                "T": "9.8",
                                "V": "21000",
                                "W": "8",
                                "Pt": "R",
                                "Dp": "9.1",
                                "$": "120"
                            },
                            {
                                "D": "SSW",
                                "G": "10",
                                "H": "95.4",
                                "P": "981",
                                "S": "7",
                                "T": "9.4",
                                "V": "25000",
                                "W": "8",
                                "Pt": "R",
                                "Dp": "8.7",
                                "$": "180"
                            },
                            {
                                "D": "SSW",
                                "G": "9",
                                "H": "94.8",
                                "P": "981",
                                "S": "5",
                                "T": "9.2",
                                "V": "23000",
                                "W": "8",
                                "Pt": "R",
                                "Dp": "8.4",
                                "$": "240"
                            },
                            {
                                "D": "S",
                                "G": "8",
                                "H": "96.0",
                                "P": "981",
                                "S": "3",
                                "T": "8.2",
                                "V": "24000",
                                "W": "0",
                                "Pt": "R",
                                "Dp": "7.6",
                                "$": "300"
                            },
                            {
                                "D": "S",
                                "G": "7",
                                "H": "95.3",
                                "P": "982",
                                "S": "3",
                                "T": "6.7",
                                "V": "16000",
                                "W": "0",
                                "Pt": "R",
                                "Dp": "6.0",
                                "$": "360"
                            },
                            {
                                "D": "S",
                                "G": "13",
                                "H": "97.3",
                                "P": "982",
                                "S": "9",
                                "T": "7.7",
                                "V": "6000",
                                "W": "5",
                                "Pt": "R",
                                "Dp": "7.3",
                                "$": "420"
                            },
                            {
                                "D": "S",
                                "G": "11",
                                "H": "96.6",
                                "P": "983",
                                "S": "6",
                                "T": "8.4",
                                "V": "22000",
                                "W": "8",
                                "Pt": "R",
                                "Dp": "7.9",
                                "$": "480"
                            },
                            {
                                "D": "SSE",
                                "G": "9",
                                "H": "92.9",
                                "P": "983",
                                "S": "5",
                                "T": "8.5",
                                "V": "35000",
                                "W": "8",
                                "Pt": "R",
                                "Dp": "7.4",
                                "$": "540"
                            },
                            {
                                "D": "SE",
                                "G": "9",
                                "H": "91.1",
                                "P": "983",
                                "S": "5",
                                "T": "9.5",
                                "V": "30000",
                                "W": "8",
                                "Pt": "R",
                                "Dp": "8.1",
                                "$": "600"
                            },
                            {
                                "D": "SE",
                                "G": "13",
                                "H": "87.5",
                                "P": "983",
                                "S": "9",
                                "T": "10.4",
                                "V": "27000",
                                "W": "8",
                                "Pt": "R",
                                "Dp": "8.4",
                                "$": "660"
                            },
                            {
                                "D": "SE",
                                "G": "13",
                                "H": "91.1",
                                "P": "983",
                                "S": "8",
                                "T": "10.7",
                                "V": "40000",
                                "W": "8",
                                "Pt": "R",
                                "Dp": "9.3",
                                "$": "720"
                            },
                            {
                                "D": "SSW",
                                "G": "13",
                                "H": "85.8",
                                "P": "983",
                                "S": "7",
                                "T": "11.0",
                                "V": "50000",
                                "W": "8",
                                "Pt": "R",
                                "Dp": "8.7",
                                "$": "780"
                            },
                            {
                                "D": "SW",
                                "G": "13",
                                "H": "74.6",
                                "P": "983",
                                "S": "6",
                                "T": "11.8",
                                "V": "45000",
                                "W": "7",
                                "Pt": "S",
                                "Dp": "7.4",
                                "$": "840"
                            },
                            {
                                "D": "SSW",
                                "G": "11",
                                "H": "70.1",
                                "P": "983",
                                "S": "7",
                                "T": "11.4",
                                "V": "45000",
                                "W": "8",
                                "Pt": "R",
                                "Dp": "6.1",
                                "$": "900"
                            },
                            {
                                "D": "SSE",
                                "G": "11",
                                "H": "73.9",
                                "P": "984",
                                "S": "8",
                                "T": "10.9",
                                "V": "35000",
                                "W": "8",
                                "Pt": "R",
                                "Dp": "6.4",
                                "$": "960"
                            }
                        ]
                    }
                ]
            }
        }
    }
}