{
    "SiteRep": {
        "Wx": {
            "Param": [
                {
                    "name": "G",
                    "units": "mph",
                    "$": "Wind Gust"
                },
                {
                    "name": "T",
                    "units": "C",
                    "$": "Temperature"
                },
                {
                    "name": "V",
                    "units": "m",
                    "$": "Visibility"
                },
                {
                    "name": "D",
                    "units": "compass",
                    "$": "Wind Direction"
                },
                {
                    "name": "S",
                    "units": "mph",
                    "$": "Wind Speed"
                },
                {
                    "name": "W",
                    "units": "",
                    "$": "Weather Type"
                },
                {
                    "name": "P",
                    "units": "hpa",
                    "$": "Pressure"
                },
                {
                    "name": "Pt",
                    "units": "Pa/s",
                    "$": "Pressure Tendency"
                },
                {
                    "name": "Dp",
                    "units": "C",
                    "$": "Dew Point"
                },
                {
                    "name": "H",
                    "units": "%",
                    "$": "Screen Relative Humidity"
                }
            ]
        },
        "DV": {
            "dataDate": "2024-12-17T16:00:00Z",
            "type": "Obs",
            "Location": {
                "i": "3772",
                "lat": "51.479",
                "lon": "-0.449",
                "name": "HEATHROW",
                "country": "ENGLAND",
                "continent": "EUROPE",
                "elevation": "25.0",
                "Period": [
                    {
                        "type": "Day",
                        "value": "2024-12-16Z",
                        "Rep": [
                            {
                                "D": "SW",
                                "G": "19",
                                "H": "69.3",
                                "P": "1030",
                                "S": "13",
                                "T": "10.9",
                                "V": "55000",
                                "W": "8",
                                "Pt": "F",
                                "Dp": "5.6",
                                "$": "960"
                            },
                            {
                                "D": "SW",
                                "G": "17",
                                "H": "71.3",
                                "P": "1030",
                                "S": "10",
                                "T": "10.7",
                                "V": "50000",
                                "W": "8",
                                "Pt": "F",
                                "Dp": "5.8",
                                "$": "1020"
                            },
                            {
                                "D": "SW",
                                "G": "15",
                                "H": "75.4",
                                "P": "1030",
                                "S": "8",
                                "T": "10.4",
                                "V": "50000",
                                "W": "8",
                                "Pt": "F",
                                "Dp": "6.3",
                                "$": "1080"
                            },
                            {
                                "D": "SW",
                                "G": "17",
                                "H": "77.4",
                                "P": "1030",
                                "S": "10",
                                "T": "10.3",
                                "V": "50000",
                                "W": "8",
                                "Pt": "R",
                                "Dp": "6.6",
                                "$": "1140"
                            },
                            {
                                "D": "SW",
                                "G": "16",
                                "H": "81.2",
                                "P": "1030",
                                "S": "11",
                                "T": "10.1",
                                "V": "50000",
                                "W": "8",
                                "Pt": "S",
                                "Dp": "7.1",
                                "$": "1200"
                            },
                            {
                                "D": "SW",
                                "G": "15",
                                "H": "85.9",
                                "P": "1030",
                                "S": "8",
                                "T": "9.1",
                                "V": "45000",
                                "W": "0",
                                "Pt": "R",
                                "Dp": "6.9",
                                "$": "1260"
                            },
                            {
                                "D": "SSW",
                                "G": "11",
                                "H": "87.6",
                                "P": "1030",
                                "S": "7",
                                "T": "8.8",
                                "V": "35000",
                                "W": "7",
                                "Pt": "F",
                                "Dp": "6.9",
                                "$": "1320"
                            },
                            {
                                "D": "SSW",
                                "G": "16",
                                "H": "90.1",
                                "P": "1030",
                                "S": "8",
                                "T": "8.2",
                                "V": "35000",
                                "W": "0",
                                "Pt": "R",
                                "Dp": "6.7",
                                "$": "1380"
                            }
                        ]
                    },
                    {
                        "type": "Day",
                        "value": "2024-12-17Z",
                        "Rep": [
                            {
                                "D": "SSW",
                                "G": "11",
                                "H": "93.2",
                                "P": "1030",
                                "S": "3",
                                "T": "6.4",
                                "V": "30000",
                                "W": "0",
                                "Pt": "F",
                                "Dp": "5.4",
                                "$": "0"
                            },
                            {
                                "D": "SW",
                                "G": "6",
                                "H": "96.6",
                                "P": "1029",
                                "S": "3",
                                "T": "5.9",
                                "V": "28000",
                                "W": "0",
                                "Pt": "F",
                                "Dp": "5.4",
                                "$": "60"
                            },
                            {
                                "D": "SSE",
                                "G": "3",
                                "H": "95.1",
                                "P": "1029",
                                "S": "2",
                                "T": "3.8",
                                "V": "3200",
                                "W": "6",
                                "Pt": "F",
                                "Dp": "3.1",
                                "$": "120"
                            },
                            {
                                "D": "N",
                                "G": "5",
                                "H": "97.9",
                                "P": "1028",
                                "S": "0",
                                "T": "4.9",
                                "V": "18000",
                                "W": "0",
                                "Pt": "F",
                                "Dp": "4.6",
                                "$": "180"
                            },
                            {
                                "D": "ESE",
                                "G": "6",
                                "H": "97.9",
                                "P": "1028",
                                "S": "2",
                                "T": "4.5",
                                "V": "6000",
                                "W": "0",
                                "Pt": "F",
                                "Dp": "4.2",
                                "$": "240"
                            },
                            {
                                "D": "SW",
                                "G": "6",
                                "H": "99.2",
                                "P": "1028",
                                "S": "2",
                                "T": "5.3",
                                "V": "13000",
                                "W": "8",
                                "Pt": "F",
                                "Dp": "5.2",
                                "$": "300"
                            },
                            {
                                "D": "S",
                                "G": "7",
                                "H": "99.3",
                                "P": "1027",
                                "S": "3",
                                "T": "6.7",
                                "V": "16000",
                                "W": "8",
                                "Pt": "F",
                                "Dp": "6.6",
                                "$": "360"
                            },
                            {
                                "D": "S",
                                "G": "9",
                                "H": "98.6",
                                "P": "1027",
                                "S": "6",
                                "T": "8.1",
                                "V": "14000",
                                "W": "8",
                                "Pt": "F",
                                "Dp": "7.9",
                                "$": "420"
                            },
                            {
                                "D": "SE",
                                "G": "11",
                                "H": "97.9",
                                "P": "1026",
                                "S": "6",
                                "T": "8.4",
                                "V": "3200",
                                "W": "5",
                                "Pt": "F",
                                "Dp": "8.1",
                                "$": "480"
                            },
                            {
                                "D": "SSE",
                                "G": "11",
                                "H": "97.3",
                                "P": "1026",
                                "S": "7",
                                "T": "9.1",
                                "V": "28000",
                                "W": "8",
                                "Pt": "F",
                                "Dp": "8.7",
                                "$": "540"
                            },
                            {
                                "D": "S",
                                "G": "13",
                                "H": "94.0",
                                "P": "1025",
                                "S": "8",
                                "T": "9.9",
                                "V": "30000",
                                "W": "8",
                                "Pt": "F",
                                "Dp": "9.0",
                                "$": "600"
                            },
                            {
                                "D": "SSE",
                                "G": "19",
                                "H": "89.0",
                                "P": "1024",
                                "S": "10",
                                "T": "10.1",
                                "V": "50000",
                                "W": "8",
                                "Pt": "F",
                                "Dp": "8.4",
                                "$": "660"
                            },
                            {
                                "D": "S",
                                "G": "24",
                                "H": "86.0",
                                "P": "1024",
                                "S": "9",
                                "T": "9.9",
                                "V": "45000",
                                "W": "8",
                                "Pt": "F",
                                "Dp": "7.7",
                                "$": "720"
                            },
                            {
                                "D": "S",
                                "G": "18",
                                "H": "87.2",
                                "P": "1023",
                                "S": "9",
                                "T": "9.9",
                                "V": "35000",
                                "W": "8",
                                "Pt": "F",
                                "Dp": "7.9",
                                "$": "780"
                            },
                            {
                                "D": "S",
                                "G": "18",
                                "H": "86.1",
                                "P": "1022",
                                "S": "13",
                                "T": "10.0",
                                "V": "35000",
                                "W": "8",
                                "Pt": "F",
                                "Dp": "7.8",
                                "$": "840"
                            },
                            {
                                "D": "S",
                                "G": "23",
                                "H": "87.2",
                                "P": "1021",
                                "S": "11",
                                "T": "9.8",
                                "V": "35000",
                                "W": "8",
                                "Pt": "F",
                                "Dp": "7.8",
                                "$": "900"
                            },
                            {
                                "D": "S",
                                "G": "19",
                                "H": "86.0",
                                "P": "1020",
                                "S": "10",
                                "T": "9.7",
                                "V": "25000",
                                "W": "8",
                                "Pt": "F",
                                "Dp": "7.5",
                                "$": "960"
                            }
                        ]
                    }
                ]
            }
        }
    }
}