{
    "SiteRep": {
        "Wx": {
            "Param": [
                {
                    "name": "G",
                    "units": "mph",
                    "$": "Wind Gust"
                },
                {
                    "name": "T",
                    "units": "C",
                    "$": "Temperature"
                },
                {
                    "name": "V",
                    "units": "m",
                    "$": "Visibility"
                },
                {
                    "name": "D",
                    "units": "compass",
                    "$": "Wind Direction"
                },
                {
                    "name": "S",
                    "units": "mph",
                    "$": "Wind Speed"
                },
                {
                    "name": "W",
                    "units": "",
                    "$": "Weather Type"
                },
                {
                    "name": "P",
                    "units": "hpa",
                    "$": "Pressure"
                },
                {
                    "name": "Pt",
                    "units": "Pa/s",
                    "$": "Pressure Tendency"
                },
                {
                    "name": "Dp",
                    "units": "C",
                    "$": "Dew Point"
                },
                {
                    "name": "H",
                    "units": "%",
                    "$": "Screen Relative Humidity"
                }
            ]
        },
        "DV": {
            "dataDate": "2025-09-07T16:00:00Z",
            "type": "Obs",
            "Location": {
                "i": "3772",
                "lat": "51.479",
                "lon": "-0.449",
                "name": "HEATHROW",
                "country": "ENGLAND",
                "continent": "EUROPE",
                "elevation": "25.0",
                "Period": [
                    {
                        "type": "Day",
                        "value": "2025-09-06Z",
                        "Rep": [
                            {
                                "D": "SE",
                                "G": "29",
                                "H": "43.9",
                                "P": "1014",
                                "S": "17",
                                "T": "22.7",
                                "V": "75000",
                                "W": "1",
                                "Pt": "F",
                                "Dp": "9.9",
                                "$": "960"
                            },
                            {
                                "D": "ESE",
                                "G": "25",
                                "H": "48.1",
                                "P": "1014",
                                "S": "17",
                                "T": "22.0",
                                "V": "75000",
                                "W": "1",
                                "Pt": "F",
                                "Dp": "10.6",
                                "$": "1020"
                            },
                            {
                                "D": "ESE",
                                "G": "25",
                                "H": "49.3",
                                "P": "1014",
                                "S": "14",
                                "T": "21.5",
                                "V": "75000",
                                "W": "1",
                                "Pt": "F",
                                "Dp": "10.5",
                                "$": "1080"
                            },
                            {
                                "D": "E",
                                "G": "19",
                                "H": "56.3",
                                "P": "1013",
                                "S": "10",
                                "T": "19.9",
                                "V": "75000",
                                "W": "0",
                                "Pt": "F",
                                "Dp": "11.0",
                                "$": "1140"
                            },
                            {
                                "D": "E",
                                "G": "16",
                                "H": "62.2",
                                "P": "1013",
                                "S": "10",
                                "T": "18.4",
                                "V": "65000",
                                "W": "0",
                                "Pt": "F",
                                "Dp": "11.1",
                                "$": "1200"
                            },
                            {
                                "D": "E",
                                "G": "16",
                                "H": "66.4",
                                "P": "1013",
                                "S": "10",
                                "T": "17.5",
                                "V": "65000",
                                "W": "0",
                                "Pt": "F",
                                "Dp": "11.2",
                                "$": "1260"
                            },
                            {
                                "D": "ESE",
                                "G": "17",
                                "H": "63.9",
                                "P": "1012",
                                "S": "11",
                                "T": "18.2",
                                "V": "75000",
                                "W": "0",
                                "Pt": "F",
                                "Dp": "11.3",
                                "$": "1320"
                            },
                            {
                                "D": "E",
                                "G": "15",
                                "H": "69.7",
                                "P": "1012",
                                "S": "9",
                                "T": "16.4",
                                "V": "75000",
                                "W": "0",
                                "Pt": "F",
                                "Dp": "10.9",
                                "$": "1380"
                            }
                        ]
                    },
                    {
                        "type": "Day",
                        "value": "2025-09-07Z",
                        "Rep": [
                            {
                                "D": "ESE",
                                "G": "14",
                                "H": "65.5",
                                "P": "1011",
                                "S": "9",
                                "T": "17.5",
                                "V": "75000",
                                "W": "0",
                                "Pt": "F",
                                "Dp": "11.0",
                                "$": "0"
                            },
                            {
                                "D": "ESE",
                                "G": "17",
                                "H": "63.5",
                                "P": "1011",
                                "S": "11",
                                "T": "17.9",
                                "V": "75000",
                                "W": "0",
                                "Pt": "F",
                                "Dp": "10.9",
                                "$": "60"
                            },
                            {
                                "D": "SE",
                                "G": "19",
                                "H": "63.4",
                                "P": "1010",
                                "S": "13",
                                "T": "18.0",
                                "V": "75000",
                                "W": "0",
                                "Pt": "F",
                                "Dp": "11.0",
                                "$": "120"
                            },
                            {
                                "D": "ESE",
                                "G": "17",
                                "H": "68.6",
                                "P": "1010",
                                "S": "9",
                                "T": "17.3",
                                "V": "75000",
                                "W": "0",
                                "Pt": "F",
                                "Dp": "11.5",
                                "$": "180"
                            },
                            {
                                "D": "E",
                                "G": "10",
                                "H": "72.1",
                                "P": "1010",
                                "S": "5",
                                "T": "16.1",
                                "V": "65000",
                                "W": "0",
                                "Pt": "F",
                                "Dp": "11.1",
                                "$": "240"
                            },
                            {
                                "D": "E",
                                "G": "9",
                                "H": "82.6",
                                "P": "1009",
                                "S": "8",
                                "T": "14.0",
                                "V": "60000",
                                "W": "0",
                                "Pt": "F",
                                "Dp": "11.1",
                                "$": "300"
                            },
                            {
                                "D": "E",
                                "G": "15",
                                "H": "82.3",
                                "P": "1008",
                                "S": "9",
                                "T": "15.5",
                                "V": "55000",
                                "W": "1",
                                "Pt": "F",
                                "Dp": "12.5",
                                "$": "360"
                            },
                            {
                                "D": "E",
                                "G": "14",
                                "H": "74.4",
                                "P": "1008",
                                "S": "6",
                                "T": "17.9",
                                "V": "55000",
                                "W": "1",
                                "Pt": "F",
                                "Dp": "13.3",
                                "$": "420"
                            },
                            {
                                "D": "E",
                                "G": "13",
                                "H": "67.4",
                                "P": "1008",
                                "S": "8",
                                "T": "19.8",
                                "V": "55000",
                                "W": "1",
                                "Pt": "F",
                                "Dp": "13.6",
                                "$": "480"
                            },
                            {
                                "D": "E",
                                "G": "19",
                                "H": "63.9",
                                "P": "1006",
                                "S": "15",
                                "T": "21.5",
                                "V": "60000",
                                "W": "1",
                                "Pt": "F",
                                "Dp": "14.4",
                                "$": "540"
                            },
                            {
                                "D": "SE",
                                "G": "21",
                                "H": "54.8",
                                "P": "1006",
                                "S": "11",
                                "T": "24.9",
                                "V": "55000",
                                "W": "1",
                                "Pt": "F",
                                "Dp": "15.2",
                                "$": "600"
                            },
                            {
                                "D": "SSE",
                                "G": "21",
                                "H": "56.0",
                                "P": "1006",
                                "S": "13",
                                "T": "24.2",
                                "V": "40000",
                                "W": "7",
                                "Pt": "F",
                                "Dp": "14.9",
                                "$": "660"
                            },
                            {
                                "D": "S",
                                "G": "28",
                                "H": "54.0",
                                "P": "1006",
                                "S": "18",
                                "T": "24.5",
                                "V": "35000",
                                "W": "8",
                                "Pt": "R",
                                "Dp": "14.6",
                                "$": "720"
                            },
                            {
                                "D": "SSE",
                                "G": "22",
                                "H": "59.0",
                                "P": "1006",
                                "S": "14",
                                "T": "24.1",
                                "V": "40000",
                                "W": "8",
                                "Pt": "F",
                                "Dp": "15.6",
                                "$": "780"
                            },
                            {
                                "D": "S",
                                "G": "25",
                                "H": "60.1",
                                "P": "1006",
                                "S": "17",
                                "T": "24.1",
                                "V": "35000",
                                "W": "7",
                                "Pt": "R",
                                "Dp": "15.9",
                                "$": "840"
                            },
                            {
                                "D": "SSW",
                                "G": "30",
                                "H": "61.1",
                                "P": "1007",
                                "S": "18",
                                "T": "23.3",
                                "V": "30000",
                                "W": "7",
                                "Pt": "R",
                                "Dp": "15.4",
                                "$": "960"
                            }
                        ]
                    }
                ]
            }
        }
    }
}