{
    "SiteRep": {
        "Wx": {
            "Param": [
                {
                    "name": "G",
                    "units": "mph",
                    "$": "Wind Gust"
                },
                {
                    "name": "T",
                    "units": "C",
                    "$": "Temperature"
                },
                {
                    "name": "V",
                    "units": "m",
                    "$": "Visibility"
                },
                {
                    "name": "D",
                    "units": "compass",
                    "$": "Wind Direction"
                },
                {
                    "name": "S",
                    "units": "mph",
                    "$": "Wind Speed"
                },
                {
                    "name": "W",
                    "units": "",
                    "$": "Weather Type"
                },
                {
                    "name": "P",
                    "units": "hpa",
                    "$": "Pressure"
                },
                {
                    "name": "Pt",
                    "units": "Pa/s",
                    "$": "Pressure Tendency"
                },
                {
                    "name": "Dp",
                    "units": "C",
                    "$": "Dew Point"
                },
                {
                    "name": "H",
                    "units": "%",
                    "$": "Screen Relative Humidity"
                }
            ]
        },
        "DV": {
            "dataDate": "2025-03-30T16:00:00Z",
            "type": "Obs",
            "Location": {
                "i": "3772",
                "lat": "51.479",
                "lon": "-0.449",
                "name": "HEATHROW",
                "country": "ENGLAND",
                "continent": "EUROPE",
                "elevation": "25.0",
                "Period": [
                    {
                        "type": "Day",
                        "value": "2025-03-29Z",
                        "Rep": [
                            {
                                "D": "WSW",
                                "G": "26",
                                "H": "38.9",
                                "P": "1020",
                                "S": "16",
                                "T": "14.5",
                                "V": "55000",
                                "W": "1",
                                "Pt": "F",
                                "Dp": "0.9",
                                "$": "960"
                            },
                            {
                                "D": "WSW",
                                "G": "26",
                                "H": "46.8",
                                "P": "1020",
                                "S": "18",
                                "T": "12.6",
                                "V": "50000",
                                "W": "7",
                                "Pt": "F",
                                "Dp": "1.7",
                                "$": "1020"
                            },
                            {
                                "D": "SW",
                                "G": "26",
                                "H": "51.9",
                                "P": "1020",
                                "S": "15",
                                "T": "11.7",
                                "V": "40000",
                                "W": "8",
                                "Pt": "F",
                                "Dp": "2.3",
                                "$": "1080"
                            },
                            {
                                "D": "SSW",
                                "G": "24",
                                "H": "58.2",
                                "P": "1019",
                                "S": "14",
                                "T": "11.1",
                                "V": "35000",
                                "W": "8",
                                "Pt": "F",
                                "Dp": "3.3",
                                "$": "1140"
                            },
                            {
                                "D": "SSW",
                                "G": "19",
                                "H": "67.4",
                                "P": "1019",
                                "S": "13",
                                "T": "10.3",
                                "V": "30000",
                                "W": "8",
                                "Pt": "F",
                                "Dp": "4.6",
                                "$": "1200"
                            },
                            {
                                "D": "SW",
                                "G": "26",
                                "H": "68.4",
                                "P": "1019",
                                "S": "17",
                                "T": "10.4",
                                "V": "35000",
                                "W": "8",
                                "Pt": "F",
                                "Dp": "4.9",
                                "$": "1260"
                            },
                            {
                                "D": "SW",
                                "G": "26",
                                "H": "74.4",
                                "P": "1019",
                                "S": "16",
                                "T": "10.3",
                                "V": "30000",
                                "W": "8",
                                "Pt": "F",
                                "Dp": "6.0",
                                "$": "1320"
                            },
                            {
                                "D": "SW",
                                "G": "23",
                                "H": "78.1",
                                "P": "1017",
                                "S": "16",
                                "T": "10.4",
                                "V": "35000",
                                "W": "8",
                                "Pt": "F",
                                "Dp": "6.8",
                                "$": "1380"
                            }
                        ]
                    },
                    {
                        "type": "Day",
                        "value": "2025-03-30Z",
                        "Rep": [
                            {
                                "D": "WSW",
                                "G": "25",
                                "H": "82.1",
                                "P": "1017",
                                "S": "15",
                                "T": "10.8",
                                "V": "50000",
                                "W": "8",
                                "Pt": "F",
                                "Dp": "7.9",
                                "$": "0"
                            },
                            {
                                "D": "WSW",
                                "G": "29",
                                "H": "86.2",
                                "P": "1017",
                                "S": "16",
                                "T": "10.9",
                                "V": "50000",
                                "W": "8",
                                "Pt": "F",
                                "Dp": "8.7",
                                "$": "60"
                            },
                            {
                                "D": "WSW",
                                "G": "23",
                                "H": "87.4",
                                "P": "1017",
                                "S": "11",
                                "T": "11.0",
                                "V": "55000",
                                "W": "8",
                                "Pt": "F",
                                "Dp": "9.0",
                                "$": "120"
                            },
                            {
                                "D": "W",
                                "G": "17",
                                "H": "85.6",
                                "P": "1017",
                                "S": "8",
                                "T": "11.0",
                                "V": "65000",
                                "W": "8",
                                "Pt": "F",
                                "Dp": "8.7",
                                "$": "180"
                            },
                            {
                                "D": "W",
                                "G": "14",
                                "H": "84.9",
                                "P": "1017",
                                "S": "9",
                                "T": "10.6",
                                "V": "75000",
                                "W": "8",
                                "Pt": "R",
                                "Dp": "8.2",
                                "$": "240"
                            },
                            {
                                "D": "W",
                                "G": "17",
                                "H": "84.9",
                                "P": "1017",
                                "S": "10",
                                "T": "10.4",
                                "V": "55000",
                                "W": "0",
                                "Pt": "R",
                                "Dp": "8.0",
                                "$": "300"
                            },
                            {
                                "D": "W",
                                "G": "17",
                                "H": "86.0",
                                "P": "1018",
                                "S": "10",
                                "T": "9.6",
                                "V": "50000",
                                "W": "1",
                                "Pt": "R",
                                "Dp": "7.4",
                                "$": "360"
                            },
                            {
                                "D": "W",
                                "G": "15",
                                "H": "84.2",
                                "P": "1019",
                                "S": "10",
                                "T": "9.6",
                                "V": "45000",
                                "W": "1",
                                "Pt": "R",
                                "Dp": "7.1",
                                "$": "420"
                            },
                            {
                                "D": "W",
                                "G": "18",
                                "H": "75.1",
                                "P": "1019",
                                "S": "10",
                                "T": "10.9",
                                "V": "30000",
                                "W": "1",
                                "Pt": "R",
                                "Dp": "6.7",
                                "$": "480"
                            },
                            {
                                "D": "NW",
                                "G": "22",
                                "H": "60.9",
                                "P": "1020",
                                "S": "10",
                                "T": "12.0",
                                "V": "20000",
                                "W": "3",
                                "Pt": "R",
                                "Dp": "4.8",
                                "$": "540"
                            },
                            {
                                "D": "WNW",
                                "G": "22",
                                "H": "57.4",
                                "P": "1020",
                                "S": "14",
                                "T": "13.1",
                                "V": "20000",
                                "W": "3",
                                "Pt": "R",
                                "Dp": "5.0",
                                "$": "600"
                            },
                            {
                                "D": "NW",
                                "G": "22",
                                "H": "49.4",
                                "P": "1021",
                                "S": "13",
                                "T": "14.2",
                                "V": "22000",
                                "W": "1",
                                "Pt": "R",
                                "Dp": "3.9",
                                "$": "660"
                            },
                            {
                                "D": "WNW",
                                "G": "28",
                                "H": "45.2",
                                "P": "1021",
                                "S": "16",
                                "T": "14.9",
                                "V": "28000",
                                "W": "1",
                                "Pt": "R",
                                "Dp": "3.3",
                                "$": "720"
                            },
                            {
                                "D": "WNW",
                                "G": "28",
                                "H": "42.3",
                                "P": "1021",
                                "S": "16",
                                "T": "15.8",
                                "V": "30000",
                                "W": "1",
                                "Pt": "R",
                                "Dp": "3.2",
                                "$": "780"
                            },
                            {
                                "D": "WNW",
                                "G": "25",
                                "H": "41.3",
                                "P": "1021",
                                "S": "13",
                                "T": "16.4",
                                "V": "35000",
                                "W": "1",
                                "Pt": "R",
                                "Dp": "3.4",
                                "$": "840"
                            },
                            {
                                "D": "WNW",
                                "G": "24",
                                "H": "35.0",
                                "P": "1021",
                                "S": "14",
                                "T": "16.9",
                                "V": "40000",
                                "W": "1",
                                "Pt": "R",
                                "Dp": "1.6",
                                "$": "900"
                            },
                            {
                                "D": "WNW",
                                "G": "25",
                                "H": "33.7",
                                "P": "1022",
                                "S": "15",
                                "T": "17.4",
                                "V": "40000",
                                "W": "1",
                                "Pt": "R",
                                "Dp": "1.5",
                                "$": "960"
                            }
                        ]
                    }
                ]
            }
        }
    }
}