{
    "SiteRep": {
        "Wx": {
            "Param": [
                {
                    "name": "G",
                    "units": "mph",
                    "$": "Wind Gust"
                },
                {
                    "name": "T",
                    "units": "C",
                    "$": "Temperature"
                },
                {
                    "name": "V",
                    "units": "m",
                    "$": "Visibility"
                },
                {
                    "name": "D",
                    "units": "compass",
                    "$": "Wind Direction"
                },
                {
                    "name": "S",
                    "units": "mph",
                    "$": "Wind Speed"
                },
                {
                    "name": "W",
                    "units": "",
                    "$": "Weather Type"
                },
                {
                    "name": "P",
                    "units": "hpa",
                    "$": "Pressure"
                },
                {
                    "name": "Pt",
                    "units": "Pa/s",
                    "$": "Pressure Tendency"
                },
                {
                    "name": "Dp",
                    "units": "C",
                    "$": "Dew Point"
                },
                {
                    "name": "H",
                    "units": "%",
                    "$": "Screen Relative Humidity"
                }
            ]
        },
        "DV": {
            "dataDate": "2024-05-01T16:00:00Z",
            "type": "Obs",
            "Location": {
                "i": "3772",
                "lat": "51.479",
                "lon": "-0.449",
                "name": "HEATHROW",
                "country": "ENGLAND",
                "continent": "EUROPE",
                "elevation": "25.0",
                "Period": [
                    {
                        "type": "Day",
                        "value": "2024-04-30Z",
                        "Rep": [
                            {
                                "D": "SE",
                                "G": "23",
                                "H": "50.6",
                                "P": "1008",
                                "S": "16",
                                "T": "17.6",
                                "V": "75000",
                                "W": "7",
                                "Pt": "F",
                                "Dp": "7.3",
                                "$": "960"
                            },
                            {
                                "D": "SE",
                                "G": "23",
                                "H": "53.6",
                                "P": "1008",
                                "S": "14",
                                "T": "17.8",
                                "V": "75000",
                                "W": "8",
                                "Pt": "F",
                                "Dp": "8.3",
                                "$": "1020"
                            },
                            {
                                "D": "SE",
                                "G": "24",
                                "H": "60.2",
                                "P": "1008",
                                "S": "15",
                                "T": "16.4",
                                "V": "75000",
                                "W": "3",
                                "Pt": "F",
                                "Dp": "8.7",
                                "$": "1080"
                            },
                            {
                                "D": "SE",
                                "G": "21",
                                "H": "66.8",
                                "P": "1009",
                                "S": "13",
                                "T": "15.0",
                                "V": "75000",
                                "W": "1",
                                "Pt": "R",
                                "Dp": "8.9",
                                "$": "1140"
                            },
                            {
                                "D": "ESE",
                                "G": "18",
                                "H": "79.3",
                                "P": "1009",
                                "S": "11",
                                "T": "13.4",
                                "V": "55000",
                                "W": "0",
                                "Pt": "R",
                                "Dp": "9.9",
                                "$": "1200"
                            },
                            {
                                "D": "ESE",
                                "G": "13",
                                "H": "86.4",
                                "P": "1009",
                                "S": "8",
                                "T": "12.6",
                                "V": "45000",
                                "W": "0",
                                "Pt": "R",
                                "Dp": "10.4",
                                "$": "1260"
                            },
                            {
                                "D": "E",
                                "G": "13",
                                "H": "91.0",
                                "P": "1009",
                                "S": "8",
                                "T": "11.8",
                                "V": "28000",
                                "W": "0",
                                "Pt": "R",
                                "Dp": "10.4",
                                "$": "1320"
                            },
                            {
                                "D": "E",
                                "G": "13",
                                "H": "92.3",
                                "P": "1008",
                                "S": "6",
                                "T": "11.8",
                                "V": "20000",
                                "W": "0",
                                "Pt": "F",
                                "Dp": "10.6",
                                "$": "1380"
                            }
                        ]
                    },
                    {
                        "type": "Day",
                        "value": "2024-05-01Z",
                        "Rep": [
                            {
                                "D": "ENE",
                                "G": "9",
                                "H": "93.5",
                                "P": "1008",
                                "S": "5",
                                "T": "11.5",
                                "V": "15000",
                                "W": "0",
                                "Pt": "F",
                                "Dp": "10.5",
                                "$": "0"
                            },
                            {
                                "D": "E",
                                "G": "7",
                                "H": "93.5",
                                "P": "1009",
                                "S": "3",
                                "T": "10.7",
                                "V": "7000",
                                "W": "5",
                                "Pt": "F",
                                "Dp": "9.7",
                                "$": "60"
                            },
                            {
                                "D": "E",
                                "G": "6",
                                "H": "95.4",
                                "P": "1009",
                                "S": "3",
                                "T": "10.8",
                                "V": "4700",
                                "W": "5",
                                "Pt": "R",
                                "Dp": "10.1",
                                "$": "120"
                            },
                            {
                                "D": "E",
                                "G": "8",
                                "H": "96.0",
                                "P": "1008",
                                "S": "5",
                                "T": "10.6",
                                "V": "4600",
                                "W": "5",
                                "Pt": "F",
                                "Dp": "10.0",
                                "$": "180"
                            },
                            {
                                "D": "N",
                                "G": "7",
                                "H": "95.4",
                                "P": "1008",
                                "S": "3",
                                "T": "9.2",
                                "V": "3700",
                                "W": "5",
                                "Pt": "F",
                                "Dp": "8.5",
                                "$": "240"
                            },
                            {
                                "D": "NE",
                                "G": "7",
                                "H": "98.1",
                                "P": "1008",
                                "S": "5",
                                "T": "10.7",
                                "V": "3500",
                                "W": "5",
                                "Pt": "F",
                                "Dp": "10.4",
                                "$": "300"
                            },
                            {
                                "D": "E",
                                "G": "7",
                                "H": "98.0",
                                "P": "1008",
                                "S": "3",
                                "T": "11.5",
                                "V": "1900",
                                "W": "5",
                                "Pt": "R",
                                "Dp": "11.2",
                                "$": "360"
                            },
                            {
                                "D": "N",
                                "G": "7",
                                "H": "95.4",
                                "P": "1009",
                                "S": "2",
                                "T": "12.2",
                                "V": "3700",
                                "W": "5",
                                "Pt": "R",
                                "Dp": "11.5",
                                "$": "420"
                            },
                            {
                                "D": "NE",
                                "G": "6",
                                "H": "87.0",
                                "P": "1009",
                                "S": "2",
                                "T": "13.1",
                                "V": "5000",
                                "W": "5",
                                "Pt": "R",
                                "Dp": "11.0",
                                "$": "480"
                            },
                            {
                                "D": "NE",
                                "G": "6",
                                "H": "82.1",
                                "P": "1009",
                                "S": "3",
                                "T": "13.9",
                                "V": "8000",
                                "W": "5",
                                "Pt": "R",
                                "Dp": "10.9",
                                "$": "540"
                            },
                            {
                                "D": "WNW",
                                "G": "9",
                                "H": "78.4",
                                "P": "1008",
                                "S": "5",
                                "T": "15.0",
                                "V": "9000",
                                "W": "5",
                                "Pt": "F",
                                "Dp": "11.3",
                                "$": "600"
                            },
                            {
                                "D": "NNE",
                                "G": "9",
                                "H": "74.2",
                                "P": "1008",
                                "S": "5",
                                "T": "16.6",
                                "V": "13000",
                                "W": "7",
                                "Pt": "F",
                                "Dp": "12.0",
                                "$": "660"
                            },
                            {
                                "D": "NE",
                                "G": "10",
                                "H": "62.3",
                                "P": "1007",
                                "S": "3",
                                "T": "18.4",
                                "V": "18000",
                                "W": "8",
                                "Pt": "F",
                                "Dp": "11.1",
                                "$": "720"
                            },
                            {
                                "D": "N",
                                "G": "9",
                                "H": "57.8",
                                "P": "1007",
                                "S": "3",
                                "T": "18.1",
                                "V": "28000",
                                "W": "8",
                                "Pt": "F",
                                "Dp": "9.7",
                                "$": "780"
                            },
                            {
                                "D": "NNE",
                                "G": "8",
                                "H": "66.5",
                                "P": "1007",
                                "S": "5",
                                "T": "17.5",
                                "V": "30000",
                                "W": "12",
                                "Pt": "F",
                                "Dp": "11.2",
                                "$": "840"
                            },
                            {
                                "D": "NNW",
                                "G": "10",
                                "H": "77.8",
                                "P": "1006",
                                "S": "7",
                                "T": "17.7",
                                "V": "25000",
                                "W": "8",
                                "Pt": "F",
                                "Dp": "13.8",
                                "$": "900"
                            },
                            {
                                "D": "NW",
                                "G": "8",
                                "H": "76.4",
                                "P": "1006",
                                "S": "5",
                                "T": "17.9",
                                "V": "19000",
                                "W": "8",
                                "Pt": "F",
                                "Dp": "13.7",
                                "$": "960"
                            }
                        ]
                    }
                ]
            }
        }
    }
}