{
    "SiteRep": {
        "Wx": {
            "Param": [
                {
                    "name": "G",
                    "units": "mph",
                    "$": "Wind Gust"
                },
                {
                    "name": "T",
                    "units": "C",
                    "$": "Temperature"
                },
                {
                    "name": "V",
                    "units": "m",
                    "$": "Visibility"
                },
                {
                    "name": "D",
                    "units": "compass",
                    "$": "Wind Direction"
                },
                {
                    "name": "S",
                    "units": "mph",
                    "$": "Wind Speed"
                },
                {
                    "name": "W",
                    "units": "",
                    "$": "Weather Type"
                },
                {
                    "name": "P",
                    "units": "hpa",
                    "$": "Pressure"
                },
                {
                    "name": "Pt",
                    "units": "Pa/s",
                    "$": "Pressure Tendency"
                },
                {
                    "name": "Dp",
                    "units": "C",
                    "$": "Dew Point"
                },
                {
                    "name": "H",
                    "units": "%",
                    "$": "Screen Relative Humidity"
                }
            ]
        },
        "DV": {
            "dataDate": "2024-05-03T16:00:00Z",
            "type": "Obs",
            "Location": {
                "i": "3772",
                "lat": "51.479",
                "lon": "-0.449",
                "name": "HEATHROW",
                "country": "ENGLAND",
                "continent": "EUROPE",
                "elevation": "25.0",
                "Period": [
                    {
                        "type": "Day",
                        "value": "2024-05-02Z",
                        "Rep": [
                            {
                                "D": "W",
                                "G": "18",
                                "H": "77.0",
                                "P": "1002",
                                "S": "13",
                                "T": "15.6",
                                "V": "12000",
                                "W": "8",
                                "Pt": "R",
                                "Dp": "11.6",
                                "$": "960"
                            },
                            {
                                "D": "WSW",
                                "G": "19",
                                "H": "83.2",
                                "P": "1003",
                                "S": "13",
                                "T": "14.4",
                                "V": "8000",
                                "W": "5",
                                "Pt": "R",
                                "Dp": "11.6",
                                "$": "1020"
                            },
                            {
                                "D": "W",
                                "G": "21",
                                "H": "86.0",
                                "P": "1003",
                                "S": "15",
                                "T": "13.7",
                                "V": "9000",
                                "W": "5",
                                "Pt": "R",
                                "Dp": "11.4",
                                "$": "1080"
                            },
                            {
                                "D": "WSW",
                                "G": "23",
                                "H": "90.6",
                                "P": "1004",
                                "S": "15",
                                "T": "12.3",
                                "V": "20000",
                                "W": "8",
                                "Pt": "R",
                                "Dp": "10.8",
                                "$": "1140"
                            },
                            {
                                "D": "WSW",
                                "G": "22",
                                "H": "89.9",
                                "P": "1005",
                                "S": "15",
                                "T": "11.7",
                                "V": "17000",
                                "W": "8",
                                "Pt": "R",
                                "Dp": "10.1",
                                "$": "1200"
                            },
                            {
                                "D": "WSW",
                                "G": "21",
                                "H": "85.7",
                                "P": "1005",
                                "S": "13",
                                "T": "11.8",
                                "V": "30000",
                                "W": "8",
                                "Pt": "R",
                                "Dp": "9.5",
                                "$": "1260"
                            },
                            {
                                "D": "WSW",
                                "G": "19",
                                "H": "91.0",
                                "P": "1005",
                                "S": "13",
                                "T": "11.0",
                                "V": "4100",
                                "W": "11",
                                "Pt": "R",
                                "Dp": "9.6",
                                "$": "1320"
                            },
                            {
                                "D": "WSW",
                                "G": "21",
                                "H": "93.5",
                                "P": "1006",
                                "S": "14",
                                "T": "10.5",
                                "V": "10000",
                                "W": "12",
                                "Pt": "R",
                                "Dp": "9.5",
                                "$": "1380"
                            }
                        ]
                    },
                    {
                        "type": "Day",
                        "value": "2024-05-03Z",
                        "Rep": [
                            {
                                "D": "WSW",
                                "G": "21",
                                "H": "91.6",
                                "P": "1006",
                                "S": "13",
                                "T": "10.2",
                                "V": "11000",
                                "W": "8",
                                "Pt": "R",
                                "Dp": "8.9",
                                "$": "0"
                            },
                            {
                                "D": "WSW",
                                "G": "21",
                                "H": "93.4",
                                "P": "1006",
                                "S": "14",
                                "T": "9.7",
                                "V": "3700",
                                "W": "12",
                                "Pt": "R",
                                "Dp": "8.7",
                                "$": "60"
                            },
                            {
                                "D": "WSW",
                                "G": "19",
                                "H": "96.0",
                                "P": "1006",
                                "S": "10",
                                "T": "9.5",
                                "V": "14000",
                                "W": "11",
                                "Pt": "R",
                                "Dp": "8.9",
                                "$": "120"
                            },
                            {
                                "D": "SW",
                                "G": "16",
                                "H": "96.0",
                                "P": "1006",
                                "S": "9",
                                "T": "9.6",
                                "V": "9000",
                                "W": "8",
                                "Pt": "R",
                                "Dp": "9.0",
                                "$": "180"
                            },
                            {
                                "D": "SW",
                                "G": "21",
                                "H": "96.0",
                                "P": "1006",
                                "S": "11",
                                "T": "9.3",
                                "V": "5000",
                                "W": "8",
                                "Pt": "F",
                                "Dp": "8.7",
                                "$": "240"
                            },
                            {
                                "D": "WSW",
                                "G": "19",
                                "H": "96.0",
                                "P": "1006",
                                "S": "14",
                                "T": "9.2",
                                "V": "5000",
                                "W": "5",
                                "Pt": "R",
                                "Dp": "8.6",
                                "$": "300"
                            },
                            {
                                "D": "WSW",
                                "G": "22",
                                "H": "94.1",
                                "P": "1007",
                                "S": "15",
                                "T": "9.3",
                                "V": "40000",
                                "W": "8",
                                "Pt": "R",
                                "Dp": "8.4",
                                "$": "360"
                            },
                            {
                                "D": "WSW",
                                "G": "24",
                                "H": "92.2",
                                "P": "1007",
                                "S": "16",
                                "T": "9.5",
                                "V": "35000",
                                "W": "8",
                                "Pt": "R",
                                "Dp": "8.3",
                                "$": "420"
                            },
                            {
                                "D": "WSW",
                                "G": "24",
                                "H": "94.1",
                                "P": "1007",
                                "S": "17",
                                "T": "9.4",
                                "V": "2100",
                                "W": "15",
                                "Pt": "R",
                                "Dp": "8.5",
                                "$": "480"
                            },
                            {
                                "D": "WSW",
                                "G": "23",
                                "H": "95.3",
                                "P": "1008",
                                "S": "15",
                                "T": "9.6",
                                "V": "3800",
                                "W": "12",
                                "Pt": "R",
                                "Dp": "8.9",
                                "$": "540"
                            },
                            {
                                "D": "WSW",
                                "G": "25",
                                "H": "94.7",
                                "P": "1008",
                                "S": "17",
                                "T": "10.1",
                                "V": "12000",
                                "W": "12",
                                "Pt": "R",
                                "Dp": "9.3",
                                "$": "600"
                            },
                            {
                                "D": "WSW",
                                "G": "24",
                                "H": "91.6",
                                "P": "1009",
                                "S": "17",
                                "T": "10.8",
                                "V": "30000",
                                "W": "12",
                                "Pt": "R",
                                "Dp": "9.5",
                                "$": "660"
                            },
                            {
                                "D": "SW",
                                "G": "23",
                                "H": "90.4",
                                "P": "1009",
                                "S": "16",
                                "T": "11.3",
                                "V": "15000",
                                "W": "12",
                                "Pt": "R",
                                "Dp": "9.8",
                                "$": "720"
                            },
                            {
                                "D": "WSW",
                                "G": "28",
                                "H": "84.0",
                                "P": "1009",
                                "S": "15",
                                "T": "11.6",
                                "V": "29000",
                                "W": "12",
                                "Pt": "R",
                                "Dp": "9.0",
                                "$": "780"
                            },
                            {
                                "D": "WSW",
                                "G": "24",
                                "H": "83.5",
                                "P": "1010",
                                "S": "15",
                                "T": "11.6",
                                "V": "30000",
                                "W": "12",
                                "Pt": "R",
                                "Dp": "8.9",
                                "$": "840"
                            },
                            {
                                "D": "WSW",
                                "G": "21",
                                "H": "84.0",
                                "P": "1010",
                                "S": "10",
                                "T": "11.9",
                                "V": "45000",
                                "W": "12",
                                "Pt": "R",
                                "Dp": "9.3",
                                "$": "900"
                            },
                            {
                                "D": "WSW",
                                "G": "17",
                                "H": "81.3",
                                "P": "1010",
                                "S": "8",
                                "T": "12.6",
                                "V": "55000",
                                "W": "8",
                                "Pt": "R",
                                "Dp": "9.5",
                                "$": "960"
                            }
                        ]
                    }
                ]
            }
        }
    }
}