{
    "SiteRep": {
        "Wx": {
            "Param": [
                {
                    "name": "G",
                    "units": "mph",
                    "$": "Wind Gust"
                },
                {
                    "name": "T",
                    "units": "C",
                    "$": "Temperature"
                },
                {
                    "name": "V",
                    "units": "m",
                    "$": "Visibility"
                },
                {
                    "name": "D",
                    "units": "compass",
                    "$": "Wind Direction"
                },
                {
                    "name": "S",
                    "units": "mph",
                    "$": "Wind Speed"
                },
                {
                    "name": "W",
                    "units": "",
                    "$": "Weather Type"
                },
                {
                    "name": "P",
                    "units": "hpa",
                    "$": "Pressure"
                },
                {
                    "name": "Pt",
                    "units": "Pa/s",
                    "$": "Pressure Tendency"
                },
                {
                    "name": "Dp",
                    "units": "C",
                    "$": "Dew Point"
                },
                {
                    "name": "H",
                    "units": "%",
                    "$": "Screen Relative Humidity"
                }
            ]
        },
        "DV": {
            "dataDate": "2025-10-03T16:00:00Z",
            "type": "Obs",
            "Location": {
                "i": "3772",
                "lat": "51.479",
                "lon": "-0.449",
                "name": "HEATHROW",
                "country": "ENGLAND",
                "continent": "EUROPE",
                "elevation": "25.0",
                "Period": [
                    {
                        "type": "Day",
                        "value": "2025-10-02Z",
                        "Rep": [
                            {
                                "D": "S",
                                "G": "19",
                                "H": "60.8",
                                "P": "1020",
                                "S": "10",
                                "T": "18.1",
                                "V": "50000",
                                "W": "8",
                                "Pt": "F",
                                "Dp": "10.5",
                                "$": "960"
                            },
                            {
                                "D": "S",
                                "G": "18",
                                "H": "64.0",
                                "P": "1019",
                                "S": "11",
                                "T": "17.4",
                                "V": "35000",
                                "W": "8",
                                "Pt": "F",
                                "Dp": "10.6",
                                "$": "1020"
                            },
                            {
                                "D": "S",
                                "G": "16",
                                "H": "69.2",
                                "P": "1020",
                                "S": "10",
                                "T": "16.4",
                                "V": "45000",
                                "W": "8",
                                "Pt": "F",
                                "Dp": "10.8",
                                "$": "1080"
                            },
                            {
                                "D": "SSE",
                                "G": "16",
                                "H": "74.0",
                                "P": "1019",
                                "S": "9",
                                "T": "16.1",
                                "V": "35000",
                                "W": "8",
                                "Pt": "F",
                                "Dp": "11.5",
                                "$": "1140"
                            },
                            {
                                "D": "SSE",
                                "G": "17",
                                "H": "70.0",
                                "P": "1018",
                                "S": "13",
                                "T": "16.0",
                                "V": "40000",
                                "W": "8",
                                "Pt": "F",
                                "Dp": "10.6",
                                "$": "1200"
                            },
                            {
                                "D": "S",
                                "G": "18",
                                "H": "68.7",
                                "P": "1017",
                                "S": "9",
                                "T": "16.2",
                                "V": "45000",
                                "W": "8",
                                "Pt": "F",
                                "Dp": "10.5",
                                "$": "1260"
                            },
                            {
                                "D": "SSE",
                                "G": "15",
                                "H": "73.9",
                                "P": "1017",
                                "S": "10",
                                "T": "16.0",
                                "V": "40000",
                                "W": "8",
                                "Pt": "F",
                                "Dp": "11.4",
                                "$": "1320"
                            },
                            {
                                "D": "S",
                                "G": "16",
                                "H": "73.0",
                                "P": "1016",
                                "S": "9",
                                "T": "16.4",
                                "V": "40000",
                                "W": "8",
                                "Pt": "F",
                                "Dp": "11.6",
                                "$": "1380"
                            }
                        ]
                    },
                    {
                        "type": "Day",
                        "value": "2025-10-03Z",
                        "Rep": [
                            {
                                "D": "S",
                                "G": "19",
                                "H": "71.1",
                                "P": "1016",
                                "S": "10",
                                "T": "16.7",
                                "V": "18000",
                                "W": "12",
                                "Pt": "F",
                                "Dp": "11.5",
                                "$": "0"
                            },
                            {
                                "D": "SE",
                                "G": "15",
                                "H": "83.8",
                                "P": "1015",
                                "S": "9",
                                "T": "15.1",
                                "V": "28000",
                                "W": "12",
                                "Pt": "F",
                                "Dp": "12.4",
                                "$": "60"
                            },
                            {
                                "D": "S",
                                "G": "18",
                                "H": "79.0",
                                "P": "1014",
                                "S": "7",
                                "T": "15.5",
                                "V": "35000",
                                "W": "8",
                                "Pt": "F",
                                "Dp": "11.9",
                                "$": "120"
                            },
                            {
                                "D": "S",
                                "G": "11",
                                "H": "76.4",
                                "P": "1013",
                                "S": "7",
                                "T": "15.5",
                                "V": "40000",
                                "W": "8",
                                "Pt": "F",
                                "Dp": "11.4",
                                "$": "180"
                            },
                            {
                                "D": "S",
                                "G": "15",
                                "H": "74.9",
                                "P": "1013",
                                "S": "10",
                                "T": "15.7",
                                "V": "40000",
                                "W": "8",
                                "Pt": "F",
                                "Dp": "11.3",
                                "$": "240"
                            },
                            {
                                "D": "S",
                                "G": "14",
                                "H": "86.6",
                                "P": "1012",
                                "S": "9",
                                "T": "14.5",
                                "V": "11000",
                                "W": "12",
                                "Pt": "F",
                                "Dp": "12.3",
                                "$": "300"
                            },
                            {
                                "D": "S",
                                "G": "18",
                                "H": "90.6",
                                "P": "1011",
                                "S": "14",
                                "T": "14.2",
                                "V": "27000",
                                "W": "12",
                                "Pt": "F",
                                "Dp": "12.7",
                                "$": "360"
                            },
                            {
                                "D": "S",
                                "G": "22",
                                "H": "91.8",
                                "P": "1011",
                                "S": "14",
                                "T": "14.5",
                                "V": "18000",
                                "W": "11",
                                "Pt": "F",
                                "Dp": "13.2",
                                "$": "420"
                            },
                            {
                                "D": "S",
                                "G": "23",
                                "H": "95.5",
                                "P": "1011",
                                "S": "13",
                                "T": "14.5",
                                "V": "4600",
                                "W": "11",
                                "Pt": "F",
                                "Dp": "13.8",
                                "$": "480"
                            },
                            {
                                "D": "S",
                                "G": "22",
                                "H": "96.2",
                                "P": "1010",
                                "S": "13",
                                "T": "15.2",
                                "V": "10000",
                                "W": "12",
                                "Pt": "F",
                                "Dp": "14.6",
                                "$": "540"
                            },
                            {
                                "D": "S",
                                "G": "18",
                                "H": "96.2",
                                "P": "1010",
                                "S": "11",
                                "T": "15.8",
                                "V": "10000",
                                "W": "12",
                                "Pt": "F",
                                "Dp": "15.2",
                                "$": "600"
                            },
                            {
                                "D": "S",
                                "G": "18",
                                "H": "95.6",
                                "P": "1009",
                                "S": "11",
                                "T": "16.6",
                                "V": "14000",
                                "W": "12",
                                "Pt": "F",
                                "Dp": "15.9",
                                "$": "660"
                            },
                            {
                                "D": "S",
                                "G": "18",
                                "H": "95.0",
                                "P": "1008",
                                "S": "11",
                                "T": "17.1",
                                "V": "13000",
                                "W": "8",
                                "Pt": "F",
                                "Dp": "16.3",
                                "$": "720"
                            },
                            {
                                "D": "S",
                                "G": "22",
                                "H": "89.2",
                                "P": "1007",
                                "S": "13",
                                "T": "17.9",
                                "V": "30000",
                                "W": "12",
                                "Pt": "F",
                                "Dp": "16.1",
                                "$": "780"
                            },
                            {
                                "D": "SSW",
                                "G": "18",
                                "H": "93.3",
                                "P": "1006",
                                "S": "10",
                                "T": "17.6",
                                "V": "13000",
                                "W": "12",
                                "Pt": "F",
                                "Dp": "16.5",
                                "$": "840"
                            },
                            {
                                "D": "SSW",
                                "G": "28",
                                "H": "90.3",
                                "P": "1006",
                                "S": "15",
                                "T": "17.1",
                                "V": "10000",
                                "W": "12",
                                "Pt": "F",
                                "Dp": "15.5",
                                "$": "900"
                            },
                            {
                                "D": "S",
                                "G": "25",
                                "H": "91.4",
                                "P": "1004",
                                "S": "16",
                                "T": "15.9",
                                "V": "6000",
                                "W": "12",
                                "Pt": "F",
                                "Dp": "14.5",
                                "$": "960"
                            }
                        ]
                    }
                ]
            }
        }
    }
}