{
    "SiteRep": {
        "Wx": {
            "Param": [
                {
                    "name": "G",
                    "units": "mph",
                    "$": "Wind Gust"
                },
                {
                    "name": "T",
                    "units": "C",
                    "$": "Temperature"
                },
                {
                    "name": "V",
                    "units": "m",
                    "$": "Visibility"
                },
                {
                    "name": "D",
                    "units": "compass",
                    "$": "Wind Direction"
                },
                {
                    "name": "S",
                    "units": "mph",
                    "$": "Wind Speed"
                },
                {
                    "name": "W",
                    "units": "",
                    "$": "Weather Type"
                },
                {
                    "name": "P",
                    "units": "hpa",
                    "$": "Pressure"
                },
                {
                    "name": "Pt",
                    "units": "Pa/s",
                    "$": "Pressure Tendency"
                },
                {
                    "name": "Dp",
                    "units": "C",
                    "$": "Dew Point"
                },
                {
                    "name": "H",
                    "units": "%",
                    "$": "Screen Relative Humidity"
                }
            ]
        },
        "DV": {
            "dataDate": "2025-07-28T15:00:00Z",
            "type": "Obs",
            "Location": {
                "i": "3772",
                "lat": "51.479",
                "lon": "-0.449",
                "name": "HEATHROW",
                "country": "ENGLAND",
                "continent": "EUROPE",
                "elevation": "25.0",
                "Period": [
                    {
                        "type": "Day",
                        "value": "2025-07-27Z",
                        "Rep": [
                            {
                                "D": "N",
                                "G": "18",
                                "H": "36.8",
                                "P": "1017",
                                "S": "9",
                                "T": "21.3",
                                "V": "45000",
                                "W": "8",
                                "Pt": "S",
                                "Dp": "6.1",
                                "$": "960"
                            },
                            {
                                "D": "NW",
                                "G": "17",
                                "H": "42.5",
                                "P": "1017",
                                "S": "7",
                                "T": "21.0",
                                "V": "40000",
                                "W": "8",
                                "Pt": "F",
                                "Dp": "7.9",
                                "$": "1020"
                            },
                            {
                                "D": "NNW",
                                "G": "11",
                                "H": "41.8",
                                "P": "1017",
                                "S": "6",
                                "T": "20.6",
                                "V": "40000",
                                "W": "8",
                                "Pt": "R",
                                "Dp": "7.3",
                                "$": "1080"
                            },
                            {
                                "D": "NW",
                                "G": "11",
                                "H": "44.0",
                                "P": "1017",
                                "S": "7",
                                "T": "20.1",
                                "V": "35000",
                                "W": "8",
                                "Pt": "R",
                                "Dp": "7.6",
                                "$": "1140"
                            },
                            {
                                "D": "NNW",
                                "G": "10",
                                "H": "48.3",
                                "P": "1018",
                                "S": "6",
                                "T": "19.7",
                                "V": "30000",
                                "W": "8",
                                "Pt": "R",
                                "Dp": "8.6",
                                "$": "1200"
                            },
                            {
                                "D": "NNW",
                                "G": "11",
                                "H": "52.6",
                                "P": "1018",
                                "S": "3",
                                "T": "18.9",
                                "V": "30000",
                                "W": "8",
                                "Pt": "R",
                                "Dp": "9.1",
                                "$": "1260"
                            },
                            {
                                "D": "W",
                                "G": "8",
                                "H": "53.7",
                                "P": "1019",
                                "S": "6",
                                "T": "18.8",
                                "V": "35000",
                                "W": "8",
                                "Pt": "R",
                                "Dp": "9.3",
                                "$": "1320"
                            },
                            {
                                "D": "WNW",
                                "G": "9",
                                "H": "55.8",
                                "P": "1019",
                                "S": "6",
                                "T": "18.3",
                                "V": "35000",
                                "W": "8",
                                "Pt": "R",
                                "Dp": "9.4",
                                "$": "1380"
                            }
                        ]
                    },
                    {
                        "type": "Day",
                        "value": "2025-07-28Z",
                        "Rep": [
                            {
                                "D": "WNW",
                                "G": "10",
                                "H": "59.9",
                                "P": "1019",
                                "S": "6",
                                "T": "17.5",
                                "V": "35000",
                                "W": "8",
                                "Pt": "R",
                                "Dp": "9.7",
                                "$": "0"
                            },
                            {
                                "D": "WNW",
                                "G": "7",
                                "H": "64.6",
                                "P": "1019",
                                "S": "5",
                                "T": "16.4",
                                "V": "35000",
                                "W": "0",
                                "Pt": "R",
                                "Dp": "9.8",
                                "$": "60"
                            },
                            {
                                "D": "WNW",
                                "G": "8",
                                "H": "70.8",
                                "P": "1019",
                                "S": "5",
                                "T": "14.9",
                                "V": "35000",
                                "W": "0",
                                "Pt": "S",
                                "Dp": "9.7",
                                "$": "120"
                            },
                            {
                                "D": "WNW",
                                "G": "9",
                                "H": "72.2",
                                "P": "1019",
                                "S": "5",
                                "T": "14.7",
                                "V": "35000",
                                "W": "0",
                                "Pt": "R",
                                "Dp": "9.8",
                                "$": "180"
                            },
                            {
                                "D": "W",
                                "G": "8",
                                "H": "73.2",
                                "P": "1019",
                                "S": "5",
                                "T": "14.9",
                                "V": "35000",
                                "W": "8",
                                "Pt": "R",
                                "Dp": "10.2",
                                "$": "240"
                            },
                            {
                                "D": "WNW",
                                "G": "8",
                                "H": "75.1",
                                "P": "1020",
                                "S": "3",
                                "T": "14.4",
                                "V": "30000",
                                "W": "1",
                                "Pt": "R",
                                "Dp": "10.1",
                                "$": "300"
                            },
                            {
                                "D": "W",
                                "G": "8",
                                "H": "75.2",
                                "P": "1020",
                                "S": "5",
                                "T": "14.9",
                                "V": "30000",
                                "W": "1",
                                "Pt": "R",
                                "Dp": "10.6",
                                "$": "360"
                            },
                            {
                                "D": "WNW",
                                "G": "8",
                                "H": "70.1",
                                "P": "1020",
                                "S": "6",
                                "T": "16.3",
                                "V": "30000",
                                "W": "8",
                                "Pt": "R",
                                "Dp": "10.9",
                                "$": "420"
                            },
                            {
                                "D": "WNW",
                                "G": "10",
                                "H": "65.7",
                                "P": "1021",
                                "S": "6",
                                "T": "17.4",
                                "V": "35000",
                                "W": "8",
                                "Pt": "R",
                                "Dp": "11.0",
                                "$": "480"
                            },
                            {
                                "D": "WNW",
                                "G": "14",
                                "H": "60.5",
                                "P": "1021",
                                "S": "7",
                                "T": "18.6",
                                "V": "40000",
                                "W": "8",
                                "Pt": "R",
                                "Dp": "10.9",
                                "$": "540"
                            },
                            {
                                "D": "W",
                                "G": "14",
                                "H": "53.3",
                                "P": "1020",
                                "S": "9",
                                "T": "20.4",
                                "V": "35000",
                                "W": "8",
                                "Pt": "R",
                                "Dp": "10.7",
                                "$": "600"
                            },
                            {
                                "D": "W",
                                "G": "16",
                                "H": "50.6",
                                "P": "1020",
                                "S": "9",
                                "T": "21.0",
                                "V": "40000",
                                "W": "8",
                                "Pt": "F",
                                "Dp": "10.5",
                                "$": "660"
                            },
                            {
                                "D": "WNW",
                                "G": "16",
                                "H": "46.1",
                                "P": "1020",
                                "S": "8",
                                "T": "22.2",
                                "V": "40000",
                                "W": "8",
                                "Pt": "F",
                                "Dp": "10.2",
                                "$": "720"
                            },
                            {
                                "D": "W",
                                "G": "17",
                                "H": "41.9",
                                "P": "1020",
                                "S": "8",
                                "T": "23.3",
                                "V": "45000",
                                "W": "8",
                                "Pt": "F",
                                "Dp": "9.8",
                                "$": "780"
                            },
                            {
                                "D": "W",
                                "G": "14",
                                "H": "44.4",
                                "P": "1020",
                                "S": "5",
                                "T": "22.4",
                                "V": "50000",
                                "W": "8",
                                "Pt": "F",
                                "Dp": "9.8",
                                "$": "840"
                            },
                            {
                                "D": "W",
                                "G": "15",
                                "H": "36.4",
                                "P": "1019",
                                "S": "8",
                                "T": "25.2",
                                "V": "45000",
                                "W": "8",
                                "Pt": "F",
                                "Dp": "9.4",
                                "$": "900"
                            },
                            {
                                "D": "WNW",
                                "G": "16",
                                "H": "38.6",
                                "P": "1019",
                                "S": "9",
                                "T": "24.0",
                                "V": "45000",
                                "W": "8",
                                "Pt": "F",
                                "Dp": "9.2",
                                "$": "960"
                            }
                        ]
                    }
                ]
            }
        }
    }
}