{
    "SiteRep": {
        "Wx": {
            "Param": [
                {
                    "name": "G",
                    "units": "mph",
                    "$": "Wind Gust"
                },
                {
                    "name": "T",
                    "units": "C",
                    "$": "Temperature"
                },
                {
                    "name": "V",
                    "units": "m",
                    "$": "Visibility"
                },
                {
                    "name": "D",
                    "units": "compass",
                    "$": "Wind Direction"
                },
                {
                    "name": "S",
                    "units": "mph",
                    "$": "Wind Speed"
                },
                {
                    "name": "W",
                    "units": "",
                    "$": "Weather Type"
                },
                {
                    "name": "P",
                    "units": "hpa",
                    "$": "Pressure"
                },
                {
                    "name": "Pt",
                    "units": "Pa/s",
                    "$": "Pressure Tendency"
                },
                {
                    "name": "Dp",
                    "units": "C",
                    "$": "Dew Point"
                },
                {
                    "name": "H",
                    "units": "%",
                    "$": "Screen Relative Humidity"
                }
            ]
        },
        "DV": {
            "dataDate": "2023-12-06T16:00:00Z",
            "type": "Obs",
            "Location": {
                "i": "3772",
                "lat": "51.479",
                "lon": "-0.449",
                "name": "HEATHROW",
                "country": "ENGLAND",
                "continent": "EUROPE",
                "elevation": "25.0",
                "Period": [
                    {
                        "type": "Day",
                        "value": "2023-12-05Z",
                        "Rep": [
                            {
                                "D": "NNW",
                                "G": "14",
                                "H": "88.8",
                                "P": "1012",
                                "S": "8",
                                "T": "6.6",
                                "V": "25000",
                                "W": "12",
                                "Pt": "R",
                                "Dp": "4.9",
                                "$": "960"
                            },
                            {
                                "D": "NW",
                                "G": "14",
                                "H": "88.1",
                                "P": "1012",
                                "S": "5",
                                "T": "6.4",
                                "V": "24000",
                                "W": "8",
                                "Pt": "R",
                                "Dp": "4.6",
                                "$": "1020"
                            },
                            {
                                "D": "NNW",
                                "G": "11",
                                "H": "87.6",
                                "P": "1013",
                                "S": "7",
                                "T": "6.2",
                                "V": "28000",
                                "W": "8",
                                "Pt": "R",
                                "Dp": "4.3",
                                "$": "1080"
                            },
                            {
                                "D": "NW",
                                "G": "10",
                                "H": "89.5",
                                "P": "1014",
                                "S": "5",
                                "T": "5.8",
                                "V": "24000",
                                "W": "8",
                                "Pt": "R",
                                "Dp": "4.2",
                                "$": "1140"
                            },
                            {
                                "D": "NW",
                                "G": "13",
                                "H": "90.0",
                                "P": "1014",
                                "S": "8",
                                "T": "5.5",
                                "V": "24000",
                                "W": "8",
                                "Pt": "R",
                                "Dp": "4.0",
                                "$": "1200"
                            },
                            {
                                "D": "NNW",
                                "G": "14",
                                "H": "88.0",
                                "P": "1014",
                                "S": "6",
                                "T": "5.6",
                                "V": "26000",
                                "W": "8",
                                "Pt": "R",
                                "Dp": "3.8",
                                "$": "1260"
                            },
                            {
                                "D": "N",
                                "G": "11",
                                "H": "87.4",
                                "P": "1015",
                                "S": "7",
                                "T": "5.6",
                                "V": "26000",
                                "W": "8",
                                "Pt": "R",
                                "Dp": "3.7",
                                "$": "1320"
                            },
                            {
                                "D": "NW",
                                "G": "13",
                                "H": "88.7",
                                "P": "1016",
                                "S": "3",
                                "T": "5.3",
                                "V": "22000",
                                "W": "8",
                                "Pt": "R",
                                "Dp": "3.6",
                                "$": "1380"
                            }
                        ]
                    },
                    {
                        "type": "Day",
                        "value": "2023-12-06Z",
                        "Rep": [
                            {
                                "D": "NW",
                                "G": "10",
                                "H": "87.4",
                                "P": "1016",
                                "S": "5",
                                "T": "5.3",
                                "V": "26000",
                                "W": "8",
                                "Pt": "R",
                                "Dp": "3.4",
                                "$": "0"
                            },
                            {
                                "D": "NNW",
                                "G": "10",
                                "H": "85.6",
                                "P": "1016",
                                "S": "5",
                                "T": "5.1",
                                "V": "30000",
                                "W": "8",
                                "Pt": "R",
                                "Dp": "2.9",
                                "$": "60"
                            },
                            {
                                "D": "NNW",
                                "G": "7",
                                "H": "87.4",
                                "P": "1017",
                                "S": "3",
                                "T": "4.6",
                                "V": "29000",
                                "W": "8",
                                "Pt": "R",
                                "Dp": "2.7",
                                "$": "120"
                            },
                            {
                                "D": "WNW",
                                "G": "6",
                                "H": "91.0",
                                "P": "1017",
                                "S": "3",
                                "T": "3.6",
                                "V": "18000",
                                "W": "2",
                                "Pt": "R",
                                "Dp": "2.3",
                                "$": "180"
                            },
                            {
                                "D": "WNW",
                                "G": "7",
                                "H": "93.8",
                                "P": "1017",
                                "S": "5",
                                "T": "2.5",
                                "V": "11000",
                                "W": "0",
                                "Pt": "R",
                                "Dp": "1.6",
                                "$": "240"
                            },
                            {
                                "D": "WNW",
                                "G": "7",
                                "H": "95.6",
                                "P": "1017",
                                "S": "3",
                                "T": "2.1",
                                "V": "9000",
                                "W": "2",
                                "Pt": "R",
                                "Dp": "1.5",
                                "$": "300"
                            },
                            {
                                "D": "W",
                                "G": "3",
                                "H": "96.4",
                                "P": "1017",
                                "S": "2",
                                "T": "1.1",
                                "V": "5000",
                                "W": "5",
                                "Pt": "R",
                                "Dp": "0.6",
                                "$": "360"
                            },
                            {
                                "D": "WNW",
                                "G": "5",
                                "H": "97.1",
                                "P": "1018",
                                "S": "3",
                                "T": "1.6",
                                "V": "6000",
                                "W": "5",
                                "Pt": "R",
                                "Dp": "1.2",
                                "$": "420"
                            },
                            {
                                "D": "NNW",
                                "G": "5",
                                "H": "97.1",
                                "P": "1018",
                                "S": "3",
                                "T": "0.9",
                                "V": "6000",
                                "W": "5",
                                "Pt": "R",
                                "Dp": "0.5",
                                "$": "480"
                            },
                            {
                                "D": "NW",
                                "G": "6",
                                "H": "97.9",
                                "P": "1018",
                                "S": "2",
                                "T": "1.3",
                                "V": "8000",
                                "W": "5",
                                "Pt": "R",
                                "Dp": "1.0",
                                "$": "540"
                            },
                            {
                                "D": "NNW",
                                "G": "5",
                                "H": "95.8",
                                "P": "1018",
                                "S": "2",
                                "T": "2.9",
                                "V": "12000",
                                "W": "1",
                                "Pt": "R",
                                "Dp": "2.3",
                                "$": "600"
                            },
                            {
                                "D": "NNE",
                                "G": "5",
                                "H": "88.5",
                                "P": "1018",
                                "S": "3",
                                "T": "4.2",
                                "V": "16000",
                                "W": "1",
                                "Pt": "S",
                                "Dp": "2.5",
                                "$": "660"
                            },
                            {
                                "D": "SSE",
                                "G": "8",
                                "H": "86.7",
                                "P": "1018",
                                "S": "5",
                                "T": "4.9",
                                "V": "6000",
                                "W": "5",
                                "Pt": "S",
                                "Dp": "2.9",
                                "$": "720"
                            },
                            {
                                "D": "SE",
                                "G": "9",
                                "H": "86.8",
                                "P": "1017",
                                "S": "5",
                                "T": "4.6",
                                "V": "5000",
                                "W": "5",
                                "Pt": "F",
                                "Dp": "2.6",
                                "$": "780"
                            },
                            {
                                "D": "SE",
                                "G": "8",
                                "H": "78.5",
                                "P": "1017",
                                "S": "3",
                                "T": "5.8",
                                "V": "17000",
                                "W": "1",
                                "Pt": "F",
                                "Dp": "2.4",
                                "$": "840"
                            },
                            {
                                "D": "E",
                                "G": "8",
                                "H": "84.7",
                                "P": "1017",
                                "S": "2",
                                "T": "4.4",
                                "V": "16000",
                                "W": "1",
                                "Pt": "F",
                                "Dp": "2.1",
                                "$": "900"
                            },
                            {
                                "D": "E",
                                "G": "8",
                                "H": "89.9",
                                "P": "1017",
                                "S": "5",
                                "T": "3.2",
                                "V": "10000",
                                "W": "0",
                                "Pt": "F",
                                "Dp": "1.7",
                                "$": "960"
                            }
                        ]
                    }
                ]
            }
        }
    }
}