{
    "SiteRep": {
        "Wx": {
            "Param": [
                {
                    "name": "G",
                    "units": "mph",
                    "$": "Wind Gust"
                },
                {
                    "name": "T",
                    "units": "C",
                    "$": "Temperature"
                },
                {
                    "name": "V",
                    "units": "m",
                    "$": "Visibility"
                },
                {
                    "name": "D",
                    "units": "compass",
                    "$": "Wind Direction"
                },
                {
                    "name": "S",
                    "units": "mph",
                    "$": "Wind Speed"
                },
                {
                    "name": "W",
                    "units": "",
                    "$": "Weather Type"
                },
                {
                    "name": "P",
                    "units": "hpa",
                    "$": "Pressure"
                },
                {
                    "name": "Pt",
                    "units": "Pa/s",
                    "$": "Pressure Tendency"
                },
                {
                    "name": "Dp",
                    "units": "C",
                    "$": "Dew Point"
                },
                {
                    "name": "H",
                    "units": "%",
                    "$": "Screen Relative Humidity"
                }
            ]
        },
        "DV": {
            "dataDate": "2024-10-20T16:00:00Z",
            "type": "Obs",
            "Location": {
                "i": "3772",
                "lat": "51.479",
                "lon": "-0.449",
                "name": "HEATHROW",
                "country": "ENGLAND",
                "continent": "EUROPE",
                "elevation": "25.0",
                "Period": [
                    {
                        "type": "Day",
                        "value": "2024-10-19Z",
                        "Rep": [
                            {
                                "D": "WSW",
                                "G": "17",
                                "H": "61.4",
                                "P": "1012",
                                "S": "10",
                                "T": "16.4",
                                "V": "30000",
                                "W": "3",
                                "Pt": "R",
                                "Dp": "9.0",
                                "$": "960"
                            },
                            {
                                "D": "SW",
                                "G": "11",
                                "H": "65.7",
                                "P": "1013",
                                "S": "6",
                                "T": "14.9",
                                "V": "30000",
                                "W": "1",
                                "Pt": "R",
                                "Dp": "8.6",
                                "$": "1020"
                            },
                            {
                                "D": "SSW",
                                "G": "9",
                                "H": "68.5",
                                "P": "1013",
                                "S": "6",
                                "T": "14.9",
                                "V": "28000",
                                "W": "0",
                                "Pt": "R",
                                "Dp": "9.2",
                                "$": "1080"
                            },
                            {
                                "D": "S",
                                "G": "9",
                                "H": "76.6",
                                "P": "1014",
                                "S": "6",
                                "T": "13.6",
                                "V": "23000",
                                "W": "0",
                                "Pt": "R",
                                "Dp": "9.6",
                                "$": "1140"
                            },
                            {
                                "D": "S",
                                "G": "10",
                                "H": "82.4",
                                "P": "1015",
                                "S": "7",
                                "T": "12.8",
                                "V": "20000",
                                "W": "0",
                                "Pt": "R",
                                "Dp": "9.9",
                                "$": "1200"
                            },
                            {
                                "D": "SSW",
                                "G": "13",
                                "H": "88.7",
                                "P": "1015",
                                "S": "8",
                                "T": "12.1",
                                "V": "16000",
                                "W": "2",
                                "Pt": "R",
                                "Dp": "10.3",
                                "$": "1260"
                            },
                            {
                                "D": "S",
                                "G": "11",
                                "H": "91.1",
                                "P": "1015",
                                "S": "6",
                                "T": "11.4",
                                "V": "14000",
                                "W": "8",
                                "Pt": "R",
                                "Dp": "10.0",
                                "$": "1320"
                            },
                            {
                                "D": "S",
                                "G": "10",
                                "H": "93.5",
                                "P": "1015",
                                "S": "7",
                                "T": "11.5",
                                "V": "14000",
                                "W": "8",
                                "Pt": "R",
                                "Dp": "10.5",
                                "$": "1380"
                            }
                        ]
                    },
                    {
                        "type": "Day",
                        "value": "2024-10-20Z",
                        "Rep": [
                            {
                                "D": "S",
                                "G": "10",
                                "H": "92.9",
                                "P": "1015",
                                "S": "6",
                                "T": "11.5",
                                "V": "14000",
                                "W": "8",
                                "Pt": "F",
                                "Dp": "10.4",
                                "$": "0"
                            },
                            {
                                "D": "SE",
                                "G": "8",
                                "H": "94.1",
                                "P": "1014",
                                "S": "5",
                                "T": "10.7",
                                "V": "13000",
                                "W": "8",
                                "Pt": "F",
                                "Dp": "9.8",
                                "$": "60"
                            },
                            {
                                "D": "SSE",
                                "G": "10",
                                "H": "94.8",
                                "P": "1014",
                                "S": "7",
                                "T": "11.2",
                                "V": "14000",
                                "W": "8",
                                "Pt": "F",
                                "Dp": "10.4",
                                "$": "120"
                            },
                            {
                                "D": "SE",
                                "G": "9",
                                "H": "93.6",
                                "P": "1013",
                                "S": "7",
                                "T": "11.1",
                                "V": "14000",
                                "W": "8",
                                "Pt": "F",
                                "Dp": "10.1",
                                "$": "180"
                            },
                            {
                                "D": "SE",
                                "G": "9",
                                "H": "92.9",
                                "P": "1012",
                                "S": "7",
                                "T": "11.7",
                                "V": "17000",
                                "W": "8",
                                "Pt": "F",
                                "Dp": "10.6",
                                "$": "240"
                            },
                            {
                                "D": "SSE",
                                "G": "18",
                                "H": "88.1",
                                "P": "1011",
                                "S": "11",
                                "T": "12.8",
                                "V": "18000",
                                "W": "8",
                                "Pt": "F",
                                "Dp": "10.9",
                                "$": "300"
                            },
                            {
                                "D": "SSE",
                                "G": "19",
                                "H": "85.9",
                                "P": "1010",
                                "S": "13",
                                "T": "13.4",
                                "V": "20000",
                                "W": "8",
                                "Pt": "F",
                                "Dp": "11.1",
                                "$": "360"
                            },
                            {
                                "D": "SSE",
                                "G": "23",
                                "H": "79.9",
                                "P": "1010",
                                "S": "14",
                                "T": "14.3",
                                "V": "21000",
                                "W": "8",
                                "Pt": "F",
                                "Dp": "10.9",
                                "$": "420"
                            },
                            {
                                "D": "SSE",
                                "G": "23",
                                "H": "81.6",
                                "P": "1009",
                                "S": "14",
                                "T": "14.4",
                                "V": "20000",
                                "W": "11",
                                "Pt": "F",
                                "Dp": "11.3",
                                "$": "480"
                            },
                            {
                                "D": "S",
                                "G": "26",
                                "H": "82.2",
                                "P": "1008",
                                "S": "18",
                                "T": "15.1",
                                "V": "13000",
                                "W": "12",
                                "Pt": "F",
                                "Dp": "12.1",
                                "$": "540"
                            },
                            {
                                "D": "SSE",
                                "G": "28",
                                "H": "92.5",
                                "P": "1007",
                                "S": "17",
                                "T": "14.8",
                                "V": "21000",
                                "W": "12",
                                "Pt": "F",
                                "Dp": "13.6",
                                "$": "600"
                            },
                            {
                                "D": "S",
                                "G": "30",
                                "H": "93.7",
                                "P": "1007",
                                "S": "16",
                                "T": "15.1",
                                "V": "8000",
                                "W": "11",
                                "Pt": "F",
                                "Dp": "14.1",
                                "$": "660"
                            },
                            {
                                "D": "S",
                                "G": "28",
                                "H": "96.2",
                                "P": "1006",
                                "S": "17",
                                "T": "16.3",
                                "V": "4600",
                                "W": "12",
                                "Pt": "F",
                                "Dp": "15.7",
                                "$": "720"
                            },
                            {
                                "D": "SSW",
                                "G": "31",
                                "H": "92.6",
                                "P": "1006",
                                "S": "18",
                                "T": "17.6",
                                "V": "12000",
                                "W": "11",
                                "Pt": "F",
                                "Dp": "16.4",
                                "$": "780"
                            },
                            {
                                "D": "SW",
                                "G": "32",
                                "H": "84.2",
                                "P": "1007",
                                "S": "21",
                                "T": "17.7",
                                "V": "40000",
                                "W": "12",
                                "Pt": "R",
                                "Dp": "15.0",
                                "$": "840"
                            },
                            {
                                "D": "SSW",
                                "G": "36",
                                "H": "81.3",
                                "P": "1007",
                                "S": "18",
                                "T": "16.7",
                                "V": "24000",
                                "W": "8",
                                "Pt": "R",
                                "Dp": "13.5",
                                "$": "900"
                            },
                            {
                                "D": "SSW",
                                "G": "29",
                                "H": "77.6",
                                "P": "1008",
                                "S": "18",
                                "T": "16.5",
                                "V": "19000",
                                "W": "8",
                                "Pt": "R",
                                "Dp": "12.6",
                                "$": "960"
                            }
                        ]
                    }
                ]
            }
        }
    }
}