{
    "SiteRep": {
        "Wx": {
            "Param": [
                {
                    "name": "G",
                    "units": "mph",
                    "$": "Wind Gust"
                },
                {
                    "name": "T",
                    "units": "C",
                    "$": "Temperature"
                },
                {
                    "name": "V",
                    "units": "m",
                    "$": "Visibility"
                },
                {
                    "name": "D",
                    "units": "compass",
                    "$": "Wind Direction"
                },
                {
                    "name": "S",
                    "units": "mph",
                    "$": "Wind Speed"
                },
                {
                    "name": "W",
                    "units": "",
                    "$": "Weather Type"
                },
                {
                    "name": "P",
                    "units": "hpa",
                    "$": "Pressure"
                },
                {
                    "name": "Pt",
                    "units": "Pa/s",
                    "$": "Pressure Tendency"
                },
                {
                    "name": "Dp",
                    "units": "C",
                    "$": "Dew Point"
                },
                {
                    "name": "H",
                    "units": "%",
                    "$": "Screen Relative Humidity"
                }
            ]
        },
        "DV": {
            "dataDate": "2024-06-21T16:00:00Z",
            "type": "Obs",
            "Location": {
                "i": "3772",
                "lat": "51.479",
                "lon": "-0.449",
                "name": "HEATHROW",
                "country": "ENGLAND",
                "continent": "EUROPE",
                "elevation": "25.0",
                "Period": [
                    {
                        "type": "Day",
                        "value": "2024-06-20Z",
                        "Rep": [
                            {
                                "D": "N",
                                "G": "14",
                                "H": "36.0",
                                "P": "1018",
                                "S": "8",
                                "T": "23.1",
                                "V": "75000",
                                "W": "1",
                                "Pt": "F",
                                "Dp": "7.4",
                                "$": "960"
                            },
                            {
                                "D": "NW",
                                "G": "11",
                                "H": "35.2",
                                "P": "1017",
                                "S": "5",
                                "T": "22.8",
                                "V": "55000",
                                "W": "1",
                                "Pt": "F",
                                "Dp": "6.8",
                                "$": "1020"
                            },
                            {
                                "D": "NNW",
                                "G": "10",
                                "H": "35.5",
                                "P": "1017",
                                "S": "3",
                                "T": "23.0",
                                "V": "60000",
                                "W": "1",
                                "Pt": "F",
                                "Dp": "7.1",
                                "$": "1080"
                            },
                            {
                                "D": "W",
                                "G": "9",
                                "H": "37.3",
                                "P": "1017",
                                "S": "3",
                                "T": "22.1",
                                "V": "55000",
                                "W": "1",
                                "Pt": "F",
                                "Dp": "7.0",
                                "$": "1140"
                            },
                            {
                                "D": "NNE",
                                "G": "8",
                                "H": "42.7",
                                "P": "1017",
                                "S": "5",
                                "T": "20.7",
                                "V": "50000",
                                "W": "1",
                                "Pt": "F",
                                "Dp": "7.7",
                                "$": "1200"
                            },
                            {
                                "D": "ESE",
                                "G": "16",
                                "H": "61.3",
                                "P": "1017",
                                "S": "10",
                                "T": "17.9",
                                "V": "55000",
                                "W": "0",
                                "Pt": "R",
                                "Dp": "10.4",
                                "$": "1260"
                            },
                            {
                                "D": "E",
                                "G": "17",
                                "H": "65.1",
                                "P": "1017",
                                "S": "8",
                                "T": "16.1",
                                "V": "55000",
                                "W": "0",
                                "Pt": "R",
                                "Dp": "9.6",
                                "$": "1320"
                            },
                            {
                                "D": "ESE",
                                "G": "17",
                                "H": "71.7",
                                "P": "1017",
                                "S": "7",
                                "T": "14.7",
                                "V": "50000",
                                "W": "0",
                                "Pt": "R",
                                "Dp": "9.7",
                                "$": "1380"
                            }
                        ]
                    },
                    {
                        "type": "Day",
                        "value": "2024-06-21Z",
                        "Rep": [
                            {
                                "D": "E",
                                "G": "10",
                                "H": "76.6",
                                "P": "1017",
                                "S": "7",
                                "T": "13.8",
                                "V": "45000",
                                "W": "0",
                                "Pt": "F",
                                "Dp": "9.8",
                                "$": "0"
                            },
                            {
                                "D": "SE",
                                "G": "8",
                                "H": "80.6",
                                "P": "1017",
                                "S": "3",
                                "T": "12.2",
                                "V": "45000",
                                "W": "0",
                                "Pt": "F",
                                "Dp": "9.0",
                                "$": "60"
                            },
                            {
                                "D": "WSW",
                                "G": "5",
                                "H": "81.3",
                                "P": "1016",
                                "S": "1",
                                "T": "13.3",
                                "V": "45000",
                                "W": "0",
                                "Pt": "F",
                                "Dp": "10.2",
                                "$": "120"
                            },
                            {
                                "D": "SSW",
                                "G": "5",
                                "H": "85.2",
                                "P": "1016",
                                "S": "2",
                                "T": "13.0",
                                "V": "40000",
                                "W": "0",
                                "Pt": "F",
                                "Dp": "10.6",
                                "$": "180"
                            },
                            {
                                "D": "SW",
                                "G": "6",
                                "H": "87.6",
                                "P": "1015",
                                "S": "3",
                                "T": "13.0",
                                "V": "23000",
                                "W": "1",
                                "Pt": "F",
                                "Dp": "11.0",
                                "$": "240"
                            },
                            {
                                "D": "NW",
                                "G": "7",
                                "H": "85.3",
                                "P": "1015",
                                "S": "2",
                                "T": "13.7",
                                "V": "26000",
                                "W": "1",
                                "Pt": "F",
                                "Dp": "11.3",
                                "$": "300"
                            },
                            {
                                "D": "NW",
                                "G": "6",
                                "H": "78.9",
                                "P": "1014",
                                "S": "2",
                                "T": "15.1",
                                "V": "28000",
                                "W": "1",
                                "Pt": "F",
                                "Dp": "11.5",
                                "$": "360"
                            },
                            {
                                "D": "SW",
                                "G": "7",
                                "H": "72.6",
                                "P": "1014",
                                "S": "3",
                                "T": "16.6",
                                "V": "26000",
                                "W": "1",
                                "Pt": "F",
                                "Dp": "11.7",
                                "$": "420"
                            },
                            {
                                "D": "SW",
                                "G": "8",
                                "H": "63.9",
                                "P": "1014",
                                "S": "5",
                                "T": "18.3",
                                "V": "35000",
                                "W": "1",
                                "Pt": "F",
                                "Dp": "11.4",
                                "$": "480"
                            },
                            {
                                "D": "WSW",
                                "G": "10",
                                "H": "52.9",
                                "P": "1014",
                                "S": "5",
                                "T": "21.0",
                                "V": "40000",
                                "W": "1",
                                "Pt": "R",
                                "Dp": "11.1",
                                "$": "540"
                            },
                            {
                                "D": "SW",
                                "G": "13",
                                "H": "44.5",
                                "P": "1013",
                                "S": "6",
                                "T": "22.7",
                                "V": "50000",
                                "W": "1",
                                "Pt": "F",
                                "Dp": "10.1",
                                "$": "600"
                            },
                            {
                                "D": "WSW",
                                "G": "15",
                                "H": "42.1",
                                "P": "1013",
                                "S": "7",
                                "T": "23.4",
                                "V": "75000",
                                "W": "3",
                                "Pt": "F",
                                "Dp": "9.9",
                                "$": "660"
                            },
                            {
                                "D": "WSW",
                                "G": "19",
                                "H": "39.7",
                                "P": "1012",
                                "S": "9",
                                "T": "23.8",
                                "V": "60000",
                                "W": "3",
                                "Pt": "F",
                                "Dp": "9.4",
                                "$": "720"
                            },
                            {
                                "D": "WSW",
                                "G": "22",
                                "H": "38.5",
                                "P": "1012",
                                "S": "11",
                                "T": "24.9",
                                "V": "75000",
                                "W": "7",
                                "Pt": "F",
                                "Dp": "9.9",
                                "$": "780"
                            },
                            {
                                "D": "WSW",
                                "G": "23",
                                "H": "38.5",
                                "P": "1011",
                                "S": "15",
                                "T": "24.9",
                                "V": "75000",
                                "W": "8",
                                "Pt": "F",
                                "Dp": "9.9",
                                "$": "840"
                            },
                            {
                                "D": "SW",
                                "G": "23",
                                "H": "39.1",
                                "P": "1011",
                                "S": "15",
                                "T": "23.4",
                                "V": "75000",
                                "W": "3",
                                "Pt": "F",
                                "Dp": "8.8",
                                "$": "900"
                            },
                            {
                                "D": "SSW",
                                "G": "28",
                                "H": "44.9",
                                "P": "1011",
                                "S": "17",
                                "T": "22.7",
                                "V": "55000",
                                "W": "7",
                                "Pt": "F",
                                "Dp": "10.2",
                                "$": "960"
                            }
                        ]
                    }
                ]
            }
        }
    }
}