{
    "SiteRep": {
        "Wx": {
            "Param": [
                {
                    "name": "G",
                    "units": "mph",
                    "$": "Wind Gust"
                },
                {
                    "name": "T",
                    "units": "C",
                    "$": "Temperature"
                },
                {
                    "name": "V",
                    "units": "m",
                    "$": "Visibility"
                },
                {
                    "name": "D",
                    "units": "compass",
                    "$": "Wind Direction"
                },
                {
                    "name": "S",
                    "units": "mph",
                    "$": "Wind Speed"
                },
                {
                    "name": "W",
                    "units": "",
                    "$": "Weather Type"
                },
                {
                    "name": "P",
                    "units": "hpa",
                    "$": "Pressure"
                },
                {
                    "name": "Pt",
                    "units": "Pa/s",
                    "$": "Pressure Tendency"
                },
                {
                    "name": "Dp",
                    "units": "C",
                    "$": "Dew Point"
                },
                {
                    "name": "H",
                    "units": "%",
                    "$": "Screen Relative Humidity"
                }
            ]
        },
        "DV": {
            "dataDate": "2023-09-22T16:00:00Z",
            "type": "Obs",
            "Location": {
                "i": "3772",
                "lat": "51.479",
                "lon": "-0.449",
                "name": "HEATHROW",
                "country": "ENGLAND",
                "continent": "EUROPE",
                "elevation": "25.0",
                "Period": [
                    {
                        "type": "Day",
                        "value": "2023-09-21Z",
                        "Rep": [
                            {
                                "D": "WNW",
                                "G": "18",
                                "H": "75.0",
                                "P": "994",
                                "S": "10",
                                "T": "14.6",
                                "V": "9000",
                                "W": "12",
                                "Pt": "F",
                                "Dp": "10.2",
                                "$": "960"
                            },
                            {
                                "D": "ESE",
                                "G": "11",
                                "H": "75.1",
                                "P": "994",
                                "S": "6",
                                "T": "15.6",
                                "V": "50000",
                                "W": "8",
                                "Pt": "F",
                                "Dp": "11.2",
                                "$": "1020"
                            },
                            {
                                "D": "S",
                                "G": "9",
                                "H": "78.0",
                                "P": "995",
                                "S": "6",
                                "T": "15.1",
                                "V": "45000",
                                "W": "12",
                                "Pt": "R",
                                "Dp": "11.3",
                                "$": "1080"
                            },
                            {
                                "D": "SSE",
                                "G": "9",
                                "H": "85.5",
                                "P": "995",
                                "S": "6",
                                "T": "14.5",
                                "V": "35000",
                                "W": "8",
                                "Pt": "R",
                                "Dp": "12.1",
                                "$": "1140"
                            },
                            {
                                "D": "S",
                                "G": "9",
                                "H": "84.4",
                                "P": "996",
                                "S": "5",
                                "T": "14.3",
                                "V": "35000",
                                "W": "8",
                                "Pt": "R",
                                "Dp": "11.7",
                                "$": "1200"
                            },
                            {
                                "D": "WSW",
                                "G": "8",
                                "H": "87.1",
                                "P": "996",
                                "S": "5",
                                "T": "13.5",
                                "V": "29000",
                                "W": "7",
                                "Pt": "R",
                                "Dp": "11.4",
                                "$": "1260"
                            },
                            {
                                "D": "WNW",
                                "G": "5",
                                "H": "90.6",
                                "P": "996",
                                "S": "2",
                                "T": "13.3",
                                "V": "27000",
                                "W": "8",
                                "Pt": "R",
                                "Dp": "11.8",
                                "$": "1320"
                            },
                            {
                                "D": "S",
                                "G": "7",
                                "H": "91.8",
                                "P": "996",
                                "S": "6",
                                "T": "12.8",
                                "V": "30000",
                                "W": "7",
                                "Pt": "R",
                                "Dp": "11.5",
                                "$": "1380"
                            }
                        ]
                    },
                    {
                        "type": "Day",
                        "value": "2023-09-22Z",
                        "Rep": [
                            {
                                "D": "SW",
                                "G": "7",
                                "H": "94.8",
                                "P": "996",
                                "S": "2",
                                "T": "12.1",
                                "V": "25000",
                                "W": "8",
                                "Pt": "R",
                                "Dp": "11.3",
                                "$": "0"
                            },
                            {
                                "D": "WSW",
                                "G": "9",
                                "H": "93.5",
                                "P": "996",
                                "S": "6",
                                "T": "11.9",
                                "V": "29000",
                                "W": "8",
                                "Pt": "R",
                                "Dp": "10.9",
                                "$": "60"
                            },
                            {
                                "D": "W",
                                "G": "7",
                                "H": "94.8",
                                "P": "996",
                                "S": "6",
                                "T": "10.9",
                                "V": "17000",
                                "W": "8",
                                "Pt": "R",
                                "Dp": "10.1",
                                "$": "120"
                            },
                            {
                                "D": "WNW",
                                "G": "6",
                                "H": "96.7",
                                "P": "996",
                                "S": "3",
                                "T": "11.0",
                                "V": "20000",
                                "W": "8",
                                "Pt": "R",
                                "Dp": "10.5",
                                "$": "180"
                            },
                            {
                                "D": "W",
                                "G": "5",
                                "H": "97.4",
                                "P": "997",
                                "S": "3",
                                "T": "11.1",
                                "V": "17000",
                                "W": "8",
                                "Pt": "R",
                                "Dp": "10.7",
                                "$": "240"
                            },
                            {
                                "D": "W",
                                "G": "10",
                                "H": "95.4",
                                "P": "997",
                                "S": "6",
                                "T": "11.0",
                                "V": "20000",
                                "W": "7",
                                "Pt": "R",
                                "Dp": "10.3",
                                "$": "300"
                            },
                            {
                                "D": "W",
                                "G": "8",
                                "H": "95.4",
                                "P": "998",
                                "S": "6",
                                "T": "10.8",
                                "V": "15000",
                                "W": "8",
                                "Pt": "R",
                                "Dp": "10.1",
                                "$": "360"
                            },
                            {
                                "D": "W",
                                "G": "10",
                                "H": "93.5",
                                "P": "999",
                                "S": "6",
                                "T": "10.5",
                                "V": "16000",
                                "W": "8",
                                "Pt": "R",
                                "Dp": "9.5",
                                "$": "420"
                            },
                            {
                                "D": "W",
                                "G": "9",
                                "H": "90.5",
                                "P": "999",
                                "S": "5",
                                "T": "11.4",
                                "V": "25000",
                                "W": "1",
                                "Pt": "R",
                                "Dp": "9.9",
                                "$": "480"
                            },
                            {
                                "D": "W",
                                "G": "10",
                                "H": "81.5",
                                "P": "1000",
                                "S": "6",
                                "T": "13.4",
                                "V": "30000",
                                "W": "1",
                                "Pt": "R",
                                "Dp": "10.3",
                                "$": "540"
                            },
                            {
                                "D": "W",
                                "G": "9",
                                "H": "72.6",
                                "P": "1001",
                                "S": "6",
                                "T": "15.7",
                                "V": "40000",
                                "W": "1",
                                "Pt": "R",
                                "Dp": "10.8",
                                "$": "600"
                            },
                            {
                                "D": "WSW",
                                "G": "16",
                                "S": "9",
                                "$": "660"
                            },
                            {
                                "D": "WSW",
                                "G": "17",
                                "H": "59.8",
                                "P": "1001",
                                "S": "10",
                                "T": "17.9",
                                "V": "60000",
                                "W": "3",
                                "Pt": "R",
                                "Dp": "10.0",
                                "$": "720"
                            },
                            {
                                "D": "WSW",
                                "G": "17",
                                "H": "61.6",
                                "P": "1002",
                                "S": "10",
                                "T": "16.5",
                                "V": "55000",
                                "W": "8",
                                "Pt": "R",
                                "Dp": "9.1",
                                "$": "780"
                            },
                            {
                                "D": "WSW",
                                "G": "19",
                                "H": "59.4",
                                "P": "1002",
                                "S": "13",
                                "T": "17.8",
                                "V": "55000",
                                "W": "1",
                                "Pt": "R",
                                "Dp": "9.8",
                                "$": "840"
                            },
                            {
                                "D": "W",
                                "G": "23",
                                "H": "68.3",
                                "P": "1002",
                                "S": "14",
                                "T": "15.3",
                                "V": "60000",
                                "W": "12",
                                "Pt": "R",
                                "Dp": "9.5",
                                "$": "900"
                            },
                            {
                                "D": "WSW",
                                "G": "23",
                                "H": "74.4",
                                "P": "1003",
                                "S": "7",
                                "T": "14.8",
                                "V": "65000",
                                "W": "8",
                                "Pt": "R",
                                "Dp": "10.3",
                                "$": "960"
                            }
                        ]
                    }
                ]
            }
        }
    }
}