{
    "SiteRep": {
        "Wx": {
            "Param": [
                {
                    "name": "G",
                    "units": "mph",
                    "$": "Wind Gust"
                },
                {
                    "name": "T",
                    "units": "C",
                    "$": "Temperature"
                },
                {
                    "name": "V",
                    "units": "m",
                    "$": "Visibility"
                },
                {
                    "name": "D",
                    "units": "compass",
                    "$": "Wind Direction"
                },
                {
                    "name": "S",
                    "units": "mph",
                    "$": "Wind Speed"
                },
                {
                    "name": "W",
                    "units": "",
                    "$": "Weather Type"
                },
                {
                    "name": "P",
                    "units": "hpa",
                    "$": "Pressure"
                },
                {
                    "name": "Pt",
                    "units": "Pa/s",
                    "$": "Pressure Tendency"
                },
                {
                    "name": "Dp",
                    "units": "C",
                    "$": "Dew Point"
                },
                {
                    "name": "H",
                    "units": "%",
                    "$": "Screen Relative Humidity"
                }
            ]
        },
        "DV": {
            "dataDate": "2023-10-10T16:00:00Z",
            "type": "Obs",
            "Location": {
                "i": "3772",
                "lat": "51.479",
                "lon": "-0.449",
                "name": "HEATHROW",
                "country": "ENGLAND",
                "continent": "EUROPE",
                "elevation": "25.0",
                "Period": [
                    {
                        "type": "Day",
                        "value": "2023-10-09Z",
                        "Rep": [
                            {
                                "D": "WSW",
                                "G": "10",
                                "H": "55.7",
                                "P": "1020",
                                "S": "7",
                                "T": "24.0",
                                "V": "30000",
                                "W": "1",
                                "Pt": "F",
                                "Dp": "14.7",
                                "$": "960"
                            },
                            {
                                "D": "W",
                                "G": "9",
                                "H": "56.1",
                                "P": "1020",
                                "S": "5",
                                "T": "22.5",
                                "V": "30000",
                                "W": "1",
                                "Pt": "F",
                                "Dp": "13.4",
                                "$": "1020"
                            },
                            {
                                "D": "WSW",
                                "G": "9",
                                "H": "64.8",
                                "P": "1020",
                                "S": "6",
                                "T": "20.8",
                                "V": "29000",
                                "W": "0",
                                "Pt": "F",
                                "Dp": "14.0",
                                "$": "1080"
                            },
                            {
                                "D": "SW",
                                "G": "9",
                                "H": "68.3",
                                "P": "1020",
                                "S": "7",
                                "T": "20.7",
                                "V": "27000",
                                "W": "0",
                                "Pt": "R",
                                "Dp": "14.7",
                                "$": "1140"
                            },
                            {
                                "D": "SW",
                                "G": "13",
                                "H": "73.6",
                                "P": "1020",
                                "S": "8",
                                "T": "19.3",
                                "V": "22000",
                                "W": "0",
                                "Pt": "F",
                                "Dp": "14.5",
                                "$": "1200"
                            },
                            {
                                "D": "WSW",
                                "G": "9",
                                "H": "79.3",
                                "P": "1020",
                                "S": "5",
                                "T": "18.3",
                                "V": "22000",
                                "W": "0",
                                "Pt": "F",
                                "Dp": "14.7",
                                "$": "1260"
                            },
                            {
                                "D": "SW",
                                "G": "10",
                                "H": "79.9",
                                "P": "1020",
                                "S": "7",
                                "T": "18.3",
                                "V": "18000",
                                "W": "0",
                                "Pt": "S",
                                "Dp": "14.8",
                                "$": "1320"
                            },
                            {
                                "D": "SSW",
                                "G": "11",
                                "H": "85.5",
                                "P": "1020",
                                "S": "5",
                                "T": "16.3",
                                "V": "16000",
                                "W": "0",
                                "Pt": "F",
                                "Dp": "13.9",
                                "$": "1380"
                            }
                        ]
                    },
                    {
                        "type": "Day",
                        "value": "2023-10-10Z",
                        "Rep": [
                            {
                                "D": "SSW",
                                "G": "8",
                                "H": "90.7",
                                "P": "1020",
                                "S": "6",
                                "T": "15.6",
                                "V": "13000",
                                "W": "0",
                                "Pt": "F",
                                "Dp": "14.1",
                                "$": "0"
                            },
                            {
                                "D": "SSW",
                                "G": "8",
                                "H": "91.9",
                                "P": "1019",
                                "S": "3",
                                "T": "15.0",
                                "V": "10000",
                                "W": "0",
                                "Pt": "F",
                                "Dp": "13.7",
                                "$": "60"
                            },
                            {
                                "D": "SSW",
                                "G": "9",
                                "H": "93.1",
                                "P": "1019",
                                "S": "3",
                                "T": "14.8",
                                "V": "10000",
                                "W": "0",
                                "Pt": "F",
                                "Dp": "13.7",
                                "$": "120"
                            },
                            {
                                "D": "SSW",
                                "G": "7",
                                "H": "95.5",
                                "P": "1019",
                                "S": "6",
                                "T": "14.6",
                                "V": "10000",
                                "W": "0",
                                "Pt": "F",
                                "Dp": "13.9",
                                "$": "180"
                            },
                            {
                                "D": "SSW",
                                "G": "7",
                                "H": "95.5",
                                "P": "1018",
                                "S": "5",
                                "T": "13.9",
                                "V": "10000",
                                "W": "2",
                                "Pt": "F",
                                "Dp": "13.2",
                                "$": "240"
                            },
                            {
                                "D": "S",
                                "G": "7",
                                "H": "91.9",
                                "P": "1018",
                                "S": "5",
                                "T": "14.2",
                                "V": "14000",
                                "W": "0",
                                "Pt": "F",
                                "Dp": "12.9",
                                "$": "300"
                            },
                            {
                                "D": "SW",
                                "G": "8",
                                "H": "87.1",
                                "P": "1018",
                                "S": "6",
                                "T": "14.2",
                                "V": "17000",
                                "W": "0",
                                "Pt": "F",
                                "Dp": "12.1",
                                "$": "360"
                            },
                            {
                                "D": "SW",
                                "G": "10",
                                "H": "83.7",
                                "P": "1018",
                                "S": "6",
                                "T": "14.5",
                                "V": "21000",
                                "W": "1",
                                "Pt": "F",
                                "Dp": "11.8",
                                "$": "420"
                            },
                            {
                                "D": "SW",
                                "G": "9",
                                "H": "85.5",
                                "P": "1018",
                                "S": "5",
                                "T": "15.5",
                                "V": "16000",
                                "W": "1",
                                "Pt": "F",
                                "Dp": "13.1",
                                "$": "480"
                            },
                            {
                                "D": "S",
                                "G": "10",
                                "H": "81.4",
                                "P": "1017",
                                "S": "6",
                                "T": "17.2",
                                "V": "14000",
                                "W": "1",
                                "Pt": "F",
                                "Dp": "14.0",
                                "$": "540"
                            },
                            {
                                "D": "SW",
                                "G": "13",
                                "H": "74.1",
                                "P": "1017",
                                "S": "7",
                                "T": "19.7",
                                "V": "20000",
                                "W": "1",
                                "Pt": "F",
                                "Dp": "15.0",
                                "$": "600"
                            },
                            {
                                "D": "SW",
                                "G": "13",
                                "H": "65.6",
                                "P": "1017",
                                "S": "8",
                                "T": "22.0",
                                "V": "30000",
                                "W": "1",
                                "Pt": "F",
                                "Dp": "15.3",
                                "$": "660"
                            },
                            {
                                "D": "WSW",
                                "G": "18",
                                "H": "58.5",
                                "P": "1016",
                                "S": "14",
                                "T": "22.9",
                                "V": "23000",
                                "W": "1",
                                "Pt": "F",
                                "Dp": "14.4",
                                "$": "720"
                            },
                            {
                                "D": "W",
                                "G": "18",
                                "H": "64.3",
                                "P": "1016",
                                "S": "13",
                                "T": "21.8",
                                "V": "26000",
                                "W": "1",
                                "Pt": "F",
                                "Dp": "14.8",
                                "$": "780"
                            },
                            {
                                "D": "WSW",
                                "G": "18",
                                "H": "66.6",
                                "P": "1016",
                                "S": "11",
                                "T": "20.7",
                                "V": "27000",
                                "W": "7",
                                "Pt": "F",
                                "Dp": "14.3",
                                "$": "840"
                            },
                            {
                                "D": "WSW",
                                "G": "15",
                                "H": "66.6",
                                "P": "1015",
                                "S": "10",
                                "T": "21.0",
                                "V": "30000",
                                "W": "1",
                                "Pt": "F",
                                "Dp": "14.6",
                                "$": "900"
                            },
                            {
                                "D": "WSW",
                                "G": "18",
                                "H": "66.2",
                                "P": "1015",
                                "S": "11",
                                "T": "20.7",
                                "V": "30000",
                                "W": "3",
                                "Pt": "F",
                                "Dp": "14.2",
                                "$": "960"
                            }
                        ]
                    }
                ]
            }
        }
    }
}