{
    "SiteRep": {
        "Wx": {
            "Param": [
                {
                    "name": "G",
                    "units": "mph",
                    "$": "Wind Gust"
                },
                {
                    "name": "T",
                    "units": "C",
                    "$": "Temperature"
                },
                {
                    "name": "V",
                    "units": "m",
                    "$": "Visibility"
                },
                {
                    "name": "D",
                    "units": "compass",
                    "$": "Wind Direction"
                },
                {
                    "name": "S",
                    "units": "mph",
                    "$": "Wind Speed"
                },
                {
                    "name": "W",
                    "units": "",
                    "$": "Weather Type"
                },
                {
                    "name": "P",
                    "units": "hpa",
                    "$": "Pressure"
                },
                {
                    "name": "Pt",
                    "units": "Pa/s",
                    "$": "Pressure Tendency"
                },
                {
                    "name": "Dp",
                    "units": "C",
                    "$": "Dew Point"
                },
                {
                    "name": "H",
                    "units": "%",
                    "$": "Screen Relative Humidity"
                }
            ]
        },
        "DV": {
            "dataDate": "2023-09-29T16:00:00Z",
            "type": "Obs",
            "Location": {
                "i": "3772",
                "lat": "51.479",
                "lon": "-0.449",
                "name": "HEATHROW",
                "country": "ENGLAND",
                "continent": "EUROPE",
                "elevation": "25.0",
                "Period": [
                    {
                        "type": "Day",
                        "value": "2023-09-28Z",
                        "Rep": [
                            {
                                "D": "S",
                                "G": "22",
                                "H": "67.4",
                                "P": "1013",
                                "S": "10",
                                "T": "18.2",
                                "V": "25000",
                                "W": "8",
                                "Pt": "F",
                                "Dp": "12.1",
                                "$": "960"
                            },
                            {
                                "D": "S",
                                "G": "21",
                                "H": "69.2",
                                "P": "1012",
                                "S": "13",
                                "T": "18.0",
                                "V": "22000",
                                "W": "8",
                                "Pt": "F",
                                "Dp": "12.3",
                                "$": "1020"
                            },
                            {
                                "D": "S",
                                "G": "17",
                                "H": "70.5",
                                "P": "1012",
                                "S": "10",
                                "T": "17.6",
                                "V": "21000",
                                "W": "8",
                                "Pt": "F",
                                "Dp": "12.2",
                                "$": "1080"
                            },
                            {
                                "D": "SSE",
                                "G": "22",
                                "H": "81.2",
                                "P": "1012",
                                "S": "15",
                                "T": "16.4",
                                "V": "8000",
                                "W": "11",
                                "Pt": "F",
                                "Dp": "13.2",
                                "$": "1140"
                            },
                            {
                                "D": "SSE",
                                "G": "22",
                                "H": "88.5",
                                "P": "1011",
                                "S": "11",
                                "T": "16.3",
                                "V": "20000",
                                "W": "11",
                                "Pt": "F",
                                "Dp": "14.4",
                                "$": "1200"
                            },
                            {
                                "D": "SSE",
                                "G": "19",
                                "H": "92.0",
                                "P": "1010",
                                "S": "11",
                                "T": "16.4",
                                "V": "18000",
                                "W": "8",
                                "Pt": "F",
                                "Dp": "15.1",
                                "$": "1260"
                            },
                            {
                                "D": "S",
                                "G": "18",
                                "H": "93.2",
                                "P": "1009",
                                "S": "11",
                                "T": "17.8",
                                "V": "15000",
                                "W": "12",
                                "Pt": "F",
                                "Dp": "16.7",
                                "$": "1320"
                            },
                            {
                                "D": "S",
                                "G": "19",
                                "H": "93.9",
                                "P": "1009",
                                "S": "7",
                                "T": "17.5",
                                "V": "16000",
                                "W": "12",
                                "Pt": "F",
                                "Dp": "16.5",
                                "$": "1380"
                            }
                        ]
                    },
                    {
                        "type": "Day",
                        "value": "2023-09-29Z",
                        "Rep": [
                            {
                                "D": "S",
                                "G": "19",
                                "H": "87.5",
                                "P": "1009",
                                "S": "10",
                                "T": "18.2",
                                "V": "29000",
                                "W": "8",
                                "Pt": "F",
                                "Dp": "16.1",
                                "$": "0"
                            },
                            {
                                "D": "S",
                                "G": "17",
                                "H": "93.2",
                                "P": "1009",
                                "S": "7",
                                "T": "17.8",
                                "V": "1300",
                                "W": "12",
                                "Pt": "F",
                                "Dp": "16.7",
                                "$": "60"
                            },
                            {
                                "D": "SSE",
                                "G": "9",
                                "H": "96.9",
                                "P": "1008",
                                "S": "5",
                                "T": "17.8",
                                "V": "8000",
                                "W": "11",
                                "Pt": "F",
                                "Dp": "17.3",
                                "$": "120"
                            },
                            {
                                "D": "WNW",
                                "G": "15",
                                "H": "95.6",
                                "P": "1009",
                                "S": "8",
                                "T": "16.9",
                                "V": "2200",
                                "W": "15",
                                "Pt": "F",
                                "Dp": "16.2",
                                "$": "180"
                            },
                            {
                                "D": "WNW",
                                "G": "16",
                                "H": "96.2",
                                "P": "1010",
                                "S": "6",
                                "T": "16.3",
                                "V": "50000",
                                "W": "7",
                                "Pt": "R",
                                "Dp": "15.7",
                                "$": "240"
                            },
                            {
                                "D": "WNW",
                                "G": "13",
                                "H": "95.0",
                                "P": "1011",
                                "S": "7",
                                "T": "16.2",
                                "V": "55000",
                                "W": "8",
                                "Pt": "R",
                                "Dp": "15.4",
                                "$": "300"
                            },
                            {
                                "D": "W",
                                "G": "13",
                                "H": "93.1",
                                "P": "1013",
                                "S": "8",
                                "T": "15.9",
                                "V": "55000",
                                "W": "8",
                                "Pt": "R",
                                "Dp": "14.8",
                                "$": "360"
                            },
                            {
                                "D": "W",
                                "G": "17",
                                "H": "90.2",
                                "P": "1015",
                                "S": "8",
                                "T": "15.7",
                                "V": "50000",
                                "W": "3",
                                "Pt": "R",
                                "Dp": "14.1",
                                "$": "420"
                            },
                            {
                                "D": "W",
                                "G": "17",
                                "H": "86.7",
                                "P": "1016",
                                "S": "10",
                                "T": "15.8",
                                "V": "55000",
                                "W": "8",
                                "Pt": "R",
                                "Dp": "13.6",
                                "$": "480"
                            },
                            {
                                "D": "W",
                                "G": "19",
                                "H": "78.5",
                                "P": "1017",
                                "S": "11",
                                "T": "16.0",
                                "V": "50000",
                                "W": "8",
                                "Pt": "R",
                                "Dp": "12.3",
                                "$": "540"
                            },
                            {
                                "D": "WNW",
                                "G": "17",
                                "H": "65.3",
                                "P": "1019",
                                "S": "10",
                                "T": "16.9",
                                "V": "35000",
                                "W": "1",
                                "Pt": "R",
                                "Dp": "10.4",
                                "$": "600"
                            },
                            {
                                "D": "W",
                                "G": "18",
                                "H": "60.3",
                                "P": "1020",
                                "S": "11",
                                "T": "17.9",
                                "V": "35000",
                                "W": "3",
                                "Pt": "R",
                                "Dp": "10.2",
                                "$": "660"
                            },
                            {
                                "D": "W",
                                "G": "21",
                                "H": "52.8",
                                "P": "1020",
                                "S": "14",
                                "T": "18.3",
                                "V": "40000",
                                "W": "1",
                                "Pt": "R",
                                "Dp": "8.6",
                                "$": "720"
                            },
                            {
                                "D": "W",
                                "G": "22",
                                "H": "50.6",
                                "P": "1020",
                                "S": "15",
                                "T": "19.6",
                                "V": "55000",
                                "W": "1",
                                "Pt": "R",
                                "Dp": "9.2",
                                "$": "780"
                            },
                            {
                                "D": "W",
                                "G": "23",
                                "H": "48.9",
                                "P": "1021",
                                "S": "15",
                                "T": "19.6",
                                "V": "40000",
                                "W": "3",
                                "Pt": "R",
                                "Dp": "8.7",
                                "$": "840"
                            },
                            {
                                "D": "W",
                                "G": "19",
                                "H": "49.5",
                                "P": "1021",
                                "S": "9",
                                "T": "20.3",
                                "V": "35000",
                                "W": "7",
                                "Pt": "R",
                                "Dp": "9.5",
                                "$": "900"
                            },
                            {
                                "D": "W",
                                "G": "23",
                                "H": "50.9",
                                "P": "1022",
                                "S": "10",
                                "T": "19.4",
                                "V": "35000",
                                "W": "1",
                                "Pt": "R",
                                "Dp": "9.1",
                                "$": "960"
                            }
                        ]
                    }
                ]
            }
        }
    }
}