{
    "SiteRep": {
        "Wx": {
            "Param": [
                {
                    "name": "G",
                    "units": "mph",
                    "$": "Wind Gust"
                },
                {
                    "name": "T",
                    "units": "C",
                    "$": "Temperature"
                },
                {
                    "name": "V",
                    "units": "m",
                    "$": "Visibility"
                },
                {
                    "name": "D",
                    "units": "compass",
                    "$": "Wind Direction"
                },
                {
                    "name": "S",
                    "units": "mph",
                    "$": "Wind Speed"
                },
                {
                    "name": "W",
                    "units": "",
                    "$": "Weather Type"
                },
                {
                    "name": "P",
                    "units": "hpa",
                    "$": "Pressure"
                },
                {
                    "name": "Pt",
                    "units": "Pa/s",
                    "$": "Pressure Tendency"
                },
                {
                    "name": "Dp",
                    "units": "C",
                    "$": "Dew Point"
                },
                {
                    "name": "H",
                    "units": "%",
                    "$": "Screen Relative Humidity"
                }
            ]
        },
        "DV": {
            "dataDate": "2025-05-15T16:00:00Z",
            "type": "Obs",
            "Location": {
                "i": "3772",
                "lat": "51.479",
                "lon": "-0.449",
                "name": "HEATHROW",
                "country": "ENGLAND",
                "continent": "EUROPE",
                "elevation": "25.0",
                "Period": [
                    {
                        "type": "Day",
                        "value": "2025-05-14Z",
                        "Rep": [
                            {
                                "D": "NE",
                                "G": "18",
                                "H": "29.7",
                                "P": "1020",
                                "S": "9",
                                "T": "23.2",
                                "V": "50000",
                                "W": "1",
                                "Pt": "F",
                                "Dp": "4.8",
                                "$": "960"
                            },
                            {
                                "D": "NNE",
                                "G": "22",
                                "H": "40.9",
                                "P": "1020",
                                "S": "11",
                                "T": "21.5",
                                "V": "45000",
                                "W": "1",
                                "Pt": "F",
                                "Dp": "7.8",
                                "$": "1020"
                            },
                            {
                                "D": "NNE",
                                "G": "22",
                                "H": "48.9",
                                "P": "1021",
                                "S": "11",
                                "T": "19.6",
                                "V": "40000",
                                "W": "1",
                                "Pt": "R",
                                "Dp": "8.7",
                                "$": "1080"
                            },
                            {
                                "D": "NNE",
                                "G": "21",
                                "H": "55.4",
                                "P": "1022",
                                "S": "10",
                                "T": "17.1",
                                "V": "40000",
                                "W": "1",
                                "Pt": "R",
                                "Dp": "8.2",
                                "$": "1140"
                            },
                            {
                                "D": "NNE",
                                "G": "21",
                                "H": "62.1",
                                "P": "1022",
                                "S": "9",
                                "T": "15.0",
                                "V": "35000",
                                "W": "7",
                                "Pt": "R",
                                "Dp": "7.9",
                                "$": "1200"
                            },
                            {
                                "D": "NNE",
                                "G": "15",
                                "H": "62.2",
                                "P": "1023",
                                "S": "8",
                                "T": "13.8",
                                "V": "40000",
                                "W": "0",
                                "Pt": "R",
                                "Dp": "6.8",
                                "$": "1260"
                            },
                            {
                                "D": "NNE",
                                "G": "17",
                                "H": "67.8",
                                "P": "1023",
                                "S": "8",
                                "T": "12.3",
                                "V": "35000",
                                "W": "0",
                                "Pt": "R",
                                "Dp": "6.6",
                                "$": "1320"
                            },
                            {
                                "D": "NNE",
                                "G": "14",
                                "H": "72.8",
                                "P": "1023",
                                "S": "7",
                                "T": "10.8",
                                "V": "30000",
                                "W": "0",
                                "Pt": "R",
                                "Dp": "6.2",
                                "$": "1380"
                            }
                        ]
                    },
                    {
                        "type": "Day",
                        "value": "2025-05-15Z",
                        "Rep": [
                            {
                                "D": "NNE",
                                "G": "16",
                                "H": "78.6",
                                "P": "1023",
                                "S": "7",
                                "T": "10.1",
                                "V": "24000",
                                "W": "0",
                                "Pt": "R",
                                "Dp": "6.6",
                                "$": "0"
                            },
                            {
                                "D": "N",
                                "G": "15",
                                "H": "81.9",
                                "P": "1023",
                                "S": "6",
                                "T": "9.3",
                                "V": "22000",
                                "W": "0",
                                "Pt": "R",
                                "Dp": "6.4",
                                "$": "60"
                            },
                            {
                                "D": "NNE",
                                "G": "10",
                                "H": "82.9",
                                "P": "1023",
                                "S": "3",
                                "T": "8.8",
                                "V": "21000",
                                "W": "0",
                                "Pt": "R",
                                "Dp": "6.1",
                                "$": "120"
                            },
                            {
                                "D": "NNE",
                                "G": "8",
                                "H": "84.7",
                                "P": "1023",
                                "S": "3",
                                "T": "8.6",
                                "V": "19000",
                                "W": "2",
                                "Pt": "F",
                                "Dp": "6.2",
                                "$": "180"
                            },
                            {
                                "D": "NNE",
                                "G": "9",
                                "H": "83.6",
                                "P": "1023",
                                "S": "6",
                                "T": "9.1",
                                "V": "17000",
                                "W": "8",
                                "Pt": "F",
                                "Dp": "6.5",
                                "$": "240"
                            },
                            {
                                "D": "NNE",
                                "G": "17",
                                "H": "79.7",
                                "P": "1024",
                                "S": "8",
                                "T": "9.7",
                                "V": "18000",
                                "W": "8",
                                "Pt": "R",
                                "Dp": "6.4",
                                "$": "300"
                            },
                            {
                                "D": "NNE",
                                "G": "17",
                                "H": "77.0",
                                "P": "1024",
                                "S": "9",
                                "T": "10.1",
                                "V": "20000",
                                "W": "8",
                                "Pt": "R",
                                "Dp": "6.3",
                                "$": "360"
                            },
                            {
                                "D": "N",
                                "G": "17",
                                "H": "71.5",
                                "P": "1024",
                                "S": "10",
                                "T": "10.9",
                                "V": "22000",
                                "W": "8",
                                "Pt": "R",
                                "Dp": "6.0",
                                "$": "420"
                            },
                            {
                                "D": "N",
                                "G": "19",
                                "H": "68.0",
                                "P": "1024",
                                "S": "8",
                                "T": "11.3",
                                "V": "25000",
                                "W": "8",
                                "Pt": "R",
                                "Dp": "5.7",
                                "$": "480"
                            },
                            {
                                "D": "N",
                                "G": "19",
                                "H": "66.3",
                                "P": "1025",
                                "S": "9",
                                "T": "12.0",
                                "V": "25000",
                                "W": "8",
                                "Pt": "R",
                                "Dp": "6.0",
                                "$": "540"
                            },
                            {
                                "D": "NNE",
                                "G": "17",
                                "H": "66.8",
                                "P": "1025",
                                "S": "9",
                                "T": "12.5",
                                "V": "26000",
                                "W": "8",
                                "Pt": "R",
                                "Dp": "6.6",
                                "$": "600"
                            },
                            {
                                "D": "NNE",
                                "G": "21",
                                "H": "65.5",
                                "P": "1025",
                                "S": "10",
                                "T": "12.7",
                                "V": "25000",
                                "W": "8",
                                "Pt": "R",
                                "Dp": "6.5",
                                "$": "660"
                            },
                            {
                                "D": "NNE",
                                "G": "19",
                                "H": "64.3",
                                "P": "1025",
                                "S": "10",
                                "T": "13.2",
                                "V": "25000",
                                "W": "8",
                                "Pt": "R",
                                "Dp": "6.7",
                                "$": "720"
                            },
                            {
                                "D": "NNE",
                                "G": "21",
                                "H": "63.8",
                                "P": "1025",
                                "S": "11",
                                "T": "13.3",
                                "V": "28000",
                                "W": "8",
                                "Pt": "R",
                                "Dp": "6.7",
                                "$": "780"
                            },
                            {
                                "D": "NNE",
                                "G": "19",
                                "H": "63.8",
                                "P": "1025",
                                "S": "9",
                                "T": "13.3",
                                "V": "28000",
                                "W": "8",
                                "Pt": "R",
                                "Dp": "6.7",
                                "$": "840"
                            },
                            {
                                "D": "NNE",
                                "G": "19",
                                "H": "61.7",
                                "P": "1025",
                                "S": "9",
                                "T": "13.7",
                                "V": "27000",
                                "W": "8",
                                "Pt": "S",
                                "Dp": "6.6",
                                "$": "900"
                            },
                            {
                                "D": "N",
                                "G": "22",
                                "H": "58.8",
                                "P": "1025",
                                "S": "10",
                                "T": "13.8",
                                "V": "28000",
                                "W": "8",
                                "Pt": "F",
                                "Dp": "6.0",
                                "$": "960"
                            }
                        ]
                    }
                ]
            }
        }
    }
}