{
    "SiteRep": {
        "Wx": {
            "Param": [
                {
                    "name": "G",
                    "units": "mph",
                    "$": "Wind Gust"
                },
                {
                    "name": "T",
                    "units": "C",
                    "$": "Temperature"
                },
                {
                    "name": "V",
                    "units": "m",
                    "$": "Visibility"
                },
                {
                    "name": "D",
                    "units": "compass",
                    "$": "Wind Direction"
                },
                {
                    "name": "S",
                    "units": "mph",
                    "$": "Wind Speed"
                },
                {
                    "name": "W",
                    "units": "",
                    "$": "Weather Type"
                },
                {
                    "name": "P",
                    "units": "hpa",
                    "$": "Pressure"
                },
                {
                    "name": "Pt",
                    "units": "Pa/s",
                    "$": "Pressure Tendency"
                },
                {
                    "name": "Dp",
                    "units": "C",
                    "$": "Dew Point"
                },
                {
                    "name": "H",
                    "units": "%",
                    "$": "Screen Relative Humidity"
                }
            ]
        },
        "DV": {
            "dataDate": "2023-09-01T16:00:00Z",
            "type": "Obs",
            "Location": {
                "i": "3772",
                "lat": "51.479",
                "lon": "-0.449",
                "name": "HEATHROW",
                "country": "ENGLAND",
                "continent": "EUROPE",
                "elevation": "25.0",
                "Period": [
                    {
                        "type": "Day",
                        "value": "2023-08-31Z",
                        "Rep": [
                            {
                                "D": "SE",
                                "G": "15",
                                "H": "79.6",
                                "P": "1009",
                                "S": "9",
                                "T": "15.9",
                                "V": "45000",
                                "W": "8",
                                "Pt": "F",
                                "Dp": "12.4",
                                "$": "960"
                            },
                            {
                                "D": "SSE",
                                "G": "14",
                                "H": "83.9",
                                "P": "1009",
                                "S": "7",
                                "T": "15.3",
                                "V": "15000",
                                "W": "8",
                                "Pt": "F",
                                "Dp": "12.6",
                                "$": "1020"
                            },
                            {
                                "D": "SE",
                                "G": "13",
                                "H": "88.4",
                                "P": "1009",
                                "S": "7",
                                "T": "15.1",
                                "V": "45000",
                                "W": "8",
                                "Pt": "S",
                                "Dp": "13.2",
                                "$": "1080"
                            },
                            {
                                "D": "SSE",
                                "G": "13",
                                "H": "86.1",
                                "P": "1009",
                                "S": "8",
                                "T": "15.4",
                                "V": "60000",
                                "W": "8",
                                "Pt": "S",
                                "Dp": "13.1",
                                "$": "1140"
                            },
                            {
                                "D": "S",
                                "G": "11",
                                "H": "87.2",
                                "P": "1009",
                                "S": "6",
                                "T": "15.3",
                                "V": "50000",
                                "W": "8",
                                "Pt": "R",
                                "Dp": "13.2",
                                "$": "1200"
                            },
                            {
                                "D": "SE",
                                "G": "11",
                                "H": "88.4",
                                "P": "1009",
                                "S": "7",
                                "T": "15.3",
                                "V": "45000",
                                "W": "8",
                                "Pt": "R",
                                "Dp": "13.4",
                                "$": "1260"
                            },
                            {
                                "D": "ESE",
                                "G": "9",
                                "H": "91.9",
                                "P": "1009",
                                "S": "3",
                                "T": "14.7",
                                "V": "45000",
                                "W": "7",
                                "Pt": "R",
                                "Dp": "13.4",
                                "$": "1320"
                            },
                            {
                                "D": "E",
                                "G": "8",
                                "H": "90.1",
                                "P": "1009",
                                "S": "5",
                                "T": "15.2",
                                "W": "8",
                                "Pt": "F",
                                "Dp": "13.6",
                                "$": "1380"
                            }
                        ]
                    },
                    {
                        "type": "Day",
                        "value": "2023-09-01Z",
                        "Rep": [
                            {
                                "D": "ESE",
                                "G": "8",
                                "H": "90.1",
                                "P": "1009",
                                "S": "5",
                                "T": "15.3",
                                "W": "8",
                                "Pt": "F",
                                "Dp": "13.7",
                                "$": "0"
                            },
                            {
                                "D": "ESE",
                                "G": "8",
                                "H": "91.9",
                                "P": "1008",
                                "S": "6",
                                "T": "15.3",
                                "V": "23000",
                                "W": "8",
                                "Pt": "F",
                                "Dp": "14.0",
                                "$": "60"
                            },
                            {
                                "D": "ESE",
                                "G": "8",
                                "H": "93.8",
                                "P": "1008",
                                "S": "6",
                                "T": "15.4",
                                "V": "21000",
                                "W": "8",
                                "Pt": "F",
                                "Dp": "14.4",
                                "$": "120"
                            },
                            {
                                "D": "SE",
                                "G": "7",
                                "H": "93.7",
                                "P": "1008",
                                "S": "3",
                                "T": "15.7",
                                "V": "17000",
                                "W": "8",
                                "Pt": "F",
                                "Dp": "14.7",
                                "$": "180"
                            },
                            {
                                "D": "N",
                                "G": "8",
                                "H": "96.2",
                                "P": "1008",
                                "S": "3",
                                "T": "15.8",
                                "V": "9000",
                                "W": "8",
                                "Pt": "F",
                                "Dp": "15.2",
                                "$": "240"
                            },
                            {
                                "D": "NE",
                                "G": "8",
                                "H": "96.8",
                                "P": "1008",
                                "S": "2",
                                "T": "15.8",
                                "V": "4900",
                                "W": "8",
                                "Pt": "F",
                                "Dp": "15.3",
                                "$": "300"
                            },
                            {
                                "D": "ENE",
                                "G": "5",
                                "H": "97.5",
                                "P": "1008",
                                "S": "2",
                                "T": "16.0",
                                "V": "3600",
                                "W": "8",
                                "Pt": "F",
                                "Dp": "15.6",
                                "$": "360"
                            },
                            {
                                "D": "ENE",
                                "G": "6",
                                "H": "98.1",
                                "P": "1008",
                                "S": "3",
                                "T": "16.1",
                                "V": "1100",
                                "W": "8",
                                "Pt": "R",
                                "Dp": "15.8",
                                "$": "420"
                            },
                            {
                                "D": "E",
                                "G": "6",
                                "H": "98.1",
                                "P": "1009",
                                "S": "3",
                                "T": "16.7",
                                "V": "4200",
                                "W": "11",
                                "Pt": "R",
                                "Dp": "16.4",
                                "$": "480"
                            },
                            {
                                "D": "NE",
                                "G": "5",
                                "H": "97.5",
                                "P": "1009",
                                "S": "3",
                                "T": "17.3",
                                "V": "2500",
                                "W": "12",
                                "Pt": "R",
                                "Dp": "16.9",
                                "$": "540"
                            },
                            {
                                "D": "NE",
                                "G": "6",
                                "H": "95.6",
                                "P": "1010",
                                "S": "2",
                                "T": "18.1",
                                "V": "14000",
                                "W": "8",
                                "Pt": "R",
                                "Dp": "17.4",
                                "$": "600"
                            },
                            {
                                "D": "N",
                                "G": "9",
                                "H": "93.8",
                                "P": "1010",
                                "S": "6",
                                "T": "17.6",
                                "V": "15000",
                                "W": "8",
                                "Pt": "R",
                                "Dp": "16.6",
                                "$": "660"
                            },
                            {
                                "D": "NNE",
                                "G": "9",
                                "H": "82.8",
                                "P": "1010",
                                "S": "5",
                                "T": "20.0",
                                "V": "35000",
                                "W": "8",
                                "Pt": "R",
                                "Dp": "17.0",
                                "$": "720"
                            },
                            {
                                "D": "NNW",
                                "G": "8",
                                "H": "76.8",
                                "P": "1010",
                                "S": "5",
                                "T": "20.5",
                                "V": "45000",
                                "W": "8",
                                "Pt": "R",
                                "Dp": "16.3",
                                "$": "780"
                            },
                            {
                                "D": "N",
                                "G": "10",
                                "H": "68.6",
                                "P": "1011",
                                "S": "6",
                                "T": "21.8",
                                "V": "50000",
                                "W": "3",
                                "Pt": "R",
                                "Dp": "15.8",
                                "$": "840"
                            },
                            {
                                "D": "NNW",
                                "G": "13",
                                "H": "66.5",
                                "P": "1011",
                                "S": "6",
                                "T": "22.2",
                                "V": "50000",
                                "W": "7",
                                "Pt": "R",
                                "Dp": "15.7",
                                "$": "900"
                            },
                            {
                                "D": "NW",
                                "G": "11",
                                "H": "64.5",
                                "P": "1011",
                                "S": "3",
                                "T": "22.3",
                                "V": "50000",
                                "W": "1",
                                "Pt": "R",
                                "Dp": "15.3",
                                "$": "960"
                            }
                        ]
                    }
                ]
            }
        }
    }
}