{
    "SiteRep": {
        "Wx": {
            "Param": [
                {
                    "name": "G",
                    "units": "mph",
                    "$": "Wind Gust"
                },
                {
                    "name": "T",
                    "units": "C",
                    "$": "Temperature"
                },
                {
                    "name": "V",
                    "units": "m",
                    "$": "Visibility"
                },
                {
                    "name": "D",
                    "units": "compass",
                    "$": "Wind Direction"
                },
                {
                    "name": "S",
                    "units": "mph",
                    "$": "Wind Speed"
                },
                {
                    "name": "W",
                    "units": "",
                    "$": "Weather Type"
                },
                {
                    "name": "P",
                    "units": "hpa",
                    "$": "Pressure"
                },
                {
                    "name": "Pt",
                    "units": "Pa/s",
                    "$": "Pressure Tendency"
                },
                {
                    "name": "Dp",
                    "units": "C",
                    "$": "Dew Point"
                },
                {
                    "name": "H",
                    "units": "%",
                    "$": "Screen Relative Humidity"
                }
            ]
        },
        "DV": {
            "dataDate": "2023-11-01T16:00:00Z",
            "type": "Obs",
            "Location": {
                "i": "3772",
                "lat": "51.479",
                "lon": "-0.449",
                "name": "HEATHROW",
                "country": "ENGLAND",
                "continent": "EUROPE",
                "elevation": "25.0",
                "Period": [
                    {
                        "type": "Day",
                        "value": "2023-10-31Z",
                        "Rep": [
                            {
                                "D": "SW",
                                "G": "21",
                                "H": "87.0",
                                "P": "1001",
                                "S": "8",
                                "T": "12.8",
                                "V": "35000",
                                "W": "12",
                                "Pt": "R",
                                "Dp": "10.7",
                                "$": "960"
                            },
                            {
                                "D": "SSW",
                                "G": "17",
                                "H": "87.6",
                                "P": "1001",
                                "S": "8",
                                "T": "12.7",
                                "V": "30000",
                                "W": "8",
                                "Pt": "R",
                                "Dp": "10.7",
                                "$": "1020"
                            },
                            {
                                "D": "S",
                                "G": "10",
                                "H": "88.2",
                                "P": "1001",
                                "S": "6",
                                "T": "12.6",
                                "V": "25000",
                                "W": "8",
                                "Pt": "R",
                                "Dp": "10.7",
                                "$": "1080"
                            },
                            {
                                "D": "S",
                                "G": "13",
                                "H": "89.4",
                                "P": "1001",
                                "S": "8",
                                "T": "12.3",
                                "V": "22000",
                                "W": "8",
                                "Pt": "S",
                                "Dp": "10.6",
                                "$": "1140"
                            },
                            {
                                "D": "S",
                                "G": "14",
                                "H": "90.5",
                                "P": "1001",
                                "S": "8",
                                "T": "12.1",
                                "V": "15000",
                                "W": "12",
                                "Pt": "F",
                                "Dp": "10.6",
                                "$": "1200"
                            },
                            {
                                "D": "S",
                                "G": "11",
                                "H": "94.2",
                                "P": "1001",
                                "S": "7",
                                "T": "11.7",
                                "V": "7000",
                                "W": "12",
                                "Pt": "F",
                                "Dp": "10.8",
                                "$": "1260"
                            },
                            {
                                "D": "SSE",
                                "G": "10",
                                "H": "94.3",
                                "P": "1000",
                                "S": "7",
                                "T": "11.6",
                                "V": "12000",
                                "W": "12",
                                "Pt": "F",
                                "Dp": "10.7",
                                "$": "1320"
                            },
                            {
                                "D": "SSE",
                                "G": "10",
                                "H": "96.1",
                                "P": "1000",
                                "S": "6",
                                "T": "11.4",
                                "V": "2400",
                                "W": "12",
                                "Pt": "F",
                                "Dp": "10.8",
                                "$": "1380"
                            }
                        ]
                    },
                    {
                        "type": "Day",
                        "value": "2023-11-01Z",
                        "Rep": [
                            {
                                "D": "SE",
                                "G": "10",
                                "H": "97.3",
                                "P": "999",
                                "S": "6",
                                "T": "11.2",
                                "V": "1700",
                                "W": "12",
                                "Pt": "F",
                                "Dp": "10.8",
                                "$": "0"
                            },
                            {
                                "D": "SSE",
                                "G": "14",
                                "H": "98.8",
                                "P": "998",
                                "S": "8",
                                "T": "11.6",
                                "V": "15000",
                                "W": "12",
                                "Pt": "F",
                                "Dp": "11.4",
                                "$": "60"
                            },
                            {
                                "D": "SE",
                                "G": "11",
                                "H": "98.0",
                                "P": "997",
                                "S": "7",
                                "T": "11.7",
                                "V": "25000",
                                "W": "8",
                                "Pt": "F",
                                "Dp": "11.4",
                                "$": "120"
                            },
                            {
                                "D": "SSE",
                                "G": "13",
                                "H": "97.4",
                                "P": "996",
                                "S": "9",
                                "T": "13.2",
                                "V": "11000",
                                "W": "12",
                                "Pt": "F",
                                "Dp": "12.8",
                                "$": "180"
                            },
                            {
                                "D": "SSE",
                                "G": "21",
                                "H": "96.2",
                                "P": "994",
                                "S": "14",
                                "T": "13.6",
                                "V": "7000",
                                "W": "12",
                                "Pt": "F",
                                "Dp": "13.0",
                                "$": "240"
                            },
                            {
                                "D": "S",
                                "G": "26",
                                "H": "90.6",
                                "P": "993",
                                "S": "14",
                                "T": "13.6",
                                "V": "22000",
                                "W": "7",
                                "Pt": "F",
                                "Dp": "12.1",
                                "$": "300"
                            },
                            {
                                "D": "SSE",
                                "G": "24",
                                "H": "88.3",
                                "P": "992",
                                "S": "16",
                                "T": "13.8",
                                "V": "10000",
                                "W": "12",
                                "Pt": "F",
                                "Dp": "11.9",
                                "$": "360"
                            },
                            {
                                "D": "S",
                                "G": "26",
                                "H": "92.5",
                                "P": "991",
                                "S": "13",
                                "T": "13.6",
                                "V": "15000",
                                "W": "12",
                                "Pt": "F",
                                "Dp": "12.4",
                                "$": "420"
                            },
                            {
                                "D": "SSW",
                                "G": "28",
                                "H": "90.0",
                                "P": "992",
                                "S": "14",
                                "T": "12.7",
                                "V": "25000",
                                "W": "12",
                                "Pt": "F",
                                "Dp": "11.1",
                                "$": "480"
                            },
                            {
                                "D": "S",
                                "G": "21",
                                "H": "87.7",
                                "P": "991",
                                "S": "14",
                                "T": "13.5",
                                "V": "30000",
                                "W": "8",
                                "Pt": "F",
                                "Dp": "11.5",
                                "$": "540"
                            },
                            {
                                "D": "S",
                                "G": "24",
                                "H": "82.7",
                                "P": "991",
                                "S": "11",
                                "T": "13.3",
                                "V": "35000",
                                "W": "8",
                                "Pt": "F",
                                "Dp": "10.4",
                                "$": "600"
                            },
                            {
                                "D": "S",
                                "G": "24",
                                "H": "84.3",
                                "P": "991",
                                "S": "14",
                                "T": "13.4",
                                "V": "27000",
                                "W": "12",
                                "Pt": "F",
                                "Dp": "10.8",
                                "$": "660"
                            },
                            {
                                "D": "S",
                                "G": "25",
                                "H": "86.1",
                                "P": "990",
                                "S": "10",
                                "T": "13.3",
                                "V": "30000",
                                "W": "7",
                                "Pt": "F",
                                "Dp": "11.0",
                                "$": "720"
                            },
                            {
                                "D": "SW",
                                "G": "28",
                                "H": "88.3",
                                "P": "989",
                                "S": "16",
                                "T": "13.1",
                                "V": "26000",
                                "W": "8",
                                "Pt": "F",
                                "Dp": "11.2",
                                "$": "780"
                            },
                            {
                                "D": "WSW",
                                "G": "31",
                                "H": "73.9",
                                "P": "990",
                                "S": "19",
                                "T": "14.0",
                                "V": "30000",
                                "W": "3",
                                "Pt": "F",
                                "Dp": "9.4",
                                "$": "840"
                            },
                            {
                                "D": "SW",
                                "G": "26",
                                "H": "69.5",
                                "P": "990",
                                "S": "16",
                                "T": "13.9",
                                "V": "25000",
                                "W": "3",
                                "Pt": "R",
                                "Dp": "8.4",
                                "$": "900"
                            },
                            {
                                "D": "SSW",
                                "G": "24",
                                "H": "67.1",
                                "P": "989",
                                "S": "13",
                                "T": "13.1",
                                "V": "22000",
                                "W": "1",
                                "Pt": "R",
                                "Dp": "7.1",
                                "$": "960"
                            }
                        ]
                    }
                ]
            }
        }
    }
}