{
    "SiteRep": {
        "Wx": {
            "Param": [
                {
                    "name": "G",
                    "units": "mph",
                    "$": "Wind Gust"
                },
                {
                    "name": "T",
                    "units": "C",
                    "$": "Temperature"
                },
                {
                    "name": "V",
                    "units": "m",
                    "$": "Visibility"
                },
                {
                    "name": "D",
                    "units": "compass",
                    "$": "Wind Direction"
                },
                {
                    "name": "S",
                    "units": "mph",
                    "$": "Wind Speed"
                },
                {
                    "name": "W",
                    "units": "",
                    "$": "Weather Type"
                },
                {
                    "name": "P",
                    "units": "hpa",
                    "$": "Pressure"
                },
                {
                    "name": "Pt",
                    "units": "Pa/s",
                    "$": "Pressure Tendency"
                },
                {
                    "name": "Dp",
                    "units": "C",
                    "$": "Dew Point"
                },
                {
                    "name": "H",
                    "units": "%",
                    "$": "Screen Relative Humidity"
                }
            ]
        },
        "DV": {
            "dataDate": "2024-11-28T16:00:00Z",
            "type": "Obs",
            "Location": {
                "i": "3772",
                "lat": "51.479",
                "lon": "-0.449",
                "name": "HEATHROW",
                "country": "ENGLAND",
                "continent": "EUROPE",
                "elevation": "25.0",
                "Period": [
                    {
                        "type": "Day",
                        "value": "2024-11-27Z",
                        "Rep": [
                            {
                                "D": "NW",
                                "G": "15",
                                "H": "80.8",
                                "P": "1016",
                                "S": "6",
                                "T": "6.1",
                                "V": "55000",
                                "W": "8",
                                "Pt": "R",
                                "Dp": "3.1",
                                "$": "960"
                            },
                            {
                                "D": "WNW",
                                "G": "10",
                                "H": "84.9",
                                "P": "1017",
                                "S": "5",
                                "T": "4.9",
                                "V": "45000",
                                "W": "2",
                                "Pt": "R",
                                "Dp": "2.6",
                                "$": "1020"
                            },
                            {
                                "D": "W",
                                "G": "9",
                                "H": "89.1",
                                "P": "1018",
                                "S": "5",
                                "T": "3.3",
                                "V": "30000",
                                "W": "0",
                                "Pt": "R",
                                "Dp": "1.7",
                                "$": "1080"
                            },
                            {
                                "D": "WNW",
                                "G": "11",
                                "H": "88.5",
                                "P": "1019",
                                "S": "7",
                                "T": "4.4",
                                "V": "28000",
                                "W": "0",
                                "Pt": "R",
                                "Dp": "2.7",
                                "$": "1140"
                            },
                            {
                                "D": "WNW",
                                "G": "10",
                                "H": "89.2",
                                "P": "1021",
                                "S": "7",
                                "T": "4.0",
                                "V": "22000",
                                "W": "0",
                                "Pt": "R",
                                "Dp": "2.4",
                                "$": "1200"
                            },
                            {
                                "D": "W",
                                "G": "9",
                                "H": "91.8",
                                "P": "1021",
                                "S": "3",
                                "T": "2.5",
                                "V": "12000",
                                "W": "0",
                                "Pt": "R",
                                "Dp": "1.3",
                                "$": "1260"
                            },
                            {
                                "D": "W",
                                "G": "7",
                                "H": "95.8",
                                "P": "1022",
                                "S": "5",
                                "T": "2.7",
                                "V": "11000",
                                "W": "5",
                                "Pt": "R",
                                "Dp": "2.1",
                                "$": "1320"
                            },
                            {
                                "D": "NW",
                                "G": "5",
                                "H": "95.6",
                                "P": "1023",
                                "S": "1",
                                "T": "2.0",
                                "V": "7000",
                                "W": "5",
                                "Pt": "R",
                                "Dp": "1.4",
                                "$": "1380"
                            }
                        ]
                    },
                    {
                        "type": "Day",
                        "value": "2024-11-28Z",
                        "Rep": [
                            {
                                "D": "WNW",
                                "G": "7",
                                "H": "95.5",
                                "P": "1024",
                                "S": "3",
                                "T": "1.8",
                                "V": "8000",
                                "W": "5",
                                "Pt": "R",
                                "Dp": "1.2",
                                "$": "0"
                            },
                            {
                                "D": "WNW",
                                "G": "5",
                                "H": "96.4",
                                "P": "1024",
                                "S": "3",
                                "T": "1.3",
                                "V": "5000",
                                "W": "5",
                                "Pt": "R",
                                "Dp": "0.8",
                                "$": "60"
                            },
                            {
                                "D": "W",
                                "G": "5",
                                "H": "97.0",
                                "P": "1024",
                                "S": "3",
                                "T": "0.6",
                                "V": "5000",
                                "W": "5",
                                "Pt": "R",
                                "Dp": "0.2",
                                "$": "120"
                            },
                            {
                                "D": "W",
                                "G": "3",
                                "H": "98.6",
                                "P": "1025",
                                "S": "2",
                                "T": "0.4",
                                "V": "5000",
                                "W": "5",
                                "Pt": "R",
                                "Dp": "0.2",
                                "$": "180"
                            },
                            {
                                "D": "N",
                                "G": "2",
                                "H": "96.3",
                                "P": "1025",
                                "S": "0",
                                "T": "-0.5",
                                "V": "3400",
                                "W": "5",
                                "Pt": "R",
                                "Dp": "-0.9",
                                "$": "240"
                            },
                            {
                                "D": "N",
                                "G": "3",
                                "H": "98.6",
                                "P": "1026",
                                "S": "1",
                                "T": "0.3",
                                "V": "6000",
                                "W": "5",
                                "Pt": "R",
                                "Dp": "0.1",
                                "$": "300"
                            },
                            {
                                "D": "WSW",
                                "G": "5",
                                "H": "99.4",
                                "P": "1026",
                                "S": "1",
                                "T": "0.3",
                                "V": "5000",
                                "W": "5",
                                "Pt": "R",
                                "Dp": "0.2",
                                "$": "360"
                            },
                            {
                                "D": "NNW",
                                "G": "5",
                                "H": "98.2",
                                "P": "1027",
                                "S": "2",
                                "T": "-0.2",
                                "V": "4600",
                                "W": "5",
                                "Pt": "R",
                                "Dp": "-0.4",
                                "$": "420"
                            },
                            {
                                "D": "NW",
                                "G": "5",
                                "H": "98.2",
                                "P": "1028",
                                "S": "2",
                                "T": "0.0",
                                "V": "6000",
                                "W": "5",
                                "Pt": "R",
                                "Dp": "-0.2",
                                "$": "480"
                            },
                            {
                                "D": "NNW",
                                "G": "5",
                                "H": "97.9",
                                "P": "1028",
                                "S": "2",
                                "T": "0.3",
                                "V": "6000",
                                "W": "5",
                                "Pt": "R",
                                "Dp": "0.0",
                                "$": "540"
                            },
                            {
                                "D": "NNW",
                                "G": "5",
                                "H": "97.9",
                                "P": "1029",
                                "S": "2",
                                "T": "1.3",
                                "V": "8000",
                                "W": "5",
                                "Pt": "R",
                                "Dp": "1.0",
                                "$": "600"
                            },
                            {
                                "D": "NNW",
                                "G": "6",
                                "H": "95.0",
                                "P": "1029",
                                "S": "1",
                                "T": "2.8",
                                "V": "9000",
                                "W": "5",
                                "Pt": "R",
                                "Dp": "2.1",
                                "$": "660"
                            },
                            {
                                "D": "NNE",
                                "G": "5",
                                "H": "86.0",
                                "P": "1029",
                                "S": "2",
                                "T": "4.8",
                                "V": "14000",
                                "W": "1",
                                "Pt": "R",
                                "Dp": "2.7",
                                "$": "720"
                            },
                            {
                                "D": "E",
                                "G": "7",
                                "H": "76.9",
                                "P": "1029",
                                "S": "3",
                                "T": "6.3",
                                "V": "16000",
                                "W": "1",
                                "Pt": "R",
                                "Dp": "2.6",
                                "$": "780"
                            },
                            {
                                "D": "SSE",
                                "G": "7",
                                "H": "75.2",
                                "P": "1028",
                                "S": "3",
                                "T": "7.0",
                                "V": "13000",
                                "W": "1",
                                "Pt": "F",
                                "Dp": "3.0",
                                "$": "840"
                            },
                            {
                                "D": "SE",
                                "G": "7",
                                "H": "79.1",
                                "P": "1028",
                                "S": "5",
                                "T": "6.1",
                                "V": "12000",
                                "W": "1",
                                "Pt": "F",
                                "Dp": "2.8",
                                "$": "900"
                            },
                            {
                                "D": "E",
                                "G": "6",
                                "H": "87.2",
                                "P": "1028",
                                "S": "3",
                                "T": "4.4",
                                "V": "10000",
                                "W": "1",
                                "Pt": "F",
                                "Dp": "2.5",
                                "$": "960"
                            }
                        ]
                    }
                ]
            }
        }
    }
}