{
    "SiteRep": {
        "Wx": {
            "Param": [
                {
                    "name": "G",
                    "units": "mph",
                    "$": "Wind Gust"
                },
                {
                    "name": "T",
                    "units": "C",
                    "$": "Temperature"
                },
                {
                    "name": "V",
                    "units": "m",
                    "$": "Visibility"
                },
                {
                    "name": "D",
                    "units": "compass",
                    "$": "Wind Direction"
                },
                {
                    "name": "S",
                    "units": "mph",
                    "$": "Wind Speed"
                },
                {
                    "name": "W",
                    "units": "",
                    "$": "Weather Type"
                },
                {
                    "name": "P",
                    "units": "hpa",
                    "$": "Pressure"
                },
                {
                    "name": "Pt",
                    "units": "Pa/s",
                    "$": "Pressure Tendency"
                },
                {
                    "name": "Dp",
                    "units": "C",
                    "$": "Dew Point"
                },
                {
                    "name": "H",
                    "units": "%",
                    "$": "Screen Relative Humidity"
                }
            ]
        },
        "DV": {
            "dataDate": "2024-12-08T16:00:00Z",
            "type": "Obs",
            "Location": {
                "i": "3772",
                "lat": "51.479",
                "lon": "-0.449",
                "name": "HEATHROW",
                "country": "ENGLAND",
                "continent": "EUROPE",
                "elevation": "25.0",
                "Period": [
                    {
                        "type": "Day",
                        "value": "2024-12-07Z",
                        "Rep": [
                            {
                                "D": "WNW",
                                "G": "39",
                                "H": "80.6",
                                "P": "995",
                                "S": "21",
                                "T": "7.0",
                                "V": "45000",
                                "W": "12",
                                "Pt": "R",
                                "Dp": "3.9",
                                "$": "960"
                            },
                            {
                                "D": "NW",
                                "G": "44",
                                "H": "81.2",
                                "P": "997",
                                "S": "22",
                                "T": "6.9",
                                "V": "50000",
                                "W": "12",
                                "Pt": "R",
                                "Dp": "3.9",
                                "$": "1020"
                            },
                            {
                                "D": "NW",
                                "G": "45",
                                "H": "79.0",
                                "P": "998",
                                "S": "18",
                                "T": "7.1",
                                "V": "30000",
                                "W": "12",
                                "Pt": "R",
                                "Dp": "3.7",
                                "$": "1080"
                            },
                            {
                                "D": "NW",
                                "G": "44",
                                "H": "75.2",
                                "P": "1000",
                                "S": "21",
                                "T": "7.3",
                                "V": "45000",
                                "W": "12",
                                "Pt": "R",
                                "Dp": "3.2",
                                "$": "1140"
                            },
                            {
                                "D": "NW",
                                "G": "43",
                                "H": "70.6",
                                "P": "1001",
                                "S": "21",
                                "T": "7.7",
                                "V": "65000",
                                "W": "8",
                                "Pt": "R",
                                "Dp": "2.7",
                                "$": "1200"
                            },
                            {
                                "D": "NW",
                                "G": "46",
                                "H": "72.6",
                                "P": "1002",
                                "S": "22",
                                "T": "7.4",
                                "V": "55000",
                                "W": "8",
                                "Pt": "R",
                                "Dp": "2.8",
                                "$": "1260"
                            },
                            {
                                "D": "NW",
                                "G": "40",
                                "H": "71.0",
                                "P": "1003",
                                "S": "24",
                                "T": "7.5",
                                "V": "60000",
                                "W": "8",
                                "Pt": "R",
                                "Dp": "2.6",
                                "$": "1320"
                            },
                            {
                                "D": "NW",
                                "G": "39",
                                "H": "73.5",
                                "P": "1004",
                                "S": "21",
                                "T": "7.1",
                                "V": "55000",
                                "W": "8",
                                "Pt": "R",
                                "Dp": "2.7",
                                "$": "1380"
                            }
                        ]
                    },
                    {
                        "type": "Day",
                        "value": "2024-12-08Z",
                        "Rep": [
                            {
                                "D": "NW",
                                "G": "38",
                                "H": "84.6",
                                "P": "1005",
                                "S": "19",
                                "T": "6.3",
                                "V": "16000",
                                "W": "12",
                                "Pt": "R",
                                "Dp": "3.9",
                                "$": "0"
                            },
                            {
                                "D": "NW",
                                "G": "32",
                                "H": "87.7",
                                "P": "1006",
                                "S": "15",
                                "T": "6.5",
                                "V": "29000",
                                "W": "12",
                                "Pt": "R",
                                "Dp": "4.6",
                                "$": "60"
                            },
                            {
                                "D": "NNW",
                                "G": "29",
                                "H": "86.4",
                                "P": "1008",
                                "S": "14",
                                "T": "7.2",
                                "V": "30000",
                                "W": "12",
                                "Pt": "R",
                                "Dp": "5.1",
                                "$": "120"
                            },
                            {
                                "D": "NNW",
                                "G": "34",
                                "H": "87.1",
                                "P": "1009",
                                "S": "15",
                                "T": "7.4",
                                "V": "12000",
                                "W": "12",
                                "Pt": "R",
                                "Dp": "5.4",
                                "$": "180"
                            },
                            {
                                "D": "NNW",
                                "G": "36",
                                "H": "76.7",
                                "P": "1010",
                                "S": "18",
                                "T": "8.2",
                                "V": "35000",
                                "W": "12",
                                "Pt": "R",
                                "Dp": "4.4",
                                "$": "240"
                            },
                            {
                                "D": "NNW",
                                "G": "41",
                                "H": "74.1",
                                "P": "1011",
                                "S": "18",
                                "T": "8.2",
                                "V": "21000",
                                "W": "12",
                                "Pt": "R",
                                "Dp": "3.9",
                                "$": "300"
                            },
                            {
                                "D": "NNW",
                                "G": "33",
                                "H": "85.7",
                                "P": "1013",
                                "S": "16",
                                "T": "6.8",
                                "V": "11000",
                                "W": "12",
                                "Pt": "R",
                                "Dp": "4.6",
                                "$": "360"
                            },
                            {
                                "D": "NNW",
                                "G": "34",
                                "H": "82.2",
                                "P": "1014",
                                "S": "16",
                                "T": "7.0",
                                "V": "50000",
                                "W": "8",
                                "Pt": "R",
                                "Dp": "4.2",
                                "$": "420"
                            },
                            {
                                "D": "NNW",
                                "G": "34",
                                "H": "84.5",
                                "P": "1015",
                                "S": "17",
                                "T": "6.0",
                                "V": "21000",
                                "W": "11",
                                "Pt": "R",
                                "Dp": "3.6",
                                "$": "480"
                            },
                            {
                                "D": "NNW",
                                "G": "33",
                                "H": "85.7",
                                "P": "1016",
                                "S": "17",
                                "T": "6.3",
                                "V": "25000",
                                "W": "12",
                                "Pt": "R",
                                "Dp": "4.1",
                                "$": "540"
                            },
                            {
                                "D": "NNW",
                                "G": "36",
                                "H": "87.4",
                                "P": "1018",
                                "S": "13",
                                "T": "5.9",
                                "V": "12000",
                                "W": "12",
                                "Pt": "R",
                                "Dp": "4.0",
                                "$": "600"
                            },
                            {
                                "D": "NNW",
                                "G": "38",
                                "H": "85.7",
                                "P": "1018",
                                "S": "17",
                                "T": "6.1",
                                "V": "13000",
                                "W": "12",
                                "Pt": "R",
                                "Dp": "3.9",
                                "$": "660"
                            },
                            {
                                "D": "NNW",
                                "G": "33",
                                "H": "86.3",
                                "P": "1018",
                                "S": "16",
                                "T": "6.3",
                                "V": "19000",
                                "W": "12",
                                "Pt": "R",
                                "Dp": "4.2",
                                "$": "720"
                            },
                            {
                                "D": "N",
                                "G": "34",
                                "H": "86.4",
                                "P": "1018",
                                "S": "15",
                                "T": "6.7",
                                "V": "16000",
                                "W": "12",
                                "Pt": "R",
                                "Dp": "4.6",
                                "$": "780"
                            },
                            {
                                "D": "N",
                                "G": "28",
                                "H": "86.4",
                                "P": "1018",
                                "S": "15",
                                "T": "7.1",
                                "V": "22000",
                                "W": "12",
                                "Pt": "R",
                                "Dp": "5.0",
                                "$": "840"
                            },
                            {
                                "D": "N",
                                "G": "36",
                                "H": "84.6",
                                "P": "1019",
                                "S": "16",
                                "T": "7.4",
                                "V": "22000",
                                "W": "12",
                                "Pt": "R",
                                "Dp": "5.0",
                                "$": "900"
                            },
                            {
                                "D": "N",
                                "G": "36",
                                "H": "88.2",
                                "P": "1020",
                                "S": "16",
                                "T": "7.0",
                                "V": "9000",
                                "W": "12",
                                "Pt": "R",
                                "Dp": "5.2",
                                "$": "960"
                            }
                        ]
                    }
                ]
            }
        }
    }
}