{
    "SiteRep": {
        "Wx": {
            "Param": [
                {
                    "name": "G",
                    "units": "mph",
                    "$": "Wind Gust"
                },
                {
                    "name": "T",
                    "units": "C",
                    "$": "Temperature"
                },
                {
                    "name": "V",
                    "units": "m",
                    "$": "Visibility"
                },
                {
                    "name": "D",
                    "units": "compass",
                    "$": "Wind Direction"
                },
                {
                    "name": "S",
                    "units": "mph",
                    "$": "Wind Speed"
                },
                {
                    "name": "W",
                    "units": "",
                    "$": "Weather Type"
                },
                {
                    "name": "P",
                    "units": "hpa",
                    "$": "Pressure"
                },
                {
                    "name": "Pt",
                    "units": "Pa/s",
                    "$": "Pressure Tendency"
                },
                {
                    "name": "Dp",
                    "units": "C",
                    "$": "Dew Point"
                },
                {
                    "name": "H",
                    "units": "%",
                    "$": "Screen Relative Humidity"
                }
            ]
        },
        "DV": {
            "dataDate": "2025-07-09T16:00:00Z",
            "type": "Obs",
            "Location": {
                "i": "3772",
                "lat": "51.479",
                "lon": "-0.449",
                "name": "HEATHROW",
                "country": "ENGLAND",
                "continent": "EUROPE",
                "elevation": "25.0",
                "Period": [
                    {
                        "type": "Day",
                        "value": "2025-07-08Z",
                        "Rep": [
                            {
                                "D": "W",
                                "G": "16",
                                "H": "30.8",
                                "P": "1018",
                                "S": "8",
                                "T": "24.4",
                                "V": "40000",
                                "W": "1",
                                "Pt": "F",
                                "Dp": "6.3",
                                "$": "960"
                            },
                            {
                                "D": "NW",
                                "G": "15",
                                "H": "28.2",
                                "P": "1017",
                                "S": "7",
                                "T": "24.6",
                                "V": "40000",
                                "W": "1",
                                "Pt": "F",
                                "Dp": "5.2",
                                "$": "1020"
                            },
                            {
                                "D": "NW",
                                "G": "15",
                                "H": "28.5",
                                "P": "1018",
                                "S": "8",
                                "T": "24.4",
                                "V": "45000",
                                "W": "1",
                                "Pt": "F",
                                "Dp": "5.2",
                                "$": "1080"
                            },
                            {
                                "D": "NNW",
                                "G": "13",
                                "H": "29.7",
                                "P": "1018",
                                "S": "6",
                                "T": "23.6",
                                "V": "45000",
                                "W": "1",
                                "Pt": "R",
                                "Dp": "5.1",
                                "$": "1140"
                            },
                            {
                                "D": "NNW",
                                "G": "10",
                                "H": "31.8",
                                "P": "1018",
                                "S": "5",
                                "T": "22.6",
                                "V": "45000",
                                "W": "1",
                                "Pt": "R",
                                "Dp": "5.2",
                                "$": "1200"
                            },
                            {
                                "D": "NNW",
                                "G": "7",
                                "H": "37.3",
                                "P": "1019",
                                "S": "2",
                                "T": "20.7",
                                "V": "45000",
                                "W": "0",
                                "Pt": "R",
                                "Dp": "5.8",
                                "$": "1260"
                            },
                            {
                                "D": "N",
                                "G": "5",
                                "H": "43.4",
                                "P": "1019",
                                "S": "0",
                                "T": "19.1",
                                "V": "35000",
                                "W": "0",
                                "Pt": "R",
                                "Dp": "6.5",
                                "$": "1320"
                            },
                            {
                                "D": "WNW",
                                "G": "9",
                                "H": "50.9",
                                "P": "1020",
                                "S": "5",
                                "T": "18.1",
                                "V": "35000",
                                "W": "0",
                                "Pt": "R",
                                "Dp": "7.9",
                                "$": "1380"
                            }
                        ]
                    },
                    {
                        "type": "Day",
                        "value": "2025-07-09Z",
                        "Rep": [
                            {
                                "D": "NW",
                                "G": "9",
                                "H": "61.1",
                                "P": "1020",
                                "S": "5",
                                "T": "16.1",
                                "V": "40000",
                                "W": "0",
                                "Pt": "R",
                                "Dp": "8.7",
                                "$": "0"
                            },
                            {
                                "D": "NNW",
                                "G": "8",
                                "H": "61.7",
                                "P": "1020",
                                "S": "3",
                                "T": "14.9",
                                "V": "40000",
                                "W": "0",
                                "Pt": "R",
                                "Dp": "7.7",
                                "$": "60"
                            },
                            {
                                "D": "WNW",
                                "G": "5",
                                "H": "64.6",
                                "P": "1020",
                                "S": "2",
                                "T": "14.3",
                                "V": "40000",
                                "W": "7",
                                "Pt": "R",
                                "Dp": "7.8",
                                "$": "120"
                            },
                            {
                                "D": "NW",
                                "G": "6",
                                "H": "66.4",
                                "P": "1020",
                                "S": "5",
                                "T": "14.0",
                                "V": "35000",
                                "W": "7",
                                "Pt": "R",
                                "Dp": "7.9",
                                "$": "180"
                            },
                            {
                                "D": "NW",
                                "G": "5",
                                "H": "65.8",
                                "P": "1020",
                                "S": "2",
                                "T": "13.6",
                                "V": "40000",
                                "W": "7",
                                "Pt": "R",
                                "Dp": "7.4",
                                "$": "240"
                            },
                            {
                                "D": "WNW",
                                "G": "3",
                                "H": "66.4",
                                "P": "1021",
                                "S": "2",
                                "T": "14.1",
                                "V": "35000",
                                "W": "1",
                                "Pt": "R",
                                "Dp": "8.0",
                                "$": "300"
                            },
                            {
                                "D": "NW",
                                "G": "5",
                                "H": "67.2",
                                "P": "1021",
                                "S": "2",
                                "T": "15.9",
                                "V": "40000",
                                "W": "1",
                                "Pt": "R",
                                "Dp": "9.9",
                                "$": "360"
                            },
                            {
                                "D": "NW",
                                "G": "7",
                                "H": "63.9",
                                "P": "1021",
                                "S": "3",
                                "T": "17.0",
                                "V": "50000",
                                "W": "1",
                                "Pt": "R",
                                "Dp": "10.2",
                                "$": "420"
                            },
                            {
                                "D": "WNW",
                                "G": "8",
                                "H": "59.0",
                                "P": "1022",
                                "S": "3",
                                "T": "18.9",
                                "V": "45000",
                                "W": "7",
                                "Pt": "R",
                                "Dp": "10.8",
                                "$": "480"
                            },
                            {
                                "D": "WNW",
                                "G": "8",
                                "H": "54.4",
                                "P": "1022",
                                "S": "3",
                                "T": "20.3",
                                "V": "55000",
                                "W": "8",
                                "Pt": "R",
                                "Dp": "10.9",
                                "$": "540"
                            },
                            {
                                "D": "W",
                                "G": "16",
                                "H": "46.3",
                                "P": "1021",
                                "S": "10",
                                "T": "22.8",
                                "V": "55000",
                                "W": "1",
                                "Pt": "R",
                                "Dp": "10.8",
                                "$": "600"
                            },
                            {
                                "D": "W",
                                "G": "16",
                                "H": "43.1",
                                "P": "1021",
                                "S": "8",
                                "T": "23.5",
                                "V": "75000",
                                "W": "8",
                                "Pt": "F",
                                "Dp": "10.4",
                                "$": "660"
                            },
                            {
                                "D": "WNW",
                                "G": "13",
                                "H": "45.0",
                                "P": "1021",
                                "S": "7",
                                "T": "23.9",
                                "V": "60000",
                                "W": "8",
                                "Pt": "F",
                                "Dp": "11.4",
                                "$": "720"
                            },
                            {
                                "D": "NW",
                                "G": "13",
                                "H": "44.7",
                                "P": "1021",
                                "S": "3",
                                "T": "24.9",
                                "V": "65000",
                                "W": "8",
                                "Pt": "F",
                                "Dp": "12.2",
                                "$": "780"
                            },
                            {
                                "D": "NW",
                                "G": "13",
                                "H": "46.1",
                                "P": "1021",
                                "S": "6",
                                "T": "25.5",
                                "V": "60000",
                                "W": "8",
                                "Pt": "F",
                                "Dp": "13.2",
                                "$": "840"
                            },
                            {
                                "D": "NW",
                                "G": "11",
                                "H": "45.6",
                                "P": "1021",
                                "S": "6",
                                "T": "25.8",
                                "V": "75000",
                                "W": "7",
                                "Pt": "F",
                                "Dp": "13.3",
                                "$": "900"
                            },
                            {
                                "D": "N",
                                "G": "14",
                                "H": "44.6",
                                "P": "1021",
                                "S": "6",
                                "T": "26.2",
                                "V": "65000",
                                "W": "8",
                                "Pt": "F",
                                "Dp": "13.3",
                                "$": "960"
                            }
                        ]
                    }
                ]
            }
        }
    }
}