{
    "SiteRep": {
        "Wx": {
            "Param": [
                {
                    "name": "G",
                    "units": "mph",
                    "$": "Wind Gust"
                },
                {
                    "name": "T",
                    "units": "C",
                    "$": "Temperature"
                },
                {
                    "name": "V",
                    "units": "m",
                    "$": "Visibility"
                },
                {
                    "name": "D",
                    "units": "compass",
                    "$": "Wind Direction"
                },
                {
                    "name": "S",
                    "units": "mph",
                    "$": "Wind Speed"
                },
                {
                    "name": "W",
                    "units": "",
                    "$": "Weather Type"
                },
                {
                    "name": "P",
                    "units": "hpa",
                    "$": "Pressure"
                },
                {
                    "name": "Pt",
                    "units": "Pa/s",
                    "$": "Pressure Tendency"
                },
                {
                    "name": "Dp",
                    "units": "C",
                    "$": "Dew Point"
                },
                {
                    "name": "H",
                    "units": "%",
                    "$": "Screen Relative Humidity"
                }
            ]
        },
        "DV": {
            "dataDate": "2024-04-19T16:00:00Z",
            "type": "Obs",
            "Location": {
                "i": "3772",
                "lat": "51.479",
                "lon": "-0.449",
                "name": "HEATHROW",
                "country": "ENGLAND",
                "continent": "EUROPE",
                "elevation": "25.0",
                "Period": [
                    {
                        "type": "Day",
                        "value": "2024-04-18Z",
                        "Rep": [
                            {
                                "D": "W",
                                "G": "24",
                                "H": "42.3",
                                "P": "1021",
                                "S": "14",
                                "T": "13.7",
                                "V": "75000",
                                "W": "8",
                                "Pt": "F",
                                "Dp": "1.3",
                                "$": "960"
                            },
                            {
                                "D": "WSW",
                                "G": "25",
                                "H": "47.0",
                                "P": "1020",
                                "S": "14",
                                "T": "13.2",
                                "V": "65000",
                                "W": "8",
                                "Pt": "F",
                                "Dp": "2.3",
                                "$": "1020"
                            },
                            {
                                "D": "W",
                                "G": "23",
                                "H": "33.4",
                                "P": "1020",
                                "S": "15",
                                "T": "12.7",
                                "V": "75000",
                                "W": "8",
                                "Pt": "F",
                                "Dp": "-2.7",
                                "$": "1080"
                            },
                            {
                                "D": "WSW",
                                "G": "25",
                                "H": "49.9",
                                "P": "1020",
                                "S": "14",
                                "T": "10.9",
                                "V": "75000",
                                "W": "12",
                                "Pt": "F",
                                "Dp": "1.0",
                                "$": "1140"
                            },
                            {
                                "D": "W",
                                "G": "24",
                                "H": "49.5",
                                "P": "1020",
                                "S": "14",
                                "T": "10.9",
                                "V": "30000",
                                "W": "11",
                                "Pt": "F",
                                "Dp": "0.9",
                                "$": "1200"
                            },
                            {
                                "D": "W",
                                "G": "26",
                                "H": "67.1",
                                "P": "1020",
                                "S": "13",
                                "T": "9.1",
                                "V": "17000",
                                "W": "12",
                                "Pt": "F",
                                "Dp": "3.4",
                                "$": "1260"
                            },
                            {
                                "D": "WSW",
                                "G": "22",
                                "H": "81.1",
                                "P": "1019",
                                "S": "13",
                                "T": "8.0",
                                "V": "21000",
                                "W": "12",
                                "Pt": "F",
                                "Dp": "5.0",
                                "$": "1320"
                            },
                            {
                                "D": "WSW",
                                "G": "23",
                                "H": "88.9",
                                "P": "1019",
                                "S": "14",
                                "T": "7.9",
                                "V": "28000",
                                "W": "12",
                                "Pt": "F",
                                "Dp": "6.2",
                                "$": "1380"
                            }
                        ]
                    },
                    {
                        "type": "Day",
                        "value": "2024-04-19Z",
                        "Rep": [
                            {
                                "D": "WSW",
                                "G": "19",
                                "H": "89.6",
                                "P": "1018",
                                "S": "14",
                                "T": "8.3",
                                "V": "40000",
                                "W": "8",
                                "Pt": "F",
                                "Dp": "6.7",
                                "$": "0"
                            },
                            {
                                "D": "WSW",
                                "G": "18",
                                "H": "90.3",
                                "P": "1017",
                                "S": "13",
                                "T": "8.7",
                                "V": "40000",
                                "W": "8",
                                "Pt": "F",
                                "Dp": "7.2",
                                "$": "60"
                            },
                            {
                                "D": "WSW",
                                "G": "18",
                                "H": "89.6",
                                "P": "1017",
                                "S": "11",
                                "T": "9.2",
                                "V": "40000",
                                "W": "8",
                                "Pt": "F",
                                "Dp": "7.6",
                                "$": "120"
                            },
                            {
                                "D": "WSW",
                                "G": "19",
                                "H": "87.3",
                                "P": "1016",
                                "S": "11",
                                "T": "9.8",
                                "V": "35000",
                                "W": "8",
                                "Pt": "F",
                                "Dp": "7.8",
                                "$": "180"
                            },
                            {
                                "D": "W",
                                "G": "19",
                                "H": "83.2",
                                "P": "1016",
                                "S": "10",
                                "T": "10.3",
                                "V": "35000",
                                "W": "8",
                                "Pt": "F",
                                "Dp": "7.6",
                                "$": "240"
                            },
                            {
                                "D": "W",
                                "G": "19",
                                "H": "80.9",
                                "P": "1015",
                                "S": "13",
                                "T": "10.5",
                                "V": "35000",
                                "W": "8",
                                "Pt": "F",
                                "Dp": "7.4",
                                "$": "300"
                            },
                            {
                                "D": "W",
                                "G": "22",
                                "H": "80.9",
                                "P": "1016",
                                "S": "14",
                                "T": "10.5",
                                "V": "35000",
                                "W": "3",
                                "Pt": "F",
                                "Dp": "7.4",
                                "$": "360"
                            },
                            {
                                "D": "W",
                                "G": "18",
                                "H": "78.8",
                                "P": "1016",
                                "S": "11",
                                "T": "11.1",
                                "V": "45000",
                                "W": "8",
                                "Pt": "F",
                                "Dp": "7.6",
                                "$": "420"
                            },
                            {
                                "D": "W",
                                "G": "23",
                                "H": "75.7",
                                "P": "1016",
                                "S": "11",
                                "T": "11.4",
                                "V": "50000",
                                "W": "8",
                                "Pt": "R",
                                "Dp": "7.3",
                                "$": "480"
                            },
                            {
                                "D": "W",
                                "G": "23",
                                "H": "71.7",
                                "P": "1016",
                                "S": "10",
                                "T": "12.1",
                                "V": "60000",
                                "W": "8",
                                "Pt": "R",
                                "Dp": "7.2",
                                "$": "540"
                            },
                            {
                                "D": "WNW",
                                "G": "25",
                                "H": "67.1",
                                "P": "1016",
                                "S": "15",
                                "T": "12.9",
                                "V": "75000",
                                "W": "8",
                                "Pt": "R",
                                "Dp": "7.0",
                                "$": "600"
                            },
                            {
                                "D": "NW",
                                "G": "26",
                                "H": "74.8",
                                "P": "1016",
                                "S": "13",
                                "T": "12.6",
                                "V": "75000",
                                "W": "12",
                                "Pt": "R",
                                "Dp": "8.3",
                                "$": "660"
                            },
                            {
                                "D": "WNW",
                                "G": "25",
                                "H": "86.3",
                                "P": "1016",
                                "S": "15",
                                "T": "12.3",
                                "V": "65000",
                                "W": "8",
                                "Pt": "R",
                                "Dp": "10.1",
                                "$": "720"
                            },
                            {
                                "D": "WNW",
                                "G": "28",
                                "H": "70.7",
                                "P": "1016",
                                "S": "13",
                                "T": "14.3",
                                "V": "75000",
                                "W": "7",
                                "Pt": "R",
                                "Dp": "9.1",
                                "$": "780"
                            },
                            {
                                "D": "N",
                                "G": "30",
                                "H": "60.3",
                                "P": "1017",
                                "S": "14",
                                "T": "12.8",
                                "V": "75000",
                                "W": "8",
                                "Pt": "R",
                                "Dp": "5.4",
                                "$": "840"
                            },
                            {
                                "D": "N",
                                "G": "26",
                                "H": "55.7",
                                "P": "1017",
                                "S": "11",
                                "T": "13.9",
                                "V": "60000",
                                "W": "3",
                                "Pt": "R",
                                "Dp": "5.3",
                                "$": "900"
                            },
                            {
                                "D": "NNE",
                                "G": "23",
                                "H": "62.7",
                                "P": "1018",
                                "S": "11",
                                "T": "11.7",
                                "V": "75000",
                                "W": "8",
                                "Pt": "R",
                                "Dp": "4.9",
                                "$": "960"
                            }
                        ]
                    }
                ]
            }
        }
    }
}