{
    "SiteRep": {
        "Wx": {
            "Param": [
                {
                    "name": "G",
                    "units": "mph",
                    "$": "Wind Gust"
                },
                {
                    "name": "T",
                    "units": "C",
                    "$": "Temperature"
                },
                {
                    "name": "V",
                    "units": "m",
                    "$": "Visibility"
                },
                {
                    "name": "D",
                    "units": "compass",
                    "$": "Wind Direction"
                },
                {
                    "name": "S",
                    "units": "mph",
                    "$": "Wind Speed"
                },
                {
                    "name": "W",
                    "units": "",
                    "$": "Weather Type"
                },
                {
                    "name": "P",
                    "units": "hpa",
                    "$": "Pressure"
                },
                {
                    "name": "Pt",
                    "units": "Pa/s",
                    "$": "Pressure Tendency"
                },
                {
                    "name": "Dp",
                    "units": "C",
                    "$": "Dew Point"
                },
                {
                    "name": "H",
                    "units": "%",
                    "$": "Screen Relative Humidity"
                }
            ]
        },
        "DV": {
            "dataDate": "2025-12-04T16:00:00Z",
            "type": "Obs",
            "Location": {
                "i": "3772",
                "lat": "51.479",
                "lon": "-0.449",
                "name": "HEATHROW",
                "country": "ENGLAND",
                "continent": "EUROPE",
                "elevation": "25.0",
                "Period": [
                    {
                        "type": "Day",
                        "value": "2025-12-03Z",
                        "Rep": [
                            {
                                "D": "SSE",
                                "G": "11",
                                "H": "79.8",
                                "P": "1007",
                                "S": "8",
                                "T": "9.6",
                                "V": "45000",
                                "W": "8",
                                "Pt": "F",
                                "Dp": "6.3",
                                "$": "960"
                            },
                            {
                                "D": "SE",
                                "G": "14",
                                "H": "85.3",
                                "P": "1007",
                                "S": "8",
                                "T": "8.4",
                                "V": "40000",
                                "W": "2",
                                "Pt": "F",
                                "Dp": "6.1",
                                "$": "1020"
                            },
                            {
                                "D": "SSE",
                                "G": "14",
                                "H": "85.9",
                                "P": "1007",
                                "S": "8",
                                "T": "7.6",
                                "V": "45000",
                                "W": "8",
                                "Pt": "S",
                                "Dp": "5.4",
                                "$": "1080"
                            },
                            {
                                "D": "S",
                                "G": "13",
                                "H": "88.9",
                                "P": "1007",
                                "S": "7",
                                "T": "7.6",
                                "V": "11000",
                                "W": "12",
                                "Pt": "F",
                                "Dp": "5.9",
                                "$": "1140"
                            },
                            {
                                "D": "SE",
                                "G": "11",
                                "H": "91.4",
                                "P": "1006",
                                "S": "8",
                                "T": "7.1",
                                "V": "40000",
                                "W": "7",
                                "Pt": "F",
                                "Dp": "5.8",
                                "$": "1200"
                            },
                            {
                                "D": "SE",
                                "G": "13",
                                "H": "92.7",
                                "P": "1006",
                                "S": "8",
                                "T": "7.1",
                                "V": "30000",
                                "W": "7",
                                "Pt": "F",
                                "Dp": "6.0",
                                "$": "1260"
                            },
                            {
                                "D": "SE",
                                "G": "13",
                                "H": "90.2",
                                "P": "1005",
                                "S": "8",
                                "T": "7.3",
                                "V": "30000",
                                "W": "8",
                                "Pt": "F",
                                "Dp": "5.8",
                                "$": "1320"
                            },
                            {
                                "D": "SE",
                                "G": "14",
                                "H": "90.8",
                                "P": "1005",
                                "S": "8",
                                "T": "7.1",
                                "V": "30000",
                                "W": "8",
                                "Pt": "F",
                                "Dp": "5.7",
                                "$": "1380"
                            }
                        ]
                    },
                    {
                        "type": "Day",
                        "value": "2025-12-04Z",
                        "Rep": [
                            {
                                "D": "SE",
                                "G": "11",
                                "H": "93.4",
                                "P": "1004",
                                "S": "8",
                                "T": "7.1",
                                "V": "30000",
                                "W": "8",
                                "Pt": "F",
                                "Dp": "6.1",
                                "$": "0"
                            },
                            {
                                "D": "ESE",
                                "G": "11",
                                "H": "94.0",
                                "P": "1003",
                                "S": "8",
                                "T": "7.1",
                                "V": "30000",
                                "W": "8",
                                "Pt": "F",
                                "Dp": "6.2",
                                "$": "60"
                            },
                            {
                                "D": "SE",
                                "G": "11",
                                "H": "94.0",
                                "P": "1002",
                                "S": "8",
                                "T": "7.4",
                                "V": "35000",
                                "W": "8",
                                "Pt": "F",
                                "Dp": "6.5",
                                "$": "120"
                            },
                            {
                                "D": "SE",
                                "G": "14",
                                "H": "94.0",
                                "P": "1001",
                                "S": "9",
                                "T": "6.9",
                                "V": "30000",
                                "W": "8",
                                "Pt": "F",
                                "Dp": "6.0",
                                "$": "180"
                            },
                            {
                                "D": "SE",
                                "G": "14",
                                "H": "92.7",
                                "P": "999",
                                "S": "10",
                                "T": "7.3",
                                "V": "35000",
                                "W": "8",
                                "Pt": "F",
                                "Dp": "6.2",
                                "$": "240"
                            },
                            {
                                "D": "SE",
                                "G": "13",
                                "H": "93.4",
                                "P": "998",
                                "S": "8",
                                "T": "7.1",
                                "V": "30000",
                                "W": "8",
                                "Pt": "F",
                                "Dp": "6.1",
                                "$": "300"
                            },
                            {
                                "D": "SE",
                                "G": "18",
                                "H": "90.3",
                                "P": "998",
                                "S": "13",
                                "T": "7.5",
                                "V": "35000",
                                "W": "8",
                                "Pt": "F",
                                "Dp": "6.0",
                                "$": "360"
                            },
                            {
                                "D": "ESE",
                                "G": "21",
                                "H": "89.6",
                                "P": "997",
                                "S": "14",
                                "T": "7.7",
                                "V": "21000",
                                "W": "8",
                                "Pt": "F",
                                "Dp": "6.1",
                                "$": "420"
                            },
                            {
                                "D": "ESE",
                                "G": "19",
                                "H": "92.1",
                                "P": "996",
                                "S": "13",
                                "T": "7.9",
                                "V": "27000",
                                "W": "8",
                                "Pt": "F",
                                "Dp": "6.7",
                                "$": "480"
                            },
                            {
                                "D": "ESE",
                                "G": "19",
                                "H": "95.3",
                                "P": "996",
                                "S": "11",
                                "T": "7.9",
                                "V": "7000",
                                "W": "12",
                                "Pt": "F",
                                "Dp": "7.2",
                                "$": "540"
                            },
                            {
                                "D": "ESE",
                                "G": "21",
                                "H": "90.9",
                                "P": "995",
                                "S": "14",
                                "T": "8.1",
                                "V": "17000",
                                "W": "12",
                                "Pt": "F",
                                "Dp": "6.7",
                                "$": "600"
                            },
                            {
                                "D": "ESE",
                                "G": "18",
                                "H": "96.0",
                                "P": "994",
                                "S": "10",
                                "T": "8.2",
                                "V": "8000",
                                "W": "12",
                                "Pt": "F",
                                "Dp": "7.6",
                                "$": "660"
                            },
                            {
                                "D": "SSW",
                                "G": "16",
                                "H": "95.9",
                                "P": "994",
                                "S": "8",
                                "T": "8.4",
                                "V": "6000",
                                "W": "12",
                                "Pt": "F",
                                "Dp": "7.8",
                                "$": "720"
                            },
                            {
                                "D": "W",
                                "G": "28",
                                "H": "92.8",
                                "P": "995",
                                "S": "11",
                                "T": "7.0",
                                "V": "30000",
                                "W": "12",
                                "Pt": "F",
                                "Dp": "5.9",
                                "$": "780"
                            },
                            {
                                "D": "W",
                                "G": "17",
                                "H": "93.3",
                                "P": "996",
                                "S": "10",
                                "T": "7.0",
                                "V": "15000",
                                "W": "12",
                                "Pt": "R",
                                "Dp": "6.0",
                                "$": "840"
                            },
                            {
                                "D": "W",
                                "G": "16",
                                "H": "92.7",
                                "P": "996",
                                "S": "10",
                                "T": "7.3",
                                "V": "27000",
                                "W": "8",
                                "Pt": "R",
                                "Dp": "6.2",
                                "$": "900"
                            },
                            {
                                "D": "WSW",
                                "G": "18",
                                "H": "85.9",
                                "P": "997",
                                "S": "11",
                                "T": "7.1",
                                "V": "30000",
                                "W": "7",
                                "Pt": "R",
                                "Dp": "4.9",
                                "$": "960"
                            }
                        ]
                    }
                ]
            }
        }
    }
}