{
    "SiteRep": {
        "Wx": {
            "Param": [
                {
                    "name": "G",
                    "units": "mph",
                    "$": "Wind Gust"
                },
                {
                    "name": "T",
                    "units": "C",
                    "$": "Temperature"
                },
                {
                    "name": "V",
                    "units": "m",
                    "$": "Visibility"
                },
                {
                    "name": "D",
                    "units": "compass",
                    "$": "Wind Direction"
                },
                {
                    "name": "S",
                    "units": "mph",
                    "$": "Wind Speed"
                },
                {
                    "name": "W",
                    "units": "",
                    "$": "Weather Type"
                },
                {
                    "name": "P",
                    "units": "hpa",
                    "$": "Pressure"
                },
                {
                    "name": "Pt",
                    "units": "Pa/s",
                    "$": "Pressure Tendency"
                },
                {
                    "name": "Dp",
                    "units": "C",
                    "$": "Dew Point"
                },
                {
                    "name": "H",
                    "units": "%",
                    "$": "Screen Relative Humidity"
                }
            ]
        },
        "DV": {
            "dataDate": "2024-08-20T16:00:00Z",
            "type": "Obs",
            "Location": {
                "i": "3772",
                "lat": "51.479",
                "lon": "-0.449",
                "name": "HEATHROW",
                "country": "ENGLAND",
                "continent": "EUROPE",
                "elevation": "25.0",
                "Period": [
                    {
                        "type": "Day",
                        "value": "2024-08-19Z",
                        "Rep": [
                            {
                                "D": "S",
                                "G": "28",
                                "H": "60.7",
                                "P": "1013",
                                "S": "17",
                                "T": "20.5",
                                "V": "10000",
                                "W": "8",
                                "Pt": "F",
                                "Dp": "12.7",
                                "$": "960"
                            },
                            {
                                "D": "SSW",
                                "G": "30",
                                "H": "59.1",
                                "P": "1013",
                                "S": "19",
                                "T": "20.4",
                                "V": "20000",
                                "W": "8",
                                "Pt": "F",
                                "Dp": "12.2",
                                "$": "1020"
                            },
                            {
                                "D": "S",
                                "G": "28",
                                "H": "64.1",
                                "P": "1012",
                                "S": "17",
                                "T": "19.2",
                                "V": "22000",
                                "W": "8",
                                "Pt": "F",
                                "Dp": "12.3",
                                "$": "1080"
                            },
                            {
                                "D": "SSW",
                                "G": "24",
                                "H": "68.4",
                                "P": "1012",
                                "S": "15",
                                "T": "18.5",
                                "V": "20000",
                                "W": "8",
                                "Pt": "F",
                                "Dp": "12.6",
                                "$": "1140"
                            },
                            {
                                "D": "S",
                                "G": "22",
                                "H": "71.0",
                                "P": "1012",
                                "S": "10",
                                "T": "18.0",
                                "V": "20000",
                                "W": "8",
                                "Pt": "F",
                                "Dp": "12.7",
                                "$": "1200"
                            },
                            {
                                "D": "S",
                                "G": "17",
                                "H": "70.5",
                                "P": "1012",
                                "S": "10",
                                "T": "18.1",
                                "V": "22000",
                                "W": "8",
                                "Pt": "F",
                                "Dp": "12.7",
                                "$": "1260"
                            },
                            {
                                "D": "S",
                                "G": "16",
                                "H": "73.0",
                                "P": "1011",
                                "S": "11",
                                "T": "18.1",
                                "V": "24000",
                                "W": "8",
                                "Pt": "F",
                                "Dp": "13.2",
                                "$": "1320"
                            },
                            {
                                "D": "S",
                                "G": "16",
                                "H": "76.4",
                                "P": "1011",
                                "S": "10",
                                "T": "18.1",
                                "V": "24000",
                                "W": "8",
                                "Pt": "F",
                                "Dp": "13.9",
                                "$": "1380"
                            }
                        ]
                    },
                    {
                        "type": "Day",
                        "value": "2024-08-20Z",
                        "Rep": [
                            {
                                "D": "S",
                                "G": "16",
                                "H": "79.4",
                                "P": "1010",
                                "S": "10",
                                "T": "18.1",
                                "V": "23000",
                                "W": "8",
                                "Pt": "F",
                                "Dp": "14.5",
                                "$": "0"
                            },
                            {
                                "D": "SSW",
                                "G": "17",
                                "H": "79.4",
                                "P": "1009",
                                "S": "11",
                                "T": "18.3",
                                "V": "21000",
                                "W": "8",
                                "Pt": "F",
                                "Dp": "14.7",
                                "$": "60"
                            },
                            {
                                "D": "SSW",
                                "G": "22",
                                "H": "81.1",
                                "P": "1009",
                                "S": "11",
                                "T": "18.5",
                                "V": "21000",
                                "W": "8",
                                "Pt": "F",
                                "Dp": "15.2",
                                "$": "120"
                            },
                            {
                                "D": "S",
                                "G": "19",
                                "H": "85.3",
                                "P": "1008",
                                "S": "10",
                                "T": "18.3",
                                "V": "27000",
                                "W": "8",
                                "Pt": "F",
                                "Dp": "15.8",
                                "$": "180"
                            },
                            {
                                "D": "SSW",
                                "G": "18",
                                "H": "89.8",
                                "P": "1008",
                                "S": "10",
                                "T": "18.1",
                                "V": "11000",
                                "W": "8",
                                "Pt": "F",
                                "Dp": "16.4",
                                "$": "240"
                            },
                            {
                                "D": "SSW",
                                "G": "16",
                                "H": "92.7",
                                "P": "1008",
                                "S": "9",
                                "T": "18.2",
                                "V": "28000",
                                "W": "12",
                                "Pt": "F",
                                "Dp": "17.0",
                                "$": "300"
                            },
                            {
                                "D": "SSW",
                                "G": "17",
                                "H": "90.4",
                                "P": "1008",
                                "S": "11",
                                "T": "18.3",
                                "V": "60000",
                                "W": "3",
                                "Pt": "F",
                                "Dp": "16.7",
                                "$": "360"
                            },
                            {
                                "D": "SW",
                                "G": "22",
                                "H": "82.7",
                                "P": "1008",
                                "S": "16",
                                "T": "18.7",
                                "V": "75000",
                                "W": "3",
                                "Pt": "F",
                                "Dp": "15.7",
                                "$": "420"
                            },
                            {
                                "D": "WSW",
                                "G": "22",
                                "H": "71.0",
                                "P": "1008",
                                "S": "15",
                                "T": "19.8",
                                "V": "75000",
                                "W": "8",
                                "Pt": "R",
                                "Dp": "14.4",
                                "$": "480"
                            },
                            {
                                "D": "WSW",
                                "G": "25",
                                "H": "64.1",
                                "P": "1008",
                                "S": "14",
                                "T": "20.6",
                                "V": "75000",
                                "W": "7",
                                "Pt": "R",
                                "Dp": "13.6",
                                "$": "540"
                            },
                            {
                                "D": "SW",
                                "G": "21",
                                "H": "58.7",
                                "P": "1008",
                                "S": "14",
                                "T": "21.4",
                                "V": "55000",
                                "W": "8",
                                "Pt": "R",
                                "Dp": "13.0",
                                "$": "600"
                            },
                            {
                                "D": "SW",
                                "G": "21",
                                "H": "54.3",
                                "P": "1008",
                                "S": "15",
                                "T": "21.9",
                                "V": "45000",
                                "W": "8",
                                "Pt": "R",
                                "Dp": "12.3",
                                "$": "660"
                            },
                            {
                                "D": "WSW",
                                "G": "31",
                                "H": "58.6",
                                "P": "1008",
                                "S": "18",
                                "T": "21.1",
                                "V": "30000",
                                "W": "8",
                                "Pt": "F",
                                "Dp": "12.7",
                                "$": "720"
                            },
                            {
                                "D": "W",
                                "G": "26",
                                "H": "47.0",
                                "P": "1008",
                                "S": "17",
                                "T": "22.2",
                                "V": "75000",
                                "W": "3",
                                "Pt": "F",
                                "Dp": "10.4",
                                "$": "780"
                            },
                            {
                                "D": "W",
                                "G": "28",
                                "H": "39.7",
                                "P": "1009",
                                "S": "19",
                                "T": "23.2",
                                "V": "75000",
                                "W": "7",
                                "Pt": "R",
                                "Dp": "8.8",
                                "$": "840"
                            },
                            {
                                "D": "W",
                                "G": "28",
                                "H": "38.0",
                                "P": "1009",
                                "S": "17",
                                "T": "21.1",
                                "V": "55000",
                                "W": "3",
                                "Pt": "R",
                                "Dp": "6.3",
                                "$": "900"
                            },
                            {
                                "D": "W",
                                "G": "30",
                                "H": "36.4",
                                "P": "1009",
                                "S": "15",
                                "T": "22.1",
                                "V": "75000",
                                "W": "3",
                                "Pt": "R",
                                "Dp": "6.6",
                                "$": "960"
                            }
                        ]
                    }
                ]
            }
        }
    }
}