{
    "SiteRep": {
        "Wx": {
            "Param": [
                {
                    "name": "G",
                    "units": "mph",
                    "$": "Wind Gust"
                },
                {
                    "name": "T",
                    "units": "C",
                    "$": "Temperature"
                },
                {
                    "name": "V",
                    "units": "m",
                    "$": "Visibility"
                },
                {
                    "name": "D",
                    "units": "compass",
                    "$": "Wind Direction"
                },
                {
                    "name": "S",
                    "units": "mph",
                    "$": "Wind Speed"
                },
                {
                    "name": "W",
                    "units": "",
                    "$": "Weather Type"
                },
                {
                    "name": "P",
                    "units": "hpa",
                    "$": "Pressure"
                },
                {
                    "name": "Pt",
                    "units": "Pa/s",
                    "$": "Pressure Tendency"
                },
                {
                    "name": "Dp",
                    "units": "C",
                    "$": "Dew Point"
                },
                {
                    "name": "H",
                    "units": "%",
                    "$": "Screen Relative Humidity"
                }
            ]
        },
        "DV": {
            "dataDate": "2025-08-15T16:00:00Z",
            "type": "Obs",
            "Location": {
                "i": "3772",
                "lat": "51.479",
                "lon": "-0.449",
                "name": "HEATHROW",
                "country": "ENGLAND",
                "continent": "EUROPE",
                "elevation": "25.0",
                "Period": [
                    {
                        "type": "Day",
                        "value": "2025-08-14Z",
                        "Rep": [
                            {
                                "D": "WSW",
                                "G": "19",
                                "H": "40.3",
                                "P": "1018",
                                "S": "9",
                                "T": "28.7",
                                "V": "65000",
                                "W": "7",
                                "Pt": "S",
                                "Dp": "14.0",
                                "$": "960"
                            },
                            {
                                "D": "W",
                                "G": "19",
                                "H": "40.7",
                                "P": "1018",
                                "S": "11",
                                "T": "27.5",
                                "V": "65000",
                                "W": "3",
                                "Pt": "S",
                                "Dp": "13.1",
                                "$": "1020"
                            },
                            {
                                "D": "W",
                                "G": "18",
                                "H": "40.9",
                                "P": "1018",
                                "S": "13",
                                "T": "27.3",
                                "V": "75000",
                                "W": "7",
                                "Pt": "R",
                                "Dp": "13.0",
                                "$": "1080"
                            },
                            {
                                "D": "W",
                                "G": "15",
                                "H": "47.2",
                                "P": "1019",
                                "S": "7",
                                "T": "25.9",
                                "V": "65000",
                                "W": "3",
                                "Pt": "R",
                                "Dp": "13.9",
                                "$": "1140"
                            },
                            {
                                "D": "NW",
                                "G": "17",
                                "H": "55.3",
                                "P": "1020",
                                "S": "6",
                                "T": "23.6",
                                "V": "60000",
                                "W": "0",
                                "Pt": "R",
                                "Dp": "14.2",
                                "$": "1200"
                            },
                            {
                                "D": "WNW",
                                "G": "14",
                                "H": "58.1",
                                "P": "1021",
                                "S": "8",
                                "T": "22.9",
                                "V": "55000",
                                "W": "0",
                                "Pt": "R",
                                "Dp": "14.3",
                                "$": "1260"
                            },
                            {
                                "D": "W",
                                "G": "14",
                                "H": "62.9",
                                "P": "1022",
                                "S": "8",
                                "T": "21.7",
                                "V": "55000",
                                "W": "0",
                                "Pt": "R",
                                "Dp": "14.4",
                                "$": "1320"
                            },
                            {
                                "D": "W",
                                "G": "13",
                                "H": "69.5",
                                "P": "1022",
                                "S": "6",
                                "T": "20.2",
                                "V": "55000",
                                "W": "0",
                                "Pt": "R",
                                "Dp": "14.5",
                                "$": "1380"
                            }
                        ]
                    },
                    {
                        "type": "Day",
                        "value": "2025-08-15Z",
                        "Rep": [
                            {
                                "D": "W",
                                "G": "9",
                                "H": "74.0",
                                "P": "1023",
                                "S": "6",
                                "T": "19.1",
                                "V": "55000",
                                "W": "0",
                                "Pt": "R",
                                "Dp": "14.4",
                                "$": "0"
                            },
                            {
                                "D": "W",
                                "G": "10",
                                "H": "75.4",
                                "P": "1023",
                                "S": "7",
                                "T": "18.9",
                                "V": "50000",
                                "W": "0",
                                "Pt": "R",
                                "Dp": "14.5",
                                "$": "60"
                            },
                            {
                                "D": "W",
                                "G": "10",
                                "H": "78.8",
                                "P": "1023",
                                "S": "5",
                                "T": "18.1",
                                "V": "55000",
                                "W": "0",
                                "Pt": "R",
                                "Dp": "14.4",
                                "$": "120"
                            },
                            {
                                "D": "WNW",
                                "G": "7",
                                "H": "81.9",
                                "P": "1023",
                                "S": "5",
                                "T": "17.5",
                                "V": "45000",
                                "W": "0",
                                "Pt": "R",
                                "Dp": "14.4",
                                "$": "180"
                            },
                            {
                                "D": "WNW",
                                "G": "7",
                                "H": "83.4",
                                "P": "1023",
                                "S": "3",
                                "T": "16.7",
                                "V": "45000",
                                "W": "0",
                                "Pt": "R",
                                "Dp": "13.9",
                                "$": "240"
                            },
                            {
                                "D": "NW",
                                "G": "6",
                                "H": "86.7",
                                "P": "1024",
                                "S": "2",
                                "T": "16.3",
                                "V": "40000",
                                "W": "1",
                                "Pt": "R",
                                "Dp": "14.1",
                                "$": "300"
                            },
                            {
                                "D": "W",
                                "G": "6",
                                "H": "87.9",
                                "P": "1024",
                                "S": "3",
                                "T": "16.8",
                                "V": "35000",
                                "W": "1",
                                "Pt": "R",
                                "Dp": "14.8",
                                "$": "360"
                            },
                            {
                                "D": "W",
                                "G": "6",
                                "H": "81.5",
                                "P": "1025",
                                "S": "3",
                                "T": "18.5",
                                "V": "35000",
                                "W": "1",
                                "Pt": "R",
                                "Dp": "15.3",
                                "$": "420"
                            },
                            {
                                "D": "NNE",
                                "G": "9",
                                "H": "70.1",
                                "P": "1025",
                                "S": "5",
                                "T": "21.0",
                                "V": "35000",
                                "W": "1",
                                "Pt": "R",
                                "Dp": "15.4",
                                "$": "480"
                            },
                            {
                                "D": "NNE",
                                "G": "9",
                                "H": "60.8",
                                "P": "1025",
                                "S": "3",
                                "T": "23.3",
                                "V": "55000",
                                "W": "1",
                                "Pt": "R",
                                "Dp": "15.4",
                                "$": "540"
                            },
                            {
                                "D": "N",
                                "G": "10",
                                "H": "50.4",
                                "P": "1025",
                                "S": "3",
                                "T": "25.1",
                                "V": "55000",
                                "W": "1",
                                "Pt": "R",
                                "Dp": "14.2",
                                "$": "600"
                            },
                            {
                                "D": "NNW",
                                "G": "14",
                                "H": "45.6",
                                "P": "1025",
                                "S": "5",
                                "T": "25.9",
                                "V": "65000",
                                "W": "1",
                                "Pt": "R",
                                "Dp": "13.4",
                                "$": "660"
                            },
                            {
                                "D": "E",
                                "G": "11",
                                "H": "42.3",
                                "P": "1025",
                                "S": "5",
                                "T": "27.5",
                                "V": "55000",
                                "W": "1",
                                "Pt": "F",
                                "Dp": "13.7",
                                "$": "720"
                            },
                            {
                                "D": "N",
                                "G": "14",
                                "H": "38.5",
                                "P": "1024",
                                "S": "3",
                                "T": "29.2",
                                "V": "60000",
                                "W": "1",
                                "Pt": "F",
                                "Dp": "13.8",
                                "$": "780"
                            },
                            {
                                "D": "ENE",
                                "G": "14",
                                "H": "36.3",
                                "P": "1024",
                                "S": "5",
                                "T": "29.4",
                                "V": "60000",
                                "W": "1",
                                "Pt": "F",
                                "Dp": "13.1",
                                "$": "840"
                            },
                            {
                                "D": "NNE",
                                "G": "14",
                                "H": "36.7",
                                "P": "1024",
                                "S": "5",
                                "T": "29.7",
                                "V": "55000",
                                "W": "1",
                                "Pt": "F",
                                "Dp": "13.5",
                                "$": "900"
                            },
                            {
                                "D": "N",
                                "G": "14",
                                "H": "35.8",
                                "P": "1024",
                                "S": "8",
                                "T": "29.3",
                                "V": "50000",
                                "W": "1",
                                "Pt": "F",
                                "Dp": "12.8",
                                "$": "960"
                            }
                        ]
                    }
                ]
            }
        }
    }
}