{
    "SiteRep": {
        "Wx": {
            "Param": [
                {
                    "name": "G",
                    "units": "mph",
                    "$": "Wind Gust"
                },
                {
                    "name": "T",
                    "units": "C",
                    "$": "Temperature"
                },
                {
                    "name": "V",
                    "units": "m",
                    "$": "Visibility"
                },
                {
                    "name": "D",
                    "units": "compass",
                    "$": "Wind Direction"
                },
                {
                    "name": "S",
                    "units": "mph",
                    "$": "Wind Speed"
                },
                {
                    "name": "W",
                    "units": "",
                    "$": "Weather Type"
                },
                {
                    "name": "P",
                    "units": "hpa",
                    "$": "Pressure"
                },
                {
                    "name": "Pt",
                    "units": "Pa/s",
                    "$": "Pressure Tendency"
                },
                {
                    "name": "Dp",
                    "units": "C",
                    "$": "Dew Point"
                },
                {
                    "name": "H",
                    "units": "%",
                    "$": "Screen Relative Humidity"
                }
            ]
        },
        "DV": {
            "dataDate": "2023-11-22T16:00:00Z",
            "type": "Obs",
            "Location": {
                "i": "3772",
                "lat": "51.479",
                "lon": "-0.449",
                "name": "HEATHROW",
                "country": "ENGLAND",
                "continent": "EUROPE",
                "elevation": "25.0",
                "Period": [
                    {
                        "type": "Day",
                        "value": "2023-11-21Z",
                        "Rep": [
                            {
                                "D": "N",
                                "G": "18",
                                "H": "80.2",
                                "P": "1026",
                                "S": "7",
                                "T": "10.1",
                                "V": "30000",
                                "W": "8",
                                "Pt": "R",
                                "Dp": "6.9",
                                "$": "960"
                            },
                            {
                                "D": "N",
                                "G": "18",
                                "H": "78.5",
                                "P": "1027",
                                "S": "9",
                                "T": "9.5",
                                "V": "35000",
                                "W": "7",
                                "Pt": "R",
                                "Dp": "6.0",
                                "$": "1020"
                            },
                            {
                                "D": "N",
                                "G": "18",
                                "H": "80.0",
                                "P": "1028",
                                "S": "8",
                                "T": "8.7",
                                "V": "35000",
                                "W": "7",
                                "Pt": "R",
                                "Dp": "5.5",
                                "$": "1080"
                            },
                            {
                                "D": "N",
                                "G": "15",
                                "H": "80.1",
                                "P": "1029",
                                "S": "6",
                                "T": "9.0",
                                "V": "35000",
                                "W": "8",
                                "Pt": "R",
                                "Dp": "5.8",
                                "$": "1140"
                            },
                            {
                                "D": "N",
                                "G": "15",
                                "H": "80.1",
                                "P": "1029",
                                "S": "9",
                                "T": "9.0",
                                "V": "30000",
                                "W": "8",
                                "Pt": "R",
                                "Dp": "5.8",
                                "$": "1200"
                            },
                            {
                                "D": "N",
                                "G": "14",
                                "H": "80.0",
                                "P": "1030",
                                "S": "8",
                                "T": "8.9",
                                "V": "30000",
                                "W": "8",
                                "Pt": "R",
                                "Dp": "5.7",
                                "$": "1260"
                            },
                            {
                                "D": "NNW",
                                "G": "11",
                                "H": "82.9",
                                "P": "1030",
                                "S": "6",
                                "T": "8.5",
                                "V": "30000",
                                "W": "8",
                                "Pt": "R",
                                "Dp": "5.8",
                                "$": "1320"
                            },
                            {
                                "D": "N",
                                "G": "11",
                                "H": "82.8",
                                "P": "1030",
                                "S": "7",
                                "T": "8.2",
                                "V": "30000",
                                "W": "8",
                                "Pt": "R",
                                "Dp": "5.5",
                                "$": "1380"
                            }
                        ]
                    },
                    {
                        "type": "Day",
                        "value": "2023-11-22Z",
                        "Rep": [
                            {
                                "D": "N",
                                "G": "11",
                                "H": "86.2",
                                "P": "1030",
                                "S": "5",
                                "T": "7.2",
                                "V": "30000",
                                "W": "0",
                                "Pt": "R",
                                "Dp": "5.1",
                                "$": "0"
                            },
                            {
                                "D": "NNW",
                                "G": "9",
                                "H": "89.9",
                                "P": "1030",
                                "S": "5",
                                "T": "6.7",
                                "V": "30000",
                                "W": "8",
                                "Pt": "R",
                                "Dp": "5.2",
                                "$": "60"
                            },
                            {
                                "D": "NNW",
                                "G": "9",
                                "H": "89.4",
                                "P": "1030",
                                "S": "5",
                                "T": "6.9",
                                "V": "30000",
                                "W": "8",
                                "Pt": "R",
                                "Dp": "5.3",
                                "$": "120"
                            },
                            {
                                "D": "WNW",
                                "G": "7",
                                "H": "90.6",
                                "P": "1030",
                                "S": "2",
                                "T": "6.4",
                                "V": "23000",
                                "W": "8",
                                "Pt": "R",
                                "Dp": "5.0",
                                "$": "180"
                            },
                            {
                                "D": "WNW",
                                "G": "7",
                                "H": "92.6",
                                "P": "1031",
                                "S": "3",
                                "T": "5.9",
                                "V": "25000",
                                "W": "2",
                                "Pt": "R",
                                "Dp": "4.8",
                                "$": "240"
                            },
                            {
                                "D": "W",
                                "G": "7",
                                "H": "93.1",
                                "P": "1031",
                                "S": "3",
                                "T": "5.9",
                                "V": "19000",
                                "W": "8",
                                "Pt": "R",
                                "Dp": "4.9",
                                "$": "300"
                            },
                            {
                                "D": "SSW",
                                "G": "7",
                                "H": "93.2",
                                "P": "1031",
                                "S": "2",
                                "T": "5.4",
                                "V": "15000",
                                "W": "8",
                                "Pt": "R",
                                "Dp": "4.4",
                                "$": "360"
                            },
                            {
                                "D": "S",
                                "G": "7",
                                "H": "94.5",
                                "P": "1031",
                                "S": "5",
                                "T": "5.9",
                                "V": "18000",
                                "W": "8",
                                "Pt": "F",
                                "Dp": "5.1",
                                "$": "420"
                            },
                            {
                                "D": "SSW",
                                "G": "9",
                                "H": "94.6",
                                "P": "1031",
                                "S": "5",
                                "T": "6.3",
                                "V": "19000",
                                "W": "8",
                                "Pt": "R",
                                "Dp": "5.5",
                                "$": "480"
                            },
                            {
                                "D": "W",
                                "G": "8",
                                "H": "91.3",
                                "P": "1031",
                                "S": "3",
                                "T": "6.8",
                                "V": "19000",
                                "W": "8",
                                "Pt": "R",
                                "Dp": "5.5",
                                "$": "540"
                            },
                            {
                                "D": "S",
                                "G": "9",
                                "H": "84.4",
                                "P": "1031",
                                "S": "6",
                                "T": "7.8",
                                "V": "26000",
                                "W": "8",
                                "Pt": "R",
                                "Dp": "5.4",
                                "$": "600"
                            },
                            {
                                "D": "SSW",
                                "G": "14",
                                "H": "82.3",
                                "P": "1031",
                                "S": "8",
                                "T": "8.5",
                                "V": "30000",
                                "W": "8",
                                "Pt": "F",
                                "Dp": "5.7",
                                "$": "660"
                            },
                            {
                                "D": "WSW",
                                "G": "15",
                                "H": "77.9",
                                "P": "1030",
                                "S": "10",
                                "T": "9.4",
                                "V": "40000",
                                "W": "8",
                                "Pt": "F",
                                "Dp": "5.8",
                                "$": "720"
                            },
                            {
                                "D": "WSW",
                                "G": "18",
                                "H": "79.0",
                                "P": "1029",
                                "S": "10",
                                "T": "9.8",
                                "V": "30000",
                                "W": "8",
                                "Pt": "F",
                                "Dp": "6.4",
                                "$": "780"
                            },
                            {
                                "D": "WSW",
                                "G": "16",
                                "H": "80.8",
                                "P": "1029",
                                "S": "10",
                                "T": "10.0",
                                "V": "30000",
                                "W": "8",
                                "Pt": "F",
                                "Dp": "6.9",
                                "$": "840"
                            },
                            {
                                "D": "WSW",
                                "G": "16",
                                "H": "82.5",
                                "P": "1028",
                                "S": "11",
                                "T": "10.2",
                                "V": "30000",
                                "W": "8",
                                "Pt": "F",
                                "Dp": "7.4",
                                "$": "900"
                            },
                            {
                                "D": "WSW",
                                "G": "17",
                                "H": "84.2",
                                "P": "1028",
                                "S": "10",
                                "T": "10.3",
                                "V": "30000",
                                "W": "8",
                                "Pt": "F",
                                "Dp": "7.8",
                                "$": "960"
                            }
                        ]
                    }
                ]
            }
        }
    }
}