{
    "SiteRep": {
        "Wx": {
            "Param": [
                {
                    "name": "G",
                    "units": "mph",
                    "$": "Wind Gust"
                },
                {
                    "name": "T",
                    "units": "C",
                    "$": "Temperature"
                },
                {
                    "name": "V",
                    "units": "m",
                    "$": "Visibility"
                },
                {
                    "name": "D",
                    "units": "compass",
                    "$": "Wind Direction"
                },
                {
                    "name": "S",
                    "units": "mph",
                    "$": "Wind Speed"
                },
                {
                    "name": "W",
                    "units": "",
                    "$": "Weather Type"
                },
                {
                    "name": "P",
                    "units": "hpa",
                    "$": "Pressure"
                },
                {
                    "name": "Pt",
                    "units": "Pa/s",
                    "$": "Pressure Tendency"
                },
                {
                    "name": "Dp",
                    "units": "C",
                    "$": "Dew Point"
                },
                {
                    "name": "H",
                    "units": "%",
                    "$": "Screen Relative Humidity"
                }
            ]
        },
        "DV": {
            "dataDate": "2024-12-05T16:00:00Z",
            "type": "Obs",
            "Location": {
                "i": "3772",
                "lat": "51.479",
                "lon": "-0.449",
                "name": "HEATHROW",
                "country": "ENGLAND",
                "continent": "EUROPE",
                "elevation": "25.0",
                "Period": [
                    {
                        "type": "Day",
                        "value": "2024-12-04Z",
                        "Rep": [
                            {
                                "D": "S",
                                "G": "11",
                                "H": "84.2",
                                "P": "1024",
                                "S": "7",
                                "T": "9.1",
                                "V": "30000",
                                "W": "8",
                                "Pt": "F",
                                "Dp": "6.6",
                                "$": "960"
                            },
                            {
                                "D": "SSE",
                                "G": "14",
                                "H": "83.5",
                                "P": "1023",
                                "S": "9",
                                "T": "9.3",
                                "V": "35000",
                                "W": "8",
                                "Pt": "F",
                                "Dp": "6.7",
                                "$": "1020"
                            },
                            {
                                "D": "S",
                                "G": "15",
                                "H": "81.3",
                                "P": "1022",
                                "S": "8",
                                "T": "9.4",
                                "V": "40000",
                                "W": "8",
                                "Pt": "F",
                                "Dp": "6.4",
                                "$": "1080"
                            },
                            {
                                "D": "S",
                                "G": "16",
                                "H": "80.8",
                                "P": "1022",
                                "S": "10",
                                "T": "9.9",
                                "V": "45000",
                                "W": "8",
                                "Pt": "F",
                                "Dp": "6.8",
                                "$": "1140"
                            },
                            {
                                "D": "S",
                                "G": "16",
                                "H": "81.4",
                                "P": "1021",
                                "S": "9",
                                "T": "10.0",
                                "V": "35000",
                                "W": "8",
                                "Pt": "F",
                                "Dp": "7.0",
                                "$": "1200"
                            },
                            {
                                "D": "S",
                                "G": "18",
                                "H": "87.2",
                                "P": "1021",
                                "S": "10",
                                "T": "9.5",
                                "V": "5000",
                                "W": "12",
                                "Pt": "F",
                                "Dp": "7.5",
                                "$": "1260"
                            },
                            {
                                "D": "S",
                                "G": "19",
                                "H": "90.2",
                                "P": "1020",
                                "S": "13",
                                "T": "9.2",
                                "V": "18000",
                                "W": "12",
                                "Pt": "F",
                                "Dp": "7.7",
                                "$": "1320"
                            },
                            {
                                "D": "S",
                                "G": "22",
                                "H": "92.2",
                                "P": "1018",
                                "S": "14",
                                "T": "9.3",
                                "V": "22000",
                                "W": "8",
                                "Pt": "F",
                                "Dp": "8.1",
                                "$": "1380"
                            }
                        ]
                    },
                    {
                        "type": "Day",
                        "value": "2024-12-05Z",
                        "Rep": [
                            {
                                "D": "S",
                                "G": "23",
                                "H": "92.1",
                                "P": "1017",
                                "S": "14",
                                "T": "9.7",
                                "V": "11000",
                                "W": "8",
                                "Pt": "F",
                                "Dp": "8.5",
                                "$": "0"
                            },
                            {
                                "D": "S",
                                "G": "24",
                                "H": "92.8",
                                "P": "1016",
                                "S": "15",
                                "T": "9.8",
                                "V": "35000",
                                "W": "8",
                                "Pt": "F",
                                "Dp": "8.7",
                                "$": "60"
                            },
                            {
                                "D": "S",
                                "G": "25",
                                "H": "92.8",
                                "P": "1014",
                                "S": "16",
                                "T": "10.0",
                                "V": "30000",
                                "W": "8",
                                "Pt": "F",
                                "Dp": "8.9",
                                "$": "120"
                            },
                            {
                                "D": "S",
                                "G": "28",
                                "H": "92.8",
                                "P": "1013",
                                "S": "19",
                                "T": "10.4",
                                "V": "30000",
                                "W": "11",
                                "Pt": "F",
                                "Dp": "9.3",
                                "$": "180"
                            },
                            {
                                "D": "S",
                                "G": "29",
                                "H": "94.7",
                                "P": "1011",
                                "S": "19",
                                "T": "10.4",
                                "V": "5000",
                                "W": "12",
                                "Pt": "F",
                                "Dp": "9.6",
                                "$": "240"
                            },
                            {
                                "D": "S",
                                "G": "31",
                                "H": "94.1",
                                "P": "1010",
                                "S": "16",
                                "T": "10.7",
                                "V": "6000",
                                "W": "11",
                                "Pt": "F",
                                "Dp": "9.8",
                                "$": "300"
                            },
                            {
                                "D": "S",
                                "G": "25",
                                "H": "96.7",
                                "P": "1009",
                                "S": "15",
                                "T": "11.0",
                                "V": "8000",
                                "W": "11",
                                "Pt": "F",
                                "Dp": "10.5",
                                "$": "360"
                            },
                            {
                                "D": "S",
                                "G": "19",
                                "H": "98.0",
                                "P": "1009",
                                "S": "10",
                                "T": "11.9",
                                "V": "10000",
                                "W": "8",
                                "Pt": "F",
                                "Dp": "11.6",
                                "$": "420"
                            },
                            {
                                "D": "SW",
                                "G": "17",
                                "H": "96.2",
                                "P": "1009",
                                "S": "11",
                                "T": "13.2",
                                "V": "16000",
                                "W": "8",
                                "Pt": "F",
                                "Dp": "12.6",
                                "$": "480"
                            },
                            {
                                "D": "SW",
                                "G": "19",
                                "H": "91.9",
                                "P": "1009",
                                "S": "14",
                                "T": "13.8",
                                "V": "60000",
                                "W": "8",
                                "Pt": "F",
                                "Dp": "12.5",
                                "$": "540"
                            },
                            {
                                "D": "WSW",
                                "G": "23",
                                "H": "89.4",
                                "P": "1009",
                                "S": "16",
                                "T": "14.0",
                                "V": "50000",
                                "W": "8",
                                "Pt": "F",
                                "Dp": "12.3",
                                "$": "600"
                            },
                            {
                                "D": "WSW",
                                "G": "23",
                                "H": "90.1",
                                "P": "1009",
                                "S": "16",
                                "T": "14.1",
                                "V": "75000",
                                "W": "8",
                                "Pt": "F",
                                "Dp": "12.5",
                                "$": "660"
                            },
                            {
                                "D": "WSW",
                                "G": "22",
                                "H": "85.5",
                                "P": "1008",
                                "S": "14",
                                "T": "14.6",
                                "V": "75000",
                                "W": "8",
                                "Pt": "F",
                                "Dp": "12.2",
                                "$": "720"
                            },
                            {
                                "D": "SW",
                                "G": "23",
                                "H": "87.7",
                                "P": "1007",
                                "S": "14",
                                "T": "14.1",
                                "V": "65000",
                                "W": "8",
                                "Pt": "F",
                                "Dp": "12.1",
                                "$": "780"
                            },
                            {
                                "D": "SSW",
                                "G": "21",
                                "H": "86.6",
                                "P": "1006",
                                "S": "11",
                                "T": "14.0",
                                "V": "65000",
                                "W": "8",
                                "Pt": "F",
                                "Dp": "11.8",
                                "$": "840"
                            },
                            {
                                "D": "SW",
                                "G": "24",
                                "H": "84.3",
                                "P": "1006",
                                "S": "16",
                                "T": "14.0",
                                "V": "55000",
                                "W": "8",
                                "Pt": "F",
                                "Dp": "11.4",
                                "$": "900"
                            },
                            {
                                "D": "SSW",
                                "G": "24",
                                "H": "84.8",
                                "P": "1004",
                                "S": "16",
                                "T": "13.7",
                                "V": "24000",
                                "W": "12",
                                "Pt": "F",
                                "Dp": "11.2",
                                "$": "960"
                            }
                        ]
                    }
                ]
            }
        }
    }
}