{
    "SiteRep": {
        "Wx": {
            "Param": [
                {
                    "name": "G",
                    "units": "mph",
                    "$": "Wind Gust"
                },
                {
                    "name": "T",
                    "units": "C",
                    "$": "Temperature"
                },
                {
                    "name": "V",
                    "units": "m",
                    "$": "Visibility"
                },
                {
                    "name": "D",
                    "units": "compass",
                    "$": "Wind Direction"
                },
                {
                    "name": "S",
                    "units": "mph",
                    "$": "Wind Speed"
                },
                {
                    "name": "W",
                    "units": "",
                    "$": "Weather Type"
                },
                {
                    "name": "P",
                    "units": "hpa",
                    "$": "Pressure"
                },
                {
                    "name": "Pt",
                    "units": "Pa/s",
                    "$": "Pressure Tendency"
                },
                {
                    "name": "Dp",
                    "units": "C",
                    "$": "Dew Point"
                },
                {
                    "name": "H",
                    "units": "%",
                    "$": "Screen Relative Humidity"
                }
            ]
        },
        "DV": {
            "dataDate": "2023-08-15T16:00:00Z",
            "type": "Obs",
            "Location": {
                "i": "3772",
                "lat": "51.479",
                "lon": "-0.449",
                "name": "HEATHROW",
                "country": "ENGLAND",
                "continent": "EUROPE",
                "elevation": "25.0",
                "Period": [
                    {
                        "type": "Day",
                        "value": "2023-08-14Z",
                        "Rep": [
                            {
                                "D": "SSW",
                                "G": "24",
                                "H": "86.0",
                                "P": "1010",
                                "S": "16",
                                "T": "19.4",
                                "V": "29000",
                                "W": "12",
                                "Pt": "R",
                                "Dp": "17.0",
                                "$": "960"
                            },
                            {
                                "D": "S",
                                "G": "23",
                                "H": "77.2",
                                "P": "1009",
                                "S": "15",
                                "T": "19.8",
                                "V": "40000",
                                "W": "7",
                                "Pt": "R",
                                "Dp": "15.7",
                                "$": "1020"
                            },
                            {
                                "D": "SSW",
                                "G": "23",
                                "H": "75.6",
                                "P": "1010",
                                "S": "15",
                                "T": "19.6",
                                "V": "45000",
                                "W": "8",
                                "Pt": "R",
                                "Dp": "15.2",
                                "$": "1080"
                            },
                            {
                                "D": "SSW",
                                "G": "19",
                                "H": "78.5",
                                "P": "1010",
                                "S": "13",
                                "T": "18.8",
                                "V": "35000",
                                "W": "8",
                                "Pt": "R",
                                "Dp": "15.0",
                                "$": "1140"
                            },
                            {
                                "D": "SSW",
                                "G": "18",
                                "H": "82.0",
                                "P": "1011",
                                "S": "13",
                                "T": "18.1",
                                "V": "40000",
                                "W": "8",
                                "Pt": "R",
                                "Dp": "15.0",
                                "$": "1200"
                            },
                            {
                                "D": "SSW",
                                "G": "16",
                                "H": "85.7",
                                "P": "1011",
                                "S": "10",
                                "T": "17.4",
                                "V": "30000",
                                "W": "2",
                                "Pt": "R",
                                "Dp": "15.0",
                                "$": "1260"
                            },
                            {
                                "D": "SW",
                                "G": "16",
                                "H": "89.1",
                                "P": "1012",
                                "S": "8",
                                "T": "16.9",
                                "V": "29000",
                                "W": "8",
                                "Pt": "R",
                                "Dp": "15.1",
                                "$": "1320"
                            },
                            {
                                "D": "SW",
                                "G": "11",
                                "H": "91.4",
                                "P": "1012",
                                "S": "5",
                                "T": "15.9",
                                "V": "27000",
                                "W": "7",
                                "Pt": "R",
                                "Dp": "14.5",
                                "$": "1380"
                            }
                        ]
                    },
                    {
                        "type": "Day",
                        "value": "2023-08-15Z",
                        "Rep": [
                            {
                                "D": "W",
                                "G": "7",
                                "H": "88.4",
                                "P": "1012",
                                "S": "3",
                                "T": "15.6",
                                "V": "30000",
                                "W": "0",
                                "Pt": "R",
                                "Dp": "13.7",
                                "$": "0"
                            },
                            {
                                "D": "SW",
                                "G": "8",
                                "H": "86.0",
                                "P": "1012",
                                "S": "5",
                                "T": "14.1",
                                "V": "45000",
                                "W": "0",
                                "Pt": "R",
                                "Dp": "11.8",
                                "$": "60"
                            },
                            {
                                "D": "WSW",
                                "G": "8",
                                "H": "88.8",
                                "P": "1012",
                                "S": "5",
                                "T": "13.7",
                                "V": "40000",
                                "W": "0",
                                "Pt": "R",
                                "Dp": "11.9",
                                "$": "120"
                            },
                            {
                                "D": "W",
                                "G": "8",
                                "H": "91.1",
                                "P": "1013",
                                "S": "6",
                                "T": "13.1",
                                "V": "35000",
                                "W": "0",
                                "Pt": "R",
                                "Dp": "11.7",
                                "$": "180"
                            },
                            {
                                "D": "SW",
                                "G": "8",
                                "H": "93.6",
                                "P": "1013",
                                "S": "6",
                                "T": "12.7",
                                "V": "35000",
                                "W": "0",
                                "Pt": "R",
                                "Dp": "11.7",
                                "$": "240"
                            },
                            {
                                "D": "SW",
                                "G": "9",
                                "H": "94.2",
                                "P": "1013",
                                "S": "6",
                                "T": "12.5",
                                "V": "30000",
                                "W": "1",
                                "Pt": "R",
                                "Dp": "11.6",
                                "$": "300"
                            },
                            {
                                "D": "SSW",
                                "G": "10",
                                "H": "91.8",
                                "P": "1014",
                                "S": "7",
                                "T": "13.6",
                                "V": "35000",
                                "W": "1",
                                "Pt": "R",
                                "Dp": "12.3",
                                "$": "360"
                            },
                            {
                                "D": "WSW",
                                "G": "11",
                                "H": "89.5",
                                "P": "1015",
                                "S": "5",
                                "T": "15.0",
                                "V": "35000",
                                "W": "1",
                                "Pt": "R",
                                "Dp": "13.3",
                                "$": "420"
                            },
                            {
                                "D": "WSW",
                                "G": "10",
                                "H": "83.4",
                                "P": "1015",
                                "S": "7",
                                "T": "16.8",
                                "V": "35000",
                                "W": "1",
                                "Pt": "R",
                                "Dp": "14.0",
                                "$": "480"
                            },
                            {
                                "D": "W",
                                "G": "13",
                                "H": "74.4",
                                "P": "1016",
                                "S": "8",
                                "T": "18.4",
                                "V": "40000",
                                "W": "1",
                                "Pt": "R",
                                "Dp": "13.8",
                                "$": "540"
                            },
                            {
                                "D": "W",
                                "G": "15",
                                "H": "70.3",
                                "P": "1016",
                                "S": "9",
                                "T": "19.1",
                                "V": "45000",
                                "W": "7",
                                "Pt": "R",
                                "Dp": "13.6",
                                "$": "600"
                            },
                            {
                                "D": "WSW",
                                "G": "16",
                                "H": "67.1",
                                "P": "1016",
                                "S": "8",
                                "T": "20.9",
                                "V": "50000",
                                "W": "1",
                                "Pt": "R",
                                "Dp": "14.6",
                                "$": "660"
                            },
                            {
                                "D": "SW",
                                "G": "19",
                                "H": "54.8",
                                "P": "1016",
                                "S": "9",
                                "T": "22.8",
                                "V": "45000",
                                "W": "3",
                                "Pt": "S",
                                "Dp": "13.3",
                                "$": "720"
                            },
                            {
                                "D": "W",
                                "G": "16",
                                "H": "56.3",
                                "P": "1016",
                                "S": "9",
                                "T": "23.0",
                                "V": "50000",
                                "W": "3",
                                "Pt": "R",
                                "Dp": "13.9",
                                "$": "780"
                            },
                            {
                                "D": "WSW",
                                "G": "14",
                                "H": "48.0",
                                "P": "1016",
                                "S": "7",
                                "T": "24.1",
                                "V": "65000",
                                "W": "1",
                                "Pt": "R",
                                "Dp": "12.5",
                                "$": "840"
                            },
                            {
                                "D": "WNW",
                                "G": "14",
                                "H": "47.3",
                                "P": "1016",
                                "S": "7",
                                "T": "23.7",
                                "V": "60000",
                                "W": "8",
                                "Pt": "R",
                                "Dp": "11.9",
                                "$": "900"
                            },
                            {
                                "D": "W",
                                "G": "14",
                                "H": "47.1",
                                "P": "1016",
                                "S": "7",
                                "T": "24.2",
                                "V": "60000",
                                "W": "7",
                                "Pt": "R",
                                "Dp": "12.3",
                                "$": "960"
                            }
                        ]
                    }
                ]
            }
        }
    }
}
