{
    "SiteRep": {
        "Wx": {
            "Param": [
                {
                    "name": "G",
                    "units": "mph",
                    "$": "Wind Gust"
                },
                {
                    "name": "T",
                    "units": "C",
                    "$": "Temperature"
                },
                {
                    "name": "V",
                    "units": "m",
                    "$": "Visibility"
                },
                {
                    "name": "D",
                    "units": "compass",
                    "$": "Wind Direction"
                },
                {
                    "name": "S",
                    "units": "mph",
                    "$": "Wind Speed"
                },
                {
                    "name": "W",
                    "units": "",
                    "$": "Weather Type"
                },
                {
                    "name": "P",
                    "units": "hpa",
                    "$": "Pressure"
                },
                {
                    "name": "Pt",
                    "units": "Pa/s",
                    "$": "Pressure Tendency"
                },
                {
                    "name": "Dp",
                    "units": "C",
                    "$": "Dew Point"
                },
                {
                    "name": "H",
                    "units": "%",
                    "$": "Screen Relative Humidity"
                }
            ]
        },
        "DV": {
            "dataDate": "2025-08-28T15:00:00Z",
            "type": "Obs",
            "Location": {
                "i": "3772",
                "lat": "51.479",
                "lon": "-0.449",
                "name": "HEATHROW",
                "country": "ENGLAND",
                "continent": "EUROPE",
                "elevation": "25.0",
                "Period": [
                    {
                        "type": "Day",
                        "value": "2025-08-27Z",
                        "Rep": [
                            {
                                "D": "SSW",
                                "G": "28",
                                "H": "63.3",
                                "P": "1003",
                                "S": "16",
                                "T": "20.7",
                                "V": "35000",
                                "W": "8",
                                "Pt": "F",
                                "Dp": "13.5",
                                "$": "960"
                            },
                            {
                                "D": "S",
                                "G": "28",
                                "H": "85.9",
                                "P": "1003",
                                "S": "9",
                                "T": "18.3",
                                "V": "30000",
                                "W": "8",
                                "Pt": "F",
                                "Dp": "15.9",
                                "$": "1020"
                            },
                            {
                                "D": "SSW",
                                "G": "24",
                                "H": "75.2",
                                "P": "1003",
                                "S": "14",
                                "T": "19.3",
                                "V": "35000",
                                "W": "8",
                                "Pt": "F",
                                "Dp": "14.8",
                                "$": "1080"
                            },
                            {
                                "D": "SSW",
                                "G": "21",
                                "H": "74.6",
                                "P": "1003",
                                "S": "10",
                                "T": "18.8",
                                "V": "45000",
                                "W": "2",
                                "Pt": "R",
                                "Dp": "14.2",
                                "$": "1140"
                            },
                            {
                                "D": "SSW",
                                "G": "16",
                                "H": "77.4",
                                "P": "1004",
                                "S": "9",
                                "T": "18.2",
                                "V": "40000",
                                "W": "8",
                                "Pt": "R",
                                "Dp": "14.2",
                                "$": "1200"
                            },
                            {
                                "D": "SSW",
                                "G": "16",
                                "H": "81.0",
                                "P": "1004",
                                "S": "10",
                                "T": "17.9",
                                "V": "35000",
                                "W": "8",
                                "Pt": "R",
                                "Dp": "14.6",
                                "$": "1260"
                            },
                            {
                                "D": "SW",
                                "G": "14",
                                "H": "83.1",
                                "P": "1004",
                                "S": "6",
                                "T": "17.5",
                                "V": "30000",
                                "W": "8",
                                "Pt": "R",
                                "Dp": "14.6",
                                "$": "1320"
                            },
                            {
                                "D": "SW",
                                "G": "10",
                                "H": "82.0",
                                "P": "1004",
                                "S": "7",
                                "T": "17.0",
                                "V": "27000",
                                "W": "8",
                                "Pt": "S",
                                "Dp": "13.9",
                                "$": "1380"
                            }
                        ]
                    },
                    {
                        "type": "Day",
                        "value": "2025-08-28Z",
                        "Rep": [
                            {
                                "D": "SW",
                                "G": "9",
                                "H": "84.0",
                                "P": "1004",
                                "S": "6",
                                "T": "16.6",
                                "V": "27000",
                                "W": "8",
                                "Pt": "S",
                                "Dp": "13.9",
                                "$": "0"
                            },
                            {
                                "D": "SW",
                                "G": "8",
                                "H": "87.9",
                                "P": "1003",
                                "S": "6",
                                "T": "15.9",
                                "V": "24000",
                                "W": "7",
                                "Pt": "F",
                                "Dp": "13.9",
                                "$": "60"
                            },
                            {
                                "D": "W",
                                "G": "8",
                                "H": "90.2",
                                "P": "1003",
                                "S": "3",
                                "T": "15.4",
                                "V": "24000",
                                "W": "2",
                                "Pt": "F",
                                "Dp": "13.8",
                                "$": "120"
                            },
                            {
                                "D": "W",
                                "G": "5",
                                "H": "92.5",
                                "P": "1003",
                                "S": "3",
                                "T": "14.6",
                                "V": "21000",
                                "W": "7",
                                "Pt": "F",
                                "Dp": "13.4",
                                "$": "180"
                            },
                            {
                                "D": "WSW",
                                "G": "6",
                                "H": "93.7",
                                "P": "1003",
                                "S": "5",
                                "T": "13.5",
                                "V": "26000",
                                "W": "0",
                                "Pt": "F",
                                "Dp": "12.5",
                                "$": "240"
                            },
                            {
                                "D": "WSW",
                                "G": "5",
                                "H": "92.4",
                                "P": "1003",
                                "S": "3",
                                "T": "12.8",
                                "V": "30000",
                                "W": "0",
                                "Pt": "F",
                                "Dp": "11.6",
                                "$": "300"
                            },
                            {
                                "D": "S",
                                "G": "9",
                                "H": "87.7",
                                "P": "1003",
                                "S": "5",
                                "T": "13.8",
                                "V": "30000",
                                "W": "1",
                                "Pt": "F",
                                "Dp": "11.8",
                                "$": "360"
                            },
                            {
                                "D": "SSW",
                                "G": "10",
                                "H": "80.6",
                                "P": "1003",
                                "S": "6",
                                "T": "14.9",
                                "V": "35000",
                                "W": "1",
                                "Pt": "R",
                                "Dp": "11.6",
                                "$": "420"
                            },
                            {
                                "D": "SW",
                                "G": "14",
                                "H": "72.8",
                                "P": "1003",
                                "S": "9",
                                "T": "16.9",
                                "V": "35000",
                                "W": "1",
                                "Pt": "R",
                                "Dp": "12.0",
                                "$": "480"
                            },
                            {
                                "D": "S",
                                "G": "17",
                                "H": "64.2",
                                "P": "1003",
                                "S": "9",
                                "T": "18.7",
                                "V": "35000",
                                "W": "1",
                                "Pt": "F",
                                "Dp": "11.8",
                                "$": "540"
                            },
                            {
                                "D": "SW",
                                "G": "19",
                                "H": "57.1",
                                "P": "1003",
                                "S": "14",
                                "T": "19.6",
                                "V": "40000",
                                "W": "1",
                                "Pt": "F",
                                "Dp": "10.9",
                                "$": "600"
                            },
                            {
                                "D": "SSW",
                                "G": "18",
                                "H": "58.9",
                                "P": "1002",
                                "S": "14",
                                "T": "20.5",
                                "V": "35000",
                                "W": "1",
                                "Pt": "F",
                                "Dp": "12.2",
                                "$": "660"
                            },
                            {
                                "D": "S",
                                "G": "28",
                                "H": "56.7",
                                "P": "1002",
                                "S": "15",
                                "T": "20.8",
                                "V": "60000",
                                "W": "3",
                                "Pt": "F",
                                "Dp": "11.9",
                                "$": "720"
                            },
                            {
                                "D": "SSW",
                                "G": "29",
                                "H": "70.6",
                                "P": "1002",
                                "S": "18",
                                "T": "18.1",
                                "V": "10000",
                                "W": "12",
                                "Pt": "F",
                                "Dp": "12.7",
                                "$": "780"
                            },
                            {
                                "D": "SSW",
                                "G": "26",
                                "H": "62.0",
                                "P": "1001",
                                "S": "15",
                                "T": "20.0",
                                "V": "55000",
                                "W": "8",
                                "Pt": "F",
                                "Dp": "12.5",
                                "$": "840"
                            },
                            {
                                "D": "SSW",
                                "G": "28",
                                "H": "61.4",
                                "P": "1000",
                                "S": "15",
                                "T": "20.7",
                                "V": "45000",
                                "W": "8",
                                "Pt": "F",
                                "Dp": "13.0",
                                "$": "960"
                            }
                        ]
                    }
                ]
            }
        }
    }
}