{
    "SiteRep": {
        "Wx": {
            "Param": [
                {
                    "name": "G",
                    "units": "mph",
                    "$": "Wind Gust"
                },
                {
                    "name": "T",
                    "units": "C",
                    "$": "Temperature"
                },
                {
                    "name": "V",
                    "units": "m",
                    "$": "Visibility"
                },
                {
                    "name": "D",
                    "units": "compass",
                    "$": "Wind Direction"
                },
                {
                    "name": "S",
                    "units": "mph",
                    "$": "Wind Speed"
                },
                {
                    "name": "W",
                    "units": "",
                    "$": "Weather Type"
                },
                {
                    "name": "P",
                    "units": "hpa",
                    "$": "Pressure"
                },
                {
                    "name": "Pt",
                    "units": "Pa/s",
                    "$": "Pressure Tendency"
                },
                {
                    "name": "Dp",
                    "units": "C",
                    "$": "Dew Point"
                },
                {
                    "name": "H",
                    "units": "%",
                    "$": "Screen Relative Humidity"
                }
            ]
        },
        "DV": {
            "dataDate": "2024-05-10T16:00:00Z",
            "type": "Obs",
            "Location": {
                "i": "3772",
                "lat": "51.479",
                "lon": "-0.449",
                "name": "HEATHROW",
                "country": "ENGLAND",
                "continent": "EUROPE",
                "elevation": "25.0",
                "Period": [
                    {
                        "type": "Day",
                        "value": "2024-05-09Z",
                        "Rep": [
                            {
                                "D": "NW",
                                "G": "9",
                                "H": "39.8",
                                "P": "1024",
                                "S": "6",
                                "T": "23.8",
                                "V": "55000",
                                "W": "3",
                                "Pt": "F",
                                "Dp": "9.5",
                                "$": "960"
                            },
                            {
                                "D": "NNW",
                                "G": "9",
                                "H": "39.8",
                                "P": "1023",
                                "S": "6",
                                "T": "23.8",
                                "V": "75000",
                                "W": "8",
                                "Pt": "F",
                                "Dp": "9.5",
                                "$": "1020"
                            },
                            {
                                "D": "WNW",
                                "G": "10",
                                "H": "38.5",
                                "P": "1023",
                                "S": "5",
                                "T": "22.9",
                                "V": "75000",
                                "W": "1",
                                "Pt": "F",
                                "Dp": "8.2",
                                "$": "1080"
                            },
                            {
                                "D": "NNW",
                                "G": "8",
                                "H": "39.4",
                                "P": "1023",
                                "S": "5",
                                "T": "22.5",
                                "V": "65000",
                                "W": "1",
                                "Pt": "F",
                                "Dp": "8.2",
                                "$": "1140"
                            },
                            {
                                "D": "NNE",
                                "G": "8",
                                "H": "45.6",
                                "P": "1024",
                                "S": "2",
                                "T": "20.5",
                                "V": "65000",
                                "W": "0",
                                "Pt": "R",
                                "Dp": "8.5",
                                "$": "1200"
                            },
                            {
                                "D": "S",
                                "G": "17",
                                "H": "71.2",
                                "P": "1024",
                                "S": "10",
                                "T": "17.4",
                                "V": "27000",
                                "W": "0",
                                "Pt": "R",
                                "Dp": "12.2",
                                "$": "1260"
                            },
                            {
                                "D": "S",
                                "G": "18",
                                "H": "73.3",
                                "P": "1024",
                                "S": "7",
                                "T": "16.0",
                                "V": "22000",
                                "W": "0",
                                "Pt": "R",
                                "Dp": "11.3",
                                "$": "1320"
                            },
                            {
                                "D": "S",
                                "G": "13",
                                "H": "78.3",
                                "P": "1024",
                                "S": "6",
                                "T": "14.8",
                                "V": "20000",
                                "W": "0",
                                "Pt": "R",
                                "Dp": "11.1",
                                "$": "1380"
                            }
                        ]
                    },
                    {
                        "type": "Day",
                        "value": "2024-05-10Z",
                        "Rep": [
                            {
                                "D": "SSW",
                                "G": "10",
                                "H": "76.1",
                                "P": "1024",
                                "S": "5",
                                "T": "14.1",
                                "V": "26000",
                                "W": "0",
                                "Pt": "R",
                                "Dp": "10.0",
                                "$": "0"
                            },
                            {
                                "D": "WSW",
                                "G": "6",
                                "H": "82.4",
                                "P": "1024",
                                "S": "2",
                                "T": "13.4",
                                "V": "20000",
                                "W": "0",
                                "Pt": "F",
                                "Dp": "10.5",
                                "$": "60"
                            },
                            {
                                "D": "N",
                                "G": "3",
                                "H": "84.1",
                                "P": "1024",
                                "S": "1",
                                "T": "13.2",
                                "V": "20000",
                                "W": "0",
                                "Pt": "F",
                                "Dp": "10.6",
                                "$": "120"
                            },
                            {
                                "D": "NE",
                                "G": "3",
                                "H": "86.9",
                                "P": "1024",
                                "S": "2",
                                "T": "12.3",
                                "V": "17000",
                                "W": "0",
                                "Pt": "F",
                                "Dp": "10.2",
                                "$": "180"
                            },
                            {
                                "D": "ESE",
                                "G": "5",
                                "H": "88.0",
                                "P": "1024",
                                "S": "3",
                                "T": "11.5",
                                "V": "16000",
                                "W": "0",
                                "Pt": "F",
                                "Dp": "9.6",
                                "$": "240"
                            },
                            {
                                "D": "N",
                                "G": "3",
                                "H": "86.8",
                                "P": "1024",
                                "S": "0",
                                "T": "11.5",
                                "V": "18000",
                                "W": "1",
                                "Pt": "S",
                                "Dp": "9.4",
                                "$": "300"
                            },
                            {
                                "D": "ENE",
                                "G": "5",
                                "H": "83.1",
                                "P": "1024",
                                "S": "2",
                                "T": "14.4",
                                "V": "19000",
                                "W": "1",
                                "Pt": "R",
                                "Dp": "11.6",
                                "$": "360"
                            },
                            {
                                "D": "E",
                                "G": "5",
                                "H": "73.0",
                                "P": "1024",
                                "S": "3",
                                "T": "16.6",
                                "V": "19000",
                                "W": "1",
                                "Pt": "R",
                                "Dp": "11.8",
                                "$": "420"
                            },
                            {
                                "D": "E",
                                "G": "6",
                                "H": "59.6",
                                "P": "1024",
                                "S": "3",
                                "T": "18.5",
                                "V": "30000",
                                "W": "1",
                                "Pt": "R",
                                "Dp": "10.6",
                                "$": "480"
                            },
                            {
                                "D": "E",
                                "G": "7",
                                "H": "56.0",
                                "P": "1024",
                                "S": "3",
                                "T": "20.8",
                                "V": "27000",
                                "W": "1",
                                "Pt": "R",
                                "Dp": "11.8",
                                "$": "540"
                            },
                            {
                                "D": "N",
                                "G": "9",
                                "H": "51.2",
                                "P": "1024",
                                "S": "2",
                                "T": "21.7",
                                "V": "35000",
                                "W": "1",
                                "Pt": "S",
                                "Dp": "11.3",
                                "$": "600"
                            },
                            {
                                "D": "ESE",
                                "G": "9",
                                "H": "50.1",
                                "P": "1024",
                                "S": "5",
                                "T": "22.7",
                                "V": "40000",
                                "W": "1",
                                "Pt": "F",
                                "Dp": "11.9",
                                "$": "660"
                            },
                            {
                                "D": "ENE",
                                "G": "11",
                                "H": "49.9",
                                "P": "1023",
                                "S": "3",
                                "T": "23.4",
                                "V": "30000",
                                "W": "1",
                                "Pt": "F",
                                "Dp": "12.5",
                                "$": "720"
                            },
                            {
                                "D": "E",
                                "G": "13",
                                "H": "42.6",
                                "P": "1023",
                                "S": "7",
                                "T": "23.7",
                                "V": "35000",
                                "W": "1",
                                "Pt": "F",
                                "Dp": "10.4",
                                "$": "780"
                            },
                            {
                                "D": "E",
                                "G": "15",
                                "H": "44.4",
                                "P": "1022",
                                "S": "6",
                                "T": "23.8",
                                "V": "30000",
                                "W": "1",
                                "Pt": "F",
                                "Dp": "11.1",
                                "$": "840"
                            },
                            {
                                "D": "E",
                                "G": "17",
                                "H": "49.4",
                                "P": "1022",
                                "S": "8",
                                "T": "23.5",
                                "V": "30000",
                                "W": "3",
                                "Pt": "F",
                                "Dp": "12.4",
                                "$": "900"
                            },
                            {
                                "D": "E",
                                "G": "19",
                                "H": "53.5",
                                "P": "1022",
                                "S": "10",
                                "T": "22.5",
                                "V": "28000",
                                "W": "1",
                                "Pt": "F",
                                "Dp": "12.7",
                                "$": "960"
                            }
                        ]
                    }
                ]
            }
        }
    }
}