{
    "SiteRep": {
        "Wx": {
            "Param": [
                {
                    "name": "G",
                    "units": "mph",
                    "$": "Wind Gust"
                },
                {
                    "name": "T",
                    "units": "C",
                    "$": "Temperature"
                },
                {
                    "name": "V",
                    "units": "m",
                    "$": "Visibility"
                },
                {
                    "name": "D",
                    "units": "compass",
                    "$": "Wind Direction"
                },
                {
                    "name": "S",
                    "units": "mph",
                    "$": "Wind Speed"
                },
                {
                    "name": "W",
                    "units": "",
                    "$": "Weather Type"
                },
                {
                    "name": "P",
                    "units": "hpa",
                    "$": "Pressure"
                },
                {
                    "name": "Pt",
                    "units": "Pa/s",
                    "$": "Pressure Tendency"
                },
                {
                    "name": "Dp",
                    "units": "C",
                    "$": "Dew Point"
                },
                {
                    "name": "H",
                    "units": "%",
                    "$": "Screen Relative Humidity"
                }
            ]
        },
        "DV": {
            "dataDate": "2025-06-24T16:00:00Z",
            "type": "Obs",
            "Location": {
                "i": "3772",
                "lat": "51.479",
                "lon": "-0.449",
                "name": "HEATHROW",
                "country": "ENGLAND",
                "continent": "EUROPE",
                "elevation": "25.0",
                "Period": [
                    {
                        "type": "Day",
                        "value": "2025-06-23Z",
                        "Rep": [
                            {
                                "D": "W",
                                "G": "28",
                                "H": "36.8",
                                "P": "1014",
                                "S": "15",
                                "T": "21.0",
                                "V": "60000",
                                "W": "3",
                                "Pt": "F",
                                "Dp": "5.8",
                                "$": "960"
                            },
                            {
                                "D": "W",
                                "G": "28",
                                "H": "37.6",
                                "P": "1014",
                                "S": "16",
                                "T": "21.1",
                                "V": "50000",
                                "W": "7",
                                "Pt": "F",
                                "Dp": "6.2",
                                "$": "1020"
                            },
                            {
                                "D": "W",
                                "G": "28",
                                "H": "37.7",
                                "P": "1014",
                                "S": "16",
                                "T": "21.6",
                                "V": "60000",
                                "W": "1",
                                "Pt": "R",
                                "Dp": "6.7",
                                "$": "1080"
                            },
                            {
                                "D": "W",
                                "G": "24",
                                "H": "41.1",
                                "P": "1015",
                                "S": "17",
                                "T": "20.2",
                                "V": "50000",
                                "W": "1",
                                "Pt": "R",
                                "Dp": "6.7",
                                "$": "1140"
                            },
                            {
                                "D": "W",
                                "G": "23",
                                "H": "48.3",
                                "P": "1015",
                                "S": "14",
                                "T": "18.1",
                                "V": "50000",
                                "W": "1",
                                "Pt": "R",
                                "Dp": "7.1",
                                "$": "1200"
                            },
                            {
                                "D": "W",
                                "G": "21",
                                "H": "49.6",
                                "P": "1015",
                                "S": "11",
                                "T": "16.9",
                                "V": "50000",
                                "W": "0",
                                "Pt": "R",
                                "Dp": "6.4",
                                "$": "1260"
                            },
                            {
                                "D": "W",
                                "G": "18",
                                "H": "55.9",
                                "P": "1015",
                                "S": "9",
                                "T": "15.8",
                                "V": "45000",
                                "W": "7",
                                "Pt": "R",
                                "Dp": "7.1",
                                "$": "1320"
                            },
                            {
                                "D": "WSW",
                                "G": "18",
                                "H": "60.6",
                                "P": "1015",
                                "S": "11",
                                "T": "15.1",
                                "V": "40000",
                                "W": "0",
                                "Pt": "R",
                                "Dp": "7.6",
                                "$": "1380"
                            }
                        ]
                    },
                    {
                        "type": "Day",
                        "value": "2025-06-24Z",
                        "Rep": [
                            {
                                "D": "WSW",
                                "G": "16",
                                "H": "67.5",
                                "P": "1015",
                                "S": "10",
                                "T": "14.7",
                                "V": "21000",
                                "W": "5",
                                "Pt": "S",
                                "Dp": "8.8",
                                "$": "0"
                            },
                            {
                                "D": "SW",
                                "G": "17",
                                "H": "72.2",
                                "P": "1015",
                                "S": "13",
                                "T": "14.2",
                                "V": "26000",
                                "W": "0",
                                "Pt": "F",
                                "Dp": "9.3",
                                "$": "60"
                            },
                            {
                                "D": "SW",
                                "G": "17",
                                "H": "75.1",
                                "P": "1014",
                                "S": "11",
                                "T": "13.9",
                                "V": "28000",
                                "W": "2",
                                "Pt": "F",
                                "Dp": "9.6",
                                "$": "120"
                            },
                            {
                                "D": "SW",
                                "G": "17",
                                "H": "74.2",
                                "P": "1013",
                                "S": "13",
                                "T": "14.4",
                                "V": "30000",
                                "W": "8",
                                "Pt": "F",
                                "Dp": "9.9",
                                "$": "180"
                            },
                            {
                                "D": "SW",
                                "G": "19",
                                "H": "74.7",
                                "P": "1013",
                                "S": "11",
                                "T": "14.9",
                                "V": "22000",
                                "W": "8",
                                "Pt": "F",
                                "Dp": "10.5",
                                "$": "240"
                            },
                            {
                                "D": "SSW",
                                "G": "17",
                                "H": "83.2",
                                "P": "1013",
                                "S": "10",
                                "T": "14.3",
                                "V": "30000",
                                "W": "8",
                                "Pt": "F",
                                "Dp": "11.5",
                                "$": "300"
                            },
                            {
                                "D": "SW",
                                "G": "17",
                                "H": "81.6",
                                "P": "1012",
                                "S": "10",
                                "T": "14.8",
                                "V": "3200",
                                "W": "12",
                                "Pt": "F",
                                "Dp": "11.7",
                                "$": "360"
                            },
                            {
                                "D": "SW",
                                "G": "24",
                                "H": "80.6",
                                "P": "1012",
                                "S": "16",
                                "T": "15.6",
                                "V": "30000",
                                "W": "8",
                                "Pt": "F",
                                "Dp": "12.3",
                                "$": "420"
                            },
                            {
                                "D": "SW",
                                "G": "22",
                                "H": "78.2",
                                "P": "1012",
                                "S": "13",
                                "T": "17.0",
                                "V": "35000",
                                "W": "8",
                                "Pt": "F",
                                "Dp": "13.2",
                                "$": "480"
                            },
                            {
                                "D": "SW",
                                "G": "25",
                                "H": "74.9",
                                "P": "1012",
                                "S": "18",
                                "T": "18.5",
                                "V": "50000",
                                "W": "8",
                                "Pt": "R",
                                "Dp": "14.0",
                                "$": "540"
                            },
                            {
                                "D": "SW",
                                "G": "25",
                                "H": "67.9",
                                "P": "1012",
                                "S": "18",
                                "T": "20.7",
                                "V": "50000",
                                "W": "8",
                                "Pt": "F",
                                "Dp": "14.6",
                                "$": "600"
                            },
                            {
                                "D": "WSW",
                                "G": "26",
                                "H": "63.8",
                                "P": "1012",
                                "S": "19",
                                "T": "21.7",
                                "V": "45000",
                                "W": "8",
                                "Pt": "S",
                                "Dp": "14.6",
                                "$": "660"
                            },
                            {
                                "D": "WSW",
                                "G": "26",
                                "H": "55.4",
                                "P": "1012",
                                "S": "19",
                                "T": "24.7",
                                "V": "60000",
                                "W": "8",
                                "Pt": "F",
                                "Dp": "15.2",
                                "$": "720"
                            },
                            {
                                "D": "WSW",
                                "G": "25",
                                "H": "56.7",
                                "P": "1012",
                                "S": "17",
                                "T": "24.5",
                                "V": "75000",
                                "W": "8",
                                "Pt": "F",
                                "Dp": "15.4",
                                "$": "780"
                            },
                            {
                                "D": "WSW",
                                "G": "28",
                                "H": "48.7",
                                "P": "1011",
                                "S": "19",
                                "T": "26.4",
                                "V": "75000",
                                "W": "3",
                                "Pt": "F",
                                "Dp": "14.8",
                                "$": "840"
                            },
                            {
                                "D": "SW",
                                "G": "30",
                                "H": "51.7",
                                "P": "1011",
                                "S": "18",
                                "T": "26.5",
                                "V": "55000",
                                "W": "8",
                                "Pt": "F",
                                "Dp": "15.8",
                                "$": "900"
                            },
                            {
                                "D": "WSW",
                                "G": "29",
                                "H": "50.7",
                                "P": "1011",
                                "S": "21",
                                "T": "26.4",
                                "V": "50000",
                                "W": "7",
                                "Pt": "F",
                                "Dp": "15.4",
                                "$": "960"
                            }
                        ]
                    }
                ]
            }
        }
    }
}