{
    "SiteRep": {
        "Wx": {
            "Param": [
                {
                    "name": "G",
                    "units": "mph",
                    "$": "Wind Gust"
                },
                {
                    "name": "T",
                    "units": "C",
                    "$": "Temperature"
                },
                {
                    "name": "V",
                    "units": "m",
                    "$": "Visibility"
                },
                {
                    "name": "D",
                    "units": "compass",
                    "$": "Wind Direction"
                },
                {
                    "name": "S",
                    "units": "mph",
                    "$": "Wind Speed"
                },
                {
                    "name": "W",
                    "units": "",
                    "$": "Weather Type"
                },
                {
                    "name": "P",
                    "units": "hpa",
                    "$": "Pressure"
                },
                {
                    "name": "Pt",
                    "units": "Pa/s",
                    "$": "Pressure Tendency"
                },
                {
                    "name": "Dp",
                    "units": "C",
                    "$": "Dew Point"
                },
                {
                    "name": "H",
                    "units": "%",
                    "$": "Screen Relative Humidity"
                }
            ]
        },
        "DV": {
            "dataDate": "2025-03-17T16:00:00Z",
            "type": "Obs",
            "Location": {
                "i": "3772",
                "lat": "51.479",
                "lon": "-0.449",
                "name": "HEATHROW",
                "country": "ENGLAND",
                "continent": "EUROPE",
                "elevation": "25.0",
                "Period": [
                    {
                        "type": "Day",
                        "value": "2025-03-16Z",
                        "Rep": [
                            {
                                "D": "NE",
                                "G": "18",
                                "H": "50.4",
                                "P": "1024",
                                "S": "11",
                                "T": "8.1",
                                "V": "75000",
                                "W": "7",
                                "Pt": "F",
                                "Dp": "-1.4",
                                "$": "960"
                            },
                            {
                                "D": "NE",
                                "G": "24",
                                "H": "52.3",
                                "P": "1024",
                                "S": "9",
                                "T": "8.3",
                                "V": "75000",
                                "W": "8",
                                "Pt": "F",
                                "Dp": "-0.7",
                                "$": "1020"
                            },
                            {
                                "D": "NE",
                                "G": "18",
                                "H": "56.5",
                                "P": "1025",
                                "S": "7",
                                "T": "8.1",
                                "V": "65000",
                                "W": "8",
                                "Pt": "R",
                                "Dp": "0.1",
                                "$": "1080"
                            },
                            {
                                "D": "NE",
                                "G": "18",
                                "H": "55.4",
                                "P": "1026",
                                "S": "9",
                                "T": "7.9",
                                "V": "75000",
                                "W": "8",
                                "Pt": "R",
                                "Dp": "-0.3",
                                "$": "1140"
                            },
                            {
                                "D": "NE",
                                "G": "18",
                                "H": "59.3",
                                "P": "1026",
                                "S": "7",
                                "T": "7.7",
                                "V": "75000",
                                "W": "8",
                                "Pt": "R",
                                "Dp": "0.4",
                                "$": "1200"
                            },
                            {
                                "D": "NNE",
                                "G": "13",
                                "H": "63.2",
                                "P": "1026",
                                "S": "7",
                                "T": "7.3",
                                "V": "75000",
                                "W": "8",
                                "Pt": "R",
                                "Dp": "0.9",
                                "$": "1260"
                            },
                            {
                                "D": "NNE",
                                "G": "13",
                                "H": "73.7",
                                "P": "1027",
                                "S": "8",
                                "T": "7.0",
                                "V": "29000",
                                "W": "12",
                                "Pt": "R",
                                "Dp": "2.7",
                                "$": "1320"
                            },
                            {
                                "D": "NE",
                                "G": "13",
                                "H": "79.6",
                                "P": "1027",
                                "S": "5",
                                "T": "6.3",
                                "V": "60000",
                                "W": "12",
                                "Pt": "R",
                                "Dp": "3.1",
                                "$": "1380"
                            }
                        ]
                    },
                    {
                        "type": "Day",
                        "value": "2025-03-17Z",
                        "Rep": [
                            {
                                "D": "NNE",
                                "G": "14",
                                "H": "83.7",
                                "P": "1027",
                                "S": "7",
                                "T": "6.0",
                                "V": "55000",
                                "W": "12",
                                "Pt": "R",
                                "Dp": "3.5",
                                "$": "0"
                            },
                            {
                                "D": "NE",
                                "G": "13",
                                "H": "84.4",
                                "P": "1027",
                                "S": "7",
                                "T": "6.0",
                                "V": "50000",
                                "W": "8",
                                "Pt": "R",
                                "Dp": "3.6",
                                "$": "60"
                            },
                            {
                                "D": "NE",
                                "G": "13",
                                "H": "84.9",
                                "P": "1027",
                                "S": "7",
                                "T": "6.0",
                                "V": "40000",
                                "W": "8",
                                "Pt": "R",
                                "Dp": "3.7",
                                "$": "120"
                            },
                            {
                                "D": "NE",
                                "G": "14",
                                "H": "83.7",
                                "P": "1027",
                                "S": "7",
                                "T": "5.9",
                                "V": "40000",
                                "W": "8",
                                "Pt": "S",
                                "Dp": "3.4",
                                "$": "180"
                            },
                            {
                                "D": "NE",
                                "G": "11",
                                "H": "78.9",
                                "P": "1027",
                                "S": "5",
                                "T": "5.7",
                                "V": "45000",
                                "W": "8",
                                "Pt": "S",
                                "Dp": "2.4",
                                "$": "240"
                            },
                            {
                                "D": "NE",
                                "G": "13",
                                "H": "72.4",
                                "P": "1027",
                                "S": "8",
                                "T": "5.9",
                                "V": "35000",
                                "W": "8",
                                "Pt": "S",
                                "Dp": "1.4",
                                "$": "300"
                            },
                            {
                                "D": "NE",
                                "G": "17",
                                "H": "73.5",
                                "P": "1028",
                                "S": "9",
                                "T": "5.7",
                                "V": "30000",
                                "W": "8",
                                "Pt": "R",
                                "Dp": "1.4",
                                "$": "360"
                            },
                            {
                                "D": "ENE",
                                "G": "15",
                                "H": "74.5",
                                "P": "1028",
                                "S": "8",
                                "T": "5.7",
                                "V": "29000",
                                "W": "8",
                                "Pt": "R",
                                "Dp": "1.6",
                                "$": "420"
                            },
                            {
                                "D": "NE",
                                "G": "17",
                                "H": "75.7",
                                "P": "1028",
                                "S": "9",
                                "T": "5.8",
                                "V": "30000",
                                "W": "8",
                                "Pt": "R",
                                "Dp": "1.9",
                                "$": "480"
                            },
                            {
                                "D": "NE",
                                "G": "16",
                                "H": "72.5",
                                "P": "1029",
                                "S": "10",
                                "T": "6.2",
                                "V": "30000",
                                "W": "8",
                                "Pt": "R",
                                "Dp": "1.7",
                                "$": "540"
                            },
                            {
                                "D": "NE",
                                "G": "19",
                                "H": "66.9",
                                "P": "1029",
                                "S": "9",
                                "T": "6.6",
                                "V": "40000",
                                "W": "8",
                                "Pt": "R",
                                "Dp": "1.0",
                                "$": "600"
                            },
                            {
                                "D": "ENE",
                                "G": "16",
                                "H": "67.4",
                                "P": "1029",
                                "S": "8",
                                "T": "6.6",
                                "V": "40000",
                                "W": "8",
                                "Pt": "R",
                                "Dp": "1.1",
                                "$": "660"
                            },
                            {
                                "D": "NE",
                                "G": "17",
                                "H": "60.4",
                                "P": "1029",
                                "S": "10",
                                "T": "7.2",
                                "V": "40000",
                                "W": "8",
                                "Pt": "F",
                                "Dp": "0.2",
                                "$": "720"
                            },
                            {
                                "D": "E",
                                "G": "18",
                                "H": "63.1",
                                "P": "1028",
                                "S": "10",
                                "T": "7.1",
                                "V": "40000",
                                "W": "8",
                                "Pt": "F",
                                "Dp": "0.7",
                                "$": "780"
                            },
                            {
                                "D": "ENE",
                                "G": "19",
                                "H": "60.1",
                                "P": "1028",
                                "S": "10",
                                "T": "7.7",
                                "V": "35000",
                                "W": "8",
                                "Pt": "F",
                                "Dp": "0.6",
                                "$": "840"
                            },
                            {
                                "D": "ENE",
                                "G": "19",
                                "H": "58.9",
                                "P": "1027",
                                "S": "11",
                                "T": "8.1",
                                "V": "35000",
                                "W": "8",
                                "Pt": "F",
                                "Dp": "0.7",
                                "$": "900"
                            },
                            {
                                "D": "E",
                                "G": "19",
                                "H": "57.6",
                                "P": "1027",
                                "S": "11",
                                "T": "8.2",
                                "V": "30000",
                                "W": "8",
                                "Pt": "F",
                                "Dp": "0.5",
                                "$": "960"
                            }
                        ]
                    }
                ]
            }
        }
    }
}