{
    "SiteRep": {
        "Wx": {
            "Param": [
                {
                    "name": "G",
                    "units": "mph",
                    "$": "Wind Gust"
                },
                {
                    "name": "T",
                    "units": "C",
                    "$": "Temperature"
                },
                {
                    "name": "V",
                    "units": "m",
                    "$": "Visibility"
                },
                {
                    "name": "D",
                    "units": "compass",
                    "$": "Wind Direction"
                },
                {
                    "name": "S",
                    "units": "mph",
                    "$": "Wind Speed"
                },
                {
                    "name": "W",
                    "units": "",
                    "$": "Weather Type"
                },
                {
                    "name": "P",
                    "units": "hpa",
                    "$": "Pressure"
                },
                {
                    "name": "Pt",
                    "units": "Pa/s",
                    "$": "Pressure Tendency"
                },
                {
                    "name": "Dp",
                    "units": "C",
                    "$": "Dew Point"
                },
                {
                    "name": "H",
                    "units": "%",
                    "$": "Screen Relative Humidity"
                }
            ]
        },
        "DV": {
            "dataDate": "2024-09-02T16:00:00Z",
            "type": "Obs",
            "Location": {
                "i": "3772",
                "lat": "51.479",
                "lon": "-0.449",
                "name": "HEATHROW",
                "country": "ENGLAND",
                "continent": "EUROPE",
                "elevation": "25.0",
                "Period": [
                    {
                        "type": "Day",
                        "value": "2024-09-01Z",
                        "Rep": [
                            {
                                "D": "E",
                                "G": "21",
                                "H": "52.9",
                                "P": "1010",
                                "S": "15",
                                "T": "28.3",
                                "V": "30000",
                                "W": "1",
                                "Pt": "F",
                                "Dp": "17.8",
                                "$": "960"
                            },
                            {
                                "D": "E",
                                "G": "19",
                                "H": "58.8",
                                "P": "1010",
                                "S": "10",
                                "T": "26.7",
                                "V": "26000",
                                "W": "7",
                                "Pt": "F",
                                "Dp": "18.0",
                                "$": "1020"
                            },
                            {
                                "D": "E",
                                "G": "15",
                                "H": "63.9",
                                "P": "1010",
                                "S": "10",
                                "T": "25.1",
                                "V": "24000",
                                "W": "8",
                                "Pt": "F",
                                "Dp": "17.8",
                                "$": "1080"
                            },
                            {
                                "D": "E",
                                "G": "16",
                                "H": "69.4",
                                "P": "1010",
                                "S": "7",
                                "T": "23.6",
                                "V": "21000",
                                "W": "7",
                                "Pt": "F",
                                "Dp": "17.7",
                                "$": "1140"
                            },
                            {
                                "D": "E",
                                "G": "15",
                                "H": "73.2",
                                "P": "1011",
                                "S": "9",
                                "T": "22.4",
                                "V": "17000",
                                "W": "8",
                                "Pt": "R",
                                "Dp": "17.4",
                                "$": "1200"
                            },
                            {
                                "D": "E",
                                "G": "13",
                                "H": "80.8",
                                "P": "1010",
                                "S": "8",
                                "T": "20.8",
                                "V": "14000",
                                "W": "0",
                                "Pt": "R",
                                "Dp": "17.4",
                                "$": "1260"
                            },
                            {
                                "D": "ESE",
                                "G": "10",
                                "H": "83.9",
                                "P": "1010",
                                "S": "7",
                                "T": "20.2",
                                "V": "13000",
                                "W": "7",
                                "Pt": "R",
                                "Dp": "17.4",
                                "$": "1320"
                            },
                            {
                                "D": "ESE",
                                "G": "9",
                                "H": "86.5",
                                "P": "1010",
                                "S": "3",
                                "T": "19.6",
                                "V": "11000",
                                "W": "2",
                                "Pt": "F",
                                "Dp": "17.3",
                                "$": "1380"
                            }
                        ]
                    },
                    {
                        "type": "Day",
                        "value": "2024-09-02Z",
                        "Rep": [
                            {
                                "D": "SSE",
                                "G": "7",
                                "H": "90.5",
                                "P": "1011",
                                "S": "3",
                                "T": "19.9",
                                "V": "7000",
                                "W": "5",
                                "Pt": "S",
                                "Dp": "18.3",
                                "$": "0"
                            },
                            {
                                "D": "SE",
                                "G": "7",
                                "H": "93.9",
                                "P": "1010",
                                "S": "5",
                                "T": "19.4",
                                "V": "6000",
                                "W": "5",
                                "Pt": "F",
                                "Dp": "18.4",
                                "$": "60"
                            },
                            {
                                "D": "SE",
                                "G": "9",
                                "H": "91.6",
                                "P": "1010",
                                "S": "6",
                                "T": "18.8",
                                "V": "7000",
                                "W": "5",
                                "Pt": "F",
                                "Dp": "17.4",
                                "$": "120"
                            },
                            {
                                "D": "ESE",
                                "G": "10",
                                "H": "92.7",
                                "P": "1009",
                                "S": "7",
                                "T": "18.8",
                                "V": "8000",
                                "W": "5",
                                "Pt": "F",
                                "Dp": "17.6",
                                "$": "180"
                            },
                            {
                                "D": "SE",
                                "G": "11",
                                "H": "93.3",
                                "P": "1009",
                                "S": "6",
                                "T": "18.9",
                                "V": "9000",
                                "W": "5",
                                "Pt": "F",
                                "Dp": "17.8",
                                "$": "240"
                            },
                            {
                                "D": "SE",
                                "G": "10",
                                "H": "92.8",
                                "P": "1009",
                                "S": "6",
                                "T": "19.3",
                                "V": "9000",
                                "W": "5",
                                "Pt": "F",
                                "Dp": "18.1",
                                "$": "300"
                            },
                            {
                                "D": "SE",
                                "G": "10",
                                "H": "91.0",
                                "P": "1009",
                                "S": "7",
                                "T": "19.8",
                                "V": "12000",
                                "W": "8",
                                "Pt": "F",
                                "Dp": "18.3",
                                "$": "360"
                            },
                            {
                                "D": "S",
                                "G": "14",
                                "H": "90.5",
                                "P": "1009",
                                "S": "8",
                                "T": "19.9",
                                "V": "8000",
                                "W": "5",
                                "Pt": "R",
                                "Dp": "18.3",
                                "$": "420"
                            },
                            {
                                "D": "SSW",
                                "G": "16",
                                "H": "90.5",
                                "P": "1009",
                                "S": "10",
                                "T": "19.8",
                                "V": "10000",
                                "W": "5",
                                "Pt": "R",
                                "Dp": "18.2",
                                "$": "480"
                            },
                            {
                                "D": "SSW",
                                "G": "17",
                                "H": "85.0",
                                "P": "1009",
                                "S": "11",
                                "T": "20.5",
                                "V": "19000",
                                "W": "8",
                                "Pt": "R",
                                "Dp": "17.9",
                                "$": "540"
                            },
                            {
                                "D": "SSW",
                                "G": "19",
                                "H": "83.9",
                                "P": "1010",
                                "S": "11",
                                "T": "20.6",
                                "V": "23000",
                                "W": "8",
                                "Pt": "R",
                                "Dp": "17.8",
                                "$": "600"
                            },
                            {
                                "D": "SSW",
                                "G": "22",
                                "H": "90.5",
                                "P": "1010",
                                "S": "11",
                                "T": "19.5",
                                "V": "8000",
                                "W": "12",
                                "Pt": "R",
                                "Dp": "17.9",
                                "$": "660"
                            },
                            {
                                "D": "SSW",
                                "G": "21",
                                "H": "84.4",
                                "P": "1010",
                                "S": "11",
                                "T": "20.0",
                                "V": "19000",
                                "W": "8",
                                "Pt": "R",
                                "Dp": "17.3",
                                "$": "720"
                            },
                            {
                                "D": "SW",
                                "G": "19",
                                "H": "74.1",
                                "P": "1010",
                                "S": "11",
                                "T": "21.4",
                                "V": "20000",
                                "W": "12",
                                "Pt": "R",
                                "Dp": "16.6",
                                "$": "780"
                            },
                            {
                                "D": "SW",
                                "G": "19",
                                "H": "68.3",
                                "P": "1010",
                                "S": "11",
                                "T": "22.3",
                                "V": "29000",
                                "W": "8",
                                "Pt": "S",
                                "Dp": "16.2",
                                "$": "840"
                            },
                            {
                                "D": "SW",
                                "G": "19",
                                "H": "64.9",
                                "P": "1010",
                                "S": "11",
                                "T": "22.6",
                                "V": "29000",
                                "W": "8",
                                "Pt": "R",
                                "Dp": "15.7",
                                "$": "900"
                            },
                            {
                                "D": "S",
                                "G": "16",
                                "H": "67.7",
                                "P": "1010",
                                "S": "10",
                                "T": "21.7",
                                "V": "30000",
                                "W": "8",
                                "Pt": "F",
                                "Dp": "15.5",
                                "$": "960"
                            }
                        ]
                    }
                ]
            }
        }
    }
}