{
    "SiteRep": {
        "Wx": {
            "Param": [
                {
                    "name": "G",
                    "units": "mph",
                    "$": "Wind Gust"
                },
                {
                    "name": "T",
                    "units": "C",
                    "$": "Temperature"
                },
                {
                    "name": "V",
                    "units": "m",
                    "$": "Visibility"
                },
                {
                    "name": "D",
                    "units": "compass",
                    "$": "Wind Direction"
                },
                {
                    "name": "S",
                    "units": "mph",
                    "$": "Wind Speed"
                },
                {
                    "name": "W",
                    "units": "",
                    "$": "Weather Type"
                },
                {
                    "name": "P",
                    "units": "hpa",
                    "$": "Pressure"
                },
                {
                    "name": "Pt",
                    "units": "Pa/s",
                    "$": "Pressure Tendency"
                },
                {
                    "name": "Dp",
                    "units": "C",
                    "$": "Dew Point"
                },
                {
                    "name": "H",
                    "units": "%",
                    "$": "Screen Relative Humidity"
                }
            ]
        },
        "DV": {
            "dataDate": "2024-06-22T16:00:00Z",
            "type": "Obs",
            "Location": {
                "i": "3772",
                "lat": "51.479",
                "lon": "-0.449",
                "name": "HEATHROW",
                "country": "ENGLAND",
                "continent": "EUROPE",
                "elevation": "25.0",
                "Period": [
                    {
                        "type": "Day",
                        "value": "2024-06-21Z",
                        "Rep": [
                            {
                                "D": "SSW",
                                "G": "28",
                                "H": "44.9",
                                "P": "1011",
                                "S": "17",
                                "T": "22.7",
                                "V": "55000",
                                "W": "7",
                                "Pt": "F",
                                "Dp": "10.2",
                                "$": "960"
                            },
                            {
                                "D": "SW",
                                "G": "32",
                                "H": "42.2",
                                "P": "1010",
                                "S": "21",
                                "T": "23.5",
                                "V": "60000",
                                "W": "1",
                                "Pt": "F",
                                "Dp": "10.0",
                                "$": "1020"
                            },
                            {
                                "D": "WSW",
                                "G": "31",
                                "H": "45.5",
                                "P": "1010",
                                "S": "22",
                                "T": "20.6",
                                "V": "55000",
                                "W": "7",
                                "Pt": "F",
                                "Dp": "8.5",
                                "$": "1080"
                            },
                            {
                                "D": "SW",
                                "G": "26",
                                "H": "51.9",
                                "P": "1010",
                                "S": "17",
                                "T": "19.6",
                                "V": "55000",
                                "W": "8",
                                "Pt": "F",
                                "Dp": "9.5",
                                "$": "1140"
                            },
                            {
                                "D": "SW",
                                "G": "25",
                                "H": "60.4",
                                "P": "1011",
                                "S": "17",
                                "T": "17.4",
                                "V": "40000",
                                "W": "7",
                                "Pt": "R",
                                "Dp": "9.7",
                                "$": "1200"
                            },
                            {
                                "D": "SW",
                                "G": "26",
                                "H": "62.7",
                                "P": "1011",
                                "S": "16",
                                "T": "16.5",
                                "V": "40000",
                                "W": "8",
                                "Pt": "R",
                                "Dp": "9.4",
                                "$": "1260"
                            },
                            {
                                "D": "SW",
                                "G": "24",
                                "H": "71.4",
                                "P": "1011",
                                "S": "11",
                                "T": "15.0",
                                "V": "30000",
                                "W": "8",
                                "Pt": "R",
                                "Dp": "9.9",
                                "$": "1320"
                            },
                            {
                                "D": "SW",
                                "G": "18",
                                "H": "72.4",
                                "P": "1012",
                                "S": "11",
                                "T": "15.0",
                                "V": "30000",
                                "W": "8",
                                "Pt": "R",
                                "Dp": "10.1",
                                "$": "1380"
                            }
                        ]
                    },
                    {
                        "type": "Day",
                        "value": "2024-06-22Z",
                        "Rep": [
                            {
                                "D": "SW",
                                "G": "18",
                                "H": "78.9",
                                "P": "1011",
                                "S": "10",
                                "T": "14.6",
                                "V": "21000",
                                "W": "12",
                                "Pt": "R",
                                "Dp": "11.0",
                                "$": "0"
                            },
                            {
                                "D": "SSW",
                                "G": "16",
                                "H": "81.6",
                                "P": "1011",
                                "S": "8",
                                "T": "14.6",
                                "V": "18000",
                                "W": "12",
                                "Pt": "F",
                                "Dp": "11.5",
                                "$": "60"
                            },
                            {
                                "D": "SSW",
                                "G": "13",
                                "H": "84.3",
                                "P": "1011",
                                "S": "8",
                                "T": "14.7",
                                "V": "35000",
                                "W": "8",
                                "Pt": "F",
                                "Dp": "12.1",
                                "$": "120"
                            },
                            {
                                "D": "S",
                                "G": "14",
                                "H": "86.0",
                                "P": "1011",
                                "S": "8",
                                "T": "14.8",
                                "V": "40000",
                                "W": "8",
                                "Pt": "F",
                                "Dp": "12.5",
                                "$": "180"
                            },
                            {
                                "D": "S",
                                "G": "11",
                                "H": "93.1",
                                "P": "1010",
                                "S": "8",
                                "T": "14.4",
                                "V": "40000",
                                "W": "8",
                                "Pt": "F",
                                "Dp": "13.3",
                                "$": "240"
                            },
                            {
                                "D": "SSW",
                                "G": "14",
                                "H": "90.7",
                                "P": "1011",
                                "S": "8",
                                "T": "14.7",
                                "V": "30000",
                                "W": "8",
                                "Pt": "F",
                                "Dp": "13.2",
                                "$": "300"
                            },
                            {
                                "D": "SSW",
                                "G": "15",
                                "H": "88.9",
                                "P": "1011",
                                "S": "9",
                                "T": "15.0",
                                "V": "45000",
                                "W": "8",
                                "Pt": "R",
                                "Dp": "13.2",
                                "$": "360"
                            },
                            {
                                "D": "SSW",
                                "G": "13",
                                "H": "85.5",
                                "P": "1011",
                                "S": "8",
                                "T": "15.6",
                                "V": "35000",
                                "W": "8",
                                "Pt": "R",
                                "Dp": "13.2",
                                "$": "420"
                            },
                            {
                                "D": "WSW",
                                "G": "13",
                                "H": "77.7",
                                "P": "1011",
                                "S": "7",
                                "T": "17.2",
                                "V": "55000",
                                "W": "8",
                                "Pt": "R",
                                "Dp": "13.3",
                                "$": "480"
                            },
                            {
                                "D": "W",
                                "G": "14",
                                "H": "72.0",
                                "P": "1011",
                                "S": "9",
                                "T": "18.1",
                                "V": "75000",
                                "W": "8",
                                "Pt": "R",
                                "Dp": "13.0",
                                "$": "540"
                            },
                            {
                                "D": "W",
                                "G": "18",
                                "H": "71.5",
                                "P": "1012",
                                "S": "11",
                                "T": "18.3",
                                "V": "75000",
                                "W": "8",
                                "Pt": "R",
                                "Dp": "13.1",
                                "$": "600"
                            },
                            {
                                "D": "WNW",
                                "G": "15",
                                "H": "63.7",
                                "P": "1012",
                                "S": "8",
                                "T": "19.2",
                                "V": "75000",
                                "W": "8",
                                "Pt": "R",
                                "Dp": "12.2",
                                "$": "660"
                            },
                            {
                                "D": "W",
                                "G": "19",
                                "H": "63.7",
                                "P": "1013",
                                "S": "9",
                                "T": "19.4",
                                "V": "60000",
                                "W": "8",
                                "Pt": "R",
                                "Dp": "12.4",
                                "$": "720"
                            },
                            {
                                "D": "W",
                                "G": "18",
                                "H": "58.5",
                                "P": "1013",
                                "S": "11",
                                "T": "19.6",
                                "V": "55000",
                                "W": "8",
                                "Pt": "R",
                                "Dp": "11.3",
                                "$": "780"
                            },
                            {
                                "D": "W",
                                "G": "18",
                                "H": "52.9",
                                "P": "1013",
                                "S": "10",
                                "T": "20.8",
                                "V": "75000",
                                "W": "8",
                                "Pt": "R",
                                "Dp": "10.9",
                                "$": "840"
                            },
                            {
                                "D": "W",
                                "G": "18",
                                "H": "43.0",
                                "P": "1013",
                                "S": "9",
                                "T": "21.7",
                                "V": "65000",
                                "W": "7",
                                "Pt": "R",
                                "Dp": "8.7",
                                "$": "900"
                            },
                            {
                                "D": "WSW",
                                "G": "21",
                                "H": "38.0",
                                "P": "1013",
                                "S": "11",
                                "T": "23.3",
                                "V": "65000",
                                "W": "3",
                                "Pt": "S",
                                "Dp": "8.3",
                                "$": "960"
                            }
                        ]
                    }
                ]
            }
        }
    }
}