{
    "SiteRep": {
        "Wx": {
            "Param": [
                {
                    "name": "G",
                    "units": "mph",
                    "$": "Wind Gust"
                },
                {
                    "name": "T",
                    "units": "C",
                    "$": "Temperature"
                },
                {
                    "name": "V",
                    "units": "m",
                    "$": "Visibility"
                },
                {
                    "name": "D",
                    "units": "compass",
                    "$": "Wind Direction"
                },
                {
                    "name": "S",
                    "units": "mph",
                    "$": "Wind Speed"
                },
                {
                    "name": "W",
                    "units": "",
                    "$": "Weather Type"
                },
                {
                    "name": "P",
                    "units": "hpa",
                    "$": "Pressure"
                },
                {
                    "name": "Pt",
                    "units": "Pa/s",
                    "$": "Pressure Tendency"
                },
                {
                    "name": "Dp",
                    "units": "C",
                    "$": "Dew Point"
                },
                {
                    "name": "H",
                    "units": "%",
                    "$": "Screen Relative Humidity"
                }
            ]
        },
        "DV": {
            "dataDate": "2023-11-20T16:00:00Z",
            "type": "Obs",
            "Location": {
                "i": "3772",
                "lat": "51.479",
                "lon": "-0.449",
                "name": "HEATHROW",
                "country": "ENGLAND",
                "continent": "EUROPE",
                "elevation": "25.0",
                "Period": [
                    {
                        "type": "Day",
                        "value": "2023-11-19Z",
                        "Rep": [
                            {
                                "D": "WSW",
                                "G": "30",
                                "H": "76.7",
                                "P": "1006",
                                "S": "19",
                                "T": "13.6",
                                "V": "13000",
                                "W": "12",
                                "Pt": "R",
                                "Dp": "9.6",
                                "$": "960"
                            },
                            {
                                "D": "WSW",
                                "G": "30",
                                "H": "90.5",
                                "P": "1007",
                                "S": "17",
                                "T": "12.2",
                                "V": "50000",
                                "W": "8",
                                "Pt": "R",
                                "Dp": "10.7",
                                "$": "1020"
                            },
                            {
                                "D": "SW",
                                "G": "30",
                                "H": "84.0",
                                "P": "1008",
                                "S": "16",
                                "T": "12.2",
                                "V": "30000",
                                "W": "8",
                                "Pt": "R",
                                "Dp": "9.6",
                                "$": "1080"
                            },
                            {
                                "D": "WSW",
                                "G": "26",
                                "H": "83.5",
                                "P": "1008",
                                "S": "18",
                                "T": "12.0",
                                "V": "30000",
                                "W": "8",
                                "Pt": "R",
                                "Dp": "9.3",
                                "$": "1140"
                            },
                            {
                                "D": "WSW",
                                "G": "28",
                                "H": "82.9",
                                "P": "1009",
                                "S": "18",
                                "T": "11.7",
                                "V": "24000",
                                "W": "8",
                                "Pt": "R",
                                "Dp": "8.9",
                                "$": "1200"
                            },
                            {
                                "D": "WSW",
                                "G": "26",
                                "H": "83.9",
                                "P": "1009",
                                "S": "15",
                                "T": "10.9",
                                "V": "22000",
                                "W": "7",
                                "Pt": "R",
                                "Dp": "8.3",
                                "$": "1260"
                            },
                            {
                                "D": "WSW",
                                "G": "26",
                                "H": "82.8",
                                "P": "1010",
                                "S": "18",
                                "T": "11.3",
                                "V": "23000",
                                "W": "8",
                                "Pt": "R",
                                "Dp": "8.5",
                                "$": "1320"
                            },
                            {
                                "D": "SW",
                                "G": "25",
                                "H": "81.2",
                                "P": "1010",
                                "S": "16",
                                "T": "11.3",
                                "V": "21000",
                                "W": "8",
                                "Pt": "R",
                                "Dp": "8.2",
                                "$": "1380"
                            }
                        ]
                    },
                    {
                        "type": "Day",
                        "value": "2023-11-20Z",
                        "Rep": [
                            {
                                "D": "WSW",
                                "G": "24",
                                "H": "82.7",
                                "P": "1010",
                                "S": "13",
                                "T": "10.8",
                                "V": "18000",
                                "W": "8",
                                "Pt": "R",
                                "Dp": "8.0",
                                "$": "0"
                            },
                            {
                                "D": "SW",
                                "G": "21",
                                "H": "84.9",
                                "P": "1010",
                                "S": "11",
                                "T": "9.7",
                                "V": "18000",
                                "W": "0",
                                "Pt": "R",
                                "Dp": "7.3",
                                "$": "60"
                            },
                            {
                                "D": "SW",
                                "G": "18",
                                "H": "86.6",
                                "P": "1010",
                                "S": "9",
                                "T": "9.4",
                                "V": "19000",
                                "W": "0",
                                "Pt": "F",
                                "Dp": "7.3",
                                "$": "120"
                            },
                            {
                                "D": "SW",
                                "G": "18",
                                "H": "87.2",
                                "P": "1009",
                                "S": "14",
                                "T": "9.0",
                                "V": "19000",
                                "W": "2",
                                "Pt": "F",
                                "Dp": "7.0",
                                "$": "180"
                            },
                            {
                                "D": "SSW",
                                "G": "19",
                                "H": "88.4",
                                "P": "1009",
                                "S": "9",
                                "T": "8.3",
                                "V": "19000",
                                "W": "0",
                                "Pt": "F",
                                "Dp": "6.5",
                                "$": "240"
                            },
                            {
                                "D": "SSW",
                                "G": "15",
                                "H": "87.1",
                                "P": "1008",
                                "S": "9",
                                "T": "8.2",
                                "V": "19000",
                                "W": "0",
                                "Pt": "F",
                                "Dp": "6.2",
                                "$": "300"
                            },
                            {
                                "D": "SSW",
                                "G": "16",
                                "H": "87.2",
                                "P": "1008",
                                "S": "8",
                                "T": "8.3",
                                "V": "19000",
                                "W": "8",
                                "Pt": "F",
                                "Dp": "6.3",
                                "$": "360"
                            },
                            {
                                "D": "S",
                                "G": "14",
                                "H": "85.5",
                                "P": "1007",
                                "S": "8",
                                "T": "9.2",
                                "V": "10000",
                                "W": "12",
                                "Pt": "F",
                                "Dp": "6.9",
                                "$": "420"
                            },
                            {
                                "D": "SSE",
                                "G": "17",
                                "H": "93.3",
                                "P": "1006",
                                "S": "6",
                                "T": "8.9",
                                "V": "6000",
                                "W": "12",
                                "Pt": "F",
                                "Dp": "7.9",
                                "$": "480"
                            },
                            {
                                "D": "E",
                                "G": "10",
                                "H": "95.4",
                                "P": "1007",
                                "S": "2",
                                "T": "9.0",
                                "V": "18000",
                                "W": "11",
                                "Pt": "F",
                                "Dp": "8.3",
                                "$": "540"
                            },
                            {
                                "D": "NW",
                                "G": "5",
                                "H": "94.7",
                                "P": "1007",
                                "S": "3",
                                "T": "9.8",
                                "V": "18000",
                                "W": "8",
                                "Pt": "R",
                                "Dp": "9.0",
                                "$": "600"
                            },
                            {
                                "D": "NW",
                                "G": "7",
                                "H": "90.4",
                                "P": "1008",
                                "S": "3",
                                "T": "10.5",
                                "V": "17000",
                                "W": "8",
                                "Pt": "R",
                                "Dp": "9.0",
                                "$": "660"
                            },
                            {
                                "D": "WNW",
                                "G": "15",
                                "H": "80.0",
                                "P": "1008",
                                "S": "9",
                                "T": "11.4",
                                "V": "35000",
                                "W": "8",
                                "Pt": "R",
                                "Dp": "8.1",
                                "$": "720"
                            },
                            {
                                "D": "W",
                                "G": "18",
                                "H": "75.9",
                                "P": "1008",
                                "S": "9",
                                "T": "11.7",
                                "V": "40000",
                                "W": "8",
                                "Pt": "R",
                                "Dp": "7.6",
                                "$": "780"
                            },
                            {
                                "D": "WNW",
                                "G": "17",
                                "H": "72.9",
                                "P": "1008",
                                "S": "8",
                                "T": "12.7",
                                "V": "45000",
                                "W": "7",
                                "Pt": "R",
                                "Dp": "8.0",
                                "$": "840"
                            },
                            {
                                "D": "WNW",
                                "G": "15",
                                "H": "73.2",
                                "P": "1008",
                                "S": "7",
                                "T": "11.9",
                                "V": "40000",
                                "W": "7",
                                "Pt": "R",
                                "Dp": "7.3",
                                "$": "900"
                            },
                            {
                                "D": "W",
                                "G": "11",
                                "H": "75.8",
                                "P": "1009",
                                "S": "7",
                                "T": "11.6",
                                "V": "40000",
                                "W": "8",
                                "Pt": "R",
                                "Dp": "7.5",
                                "$": "960"
                            }
                        ]
                    }
                ]
            }
        }
    }
}