{
    "SiteRep": {
        "Wx": {
            "Param": [
                {
                    "name": "G",
                    "units": "mph",
                    "$": "Wind Gust"
                },
                {
                    "name": "T",
                    "units": "C",
                    "$": "Temperature"
                },
                {
                    "name": "V",
                    "units": "m",
                    "$": "Visibility"
                },
                {
                    "name": "D",
                    "units": "compass",
                    "$": "Wind Direction"
                },
                {
                    "name": "S",
                    "units": "mph",
                    "$": "Wind Speed"
                },
                {
                    "name": "W",
                    "units": "",
                    "$": "Weather Type"
                },
                {
                    "name": "P",
                    "units": "hpa",
                    "$": "Pressure"
                },
                {
                    "name": "Pt",
                    "units": "Pa/s",
                    "$": "Pressure Tendency"
                },
                {
                    "name": "Dp",
                    "units": "C",
                    "$": "Dew Point"
                },
                {
                    "name": "H",
                    "units": "%",
                    "$": "Screen Relative Humidity"
                }
            ]
        },
        "DV": {
            "dataDate": "2025-12-05T16:00:00Z",
            "type": "Obs",
            "Location": {
                "i": "3772",
                "lat": "51.479",
                "lon": "-0.449",
                "name": "HEATHROW",
                "country": "ENGLAND",
                "continent": "EUROPE",
                "elevation": "25.0",
                "Period": [
                    {
                        "type": "Day",
                        "value": "2025-12-04Z",
                        "Rep": [
                            {
                                "D": "WSW",
                                "G": "18",
                                "H": "85.9",
                                "P": "997",
                                "S": "11",
                                "T": "7.1",
                                "V": "30000",
                                "W": "7",
                                "Pt": "R",
                                "Dp": "4.9",
                                "$": "960"
                            },
                            {
                                "D": "SW",
                                "G": "16",
                                "H": "87.7",
                                "P": "998",
                                "S": "10",
                                "T": "6.6",
                                "V": "30000",
                                "W": "0",
                                "Pt": "R",
                                "Dp": "4.7",
                                "$": "1020"
                            },
                            {
                                "D": "WSW",
                                "G": "16",
                                "H": "88.2",
                                "P": "999",
                                "S": "10",
                                "T": "6.0",
                                "V": "30000",
                                "W": "0",
                                "Pt": "R",
                                "Dp": "4.2",
                                "$": "1080"
                            },
                            {
                                "D": "WSW",
                                "G": "15",
                                "H": "87.0",
                                "P": "1000",
                                "S": "9",
                                "T": "5.3",
                                "V": "40000",
                                "W": "0",
                                "Pt": "R",
                                "Dp": "3.3",
                                "$": "1140"
                            },
                            {
                                "D": "WSW",
                                "G": "13",
                                "H": "86.8",
                                "P": "1001",
                                "S": "8",
                                "T": "5.0",
                                "V": "40000",
                                "W": "0",
                                "Pt": "R",
                                "Dp": "3.0",
                                "$": "1200"
                            },
                            {
                                "D": "SW",
                                "G": "11",
                                "H": "87.5",
                                "P": "1002",
                                "S": "6",
                                "T": "4.7",
                                "V": "40000",
                                "W": "0",
                                "Pt": "R",
                                "Dp": "2.8",
                                "$": "1260"
                            },
                            {
                                "D": "WSW",
                                "G": "15",
                                "H": "88.1",
                                "P": "1002",
                                "S": "9",
                                "T": "4.3",
                                "V": "40000",
                                "W": "0",
                                "Pt": "R",
                                "Dp": "2.5",
                                "$": "1320"
                            },
                            {
                                "D": "WSW",
                                "G": "14",
                                "H": "89.9",
                                "P": "1003",
                                "S": "8",
                                "T": "3.4",
                                "V": "35000",
                                "W": "0",
                                "Pt": "R",
                                "Dp": "1.9",
                                "$": "1380"
                            }
                        ]
                    },
                    {
                        "type": "Day",
                        "value": "2025-12-05Z",
                        "Rep": [
                            {
                                "D": "SSW",
                                "G": "9",
                                "H": "93.6",
                                "P": "1004",
                                "S": "3",
                                "T": "1.7",
                                "V": "30000",
                                "W": "0",
                                "Pt": "R",
                                "Dp": "0.8",
                                "$": "0"
                            },
                            {
                                "D": "N",
                                "G": "3",
                                "H": "95.0",
                                "P": "1004",
                                "S": "0",
                                "T": "1.2",
                                "V": "21000",
                                "W": "0",
                                "Pt": "R",
                                "Dp": "0.5",
                                "$": "60"
                            },
                            {
                                "D": "S",
                                "G": "3",
                                "H": "96.3",
                                "P": "1005",
                                "S": "2",
                                "T": "0.7",
                                "V": "8000",
                                "W": "5",
                                "Pt": "R",
                                "Dp": "0.2",
                                "$": "120"
                            },
                            {
                                "D": "N",
                                "G": "3",
                                "H": "97.0",
                                "P": "1005",
                                "S": "0",
                                "T": "0.6",
                                "V": "12000",
                                "W": "5",
                                "Pt": "R",
                                "Dp": "0.2",
                                "$": "180"
                            },
                            {
                                "D": "SE",
                                "G": "5",
                                "H": "97.4",
                                "P": "1006",
                                "S": "2",
                                "T": "0.0",
                                "V": "5000",
                                "W": "5",
                                "Pt": "R",
                                "Dp": "-0.3",
                                "$": "240"
                            },
                            {
                                "D": "SE",
                                "G": "3",
                                "H": "98.0",
                                "P": "1006",
                                "S": "3",
                                "T": "-0.3",
                                "V": "4000",
                                "W": "5",
                                "Pt": "R",
                                "Dp": "-0.5",
                                "$": "300"
                            },
                            {
                                "D": "SSE",
                                "G": "6",
                                "H": "96.9",
                                "P": "1006",
                                "S": "5",
                                "T": "-0.5",
                                "V": "16000",
                                "W": "0",
                                "Pt": "R",
                                "Dp": "-0.8",
                                "$": "360"
                            },
                            {
                                "D": "SE",
                                "G": "8",
                                "H": "97.9",
                                "P": "1007",
                                "S": "3",
                                "T": "1.0",
                                "V": "24000",
                                "W": "2",
                                "Pt": "R",
                                "Dp": "0.7",
                                "$": "420"
                            },
                            {
                                "D": "SE",
                                "G": "8",
                                "H": "97.1",
                                "P": "1007",
                                "S": "5",
                                "T": "0.9",
                                "V": "26000",
                                "W": "8",
                                "Pt": "R",
                                "Dp": "0.5",
                                "$": "480"
                            },
                            {
                                "D": "SSE",
                                "G": "9",
                                "H": "95.1",
                                "P": "1007",
                                "S": "6",
                                "T": "2.6",
                                "V": "28000",
                                "W": "3",
                                "Pt": "R",
                                "Dp": "1.9",
                                "$": "540"
                            },
                            {
                                "D": "SE",
                                "G": "14",
                                "H": "89.2",
                                "P": "1007",
                                "S": "10",
                                "T": "4.4",
                                "V": "30000",
                                "W": "8",
                                "Pt": "R",
                                "Dp": "2.8",
                                "$": "600"
                            },
                            {
                                "D": "SSE",
                                "G": "16",
                                "H": "83.0",
                                "P": "1006",
                                "S": "10",
                                "T": "7.1",
                                "V": "35000",
                                "W": "1",
                                "Pt": "F",
                                "Dp": "4.4",
                                "$": "660"
                            },
                            {
                                "D": "SSE",
                                "G": "17",
                                "H": "79.6",
                                "P": "1005",
                                "S": "11",
                                "T": "8.5",
                                "V": "35000",
                                "W": "8",
                                "Pt": "F",
                                "Dp": "5.2",
                                "$": "720"
                            },
                            {
                                "D": "SE",
                                "G": "17",
                                "H": "80.2",
                                "P": "1004",
                                "S": "11",
                                "T": "8.5",
                                "V": "35000",
                                "W": "8",
                                "Pt": "F",
                                "Dp": "5.3",
                                "$": "780"
                            },
                            {
                                "D": "SSE",
                                "G": "23",
                                "H": "79.2",
                                "P": "1003",
                                "S": "14",
                                "T": "8.7",
                                "V": "40000",
                                "W": "8",
                                "Pt": "F",
                                "Dp": "5.3",
                                "$": "840"
                            },
                            {
                                "D": "SSE",
                                "G": "28",
                                "H": "71.8",
                                "P": "1002",
                                "S": "16",
                                "T": "8.9",
                                "V": "45000",
                                "W": "8",
                                "Pt": "F",
                                "Dp": "4.1",
                                "$": "900"
                            },
                            {
                                "D": "SSE",
                                "G": "30",
                                "H": "72.3",
                                "P": "1000",
                                "S": "16",
                                "T": "8.6",
                                "V": "40000",
                                "W": "8",
                                "Pt": "F",
                                "Dp": "3.9",
                                "$": "960"
                            }
                        ]
                    }
                ]
            }
        }
    }
}