{
    "SiteRep": {
        "Wx": {
            "Param": [
                {
                    "name": "G",
                    "units": "mph",
                    "$": "Wind Gust"
                },
                {
                    "name": "T",
                    "units": "C",
                    "$": "Temperature"
                },
                {
                    "name": "V",
                    "units": "m",
                    "$": "Visibility"
                },
                {
                    "name": "D",
                    "units": "compass",
                    "$": "Wind Direction"
                },
                {
                    "name": "S",
                    "units": "mph",
                    "$": "Wind Speed"
                },
                {
                    "name": "W",
                    "units": "",
                    "$": "Weather Type"
                },
                {
                    "name": "P",
                    "units": "hpa",
                    "$": "Pressure"
                },
                {
                    "name": "Pt",
                    "units": "Pa/s",
                    "$": "Pressure Tendency"
                },
                {
                    "name": "Dp",
                    "units": "C",
                    "$": "Dew Point"
                },
                {
                    "name": "H",
                    "units": "%",
                    "$": "Screen Relative Humidity"
                }
            ]
        },
        "DV": {
            "dataDate": "2024-01-14T16:00:00Z",
            "type": "Obs",
            "Location": {
                "i": "3772",
                "lat": "51.479",
                "lon": "-0.449",
                "name": "HEATHROW",
                "country": "ENGLAND",
                "continent": "EUROPE",
                "elevation": "25.0",
                "Period": [
                    {
                        "type": "Day",
                        "value": "2024-01-13Z",
                        "Rep": [
                            {
                                "D": "W",
                                "G": "8",
                                "H": "81.1",
                                "P": "1023",
                                "S": "6",
                                "T": "4.0",
                                "V": "24000",
                                "W": "8",
                                "Pt": "F",
                                "Dp": "1.1",
                                "$": "960"
                            },
                            {
                                "D": "W",
                                "G": "9",
                                "H": "82.9",
                                "P": "1022",
                                "S": "5",
                                "T": "4.0",
                                "V": "24000",
                                "W": "8",
                                "Pt": "F",
                                "Dp": "1.4",
                                "$": "1020"
                            },
                            {
                                "D": "WNW",
                                "G": "9",
                                "H": "82.3",
                                "P": "1022",
                                "S": "5",
                                "T": "4.0",
                                "V": "20000",
                                "W": "8",
                                "Pt": "F",
                                "Dp": "1.3",
                                "$": "1080"
                            },
                            {
                                "D": "WNW",
                                "G": "9",
                                "H": "84.2",
                                "P": "1022",
                                "S": "3",
                                "T": "3.8",
                                "V": "17000",
                                "W": "8",
                                "Pt": "F",
                                "Dp": "1.4",
                                "$": "1140"
                            },
                            {
                                "D": "SSE",
                                "G": "5",
                                "H": "86.6",
                                "P": "1021",
                                "S": "2",
                                "T": "3.7",
                                "V": "12000",
                                "W": "8",
                                "Pt": "F",
                                "Dp": "1.7",
                                "$": "1200"
                            },
                            {
                                "D": "SSW",
                                "G": "7",
                                "H": "86.0",
                                "P": "1020",
                                "S": "5",
                                "T": "3.8",
                                "V": "11000",
                                "W": "8",
                                "Pt": "F",
                                "Dp": "1.7",
                                "$": "1260"
                            },
                            {
                                "D": "SW",
                                "G": "9",
                                "H": "86.6",
                                "P": "1020",
                                "S": "7",
                                "T": "3.7",
                                "V": "10000",
                                "W": "8",
                                "Pt": "F",
                                "Dp": "1.7",
                                "$": "1320"
                            },
                            {
                                "D": "SSW",
                                "G": "10",
                                "H": "87.3",
                                "P": "1019",
                                "S": "7",
                                "T": "3.5",
                                "V": "11000",
                                "W": "8",
                                "Pt": "F",
                                "Dp": "1.6",
                                "$": "1380"
                            }
                        ]
                    },
                    {
                        "type": "Day",
                        "value": "2024-01-14Z",
                        "Rep": [
                            {
                                "D": "SSW",
                                "G": "13",
                                "H": "88.9",
                                "P": "1018",
                                "S": "9",
                                "T": "2.7",
                                "V": "9000",
                                "W": "7",
                                "Pt": "F",
                                "Dp": "1.1",
                                "$": "0"
                            },
                            {
                                "D": "SW",
                                "G": "15",
                                "H": "90.3",
                                "P": "1018",
                                "S": "8",
                                "T": "2.7",
                                "V": "9000",
                                "W": "8",
                                "Pt": "F",
                                "Dp": "1.3",
                                "$": "60"
                            },
                            {
                                "D": "WSW",
                                "G": "9",
                                "H": "91.0",
                                "P": "1018",
                                "S": "5",
                                "T": "2.9",
                                "V": "9000",
                                "W": "8",
                                "Pt": "F",
                                "Dp": "1.6",
                                "$": "120"
                            },
                            {
                                "D": "WSW",
                                "G": "9",
                                "H": "91.0",
                                "P": "1017",
                                "S": "7",
                                "T": "2.9",
                                "V": "7000",
                                "W": "5",
                                "Pt": "F",
                                "Dp": "1.6",
                                "$": "180"
                            },
                            {
                                "D": "WSW",
                                "G": "10",
                                "H": "92.4",
                                "P": "1016",
                                "S": "7",
                                "T": "2.6",
                                "V": "5000",
                                "W": "8",
                                "Pt": "F",
                                "Dp": "1.5",
                                "$": "240"
                            },
                            {
                                "D": "WSW",
                                "G": "9",
                                "H": "93.2",
                                "P": "1016",
                                "S": "7",
                                "T": "2.5",
                                "V": "5000",
                                "W": "5",
                                "Pt": "F",
                                "Dp": "1.5",
                                "$": "300"
                            },
                            {
                                "D": "WSW",
                                "G": "9",
                                "H": "93.1",
                                "P": "1015",
                                "S": "7",
                                "T": "2.6",
                                "V": "5000",
                                "W": "5",
                                "Pt": "F",
                                "Dp": "1.6",
                                "$": "360"
                            },
                            {
                                "D": "W",
                                "G": "10",
                                "H": "91.6",
                                "P": "1015",
                                "S": "7",
                                "T": "2.7",
                                "V": "6000",
                                "W": "5",
                                "Pt": "F",
                                "Dp": "1.5",
                                "$": "420"
                            },
                            {
                                "D": "W",
                                "G": "9",
                                "H": "91.0",
                                "P": "1015",
                                "S": "7",
                                "T": "2.8",
                                "V": "6000",
                                "W": "5",
                                "Pt": "F",
                                "Dp": "1.5",
                                "$": "480"
                            },
                            {
                                "D": "WSW",
                                "G": "11",
                                "H": "89.1",
                                "P": "1014",
                                "S": "7",
                                "T": "3.3",
                                "V": "9000",
                                "W": "5",
                                "Pt": "F",
                                "Dp": "1.7",
                                "$": "540"
                            },
                            {
                                "D": "W",
                                "G": "14",
                                "H": "87.8",
                                "P": "1014",
                                "S": "8",
                                "T": "3.4",
                                "V": "9000",
                                "W": "8",
                                "Pt": "F",
                                "Dp": "1.6",
                                "$": "600"
                            },
                            {
                                "D": "WSW",
                                "G": "14",
                                "H": "87.2",
                                "P": "1014",
                                "S": "9",
                                "T": "4.3",
                                "V": "10000",
                                "W": "7",
                                "Pt": "F",
                                "Dp": "2.4",
                                "$": "660"
                            },
                            {
                                "D": "W",
                                "G": "14",
                                "H": "80.2",
                                "P": "1013",
                                "S": "8",
                                "T": "5.0",
                                "V": "14000",
                                "W": "8",
                                "Pt": "F",
                                "Dp": "1.9",
                                "$": "720"
                            },
                            {
                                "D": "W",
                                "G": "13",
                                "H": "75.8",
                                "P": "1012",
                                "S": "8",
                                "T": "5.7",
                                "V": "16000",
                                "W": "8",
                                "Pt": "F",
                                "Dp": "1.8",
                                "$": "780"
                            },
                            {
                                "D": "WNW",
                                "G": "18",
                                "H": "70.6",
                                "P": "1011",
                                "S": "9",
                                "T": "6.1",
                                "V": "40000",
                                "W": "8",
                                "Pt": "F",
                                "Dp": "1.2",
                                "$": "840"
                            },
                            {
                                "D": "W",
                                "G": "15",
                                "H": "67.3",
                                "P": "1011",
                                "S": "9",
                                "T": "6.5",
                                "V": "50000",
                                "W": "8",
                                "Pt": "F",
                                "Dp": "0.9",
                                "$": "900"
                            },
                            {
                                "D": "WNW",
                                "G": "13",
                                "H": "71.1",
                                "P": "1010",
                                "S": "7",
                                "T": "6.3",
                                "V": "40000",
                                "W": "8",
                                "Pt": "F",
                                "Dp": "1.5",
                                "$": "960"
                            }
                        ]
                    }
                ]
            }
        }
    }
}