{
    "SiteRep": {
        "Wx": {
            "Param": [
                {
                    "name": "G",
                    "units": "mph",
                    "$": "Wind Gust"
                },
                {
                    "name": "T",
                    "units": "C",
                    "$": "Temperature"
                },
                {
                    "name": "V",
                    "units": "m",
                    "$": "Visibility"
                },
                {
                    "name": "D",
                    "units": "compass",
                    "$": "Wind Direction"
                },
                {
                    "name": "S",
                    "units": "mph",
                    "$": "Wind Speed"
                },
                {
                    "name": "W",
                    "units": "",
                    "$": "Weather Type"
                },
                {
                    "name": "P",
                    "units": "hpa",
                    "$": "Pressure"
                },
                {
                    "name": "Pt",
                    "units": "Pa/s",
                    "$": "Pressure Tendency"
                },
                {
                    "name": "Dp",
                    "units": "C",
                    "$": "Dew Point"
                },
                {
                    "name": "H",
                    "units": "%",
                    "$": "Screen Relative Humidity"
                }
            ]
        },
        "DV": {
            "dataDate": "2025-10-16T16:00:00Z",
            "type": "Obs",
            "Location": {
                "i": "3772",
                "lat": "51.479",
                "lon": "-0.449",
                "name": "HEATHROW",
                "country": "ENGLAND",
                "continent": "EUROPE",
                "elevation": "25.0",
                "Period": [
                    {
                        "type": "Day",
                        "value": "2025-10-15Z",
                        "Rep": [
                            {
                                "D": "NNE",
                                "G": "14",
                                "H": "76.4",
                                "P": "1029",
                                "S": "7",
                                "T": "13.1",
                                "V": "75000",
                                "W": "8",
                                "Pt": "F",
                                "Dp": "9.1",
                                "$": "960"
                            },
                            {
                                "D": "NNE",
                                "G": "13",
                                "H": "75.3",
                                "P": "1029",
                                "S": "6",
                                "T": "12.8",
                                "V": "75000",
                                "W": "8",
                                "Pt": "F",
                                "Dp": "8.6",
                                "$": "1020"
                            },
                            {
                                "D": "NNE",
                                "G": "13",
                                "H": "72.7",
                                "P": "1029",
                                "S": "6",
                                "T": "12.5",
                                "V": "75000",
                                "W": "8",
                                "Pt": "R",
                                "Dp": "7.8",
                                "$": "1080"
                            },
                            {
                                "D": "NE",
                                "G": "15",
                                "H": "68.7",
                                "P": "1029",
                                "S": "6",
                                "T": "12.5",
                                "V": "75000",
                                "W": "8",
                                "Pt": "R",
                                "Dp": "7.0",
                                "$": "1140"
                            },
                            {
                                "D": "NE",
                                "G": "15",
                                "H": "70.1",
                                "P": "1029",
                                "S": "5",
                                "T": "12.4",
                                "V": "75000",
                                "W": "8",
                                "Pt": "R",
                                "Dp": "7.2",
                                "$": "1200"
                            },
                            {
                                "D": "NE",
                                "G": "9",
                                "H": "71.7",
                                "P": "1029",
                                "S": "6",
                                "T": "12.4",
                                "V": "65000",
                                "W": "8",
                                "Pt": "R",
                                "Dp": "7.5",
                                "$": "1260"
                            },
                            {
                                "D": "NE",
                                "G": "9",
                                "H": "73.7",
                                "P": "1029",
                                "S": "5",
                                "T": "12.4",
                                "V": "75000",
                                "W": "8",
                                "Pt": "F",
                                "Dp": "7.9",
                                "$": "1320"
                            },
                            {
                                "D": "NE",
                                "G": "11",
                                "H": "77.3",
                                "P": "1029",
                                "S": "5",
                                "T": "12.2",
                                "V": "50000",
                                "W": "8",
                                "Pt": "F",
                                "Dp": "8.4",
                                "$": "1380"
                            }
                        ]
                    },
                    {
                        "type": "Day",
                        "value": "2025-10-16Z",
                        "Rep": [
                            {
                                "D": "N",
                                "G": "8",
                                "H": "82.1",
                                "P": "1028",
                                "S": "5",
                                "T": "11.9",
                                "V": "75000",
                                "W": "8",
                                "Pt": "F",
                                "Dp": "9.0",
                                "$": "0"
                            },
                            {
                                "D": "NNE",
                                "G": "8",
                                "H": "84.4",
                                "P": "1028",
                                "S": "3",
                                "T": "11.7",
                                "V": "27000",
                                "W": "8",
                                "Pt": "F",
                                "Dp": "9.2",
                                "$": "60"
                            },
                            {
                                "D": "N",
                                "G": "8",
                                "H": "86.7",
                                "P": "1028",
                                "S": "3",
                                "T": "11.3",
                                "V": "65000",
                                "W": "8",
                                "Pt": "F",
                                "Dp": "9.2",
                                "$": "120"
                            },
                            {
                                "D": "NNE",
                                "G": "10",
                                "H": "87.9",
                                "P": "1028",
                                "S": "6",
                                "T": "10.9",
                                "V": "60000",
                                "W": "8",
                                "Pt": "F",
                                "Dp": "9.0",
                                "$": "180"
                            },
                            {
                                "D": "NNE",
                                "G": "10",
                                "H": "91.6",
                                "P": "1028",
                                "S": "5",
                                "T": "10.5",
                                "V": "40000",
                                "W": "11",
                                "Pt": "F",
                                "Dp": "9.2",
                                "$": "240"
                            },
                            {
                                "D": "N",
                                "G": "7",
                                "H": "93.4",
                                "P": "1027",
                                "S": "5",
                                "T": "10.2",
                                "V": "55000",
                                "W": "7",
                                "Pt": "F",
                                "Dp": "9.2",
                                "$": "300"
                            },
                            {
                                "D": "NNE",
                                "G": "7",
                                "H": "92.8",
                                "P": "1028",
                                "S": "5",
                                "T": "10.3",
                                "V": "60000",
                                "W": "8",
                                "Pt": "F",
                                "Dp": "9.2",
                                "$": "360"
                            },
                            {
                                "D": "NNE",
                                "G": "7",
                                "H": "90.9",
                                "P": "1028",
                                "S": "5",
                                "T": "10.6",
                                "V": "45000",
                                "W": "8",
                                "Pt": "R",
                                "Dp": "9.2",
                                "$": "420"
                            },
                            {
                                "D": "NNE",
                                "G": "8",
                                "H": "89.0",
                                "P": "1028",
                                "S": "5",
                                "T": "11.1",
                                "V": "30000",
                                "W": "11",
                                "Pt": "R",
                                "Dp": "9.4",
                                "$": "480"
                            },
                            {
                                "D": "NNE",
                                "G": "7",
                                "H": "85.0",
                                "P": "1028",
                                "S": "5",
                                "T": "12.0",
                                "V": "29000",
                                "W": "8",
                                "Pt": "R",
                                "Dp": "9.6",
                                "$": "540"
                            },
                            {
                                "D": "NNE",
                                "G": "9",
                                "H": "81.2",
                                "P": "1028",
                                "S": "5",
                                "T": "13.2",
                                "V": "35000",
                                "W": "8",
                                "Pt": "R",
                                "Dp": "10.1",
                                "$": "600"
                            },
                            {
                                "D": "ENE",
                                "G": "10",
                                "H": "72.5",
                                "P": "1028",
                                "S": "7",
                                "T": "14.2",
                                "V": "45000",
                                "W": "8",
                                "Pt": "F",
                                "Dp": "9.4",
                                "$": "660"
                            },
                            {
                                "D": "ENE",
                                "G": "9",
                                "H": "68.3",
                                "P": "1027",
                                "S": "3",
                                "T": "14.8",
                                "V": "55000",
                                "W": "8",
                                "Pt": "F",
                                "Dp": "9.1",
                                "$": "720"
                            },
                            {
                                "D": "NE",
                                "G": "9",
                                "H": "65.2",
                                "P": "1027",
                                "S": "3",
                                "T": "15.4",
                                "V": "50000",
                                "W": "8",
                                "Pt": "F",
                                "Dp": "9.0",
                                "$": "780"
                            },
                            {
                                "D": "NNE",
                                "G": "9",
                                "H": "63.5",
                                "P": "1026",
                                "S": "5",
                                "T": "15.6",
                                "V": "50000",
                                "W": "8",
                                "Pt": "F",
                                "Dp": "8.8",
                                "$": "840"
                            },
                            {
                                "D": "NNE",
                                "G": "10",
                                "H": "67.0",
                                "P": "1026",
                                "S": "6",
                                "T": "15.2",
                                "V": "60000",
                                "W": "8",
                                "Pt": "F",
                                "Dp": "9.2",
                                "$": "900"
                            },
                            {
                                "D": "NNE",
                                "G": "10",
                                "H": "66.0",
                                "P": "1026",
                                "S": "6",
                                "T": "15.1",
                                "V": "65000",
                                "W": "8",
                                "Pt": "F",
                                "Dp": "8.9",
                                "$": "960"
                            }
                        ]
                    }
                ]
            }
        }
    }
}