{
    "SiteRep": {
        "Wx": {
            "Param": [
                {
                    "name": "G",
                    "units": "mph",
                    "$": "Wind Gust"
                },
                {
                    "name": "T",
                    "units": "C",
                    "$": "Temperature"
                },
                {
                    "name": "V",
                    "units": "m",
                    "$": "Visibility"
                },
                {
                    "name": "D",
                    "units": "compass",
                    "$": "Wind Direction"
                },
                {
                    "name": "S",
                    "units": "mph",
                    "$": "Wind Speed"
                },
                {
                    "name": "W",
                    "units": "",
                    "$": "Weather Type"
                },
                {
                    "name": "P",
                    "units": "hpa",
                    "$": "Pressure"
                },
                {
                    "name": "Pt",
                    "units": "Pa/s",
                    "$": "Pressure Tendency"
                },
                {
                    "name": "Dp",
                    "units": "C",
                    "$": "Dew Point"
                },
                {
                    "name": "H",
                    "units": "%",
                    "$": "Screen Relative Humidity"
                }
            ]
        },
        "DV": {
            "dataDate": "2025-08-25T15:00:00Z",
            "type": "Obs",
            "Location": {
                "i": "3772",
                "lat": "51.479",
                "lon": "-0.449",
                "name": "HEATHROW",
                "country": "ENGLAND",
                "continent": "EUROPE",
                "elevation": "25.0",
                "Period": [
                    {
                        "type": "Day",
                        "value": "2025-08-24Z",
                        "Rep": [
                            {
                                "D": "S",
                                "G": "18",
                                "H": "37.2",
                                "P": "1019",
                                "S": "8",
                                "T": "24.4",
                                "V": "50000",
                                "W": "8",
                                "Pt": "F",
                                "Dp": "9.0",
                                "$": "960"
                            },
                            {
                                "D": "S",
                                "G": "17",
                                "H": "38.6",
                                "P": "1019",
                                "S": "11",
                                "T": "23.3",
                                "V": "40000",
                                "W": "8",
                                "Pt": "F",
                                "Dp": "8.6",
                                "$": "1020"
                            },
                            {
                                "D": "SSW",
                                "G": "16",
                                "H": "40.4",
                                "P": "1019",
                                "S": "10",
                                "T": "22.8",
                                "V": "45000",
                                "W": "3",
                                "Pt": "F",
                                "Dp": "8.8",
                                "$": "1080"
                            },
                            {
                                "D": "SSW",
                                "G": "15",
                                "H": "44.1",
                                "P": "1019",
                                "S": "9",
                                "T": "21.4",
                                "V": "50000",
                                "W": "0",
                                "Pt": "F",
                                "Dp": "8.8",
                                "$": "1140"
                            },
                            {
                                "D": "S",
                                "G": "15",
                                "H": "50.8",
                                "P": "1019",
                                "S": "9",
                                "T": "20.1",
                                "V": "45000",
                                "W": "0",
                                "Pt": "R",
                                "Dp": "9.7",
                                "$": "1200"
                            },
                            {
                                "D": "S",
                                "G": "13",
                                "H": "55.5",
                                "P": "1019",
                                "S": "6",
                                "T": "18.8",
                                "V": "45000",
                                "W": "0",
                                "Pt": "R",
                                "Dp": "9.8",
                                "$": "1260"
                            },
                            {
                                "D": "SSE",
                                "G": "8",
                                "H": "58.1",
                                "P": "1019",
                                "S": "3",
                                "T": "18.3",
                                "V": "40000",
                                "W": "0",
                                "Pt": "R",
                                "Dp": "10.0",
                                "$": "1320"
                            },
                            {
                                "D": "ESE",
                                "G": "7",
                                "H": "65.5",
                                "P": "1019",
                                "S": "2",
                                "T": "16.2",
                                "V": "35000",
                                "W": "0",
                                "Pt": "S",
                                "Dp": "9.8",
                                "$": "1380"
                            }
                        ]
                    },
                    {
                        "type": "Day",
                        "value": "2025-08-25Z",
                        "Rep": [
                            {
                                "D": "E",
                                "G": "5",
                                "H": "65.9",
                                "P": "1019",
                                "S": "3",
                                "T": "15.8",
                                "V": "35000",
                                "W": "0",
                                "Pt": "F",
                                "Dp": "9.5",
                                "$": "0"
                            },
                            {
                                "D": "ENE",
                                "G": "6",
                                "H": "67.2",
                                "P": "1019",
                                "S": "2",
                                "T": "15.6",
                                "V": "35000",
                                "W": "0",
                                "Pt": "F",
                                "Dp": "9.6",
                                "$": "60"
                            },
                            {
                                "D": "ENE",
                                "G": "6",
                                "H": "68.5",
                                "P": "1019",
                                "S": "2",
                                "T": "15.2",
                                "V": "35000",
                                "W": "0",
                                "Pt": "F",
                                "Dp": "9.5",
                                "$": "120"
                            },
                            {
                                "D": "ENE",
                                "G": "5",
                                "H": "71.3",
                                "P": "1018",
                                "S": "2",
                                "T": "15.0",
                                "V": "35000",
                                "W": "0",
                                "Pt": "F",
                                "Dp": "9.9",
                                "$": "180"
                            },
                            {
                                "D": "ENE",
                                "G": "5",
                                "H": "75.6",
                                "P": "1018",
                                "S": "1",
                                "T": "13.8",
                                "V": "30000",
                                "W": "0",
                                "Pt": "F",
                                "Dp": "9.6",
                                "$": "240"
                            },
                            {
                                "D": "N",
                                "G": "3",
                                "H": "82.4",
                                "P": "1018",
                                "S": "0",
                                "T": "13.1",
                                "V": "30000",
                                "W": "0",
                                "Pt": "F",
                                "Dp": "10.2",
                                "$": "300"
                            },
                            {
                                "D": "ENE",
                                "G": "5",
                                "H": "82.0",
                                "P": "1018",
                                "S": "2",
                                "T": "14.2",
                                "V": "26000",
                                "W": "1",
                                "Pt": "F",
                                "Dp": "11.2",
                                "$": "360"
                            },
                            {
                                "D": "E",
                                "G": "7",
                                "H": "73.1",
                                "P": "1018",
                                "S": "5",
                                "T": "17.0",
                                "V": "27000",
                                "W": "1",
                                "Pt": "F",
                                "Dp": "12.2",
                                "$": "420"
                            },
                            {
                                "D": "SE",
                                "G": "13",
                                "H": "60.3",
                                "P": "1017",
                                "S": "8",
                                "T": "19.1",
                                "V": "40000",
                                "W": "1",
                                "Pt": "F",
                                "Dp": "11.3",
                                "$": "480"
                            },
                            {
                                "D": "SSE",
                                "G": "17",
                                "H": "41.6",
                                "P": "1017",
                                "S": "11",
                                "T": "22.0",
                                "V": "50000",
                                "W": "1",
                                "Pt": "F",
                                "Dp": "8.5",
                                "$": "540"
                            },
                            {
                                "D": "SSE",
                                "G": "19",
                                "H": "36.8",
                                "P": "1017",
                                "S": "11",
                                "T": "23.8",
                                "V": "50000",
                                "W": "1",
                                "Pt": "F",
                                "Dp": "8.3",
                                "$": "600"
                            },
                            {
                                "D": "SSE",
                                "G": "16",
                                "H": "33.6",
                                "P": "1016",
                                "S": "8",
                                "T": "25.4",
                                "V": "50000",
                                "W": "1",
                                "Pt": "F",
                                "Dp": "8.4",
                                "$": "660"
                            },
                            {
                                "D": "SSE",
                                "G": "17",
                                "H": "30.8",
                                "P": "1016",
                                "S": "10",
                                "T": "26.2",
                                "V": "40000",
                                "W": "1",
                                "Pt": "F",
                                "Dp": "7.8",
                                "$": "720"
                            },
                            {
                                "D": "SE",
                                "G": "18",
                                "H": "27.8",
                                "P": "1015",
                                "S": "11",
                                "T": "27.8",
                                "V": "45000",
                                "W": "1",
                                "Pt": "F",
                                "Dp": "7.7",
                                "$": "780"
                            },
                            {
                                "D": "S",
                                "G": "18",
                                "H": "25.9",
                                "P": "1014",
                                "S": "10",
                                "T": "27.1",
                                "V": "50000",
                                "W": "1",
                                "Pt": "F",
                                "Dp": "6.1",
                                "$": "840"
                            },
                            {
                                "D": "SSE",
                                "G": "25",
                                "H": "25.9",
                                "P": "1014",
                                "S": "13",
                                "T": "27.5",
                                "V": "50000",
                                "W": "3",
                                "Pt": "F",
                                "Dp": "6.4",
                                "$": "900"
                            },
                            {
                                "D": "S",
                                "G": "21",
                                "H": "26.8",
                                "P": "1013",
                                "S": "10",
                                "T": "26.8",
                                "V": "50000",
                                "W": "1",
                                "Pt": "F",
                                "Dp": "6.3",
                                "$": "960"
                            }
                        ]
                    }
                ]
            }
        }
    }
}