{
    "SiteRep": {
        "Wx": {
            "Param": [
                {
                    "name": "G",
                    "units": "mph",
                    "$": "Wind Gust"
                },
                {
                    "name": "T",
                    "units": "C",
                    "$": "Temperature"
                },
                {
                    "name": "V",
                    "units": "m",
                    "$": "Visibility"
                },
                {
                    "name": "D",
                    "units": "compass",
                    "$": "Wind Direction"
                },
                {
                    "name": "S",
                    "units": "mph",
                    "$": "Wind Speed"
                },
                {
                    "name": "W",
                    "units": "",
                    "$": "Weather Type"
                },
                {
                    "name": "P",
                    "units": "hpa",
                    "$": "Pressure"
                },
                {
                    "name": "Pt",
                    "units": "Pa/s",
                    "$": "Pressure Tendency"
                },
                {
                    "name": "Dp",
                    "units": "C",
                    "$": "Dew Point"
                },
                {
                    "name": "H",
                    "units": "%",
                    "$": "Screen Relative Humidity"
                }
            ]
        },
        "DV": {
            "dataDate": "2025-08-19T16:00:00Z",
            "type": "Obs",
            "Location": {
                "i": "3772",
                "lat": "51.479",
                "lon": "-0.449",
                "name": "HEATHROW",
                "country": "ENGLAND",
                "continent": "EUROPE",
                "elevation": "25.0",
                "Period": [
                    {
                        "type": "Day",
                        "value": "2025-08-18Z",
                        "Rep": [
                            {
                                "D": "ENE",
                                "G": "17",
                                "H": "57.0",
                                "P": "1019",
                                "S": "10",
                                "T": "21.5",
                                "V": "55000",
                                "W": "8",
                                "Pt": "F",
                                "Dp": "12.7",
                                "$": "960"
                            },
                            {
                                "D": "ENE",
                                "G": "17",
                                "H": "53.7",
                                "P": "1018",
                                "S": "9",
                                "T": "21.9",
                                "V": "55000",
                                "W": "8",
                                "Pt": "F",
                                "Dp": "12.2",
                                "$": "1020"
                            },
                            {
                                "D": "ENE",
                                "G": "16",
                                "H": "55.8",
                                "P": "1018",
                                "S": "8",
                                "T": "21.2",
                                "V": "45000",
                                "W": "8",
                                "Pt": "F",
                                "Dp": "12.1",
                                "$": "1080"
                            },
                            {
                                "D": "E",
                                "G": "14",
                                "H": "56.8",
                                "P": "1018",
                                "S": "8",
                                "T": "20.7",
                                "V": "55000",
                                "W": "8",
                                "Pt": "F",
                                "Dp": "11.9",
                                "$": "1140"
                            },
                            {
                                "D": "E",
                                "G": "14",
                                "H": "60.9",
                                "P": "1019",
                                "S": "9",
                                "T": "19.8",
                                "V": "60000",
                                "W": "8",
                                "Pt": "R",
                                "Dp": "12.1",
                                "$": "1200"
                            },
                            {
                                "D": "ENE",
                                "G": "14",
                                "H": "61.6",
                                "P": "1018",
                                "S": "8",
                                "T": "19.6",
                                "V": "50000",
                                "W": "8",
                                "Pt": "R",
                                "Dp": "12.1",
                                "$": "1260"
                            },
                            {
                                "D": "ENE",
                                "G": "16",
                                "H": "61.3",
                                "P": "1018",
                                "S": "9",
                                "T": "18.6",
                                "V": "55000",
                                "W": "7",
                                "Pt": "F",
                                "Dp": "11.1",
                                "$": "1320"
                            },
                            {
                                "D": "ENE",
                                "G": "15",
                                "H": "64.3",
                                "P": "1018",
                                "S": "7",
                                "T": "18.3",
                                "V": "50000",
                                "W": "7",
                                "Pt": "F",
                                "Dp": "11.5",
                                "$": "1380"
                            }
                        ]
                    },
                    {
                        "type": "Day",
                        "value": "2025-08-19Z",
                        "Rep": [
                            {
                                "D": "ENE",
                                "G": "15",
                                "H": "66.3",
                                "P": "1018",
                                "S": "7",
                                "T": "17.6",
                                "V": "50000",
                                "W": "7",
                                "Pt": "F",
                                "Dp": "11.3",
                                "$": "0"
                            },
                            {
                                "D": "ENE",
                                "G": "14",
                                "H": "75.1",
                                "P": "1018",
                                "S": "7",
                                "T": "17.0",
                                "V": "50000",
                                "W": "0",
                                "Pt": "F",
                                "Dp": "12.6",
                                "$": "60"
                            },
                            {
                                "D": "NE",
                                "G": "13",
                                "H": "78.1",
                                "P": "1017",
                                "S": "7",
                                "T": "16.8",
                                "V": "40000",
                                "W": "8",
                                "Pt": "F",
                                "Dp": "13.0",
                                "$": "120"
                            },
                            {
                                "D": "NNE",
                                "G": "13",
                                "H": "80.2",
                                "P": "1017",
                                "S": "7",
                                "T": "16.4",
                                "V": "40000",
                                "W": "8",
                                "Pt": "F",
                                "Dp": "13.0",
                                "$": "180"
                            },
                            {
                                "D": "NNE",
                                "G": "11",
                                "H": "81.8",
                                "P": "1017",
                                "S": "8",
                                "T": "16.4",
                                "V": "30000",
                                "W": "8",
                                "Pt": "F",
                                "Dp": "13.3",
                                "$": "240"
                            },
                            {
                                "D": "NE",
                                "G": "15",
                                "H": "82.8",
                                "P": "1016",
                                "S": "8",
                                "T": "16.3",
                                "V": "28000",
                                "W": "8",
                                "Pt": "F",
                                "Dp": "13.4",
                                "$": "300"
                            },
                            {
                                "D": "NE",
                                "G": "17",
                                "H": "80.8",
                                "P": "1016",
                                "S": "9",
                                "T": "16.8",
                                "V": "25000",
                                "W": "8",
                                "Pt": "F",
                                "Dp": "13.5",
                                "$": "360"
                            },
                            {
                                "D": "NE",
                                "G": "19",
                                "H": "77.8",
                                "P": "1016",
                                "S": "9",
                                "T": "17.6",
                                "V": "26000",
                                "W": "8",
                                "Pt": "F",
                                "Dp": "13.7",
                                "$": "420"
                            },
                            {
                                "D": "NE",
                                "G": "18",
                                "H": "75.8",
                                "P": "1016",
                                "S": "8",
                                "T": "18.0",
                                "V": "25000",
                                "W": "8",
                                "Pt": "R",
                                "Dp": "13.7",
                                "$": "480"
                            },
                            {
                                "D": "NE",
                                "G": "15",
                                "H": "72.6",
                                "P": "1016",
                                "S": "9",
                                "T": "19.1",
                                "V": "25000",
                                "W": "8",
                                "Pt": "R",
                                "Dp": "14.1",
                                "$": "540"
                            },
                            {
                                "D": "NE",
                                "G": "17",
                                "H": "70.5",
                                "P": "1016",
                                "S": "9",
                                "T": "20.0",
                                "V": "27000",
                                "W": "8",
                                "Pt": "R",
                                "Dp": "14.5",
                                "$": "600"
                            },
                            {
                                "D": "NE",
                                "G": "18",
                                "H": "60.4",
                                "P": "1016",
                                "S": "11",
                                "T": "22.8",
                                "V": "29000",
                                "W": "8",
                                "Pt": "F",
                                "Dp": "14.8",
                                "$": "660"
                            },
                            {
                                "D": "NE",
                                "G": "18",
                                "H": "58.8",
                                "P": "1015",
                                "S": "10",
                                "T": "22.6",
                                "V": "30000",
                                "W": "8",
                                "Pt": "F",
                                "Dp": "14.2",
                                "$": "720"
                            },
                            {
                                "D": "ENE",
                                "G": "19",
                                "H": "51.1",
                                "P": "1014",
                                "S": "9",
                                "T": "24.5",
                                "V": "30000",
                                "W": "7",
                                "Pt": "F",
                                "Dp": "13.8",
                                "$": "780"
                            },
                            {
                                "D": "NE",
                                "G": "17",
                                "H": "50.6",
                                "P": "1015",
                                "S": "9",
                                "T": "24.2",
                                "V": "35000",
                                "W": "8",
                                "Pt": "F",
                                "Dp": "13.4",
                                "$": "840"
                            },
                            {
                                "D": "ENE",
                                "G": "16",
                                "H": "47.1",
                                "P": "1014",
                                "S": "11",
                                "T": "25.2",
                                "V": "35000",
                                "W": "7",
                                "Pt": "F",
                                "Dp": "13.2",
                                "$": "900"
                            },
                            {
                                "D": "NE",
                                "G": "18",
                                "H": "50.4",
                                "P": "1014",
                                "S": "9",
                                "T": "24.3",
                                "V": "30000",
                                "W": "8",
                                "Pt": "F",
                                "Dp": "13.4",
                                "$": "960"
                            }
                        ]
                    }
                ]
            }
        }
    }
}