{
    "SiteRep": {
        "Wx": {
            "Param": [
                {
                    "name": "G",
                    "units": "mph",
                    "$": "Wind Gust"
                },
                {
                    "name": "T",
                    "units": "C",
                    "$": "Temperature"
                },
                {
                    "name": "V",
                    "units": "m",
                    "$": "Visibility"
                },
                {
                    "name": "D",
                    "units": "compass",
                    "$": "Wind Direction"
                },
                {
                    "name": "S",
                    "units": "mph",
                    "$": "Wind Speed"
                },
                {
                    "name": "W",
                    "units": "",
                    "$": "Weather Type"
                },
                {
                    "name": "P",
                    "units": "hpa",
                    "$": "Pressure"
                },
                {
                    "name": "Pt",
                    "units": "Pa/s",
                    "$": "Pressure Tendency"
                },
                {
                    "name": "Dp",
                    "units": "C",
                    "$": "Dew Point"
                },
                {
                    "name": "H",
                    "units": "%",
                    "$": "Screen Relative Humidity"
                }
            ]
        },
        "DV": {
            "dataDate": "2025-06-08T16:00:00Z",
            "type": "Obs",
            "Location": {
                "i": "3772",
                "lat": "51.479",
                "lon": "-0.449",
                "name": "HEATHROW",
                "country": "ENGLAND",
                "continent": "EUROPE",
                "elevation": "25.0",
                "Period": [
                    {
                        "type": "Day",
                        "value": "2025-06-07Z",
                        "Rep": [
                            {
                                "D": "SSW",
                                "G": "21",
                                "H": "91.2",
                                "P": "1005",
                                "S": "11",
                                "T": "14.0",
                                "V": "5000",
                                "W": "12",
                                "Pt": "F",
                                "Dp": "12.6",
                                "$": "960"
                            },
                            {
                                "D": "SSE",
                                "G": "17",
                                "H": "94.2",
                                "P": "1004",
                                "S": "13",
                                "T": "13.6",
                                "V": "7000",
                                "W": "12",
                                "Pt": "F",
                                "Dp": "12.7",
                                "$": "1020"
                            },
                            {
                                "D": "WSW",
                                "G": "14",
                                "H": "85.4",
                                "P": "1004",
                                "S": "9",
                                "T": "13.6",
                                "V": "75000",
                                "W": "8",
                                "Pt": "F",
                                "Dp": "11.2",
                                "$": "1080"
                            },
                            {
                                "D": "WSW",
                                "G": "16",
                                "H": "86.5",
                                "P": "1005",
                                "S": "10",
                                "T": "13.6",
                                "V": "5000",
                                "W": "12",
                                "Pt": "F",
                                "Dp": "11.4",
                                "$": "1140"
                            },
                            {
                                "D": "WNW",
                                "G": "14",
                                "H": "88.7",
                                "P": "1006",
                                "S": "6",
                                "T": "11.9",
                                "V": "65000",
                                "W": "8",
                                "Pt": "R",
                                "Dp": "10.1",
                                "$": "1200"
                            },
                            {
                                "D": "W",
                                "G": "13",
                                "H": "91.8",
                                "P": "1007",
                                "S": "7",
                                "T": "11.9",
                                "V": "50000",
                                "W": "8",
                                "Pt": "R",
                                "Dp": "10.6",
                                "$": "1260"
                            },
                            {
                                "D": "W",
                                "G": "15",
                                "H": "90.4",
                                "P": "1007",
                                "S": "7",
                                "T": "11.3",
                                "V": "75000",
                                "W": "12",
                                "Pt": "R",
                                "Dp": "9.8",
                                "$": "1320"
                            },
                            {
                                "D": "W",
                                "G": "16",
                                "H": "89.8",
                                "P": "1008",
                                "S": "9",
                                "T": "11.1",
                                "V": "60000",
                                "W": "2",
                                "Pt": "R",
                                "Dp": "9.5",
                                "$": "1380"
                            }
                        ]
                    },
                    {
                        "type": "Day",
                        "value": "2025-06-08Z",
                        "Rep": [
                            {
                                "D": "W",
                                "G": "16",
                                "H": "89.2",
                                "P": "1009",
                                "S": "7",
                                "T": "10.7",
                                "V": "75000",
                                "W": "2",
                                "Pt": "R",
                                "Dp": "9.0",
                                "$": "0"
                            },
                            {
                                "D": "W",
                                "G": "17",
                                "H": "90.4",
                                "P": "1010",
                                "S": "8",
                                "T": "10.8",
                                "V": "75000",
                                "W": "8",
                                "Pt": "R",
                                "Dp": "9.3",
                                "$": "60"
                            },
                            {
                                "D": "W",
                                "G": "14",
                                "H": "83.2",
                                "P": "1011",
                                "S": "8",
                                "T": "10.5",
                                "V": "75000",
                                "W": "0",
                                "Pt": "R",
                                "Dp": "7.8",
                                "$": "120"
                            },
                            {
                                "D": "W",
                                "G": "18",
                                "H": "81.5",
                                "P": "1012",
                                "S": "11",
                                "T": "9.8",
                                "V": "60000",
                                "W": "0",
                                "Pt": "R",
                                "Dp": "6.8",
                                "$": "180"
                            },
                            {
                                "D": "W",
                                "G": "15",
                                "H": "86.5",
                                "P": "1013",
                                "S": "8",
                                "T": "8.4",
                                "V": "60000",
                                "W": "1",
                                "Pt": "R",
                                "Dp": "6.3",
                                "$": "240"
                            },
                            {
                                "D": "W",
                                "G": "16",
                                "H": "87.1",
                                "P": "1014",
                                "S": "10",
                                "T": "8.5",
                                "V": "65000",
                                "W": "1",
                                "Pt": "R",
                                "Dp": "6.5",
                                "$": "300"
                            },
                            {
                                "D": "W",
                                "G": "16",
                                "H": "86.0",
                                "P": "1015",
                                "S": "10",
                                "T": "9.5",
                                "V": "75000",
                                "W": "1",
                                "Pt": "R",
                                "Dp": "7.3",
                                "$": "360"
                            },
                            {
                                "D": "W",
                                "G": "17",
                                "H": "81.6",
                                "P": "1016",
                                "S": "10",
                                "T": "11.0",
                                "V": "75000",
                                "W": "1",
                                "Pt": "R",
                                "Dp": "8.0",
                                "$": "420"
                            },
                            {
                                "D": "W",
                                "G": "19",
                                "H": "65.2",
                                "P": "1016",
                                "S": "13",
                                "T": "12.6",
                                "V": "65000",
                                "W": "1",
                                "Pt": "R",
                                "Dp": "6.3",
                                "$": "480"
                            },
                            {
                                "D": "WNW",
                                "G": "23",
                                "H": "55.6",
                                "P": "1017",
                                "S": "13",
                                "T": "13.6",
                                "V": "75000",
                                "W": "3",
                                "Pt": "R",
                                "Dp": "5.0",
                                "$": "540"
                            },
                            {
                                "D": "W",
                                "G": "23",
                                "H": "50.9",
                                "P": "1017",
                                "S": "11",
                                "T": "15.4",
                                "V": "75000",
                                "W": "3",
                                "Pt": "R",
                                "Dp": "5.4",
                                "$": "600"
                            },
                            {
                                "D": "W",
                                "G": "26",
                                "H": "48.9",
                                "P": "1018",
                                "S": "15",
                                "T": "15.8",
                                "V": "75000",
                                "W": "8",
                                "Pt": "R",
                                "Dp": "5.2",
                                "$": "660"
                            },
                            {
                                "D": "W",
                                "G": "24",
                                "H": "44.7",
                                "P": "1018",
                                "S": "14",
                                "T": "18.5",
                                "V": "75000",
                                "W": "8",
                                "Pt": "R",
                                "Dp": "6.4",
                                "$": "720"
                            },
                            {
                                "D": "W",
                                "G": "23",
                                "H": "41.6",
                                "P": "1019",
                                "S": "14",
                                "T": "18.3",
                                "V": "75000",
                                "W": "7",
                                "Pt": "R",
                                "Dp": "5.2",
                                "$": "780"
                            },
                            {
                                "D": "W",
                                "G": "24",
                                "H": "42.3",
                                "P": "1019",
                                "S": "16",
                                "T": "17.5",
                                "V": "75000",
                                "W": "8",
                                "Pt": "R",
                                "Dp": "4.7",
                                "$": "840"
                            },
                            {
                                "D": "W",
                                "G": "23",
                                "H": "40.4",
                                "P": "1019",
                                "S": "13",
                                "T": "18.3",
                                "V": "75000",
                                "W": "8",
                                "Pt": "R",
                                "Dp": "4.8",
                                "$": "900"
                            }
                        ]
                    }
                ]
            }
        }
    }
}