{
    "SiteRep": {
        "Wx": {
            "Param": [
                {
                    "name": "G",
                    "units": "mph",
                    "$": "Wind Gust"
                },
                {
                    "name": "T",
                    "units": "C",
                    "$": "Temperature"
                },
                {
                    "name": "V",
                    "units": "m",
                    "$": "Visibility"
                },
                {
                    "name": "D",
                    "units": "compass",
                    "$": "Wind Direction"
                },
                {
                    "name": "S",
                    "units": "mph",
                    "$": "Wind Speed"
                },
                {
                    "name": "W",
                    "units": "",
                    "$": "Weather Type"
                },
                {
                    "name": "P",
                    "units": "hpa",
                    "$": "Pressure"
                },
                {
                    "name": "Pt",
                    "units": "Pa/s",
                    "$": "Pressure Tendency"
                },
                {
                    "name": "Dp",
                    "units": "C",
                    "$": "Dew Point"
                },
                {
                    "name": "H",
                    "units": "%",
                    "$": "Screen Relative Humidity"
                }
            ]
        },
        "DV": {
            "dataDate": "2025-07-12T15:00:00Z",
            "type": "Obs",
            "Location": {
                "i": "3772",
                "lat": "51.479",
                "lon": "-0.449",
                "name": "HEATHROW",
                "country": "ENGLAND",
                "continent": "EUROPE",
                "elevation": "25.0",
                "Period": [
                    {
                        "type": "Day",
                        "value": "2025-07-11Z",
                        "Rep": [
                            {
                                "D": "SE",
                                "G": "11",
                                "H": "28.2",
                                "P": "1018",
                                "S": "5",
                                "T": "31.5",
                                "V": "45000",
                                "W": "1",
                                "Pt": "F",
                                "Dp": "11.1",
                                "$": "960"
                            },
                            {
                                "D": "N",
                                "G": "13",
                                "H": "28.0",
                                "P": "1017",
                                "S": "3",
                                "T": "31.9",
                                "V": "40000",
                                "W": "1",
                                "Pt": "F",
                                "Dp": "11.3",
                                "$": "1020"
                            },
                            {
                                "D": "WSW",
                                "G": "14",
                                "H": "27.7",
                                "P": "1017",
                                "S": "7",
                                "T": "31.6",
                                "V": "40000",
                                "W": "1",
                                "Pt": "F",
                                "Dp": "10.9",
                                "$": "1080"
                            },
                            {
                                "D": "S",
                                "G": "21",
                                "H": "38.9",
                                "P": "1017",
                                "S": "15",
                                "T": "28.4",
                                "V": "35000",
                                "W": "1",
                                "Pt": "F",
                                "Dp": "13.2",
                                "$": "1140"
                            },
                            {
                                "D": "S",
                                "G": "21",
                                "H": "43.7",
                                "P": "1017",
                                "S": "11",
                                "T": "26.3",
                                "V": "45000",
                                "W": "1",
                                "Pt": "F",
                                "Dp": "13.1",
                                "$": "1200"
                            },
                            {
                                "D": "SSW",
                                "G": "15",
                                "H": "48.2",
                                "P": "1018",
                                "S": "8",
                                "T": "24.9",
                                "V": "45000",
                                "W": "0",
                                "Pt": "R",
                                "Dp": "13.3",
                                "$": "1260"
                            },
                            {
                                "D": "SSE",
                                "G": "13",
                                "H": "51.8",
                                "P": "1018",
                                "S": "6",
                                "T": "23.7",
                                "V": "35000",
                                "W": "0",
                                "Pt": "R",
                                "Dp": "13.3",
                                "$": "1320"
                            },
                            {
                                "D": "S",
                                "G": "10",
                                "H": "55.4",
                                "P": "1018",
                                "S": "5",
                                "T": "22.5",
                                "V": "35000",
                                "W": "0",
                                "Pt": "R",
                                "Dp": "13.2",
                                "$": "1380"
                            }
                        ]
                    },
                    {
                        "type": "Day",
                        "value": "2025-07-12Z",
                        "Rep": [
                            {
                                "D": "SW",
                                "G": "7",
                                "H": "57.8",
                                "P": "1018",
                                "S": "3",
                                "T": "21.6",
                                "V": "35000",
                                "W": "0",
                                "Pt": "R",
                                "Dp": "13.0",
                                "$": "0"
                            },
                            {
                                "D": "W",
                                "G": "6",
                                "H": "57.7",
                                "P": "1018",
                                "S": "5",
                                "T": "21.4",
                                "V": "40000",
                                "W": "0",
                                "Pt": "F",
                                "Dp": "12.8",
                                "$": "60"
                            },
                            {
                                "D": "W",
                                "G": "6",
                                "H": "60.2",
                                "P": "1018",
                                "S": "3",
                                "T": "20.6",
                                "V": "30000",
                                "W": "0",
                                "Pt": "F",
                                "Dp": "12.7",
                                "$": "120"
                            },
                            {
                                "D": "NW",
                                "G": "5",
                                "H": "64.6",
                                "P": "1018",
                                "S": "2",
                                "T": "20.0",
                                "V": "11000",
                                "W": "5",
                                "Pt": "F",
                                "Dp": "13.2",
                                "$": "180"
                            },
                            {
                                "D": "NW",
                                "G": "3",
                                "H": "70.2",
                                "P": "1018",
                                "S": "2",
                                "T": "19.1",
                                "V": "30000",
                                "W": "0",
                                "Pt": "F",
                                "Dp": "13.6",
                                "$": "240"
                            },
                            {
                                "D": "NE",
                                "G": "3",
                                "H": "71.1",
                                "P": "1018",
                                "S": "1",
                                "T": "18.8",
                                "V": "30000",
                                "W": "1",
                                "Pt": "F",
                                "Dp": "13.5",
                                "$": "300"
                            },
                            {
                                "D": "ENE",
                                "G": "5",
                                "H": "60.2",
                                "P": "1017",
                                "S": "2",
                                "T": "22.0",
                                "V": "30000",
                                "W": "1",
                                "Pt": "F",
                                "Dp": "14.0",
                                "$": "360"
                            },
                            {
                                "D": "ENE",
                                "G": "8",
                                "H": "53.8",
                                "P": "1017",
                                "S": "5",
                                "T": "23.4",
                                "V": "30000",
                                "W": "1",
                                "Pt": "F",
                                "Dp": "13.6",
                                "$": "420"
                            },
                            {
                                "D": "NNE",
                                "G": "9",
                                "H": "48.5",
                                "P": "1017",
                                "S": "3",
                                "T": "24.9",
                                "V": "35000",
                                "W": "1",
                                "Pt": "F",
                                "Dp": "13.4",
                                "$": "480"
                            },
                            {
                                "D": "NNE",
                                "G": "11",
                                "H": "46.7",
                                "P": "1016",
                                "S": "5",
                                "T": "26.1",
                                "V": "35000",
                                "W": "1",
                                "Pt": "F",
                                "Dp": "13.9",
                                "$": "540"
                            },
                            {
                                "D": "NNE",
                                "G": "13",
                                "H": "42.5",
                                "P": "1016",
                                "S": "6",
                                "T": "26.7",
                                "V": "35000",
                                "W": "1",
                                "Pt": "F",
                                "Dp": "13.0",
                                "$": "600"
                            },
                            {
                                "D": "N",
                                "G": "16",
                                "H": "37.6",
                                "P": "1016",
                                "S": "6",
                                "T": "28.1",
                                "V": "35000",
                                "W": "1",
                                "Pt": "F",
                                "Dp": "12.4",
                                "$": "660"
                            },
                            {
                                "D": "NNE",
                                "G": "16",
                                "H": "38.6",
                                "P": "1015",
                                "S": "8",
                                "T": "29.0",
                                "V": "30000",
                                "W": "1",
                                "Pt": "F",
                                "Dp": "13.6",
                                "$": "720"
                            },
                            {
                                "D": "NE",
                                "G": "18",
                                "H": "34.8",
                                "P": "1015",
                                "S": "8",
                                "T": "29.2",
                                "V": "35000",
                                "W": "1",
                                "Pt": "F",
                                "Dp": "12.2",
                                "$": "780"
                            },
                            {
                                "D": "ENE",
                                "G": "19",
                                "H": "30.5",
                                "P": "1014",
                                "S": "11",
                                "T": "30.2",
                                "V": "40000",
                                "W": "1",
                                "Pt": "F",
                                "Dp": "11.1",
                                "$": "840"
                            },
                            {
                                "D": "E",
                                "G": "19",
                                "H": "37.3",
                                "P": "1014",
                                "S": "14",
                                "T": "29.6",
                                "V": "30000",
                                "W": "1",
                                "Pt": "F",
                                "Dp": "13.6",
                                "$": "900"
                            },
                            {
                                "D": "E",
                                "G": "21",
                                "H": "40.7",
                                "P": "1014",
                                "S": "11",
                                "T": "28.9",
                                "V": "30000",
                                "W": "1",
                                "Pt": "F",
                                "Dp": "14.3",
                                "$": "960"
                            }
                        ]
                    }
                ]
            }
        }
    }
}