{
    "SiteRep": {
        "Wx": {
            "Param": [
                {
                    "name": "G",
                    "units": "mph",
                    "$": "Wind Gust"
                },
                {
                    "name": "T",
                    "units": "C",
                    "$": "Temperature"
                },
                {
                    "name": "V",
                    "units": "m",
                    "$": "Visibility"
                },
                {
                    "name": "D",
                    "units": "compass",
                    "$": "Wind Direction"
                },
                {
                    "name": "S",
                    "units": "mph",
                    "$": "Wind Speed"
                },
                {
                    "name": "W",
                    "units": "",
                    "$": "Weather Type"
                },
                {
                    "name": "P",
                    "units": "hpa",
                    "$": "Pressure"
                },
                {
                    "name": "Pt",
                    "units": "Pa/s",
                    "$": "Pressure Tendency"
                },
                {
                    "name": "Dp",
                    "units": "C",
                    "$": "Dew Point"
                },
                {
                    "name": "H",
                    "units": "%",
                    "$": "Screen Relative Humidity"
                }
            ]
        },
        "DV": {
            "dataDate": "2025-10-30T16:00:00Z",
            "type": "Obs",
            "Location": {
                "i": "3772",
                "lat": "51.479",
                "lon": "-0.449",
                "name": "HEATHROW",
                "country": "ENGLAND",
                "continent": "EUROPE",
                "elevation": "25.0",
                "Period": [
                    {
                        "type": "Day",
                        "value": "2025-10-29Z",
                        "Rep": [
                            {
                                "D": "NW",
                                "G": "9",
                                "H": "89.2",
                                "P": "997",
                                "S": "2",
                                "T": "10.6",
                                "V": "45000",
                                "W": "12",
                                "Pt": "F",
                                "Dp": "8.9",
                                "$": "960"
                            },
                            {
                                "D": "WNW",
                                "G": "10",
                                "H": "91.0",
                                "P": "998",
                                "S": "7",
                                "T": "10.5",
                                "V": "65000",
                                "W": "8",
                                "Pt": "R",
                                "Dp": "9.1",
                                "$": "1020"
                            },
                            {
                                "D": "WSW",
                                "G": "10",
                                "H": "86.9",
                                "P": "998",
                                "S": "8",
                                "T": "10.5",
                                "V": "60000",
                                "W": "12",
                                "Pt": "R",
                                "Dp": "8.4",
                                "$": "1080"
                            },
                            {
                                "D": "W",
                                "G": "11",
                                "H": "88.5",
                                "P": "998",
                                "S": "8",
                                "T": "9.8",
                                "V": "50000",
                                "W": "8",
                                "Pt": "R",
                                "Dp": "8.0",
                                "$": "1140"
                            },
                            {
                                "D": "W",
                                "G": "11",
                                "H": "92.8",
                                "P": "999",
                                "S": "8",
                                "T": "8.9",
                                "V": "35000",
                                "W": "2",
                                "Pt": "R",
                                "Dp": "7.8",
                                "$": "1200"
                            },
                            {
                                "D": "W",
                                "G": "11",
                                "H": "93.3",
                                "P": "999",
                                "S": "7",
                                "T": "7.9",
                                "V": "27000",
                                "W": "0",
                                "Pt": "R",
                                "Dp": "6.9",
                                "$": "1260"
                            },
                            {
                                "D": "WSW",
                                "G": "13",
                                "H": "94.7",
                                "P": "1000",
                                "S": "9",
                                "T": "7.3",
                                "V": "30000",
                                "W": "0",
                                "Pt": "R",
                                "Dp": "6.5",
                                "$": "1320"
                            },
                            {
                                "D": "WSW",
                                "G": "15",
                                "H": "92.0",
                                "P": "1001",
                                "S": "8",
                                "T": "6.6",
                                "V": "35000",
                                "W": "0",
                                "Pt": "R",
                                "Dp": "5.4",
                                "$": "1380"
                            }
                        ]
                    },
                    {
                        "type": "Day",
                        "value": "2025-10-30Z",
                        "Rep": [
                            {
                                "D": "W",
                                "G": "15",
                                "H": "87.0",
                                "P": "1001",
                                "S": "7",
                                "T": "7.0",
                                "V": "35000",
                                "W": "0",
                                "Pt": "R",
                                "Dp": "5.0",
                                "$": "0"
                            },
                            {
                                "D": "W",
                                "G": "13",
                                "H": "86.4",
                                "P": "1002",
                                "S": "8",
                                "T": "6.3",
                                "V": "30000",
                                "W": "0",
                                "Pt": "R",
                                "Dp": "4.2",
                                "$": "60"
                            },
                            {
                                "D": "W",
                                "G": "13",
                                "H": "89.4",
                                "P": "1003",
                                "S": "8",
                                "T": "6.3",
                                "V": "35000",
                                "W": "0",
                                "Pt": "R",
                                "Dp": "4.7",
                                "$": "120"
                            },
                            {
                                "D": "SW",
                                "G": "9",
                                "H": "94.6",
                                "P": "1004",
                                "S": "8",
                                "T": "5.9",
                                "V": "35000",
                                "W": "0",
                                "Pt": "R",
                                "Dp": "5.1",
                                "$": "180"
                            },
                            {
                                "D": "SW",
                                "G": "9",
                                "H": "93.9",
                                "P": "1004",
                                "S": "5",
                                "T": "5.5",
                                "V": "30000",
                                "W": "7",
                                "Pt": "R",
                                "Dp": "4.6",
                                "$": "240"
                            },
                            {
                                "D": "WSW",
                                "G": "11",
                                "H": "95.3",
                                "P": "1005",
                                "S": "8",
                                "T": "5.2",
                                "V": "35000",
                                "W": "0",
                                "Pt": "R",
                                "Dp": "4.5",
                                "$": "300"
                            },
                            {
                                "D": "SSW",
                                "G": "9",
                                "H": "95.1",
                                "P": "1006",
                                "S": "5",
                                "T": "4.5",
                                "V": "30000",
                                "W": "0",
                                "Pt": "R",
                                "Dp": "3.8",
                                "$": "360"
                            },
                            {
                                "D": "S",
                                "G": "10",
                                "H": "94.7",
                                "P": "1007",
                                "S": "7",
                                "T": "6.0",
                                "V": "30000",
                                "W": "7",
                                "Pt": "R",
                                "Dp": "5.2",
                                "$": "420"
                            },
                            {
                                "D": "SW",
                                "G": "14",
                                "H": "91.9",
                                "P": "1008",
                                "S": "6",
                                "T": "6.5",
                                "V": "35000",
                                "W": "8",
                                "Pt": "R",
                                "Dp": "5.3",
                                "$": "480"
                            },
                            {
                                "D": "SW",
                                "G": "10",
                                "H": "85.3",
                                "P": "1008",
                                "S": "3",
                                "T": "8.4",
                                "V": "30000",
                                "W": "1",
                                "Pt": "R",
                                "Dp": "6.1",
                                "$": "540"
                            },
                            {
                                "D": "S",
                                "G": "10",
                                "H": "81.0",
                                "P": "1008",
                                "S": "3",
                                "T": "10.7",
                                "V": "35000",
                                "W": "8",
                                "Pt": "R",
                                "Dp": "7.6",
                                "$": "600"
                            },
                            {
                                "D": "SSW",
                                "G": "14",
                                "H": "76.9",
                                "P": "1008",
                                "S": "7",
                                "T": "11.5",
                                "V": "30000",
                                "W": "8",
                                "Pt": "R",
                                "Dp": "7.6",
                                "$": "660"
                            },
                            {
                                "D": "S",
                                "G": "15",
                                "H": "72.9",
                                "P": "1008",
                                "S": "7",
                                "T": "12.6",
                                "V": "35000",
                                "W": "8",
                                "Pt": "F",
                                "Dp": "7.9",
                                "$": "720"
                            },
                            {
                                "D": "SE",
                                "G": "14",
                                "H": "70.6",
                                "P": "1008",
                                "S": "9",
                                "T": "13.2",
                                "V": "35000",
                                "W": "8",
                                "Pt": "F",
                                "Dp": "8.0",
                                "$": "780"
                            },
                            {
                                "D": "S",
                                "G": "22",
                                "H": "71.1",
                                "P": "1007",
                                "S": "14",
                                "T": "13.2",
                                "V": "35000",
                                "W": "8",
                                "Pt": "F",
                                "Dp": "8.1",
                                "$": "840"
                            },
                            {
                                "D": "S",
                                "G": "23",
                                "H": "66.3",
                                "P": "1007",
                                "S": "10",
                                "T": "12.9",
                                "V": "40000",
                                "W": "8",
                                "Pt": "F",
                                "Dp": "6.8",
                                "$": "900"
                            },
                            {
                                "D": "SSE",
                                "G": "21",
                                "H": "65.8",
                                "P": "1007",
                                "S": "11",
                                "T": "12.3",
                                "V": "40000",
                                "W": "8",
                                "Pt": "F",
                                "Dp": "6.1",
                                "$": "960"
                            }
                        ]
                    }
                ]
            }
        }
    }
}