{
    "SiteRep": {
        "Wx": {
            "Param": [
                {
                    "name": "G",
                    "units": "mph",
                    "$": "Wind Gust"
                },
                {
                    "name": "T",
                    "units": "C",
                    "$": "Temperature"
                },
                {
                    "name": "V",
                    "units": "m",
                    "$": "Visibility"
                },
                {
                    "name": "D",
                    "units": "compass",
                    "$": "Wind Direction"
                },
                {
                    "name": "S",
                    "units": "mph",
                    "$": "Wind Speed"
                },
                {
                    "name": "W",
                    "units": "",
                    "$": "Weather Type"
                },
                {
                    "name": "P",
                    "units": "hpa",
                    "$": "Pressure"
                },
                {
                    "name": "Pt",
                    "units": "Pa/s",
                    "$": "Pressure Tendency"
                },
                {
                    "name": "Dp",
                    "units": "C",
                    "$": "Dew Point"
                },
                {
                    "name": "H",
                    "units": "%",
                    "$": "Screen Relative Humidity"
                }
            ]
        },
        "DV": {
            "dataDate": "2025-07-16T15:00:00Z",
            "type": "Obs",
            "Location": {
                "i": "3772",
                "lat": "51.479",
                "lon": "-0.449",
                "name": "HEATHROW",
                "country": "ENGLAND",
                "continent": "EUROPE",
                "elevation": "25.0",
                "Period": [
                    {
                        "type": "Day",
                        "value": "2025-07-15Z",
                        "Rep": [
                            {
                                "D": "SSW",
                                "G": "32",
                                "H": "45.3",
                                "P": "1013",
                                "S": "21",
                                "T": "22.1",
                                "V": "35000",
                                "W": "8",
                                "Pt": "F",
                                "Dp": "9.8",
                                "$": "960"
                            },
                            {
                                "D": "SSW",
                                "G": "31",
                                "H": "49.5",
                                "P": "1013",
                                "S": "19",
                                "T": "21.3",
                                "V": "30000",
                                "W": "8",
                                "Pt": "F",
                                "Dp": "10.4",
                                "$": "1020"
                            },
                            {
                                "D": "SW",
                                "G": "32",
                                "H": "49.2",
                                "P": "1013",
                                "S": "21",
                                "T": "21.1",
                                "V": "30000",
                                "W": "8",
                                "Pt": "F",
                                "Dp": "10.1",
                                "$": "1080"
                            },
                            {
                                "D": "WSW",
                                "G": "30",
                                "H": "50.7",
                                "P": "1013",
                                "S": "18",
                                "T": "20.5",
                                "V": "30000",
                                "W": "8",
                                "Pt": "F",
                                "Dp": "10.0",
                                "$": "1140"
                            },
                            {
                                "D": "W",
                                "G": "25",
                                "H": "54.5",
                                "P": "1013",
                                "S": "14",
                                "T": "20.0",
                                "V": "30000",
                                "W": "8",
                                "Pt": "R",
                                "Dp": "10.6",
                                "$": "1200"
                            },
                            {
                                "D": "W",
                                "G": "17",
                                "H": "82.3",
                                "P": "1014",
                                "S": "9",
                                "T": "16.7",
                                "V": "28000",
                                "W": "8",
                                "Pt": "R",
                                "Dp": "13.7",
                                "$": "1260"
                            },
                            {
                                "D": "W",
                                "G": "22",
                                "H": "75.6",
                                "P": "1014",
                                "S": "15",
                                "T": "16.9",
                                "V": "30000",
                                "W": "8",
                                "Pt": "R",
                                "Dp": "12.6",
                                "$": "1320"
                            },
                            {
                                "D": "WSW",
                                "G": "26",
                                "H": "74.1",
                                "P": "1014",
                                "S": "17",
                                "T": "16.4",
                                "V": "35000",
                                "W": "8",
                                "Pt": "R",
                                "Dp": "11.8",
                                "$": "1380"
                            }
                        ]
                    },
                    {
                        "type": "Day",
                        "value": "2025-07-16Z",
                        "Rep": [
                            {
                                "D": "WSW",
                                "G": "23",
                                "H": "77.5",
                                "P": "1014",
                                "S": "11",
                                "T": "15.7",
                                "V": "30000",
                                "W": "0",
                                "Pt": "R",
                                "Dp": "11.8",
                                "$": "0"
                            },
                            {
                                "D": "WSW",
                                "G": "19",
                                "H": "79.5",
                                "P": "1014",
                                "S": "13",
                                "T": "15.3",
                                "V": "28000",
                                "W": "0",
                                "Pt": "R",
                                "Dp": "11.8",
                                "$": "60"
                            },
                            {
                                "D": "WSW",
                                "G": "19",
                                "H": "81.1",
                                "P": "1014",
                                "S": "11",
                                "T": "15.0",
                                "V": "26000",
                                "W": "0",
                                "Pt": "F",
                                "Dp": "11.8",
                                "$": "120"
                            },
                            {
                                "D": "W",
                                "G": "16",
                                "H": "83.2",
                                "P": "1014",
                                "S": "9",
                                "T": "14.5",
                                "V": "26000",
                                "W": "0",
                                "Pt": "F",
                                "Dp": "11.7",
                                "$": "180"
                            },
                            {
                                "D": "W",
                                "G": "19",
                                "H": "84.3",
                                "P": "1014",
                                "S": "11",
                                "T": "14.4",
                                "V": "26000",
                                "W": "8",
                                "Pt": "S",
                                "Dp": "11.8",
                                "$": "240"
                            },
                            {
                                "D": "WSW",
                                "G": "17",
                                "H": "84.9",
                                "P": "1014",
                                "S": "11",
                                "T": "14.8",
                                "V": "27000",
                                "W": "1",
                                "Pt": "R",
                                "Dp": "12.3",
                                "$": "300"
                            },
                            {
                                "D": "W",
                                "G": "17",
                                "H": "79.6",
                                "P": "1014",
                                "S": "10",
                                "T": "15.9",
                                "V": "28000",
                                "W": "1",
                                "Pt": "R",
                                "Dp": "12.4",
                                "$": "360"
                            },
                            {
                                "D": "W",
                                "G": "18",
                                "H": "72.8",
                                "P": "1015",
                                "S": "13",
                                "T": "17.4",
                                "V": "35000",
                                "W": "3",
                                "Pt": "R",
                                "Dp": "12.5",
                                "$": "420"
                            },
                            {
                                "D": "W",
                                "G": "18",
                                "H": "62.4",
                                "P": "1015",
                                "S": "9",
                                "T": "19.2",
                                "V": "45000",
                                "W": "7",
                                "Pt": "R",
                                "Dp": "11.9",
                                "$": "480"
                            },
                            {
                                "D": "W",
                                "G": "22",
                                "H": "52.3",
                                "P": "1015",
                                "S": "14",
                                "T": "20.2",
                                "V": "60000",
                                "W": "1",
                                "Pt": "R",
                                "Dp": "10.2",
                                "$": "540"
                            },
                            {
                                "D": "WNW",
                                "G": "19",
                                "H": "47.7",
                                "P": "1015",
                                "S": "13",
                                "T": "21.8",
                                "V": "60000",
                                "W": "3",
                                "Pt": "R",
                                "Dp": "10.3",
                                "$": "600"
                            },
                            {
                                "D": "WNW",
                                "G": "22",
                                "H": "41.1",
                                "P": "1015",
                                "S": "14",
                                "T": "22.9",
                                "V": "75000",
                                "W": "7",
                                "Pt": "R",
                                "Dp": "9.1",
                                "$": "660"
                            },
                            {
                                "D": "WNW",
                                "G": "19",
                                "H": "39.9",
                                "P": "1015",
                                "S": "11",
                                "T": "24.4",
                                "V": "75000",
                                "W": "7",
                                "Pt": "R",
                                "Dp": "10.0",
                                "$": "720"
                            },
                            {
                                "D": "NW",
                                "G": "19",
                                "H": "38.5",
                                "P": "1015",
                                "S": "9",
                                "T": "24.5",
                                "V": "75000",
                                "W": "3",
                                "Pt": "R",
                                "Dp": "9.6",
                                "$": "780"
                            },
                            {
                                "D": "WNW",
                                "G": "18",
                                "H": "39.8",
                                "P": "1016",
                                "S": "11",
                                "T": "24.2",
                                "V": "60000",
                                "W": "7",
                                "Pt": "R",
                                "Dp": "9.8",
                                "$": "840"
                            },
                            {
                                "D": "N",
                                "G": "18",
                                "H": "38.6",
                                "P": "1016",
                                "S": "7",
                                "T": "24.8",
                                "V": "55000",
                                "W": "7",
                                "Pt": "R",
                                "Dp": "9.9",
                                "$": "900"
                            },
                            {
                                "D": "NNW",
                                "G": "16",
                                "H": "38.6",
                                "P": "1016",
                                "S": "9",
                                "T": "24.6",
                                "V": "55000",
                                "W": "8",
                                "Pt": "R",
                                "Dp": "9.7",
                                "$": "960"
                            }
                        ]
                    }
                ]
            }
        }
    }
}