{
    "SiteRep": {
        "Wx": {
            "Param": [
                {
                    "name": "G",
                    "units": "mph",
                    "$": "Wind Gust"
                },
                {
                    "name": "T",
                    "units": "C",
                    "$": "Temperature"
                },
                {
                    "name": "V",
                    "units": "m",
                    "$": "Visibility"
                },
                {
                    "name": "D",
                    "units": "compass",
                    "$": "Wind Direction"
                },
                {
                    "name": "S",
                    "units": "mph",
                    "$": "Wind Speed"
                },
                {
                    "name": "W",
                    "units": "",
                    "$": "Weather Type"
                },
                {
                    "name": "P",
                    "units": "hpa",
                    "$": "Pressure"
                },
                {
                    "name": "Pt",
                    "units": "Pa/s",
                    "$": "Pressure Tendency"
                },
                {
                    "name": "Dp",
                    "units": "C",
                    "$": "Dew Point"
                },
                {
                    "name": "H",
                    "units": "%",
                    "$": "Screen Relative Humidity"
                }
            ]
        },
        "DV": {
            "dataDate": "2023-09-27T16:00:00Z",
            "type": "Obs",
            "Location": {
                "i": "3772",
                "lat": "51.479",
                "lon": "-0.449",
                "name": "HEATHROW",
                "country": "ENGLAND",
                "continent": "EUROPE",
                "elevation": "25.0",
                "Period": [
                    {
                        "type": "Day",
                        "value": "2023-09-26Z",
                        "Rep": [
                            {
                                "D": "SSW",
                                "G": "24",
                                "H": "60.0",
                                "P": "1016",
                                "S": "16",
                                "T": "20.8",
                                "V": "35000",
                                "W": "3",
                                "Pt": "R",
                                "Dp": "12.8",
                                "$": "960"
                            },
                            {
                                "D": "SSW",
                                "G": "22",
                                "H": "66.8",
                                "P": "1016",
                                "S": "13",
                                "T": "19.7",
                                "V": "30000",
                                "W": "3",
                                "Pt": "R",
                                "Dp": "13.4",
                                "$": "1020"
                            },
                            {
                                "D": "SSW",
                                "G": "19",
                                "H": "72.6",
                                "P": "1017",
                                "S": "13",
                                "T": "18.9",
                                "V": "29000",
                                "W": "7",
                                "Pt": "R",
                                "Dp": "13.9",
                                "$": "1080"
                            },
                            {
                                "D": "SSW",
                                "G": "19",
                                "H": "77.8",
                                "P": "1017",
                                "S": "14",
                                "T": "18.1",
                                "V": "26000",
                                "W": "8",
                                "Pt": "R",
                                "Dp": "14.2",
                                "$": "1140"
                            },
                            {
                                "D": "SSW",
                                "G": "22",
                                "H": "81.4",
                                "P": "1017",
                                "S": "10",
                                "T": "17.3",
                                "V": "22000",
                                "W": "0",
                                "Pt": "R",
                                "Dp": "14.1",
                                "$": "1200"
                            },
                            {
                                "D": "SW",
                                "G": "15",
                                "H": "85.6",
                                "P": "1018",
                                "S": "9",
                                "T": "16.7",
                                "V": "19000",
                                "W": "0",
                                "Pt": "R",
                                "Dp": "14.3",
                                "$": "1260"
                            },
                            {
                                "D": "SSW",
                                "G": "15",
                                "H": "87.9",
                                "P": "1018",
                                "S": "7",
                                "T": "16.2",
                                "V": "16000",
                                "W": "8",
                                "Pt": "R",
                                "Dp": "14.2",
                                "$": "1320"
                            },
                            {
                                "D": "SSW",
                                "G": "10",
                                "H": "91.3",
                                "P": "1018",
                                "S": "6",
                                "T": "15.5",
                                "V": "14000",
                                "W": "8",
                                "Pt": "R",
                                "Dp": "14.1",
                                "$": "1380"
                            }
                        ]
                    },
                    {
                        "type": "Day",
                        "value": "2023-09-27Z",
                        "Rep": [
                            {
                                "D": "SSW",
                                "G": "7",
                                "H": "93.0",
                                "P": "1018",
                                "S": "3",
                                "T": "14.9",
                                "V": "12000",
                                "W": "8",
                                "Pt": "R",
                                "Dp": "13.8",
                                "$": "0"
                            },
                            {
                                "D": "SE",
                                "G": "5",
                                "H": "95.5",
                                "P": "1018",
                                "S": "3",
                                "T": "13.8",
                                "V": "11000",
                                "W": "7",
                                "Pt": "R",
                                "Dp": "13.1",
                                "$": "60"
                            },
                            {
                                "D": "S",
                                "G": "8",
                                "H": "94.9",
                                "P": "1018",
                                "S": "3",
                                "T": "15.0",
                                "V": "12000",
                                "W": "8",
                                "Pt": "R",
                                "Dp": "14.2",
                                "$": "120"
                            },
                            {
                                "D": "SE",
                                "G": "5",
                                "H": "94.3",
                                "P": "1018",
                                "S": "3",
                                "T": "14.3",
                                "V": "12000",
                                "W": "8",
                                "Pt": "F",
                                "Dp": "13.4",
                                "$": "180"
                            },
                            {
                                "D": "SSE",
                                "G": "7",
                                "H": "96.2",
                                "P": "1017",
                                "S": "3",
                                "T": "13.8",
                                "V": "11000",
                                "W": "8",
                                "Pt": "F",
                                "Dp": "13.2",
                                "$": "240"
                            },
                            {
                                "D": "E",
                                "G": "7",
                                "H": "96.1",
                                "P": "1017",
                                "S": "3",
                                "T": "13.7",
                                "V": "10000",
                                "W": "8",
                                "Pt": "F",
                                "Dp": "13.1",
                                "$": "300"
                            },
                            {
                                "D": "ESE",
                                "G": "9",
                                "H": "96.7",
                                "P": "1017",
                                "S": "6",
                                "T": "14.0",
                                "V": "10000",
                                "W": "8",
                                "Pt": "F",
                                "Dp": "13.5",
                                "$": "360"
                            },
                            {
                                "D": "SE",
                                "G": "11",
                                "H": "97.4",
                                "P": "1017",
                                "S": "7",
                                "T": "15.1",
                                "V": "10000",
                                "W": "8",
                                "Pt": "F",
                                "Dp": "14.7",
                                "$": "420"
                            },
                            {
                                "D": "ESE",
                                "G": "10",
                                "H": "95.6",
                                "P": "1016",
                                "S": "7",
                                "T": "16.0",
                                "V": "10000",
                                "W": "8",
                                "Pt": "F",
                                "Dp": "15.3",
                                "$": "480"
                            },
                            {
                                "D": "SE",
                                "G": "15",
                                "H": "86.9",
                                "P": "1016",
                                "S": "9",
                                "T": "18.6",
                                "V": "20000",
                                "W": "8",
                                "Pt": "F",
                                "Dp": "16.4",
                                "$": "540"
                            },
                            {
                                "D": "SE",
                                "G": "16",
                                "H": "77.1",
                                "P": "1015",
                                "S": "10",
                                "T": "19.4",
                                "V": "26000",
                                "W": "7",
                                "Pt": "F",
                                "Dp": "15.3",
                                "$": "600"
                            },
                            {
                                "D": "SE",
                                "G": "26",
                                "H": "66.2",
                                "P": "1014",
                                "S": "18",
                                "T": "20.7",
                                "V": "35000",
                                "W": "7",
                                "Pt": "F",
                                "Dp": "14.2",
                                "$": "660"
                            },
                            {
                                "D": "SE",
                                "G": "23",
                                "H": "68.5",
                                "P": "1013",
                                "S": "15",
                                "T": "21.5",
                                "V": "35000",
                                "W": "8",
                                "Pt": "F",
                                "Dp": "15.5",
                                "$": "720"
                            },
                            {
                                "D": "SE",
                                "G": "22",
                                "H": "70.7",
                                "P": "1011",
                                "S": "14",
                                "T": "21.3",
                                "V": "40000",
                                "W": "7",
                                "Pt": "F",
                                "Dp": "15.8",
                                "$": "780"
                            },
                            {
                                "D": "SSE",
                                "G": "29",
                                "H": "64.1",
                                "P": "1011",
                                "S": "14",
                                "T": "21.0",
                                "V": "45000",
                                "W": "8",
                                "Pt": "F",
                                "Dp": "14.0",
                                "$": "840"
                            },
                            {
                                "D": "SSE",
                                "G": "23",
                                "H": "71.0",
                                "P": "1010",
                                "S": "15",
                                "T": "20.4",
                                "V": "35000",
                                "W": "8",
                                "Pt": "F",
                                "Dp": "15.0",
                                "$": "900"
                            },
                            {
                                "D": "SE",
                                "G": "28",
                                "H": "72.5",
                                "P": "1008",
                                "S": "17",
                                "T": "20.7",
                                "V": "30000",
                                "W": "7",
                                "Pt": "F",
                                "Dp": "15.6",
                                "$": "960"
                            }
                        ]
                    }
                ]
            }
        }
    }
}