{
    "SiteRep": {
        "Wx": {
            "Param": [
                {
                    "name": "G",
                    "units": "mph",
                    "$": "Wind Gust"
                },
                {
                    "name": "T",
                    "units": "C",
                    "$": "Temperature"
                },
                {
                    "name": "V",
                    "units": "m",
                    "$": "Visibility"
                },
                {
                    "name": "D",
                    "units": "compass",
                    "$": "Wind Direction"
                },
                {
                    "name": "S",
                    "units": "mph",
                    "$": "Wind Speed"
                },
                {
                    "name": "W",
                    "units": "",
                    "$": "Weather Type"
                },
                {
                    "name": "P",
                    "units": "hpa",
                    "$": "Pressure"
                },
                {
                    "name": "Pt",
                    "units": "Pa/s",
                    "$": "Pressure Tendency"
                },
                {
                    "name": "Dp",
                    "units": "C",
                    "$": "Dew Point"
                },
                {
                    "name": "H",
                    "units": "%",
                    "$": "Screen Relative Humidity"
                }
            ]
        },
        "DV": {
            "dataDate": "2024-01-25T16:00:00Z",
            "type": "Obs",
            "Location": {
                "i": "3772",
                "lat": "51.479",
                "lon": "-0.449",
                "name": "HEATHROW",
                "country": "ENGLAND",
                "continent": "EUROPE",
                "elevation": "25.0",
                "Period": [
                    {
                        "type": "Day",
                        "value": "2024-01-24Z",
                        "Rep": [
                            {
                                "D": "WSW",
                                "G": "26",
                                "H": "68.9",
                                "P": "1026",
                                "S": "9",
                                "T": "10.9",
                                "V": "16000",
                                "W": "8",
                                "Pt": "R",
                                "Dp": "5.5",
                                "$": "960"
                            },
                            {
                                "D": "WSW",
                                "G": "19",
                                "H": "67.9",
                                "P": "1027",
                                "S": "13",
                                "T": "10.6",
                                "V": "17000",
                                "W": "8",
                                "Pt": "R",
                                "Dp": "5.0",
                                "$": "1020"
                            },
                            {
                                "D": "WSW",
                                "G": "19",
                                "H": "69.7",
                                "P": "1027",
                                "S": "11",
                                "T": "10.1",
                                "V": "16000",
                                "W": "8",
                                "Pt": "R",
                                "Dp": "4.9",
                                "$": "1080"
                            },
                            {
                                "D": "WSW",
                                "G": "17",
                                "H": "76.2",
                                "P": "1028",
                                "S": "11",
                                "T": "9.3",
                                "V": "13000",
                                "W": "7",
                                "Pt": "R",
                                "Dp": "5.4",
                                "$": "1140"
                            },
                            {
                                "D": "WSW",
                                "G": "17",
                                "H": "79.4",
                                "P": "1029",
                                "S": "8",
                                "T": "8.8",
                                "V": "13000",
                                "W": "8",
                                "Pt": "R",
                                "Dp": "5.5",
                                "$": "1200"
                            },
                            {
                                "D": "WSW",
                                "G": "14",
                                "H": "84.0",
                                "P": "1029",
                                "S": "7",
                                "T": "8.1",
                                "V": "12000",
                                "W": "0",
                                "Pt": "R",
                                "Dp": "5.6",
                                "$": "1260"
                            },
                            {
                                "D": "SW",
                                "G": "10",
                                "H": "85.6",
                                "P": "1030",
                                "S": "7",
                                "T": "7.5",
                                "V": "11000",
                                "W": "7",
                                "Pt": "R",
                                "Dp": "5.3",
                                "$": "1320"
                            },
                            {
                                "D": "W",
                                "G": "11",
                                "H": "86.8",
                                "P": "1030",
                                "S": "3",
                                "T": "6.7",
                                "V": "11000",
                                "W": "2",
                                "Pt": "R",
                                "Dp": "4.7",
                                "$": "1380"
                            }
                        ]
                    },
                    {
                        "type": "Day",
                        "value": "2024-01-25Z",
                        "Rep": [
                            {
                                "D": "SSW",
                                "G": "10",
                                "H": "89.3",
                                "P": "1030",
                                "S": "6",
                                "T": "6.0",
                                "V": "10000",
                                "W": "0",
                                "Pt": "R",
                                "Dp": "4.4",
                                "$": "0"
                            },
                            {
                                "D": "SSW",
                                "G": "8",
                                "H": "92.4",
                                "P": "1029",
                                "S": "6",
                                "T": "5.3",
                                "V": "10000",
                                "W": "8",
                                "Pt": "F",
                                "Dp": "4.2",
                                "$": "60"
                            },
                            {
                                "D": "SW",
                                "G": "7",
                                "H": "94.4",
                                "P": "1029",
                                "S": "2",
                                "T": "5.1",
                                "V": "10000",
                                "W": "0",
                                "Pt": "F",
                                "Dp": "4.3",
                                "$": "120"
                            },
                            {
                                "D": "S",
                                "G": "10",
                                "H": "95.2",
                                "P": "1028",
                                "S": "2",
                                "T": "4.7",
                                "V": "7000",
                                "W": "5",
                                "Pt": "F",
                                "Dp": "4.0",
                                "$": "180"
                            },
                            {
                                "D": "SE",
                                "G": "6",
                                "H": "97.2",
                                "P": "1028",
                                "S": "3",
                                "T": "5.4",
                                "V": "8000",
                                "W": "8",
                                "Pt": "F",
                                "Dp": "5.0",
                                "$": "240"
                            },
                            {
                                "D": "SE",
                                "G": "7",
                                "H": "96.6",
                                "P": "1027",
                                "S": "3",
                                "T": "5.8",
                                "V": "5000",
                                "W": "8",
                                "Pt": "F",
                                "Dp": "5.3",
                                "$": "300"
                            },
                            {
                                "D": "SSE",
                                "G": "9",
                                "H": "93.3",
                                "P": "1027",
                                "S": "6",
                                "T": "6.9",
                                "V": "10000",
                                "W": "8",
                                "Pt": "F",
                                "Dp": "5.9",
                                "$": "360"
                            },
                            {
                                "D": "SE",
                                "G": "11",
                                "H": "94.0",
                                "P": "1026",
                                "S": "6",
                                "T": "8.3",
                                "V": "10000",
                                "W": "8",
                                "Pt": "F",
                                "Dp": "7.4",
                                "$": "420"
                            },
                            {
                                "D": "S",
                                "G": "14",
                                "H": "94.6",
                                "P": "1026",
                                "S": "9",
                                "T": "9.3",
                                "V": "16000",
                                "W": "8",
                                "Pt": "F",
                                "Dp": "8.5",
                                "$": "480"
                            },
                            {
                                "D": "S",
                                "G": "15",
                                "H": "94.1",
                                "P": "1026",
                                "S": "7",
                                "T": "9.8",
                                "V": "40000",
                                "W": "8",
                                "Pt": "F",
                                "Dp": "8.9",
                                "$": "540"
                            },
                            {
                                "D": "S",
                                "G": "13",
                                "H": "94.7",
                                "P": "1025",
                                "S": "7",
                                "T": "10.5",
                                "V": "20000",
                                "W": "8",
                                "Pt": "F",
                                "Dp": "9.7",
                                "$": "600"
                            },
                            {
                                "D": "SSW",
                                "G": "15",
                                "H": "91.6",
                                "P": "1025",
                                "S": "10",
                                "T": "11.4",
                                "V": "18000",
                                "W": "8",
                                "Pt": "F",
                                "Dp": "10.1",
                                "$": "660"
                            },
                            {
                                "D": "SW",
                                "G": "18",
                                "H": "83.4",
                                "P": "1024",
                                "S": "11",
                                "T": "12.8",
                                "V": "24000",
                                "W": "8",
                                "Pt": "F",
                                "Dp": "10.1",
                                "$": "720"
                            },
                            {
                                "D": "SSW",
                                "G": "19",
                                "H": "79.1",
                                "P": "1024",
                                "S": "11",
                                "T": "13.5",
                                "V": "30000",
                                "W": "8",
                                "Pt": "F",
                                "Dp": "10.0",
                                "$": "780"
                            },
                            {
                                "D": "SSW",
                                "G": "22",
                                "H": "80.1",
                                "P": "1023",
                                "S": "14",
                                "T": "12.9",
                                "V": "30000",
                                "W": "8",
                                "Pt": "F",
                                "Dp": "9.6",
                                "$": "840"
                            },
                            {
                                "D": "SSW",
                                "G": "22",
                                "H": "79.0",
                                "P": "1023",
                                "S": "13",
                                "T": "12.8",
                                "V": "35000",
                                "W": "8",
                                "Pt": "F",
                                "Dp": "9.3",
                                "$": "900"
                            },
                            {
                                "D": "SSW",
                                "G": "18",
                                "H": "81.2",
                                "P": "1023",
                                "S": "10",
                                "T": "12.5",
                                "V": "40000",
                                "W": "8",
                                "Pt": "F",
                                "Dp": "9.4",
                                "$": "960"
                            }
                        ]
                    }
                ]
            }
        }
    }
}