{
    "SiteRep": {
        "Wx": {
            "Param": [
                {
                    "name": "G",
                    "units": "mph",
                    "$": "Wind Gust"
                },
                {
                    "name": "T",
                    "units": "C",
                    "$": "Temperature"
                },
                {
                    "name": "V",
                    "units": "m",
                    "$": "Visibility"
                },
                {
                    "name": "D",
                    "units": "compass",
                    "$": "Wind Direction"
                },
                {
                    "name": "S",
                    "units": "mph",
                    "$": "Wind Speed"
                },
                {
                    "name": "W",
                    "units": "",
                    "$": "Weather Type"
                },
                {
                    "name": "P",
                    "units": "hpa",
                    "$": "Pressure"
                },
                {
                    "name": "Pt",
                    "units": "Pa/s",
                    "$": "Pressure Tendency"
                },
                {
                    "name": "Dp",
                    "units": "C",
                    "$": "Dew Point"
                },
                {
                    "name": "H",
                    "units": "%",
                    "$": "Screen Relative Humidity"
                }
            ]
        },
        "DV": {
            "dataDate": "2025-02-14T16:00:00Z",
            "type": "Obs",
            "Location": {
                "i": "3772",
                "lat": "51.479",
                "lon": "-0.449",
                "name": "HEATHROW",
                "country": "ENGLAND",
                "continent": "EUROPE",
                "elevation": "25.0",
                "Period": [
                    {
                        "type": "Day",
                        "value": "2025-02-13Z",
                        "Rep": [
                            {
                                "D": "ENE",
                                "G": "14",
                                "H": "64.0",
                                "P": "1023",
                                "S": "7",
                                "T": "4.4",
                                "V": "19000",
                                "W": "8",
                                "Pt": "F",
                                "Dp": "-1.7",
                                "$": "960"
                            },
                            {
                                "D": "NE",
                                "G": "10",
                                "H": "66.9",
                                "P": "1023",
                                "S": "6",
                                "T": "4.2",
                                "V": "18000",
                                "W": "8",
                                "Pt": "S",
                                "Dp": "-1.3",
                                "$": "1020"
                            },
                            {
                                "D": "NE",
                                "G": "11",
                                "H": "67.4",
                                "P": "1024",
                                "S": "6",
                                "T": "4.2",
                                "V": "17000",
                                "W": "8",
                                "Pt": "R",
                                "Dp": "-1.2",
                                "$": "1080"
                            },
                            {
                                "D": "ENE",
                                "G": "10",
                                "H": "68.4",
                                "P": "1024",
                                "S": "5",
                                "T": "4.0",
                                "V": "18000",
                                "W": "8",
                                "Pt": "R",
                                "Dp": "-1.2",
                                "$": "1140"
                            },
                            {
                                "D": "E",
                                "G": "13",
                                "H": "66.3",
                                "P": "1024",
                                "S": "8",
                                "T": "3.8",
                                "V": "20000",
                                "W": "8",
                                "Pt": "R",
                                "Dp": "-1.8",
                                "$": "1200"
                            },
                            {
                                "D": "E",
                                "G": "15",
                                "H": "66.7",
                                "P": "1025",
                                "S": "8",
                                "T": "3.1",
                                "V": "25000",
                                "W": "8",
                                "Pt": "R",
                                "Dp": "-2.4",
                                "$": "1260"
                            },
                            {
                                "D": "E",
                                "G": "17",
                                "H": "69.7",
                                "P": "1025",
                                "S": "10",
                                "T": "3.1",
                                "V": "26000",
                                "W": "8",
                                "Pt": "R",
                                "Dp": "-1.8",
                                "$": "1320"
                            },
                            {
                                "D": "E",
                                "G": "13",
                                "H": "67.6",
                                "P": "1025",
                                "S": "6",
                                "T": "3.2",
                                "V": "27000",
                                "W": "8",
                                "Pt": "R",
                                "Dp": "-2.1",
                                "$": "1380"
                            }
                        ]
                    },
                    {
                        "type": "Day",
                        "value": "2025-02-14Z",
                        "Rep": [
                            {
                                "D": "ENE",
                                "G": "9",
                                "H": "67.7",
                                "P": "1025",
                                "S": "5",
                                "T": "3.3",
                                "V": "25000",
                                "W": "8",
                                "Pt": "R",
                                "Dp": "-2.0",
                                "$": "0"
                            },
                            {
                                "D": "ENE",
                                "G": "8",
                                "H": "67.2",
                                "P": "1025",
                                "S": "5",
                                "T": "3.3",
                                "V": "26000",
                                "W": "8",
                                "Pt": "S",
                                "Dp": "-2.1",
                                "$": "60"
                            },
                            {
                                "D": "NE",
                                "G": "8",
                                "H": "68.7",
                                "P": "1024",
                                "S": "5",
                                "T": "3.1",
                                "V": "27000",
                                "W": "8",
                                "Pt": "F",
                                "Dp": "-2.0",
                                "$": "120"
                            },
                            {
                                "D": "E",
                                "G": "8",
                                "H": "72.9",
                                "P": "1024",
                                "S": "5",
                                "T": "2.6",
                                "V": "27000",
                                "W": "8",
                                "Pt": "F",
                                "Dp": "-1.7",
                                "$": "180"
                            },
                            {
                                "D": "E",
                                "G": "11",
                                "H": "72.7",
                                "P": "1024",
                                "S": "8",
                                "T": "1.1",
                                "V": "30000",
                                "W": "2",
                                "Pt": "F",
                                "Dp": "-2.8",
                                "$": "240"
                            },
                            {
                                "D": "E",
                                "G": "15",
                                "H": "73.5",
                                "P": "1024",
                                "S": "7",
                                "T": "2.5",
                                "V": "25000",
                                "W": "8",
                                "Pt": "F",
                                "Dp": "-1.7",
                                "$": "300"
                            },
                            {
                                "D": "ESE",
                                "G": "11",
                                "H": "73.9",
                                "P": "1025",
                                "S": "9",
                                "T": "2.5",
                                "V": "21000",
                                "W": "8",
                                "Pt": "R",
                                "Dp": "-1.6",
                                "$": "360"
                            },
                            {
                                "D": "ESE",
                                "G": "18",
                                "H": "70.0",
                                "P": "1025",
                                "S": "10",
                                "T": "2.6",
                                "V": "22000",
                                "W": "8",
                                "Pt": "R",
                                "Dp": "-2.2",
                                "$": "420"
                            },
                            {
                                "D": "SE",
                                "G": "19",
                                "H": "70.0",
                                "P": "1025",
                                "S": "8",
                                "T": "2.2",
                                "V": "18000",
                                "W": "8",
                                "Pt": "R",
                                "Dp": "-2.6",
                                "$": "480"
                            },
                            {
                                "D": "ESE",
                                "G": "19",
                                "H": "70.0",
                                "P": "1025",
                                "S": "14",
                                "T": "2.6",
                                "V": "14000",
                                "W": "8",
                                "Pt": "R",
                                "Dp": "-2.2",
                                "$": "540"
                            },
                            {
                                "D": "ESE",
                                "G": "21",
                                "H": "66.8",
                                "P": "1026",
                                "S": "15",
                                "T": "3.6",
                                "V": "14000",
                                "W": "7",
                                "Pt": "R",
                                "Dp": "-1.9",
                                "$": "600"
                            },
                            {
                                "D": "ESE",
                                "G": "22",
                                "H": "61.2",
                                "P": "1026",
                                "S": "15",
                                "T": "4.8",
                                "V": "17000",
                                "W": "8",
                                "Pt": "R",
                                "Dp": "-1.9",
                                "$": "660"
                            },
                            {
                                "D": "ESE",
                                "G": "23",
                                "H": "64.4",
                                "P": "1025",
                                "S": "15",
                                "T": "4.2",
                                "V": "18000",
                                "W": "8",
                                "Pt": "R",
                                "Dp": "-1.8",
                                "$": "720"
                            },
                            {
                                "D": "SE",
                                "G": "21",
                                "H": "59.5",
                                "P": "1025",
                                "S": "11",
                                "T": "5.3",
                                "V": "20000",
                                "W": "8",
                                "Pt": "F",
                                "Dp": "-1.8",
                                "$": "780"
                            },
                            {
                                "D": "SE",
                                "G": "19",
                                "H": "56.2",
                                "P": "1024",
                                "S": "14",
                                "T": "5.8",
                                "V": "19000",
                                "W": "7",
                                "Pt": "F",
                                "Dp": "-2.1",
                                "$": "840"
                            },
                            {
                                "D": "SE",
                                "G": "18",
                                "H": "54.3",
                                "P": "1024",
                                "S": "9",
                                "T": "6.4",
                                "V": "22000",
                                "W": "8",
                                "Pt": "F",
                                "Dp": "-2.0",
                                "$": "900"
                            },
                            {
                                "D": "ESE",
                                "G": "17",
                                "H": "54.8",
                                "P": "1023",
                                "S": "11",
                                "T": "5.5",
                                "V": "22000",
                                "W": "3",
                                "Pt": "F",
                                "Dp": "-2.7",
                                "$": "960"
                            }
                        ]
                    }
                ]
            }
        }
    }
}