{
    "SiteRep": {
        "Wx": {
            "Param": [
                {
                    "name": "G",
                    "units": "mph",
                    "$": "Wind Gust"
                },
                {
                    "name": "T",
                    "units": "C",
                    "$": "Temperature"
                },
                {
                    "name": "V",
                    "units": "m",
                    "$": "Visibility"
                },
                {
                    "name": "D",
                    "units": "compass",
                    "$": "Wind Direction"
                },
                {
                    "name": "S",
                    "units": "mph",
                    "$": "Wind Speed"
                },
                {
                    "name": "W",
                    "units": "",
                    "$": "Weather Type"
                },
                {
                    "name": "P",
                    "units": "hpa",
                    "$": "Pressure"
                },
                {
                    "name": "Pt",
                    "units": "Pa/s",
                    "$": "Pressure Tendency"
                },
                {
                    "name": "Dp",
                    "units": "C",
                    "$": "Dew Point"
                },
                {
                    "name": "H",
                    "units": "%",
                    "$": "Screen Relative Humidity"
                }
            ]
        },
        "DV": {
            "dataDate": "2024-05-29T16:00:00Z",
            "type": "Obs",
            "Location": {
                "i": "3772",
                "lat": "51.479",
                "lon": "-0.449",
                "name": "HEATHROW",
                "country": "ENGLAND",
                "continent": "EUROPE",
                "elevation": "25.0",
                "Period": [
                    {
                        "type": "Day",
                        "value": "2024-05-28Z",
                        "Rep": [
                            {
                                "D": "SSW",
                                "G": "23",
                                "H": "81.9",
                                "P": "1010",
                                "S": "16",
                                "T": "16.9",
                                "V": "29000",
                                "W": "8",
                                "Pt": "F",
                                "Dp": "13.8",
                                "$": "960"
                            },
                            {
                                "D": "SSW",
                                "G": "22",
                                "H": "83.4",
                                "P": "1010",
                                "S": "15",
                                "T": "16.5",
                                "V": "35000",
                                "W": "8",
                                "Pt": "F",
                                "Dp": "13.7",
                                "$": "1020"
                            },
                            {
                                "D": "SSW",
                                "G": "23",
                                "H": "86.7",
                                "P": "1010",
                                "S": "15",
                                "T": "15.9",
                                "V": "45000",
                                "W": "8",
                                "Pt": "F",
                                "Dp": "13.7",
                                "$": "1080"
                            },
                            {
                                "D": "SSW",
                                "G": "24",
                                "H": "85.6",
                                "P": "1009",
                                "S": "16",
                                "T": "15.7",
                                "V": "45000",
                                "W": "8",
                                "Pt": "F",
                                "Dp": "13.3",
                                "$": "1140"
                            },
                            {
                                "D": "SSW",
                                "G": "23",
                                "H": "92.5",
                                "P": "1009",
                                "S": "14",
                                "T": "15.0",
                                "V": "22000",
                                "W": "8",
                                "Pt": "F",
                                "Dp": "13.8",
                                "$": "1200"
                            },
                            {
                                "D": "SSW",
                                "G": "21",
                                "H": "94.3",
                                "P": "1009",
                                "S": "11",
                                "T": "14.7",
                                "V": "2800",
                                "W": "11",
                                "Pt": "F",
                                "Dp": "13.8",
                                "$": "1260"
                            },
                            {
                                "D": "SW",
                                "G": "19",
                                "H": "94.9",
                                "P": "1009",
                                "S": "14",
                                "T": "14.7",
                                "V": "35000",
                                "W": "11",
                                "Pt": "F",
                                "Dp": "13.9",
                                "$": "1320"
                            },
                            {
                                "D": "W",
                                "G": "29",
                                "H": "87.1",
                                "P": "1009",
                                "S": "18",
                                "T": "14.0",
                                "V": "45000",
                                "W": "12",
                                "Pt": "R",
                                "Dp": "11.9",
                                "$": "1380"
                            }
                        ]
                    },
                    {
                        "type": "Day",
                        "value": "2024-05-29Z",
                        "Rep": [
                            {
                                "D": "W",
                                "G": "25",
                                "H": "88.8",
                                "P": "1009",
                                "S": "10",
                                "T": "13.4",
                                "V": "50000",
                                "W": "8",
                                "Pt": "F",
                                "Dp": "11.6",
                                "$": "0"
                            },
                            {
                                "D": "WSW",
                                "G": "17",
                                "H": "90.6",
                                "P": "1009",
                                "S": "13",
                                "T": "12.9",
                                "V": "40000",
                                "W": "7",
                                "Pt": "R",
                                "Dp": "11.4",
                                "$": "60"
                            },
                            {
                                "D": "SW",
                                "G": "18",
                                "H": "88.1",
                                "P": "1009",
                                "S": "11",
                                "T": "13.2",
                                "V": "40000",
                                "W": "8",
                                "Pt": "F",
                                "Dp": "11.3",
                                "$": "120"
                            },
                            {
                                "D": "SW",
                                "G": "17",
                                "H": "90.6",
                                "P": "1009",
                                "S": "9",
                                "T": "13.2",
                                "V": "40000",
                                "W": "11",
                                "Pt": "F",
                                "Dp": "11.7",
                                "$": "180"
                            },
                            {
                                "D": "SW",
                                "G": "18",
                                "H": "90.0",
                                "P": "1009",
                                "S": "11",
                                "T": "13.2",
                                "V": "45000",
                                "W": "8",
                                "Pt": "F",
                                "Dp": "11.6",
                                "$": "240"
                            },
                            {
                                "D": "WSW",
                                "G": "17",
                                "H": "88.8",
                                "P": "1008",
                                "S": "11",
                                "T": "13.4",
                                "V": "45000",
                                "W": "8",
                                "Pt": "F",
                                "Dp": "11.6",
                                "$": "300"
                            },
                            {
                                "D": "WSW",
                                "G": "21",
                                "H": "84.8",
                                "P": "1009",
                                "S": "13",
                                "T": "14.2",
                                "V": "40000",
                                "W": "7",
                                "Pt": "F",
                                "Dp": "11.7",
                                "$": "360"
                            },
                            {
                                "D": "WSW",
                                "G": "23",
                                "H": "79.0",
                                "P": "1009",
                                "S": "16",
                                "T": "15.0",
                                "V": "45000",
                                "W": "7",
                                "Pt": "R",
                                "Dp": "11.4",
                                "$": "420"
                            },
                            {
                                "D": "W",
                                "G": "22",
                                "H": "70.6",
                                "P": "1009",
                                "S": "11",
                                "T": "16.0",
                                "V": "40000",
                                "W": "7",
                                "Pt": "R",
                                "Dp": "10.7",
                                "$": "480"
                            },
                            {
                                "D": "W",
                                "G": "21",
                                "H": "67.6",
                                "P": "1009",
                                "S": "15",
                                "T": "17.0",
                                "V": "45000",
                                "W": "7",
                                "Pt": "R",
                                "Dp": "11.0",
                                "$": "540"
                            },
                            {
                                "D": "WSW",
                                "G": "22",
                                "H": "63.7",
                                "P": "1009",
                                "S": "14",
                                "T": "18.9",
                                "V": "55000",
                                "W": "8",
                                "Pt": "R",
                                "Dp": "11.9",
                                "$": "600"
                            },
                            {
                                "D": "W",
                                "G": "22",
                                "H": "58.9",
                                "P": "1009",
                                "S": "11",
                                "T": "18.0",
                                "V": "65000",
                                "W": "8",
                                "Pt": "S",
                                "Dp": "9.9",
                                "$": "660"
                            },
                            {
                                "D": "W",
                                "G": "18",
                                "H": "53.8",
                                "P": "1009",
                                "S": "10",
                                "T": "18.5",
                                "V": "75000",
                                "W": "8",
                                "Pt": "F",
                                "Dp": "9.0",
                                "$": "720"
                            },
                            {
                                "D": "W",
                                "G": "19",
                                "H": "52.9",
                                "P": "1008",
                                "S": "9",
                                "T": "19.3",
                                "V": "60000",
                                "W": "8",
                                "Pt": "F",
                                "Dp": "9.5",
                                "$": "780"
                            },
                            {
                                "D": "W",
                                "G": "17",
                                "H": "46.9",
                                "P": "1008",
                                "S": "11",
                                "T": "20.8",
                                "V": "75000",
                                "W": "8",
                                "Pt": "F",
                                "Dp": "9.1",
                                "$": "840"
                            },
                            {
                                "D": "W",
                                "G": "19",
                                "H": "51.9",
                                "P": "1008",
                                "S": "13",
                                "T": "19.3",
                                "V": "75000",
                                "W": "8",
                                "Pt": "F",
                                "Dp": "9.2",
                                "$": "900"
                            },
                            {
                                "D": "W",
                                "G": "18",
                                "H": "53.8",
                                "P": "1008",
                                "S": "13",
                                "T": "18.8",
                                "V": "75000",
                                "W": "8",
                                "Pt": "F",
                                "Dp": "9.3",
                                "$": "960"
                            }
                        ]
                    }
                ]
            }
        }
    }
}