{
    "SiteRep": {
        "Wx": {
            "Param": [
                {
                    "name": "G",
                    "units": "mph",
                    "$": "Wind Gust"
                },
                {
                    "name": "T",
                    "units": "C",
                    "$": "Temperature"
                },
                {
                    "name": "V",
                    "units": "m",
                    "$": "Visibility"
                },
                {
                    "name": "D",
                    "units": "compass",
                    "$": "Wind Direction"
                },
                {
                    "name": "S",
                    "units": "mph",
                    "$": "Wind Speed"
                },
                {
                    "name": "W",
                    "units": "",
                    "$": "Weather Type"
                },
                {
                    "name": "P",
                    "units": "hpa",
                    "$": "Pressure"
                },
                {
                    "name": "Pt",
                    "units": "Pa/s",
                    "$": "Pressure Tendency"
                },
                {
                    "name": "Dp",
                    "units": "C",
                    "$": "Dew Point"
                },
                {
                    "name": "H",
                    "units": "%",
                    "$": "Screen Relative Humidity"
                }
            ]
        },
        "DV": {
            "dataDate": "2025-01-27T16:00:00Z",
            "type": "Obs",
            "Location": {
                "i": "3772",
                "lat": "51.479",
                "lon": "-0.449",
                "name": "HEATHROW",
                "country": "ENGLAND",
                "continent": "EUROPE",
                "elevation": "25.0",
                "Period": [
                    {
                        "type": "Day",
                        "value": "2025-01-26Z",
                        "Rep": [
                            {
                                "D": "SSE",
                                "G": "31",
                                "H": "93.3",
                                "P": "986",
                                "S": "17",
                                "T": "6.6",
                                "V": "9000",
                                "W": "12",
                                "Pt": "F",
                                "Dp": "5.6",
                                "$": "960"
                            },
                            {
                                "D": "S",
                                "G": "25",
                                "H": "92.8",
                                "P": "985",
                                "S": "14",
                                "T": "8.0",
                                "V": "16000",
                                "W": "12",
                                "Pt": "F",
                                "Dp": "6.9",
                                "$": "1020"
                            },
                            {
                                "D": "SSW",
                                "G": "23",
                                "H": "94.7",
                                "P": "985",
                                "S": "8",
                                "T": "8.0",
                                "V": "24000",
                                "W": "12",
                                "Pt": "F",
                                "Dp": "7.2",
                                "$": "1080"
                            },
                            {
                                "D": "S",
                                "G": "21",
                                "H": "89.8",
                                "P": "984",
                                "S": "11",
                                "T": "8.3",
                                "V": "23000",
                                "W": "2",
                                "Pt": "F",
                                "Dp": "6.7",
                                "$": "1140"
                            },
                            {
                                "D": "SSE",
                                "G": "17",
                                "H": "88.5",
                                "P": "984",
                                "S": "11",
                                "T": "8.2",
                                "V": "20000",
                                "W": "8",
                                "Pt": "F",
                                "Dp": "6.4",
                                "$": "1200"
                            },
                            {
                                "D": "S",
                                "G": "19",
                                "H": "87.4",
                                "P": "983",
                                "S": "14",
                                "T": "8.7",
                                "V": "22000",
                                "W": "8",
                                "Pt": "F",
                                "Dp": "6.7",
                                "$": "1260"
                            },
                            {
                                "D": "S",
                                "G": "33",
                                "H": "84.0",
                                "P": "982",
                                "S": "19",
                                "T": "10.1",
                                "V": "12000",
                                "W": "8",
                                "Pt": "F",
                                "Dp": "7.5",
                                "$": "1320"
                            },
                            {
                                "D": "SSE",
                                "G": "43",
                                "H": "91.0",
                                "P": "980",
                                "S": "14",
                                "T": "8.6",
                                "V": "5000",
                                "W": "12",
                                "Pt": "F",
                                "Dp": "7.2",
                                "$": "1380"
                            }
                        ]
                    },
                    {
                        "type": "Day",
                        "value": "2025-01-27Z",
                        "Rep": [
                            {
                                "D": "ESE",
                                "G": "25",
                                "H": "94.7",
                                "P": "976",
                                "S": "14",
                                "T": "7.5",
                                "V": "2600",
                                "W": "12",
                                "Pt": "F",
                                "Dp": "6.7",
                                "$": "0"
                            },
                            {
                                "D": "SE",
                                "G": "28",
                                "H": "96.1",
                                "P": "974",
                                "S": "17",
                                "T": "8.3",
                                "V": "10000",
                                "W": "12",
                                "Pt": "F",
                                "Dp": "7.7",
                                "$": "60"
                            },
                            {
                                "D": "WSW",
                                "G": "43",
                                "H": "81.7",
                                "P": "975",
                                "S": "24",
                                "T": "8.9",
                                "V": "75000",
                                "W": "8",
                                "Pt": "F",
                                "Dp": "5.9",
                                "$": "120"
                            },
                            {
                                "D": "SW",
                                "G": "36",
                                "H": "86.7",
                                "P": "978",
                                "S": "21",
                                "T": "7.4",
                                "V": "60000",
                                "W": "0",
                                "Pt": "R",
                                "Dp": "5.3",
                                "$": "180"
                            },
                            {
                                "D": "SW",
                                "G": "29",
                                "H": "87.2",
                                "P": "979",
                                "S": "16",
                                "T": "7.2",
                                "V": "35000",
                                "W": "0",
                                "Pt": "R",
                                "Dp": "5.2",
                                "$": "240"
                            },
                            {
                                "D": "SSW",
                                "G": "26",
                                "H": "84.3",
                                "P": "980",
                                "S": "13",
                                "T": "7.3",
                                "V": "22000",
                                "W": "2",
                                "Pt": "R",
                                "Dp": "4.8",
                                "$": "300"
                            },
                            {
                                "D": "S",
                                "G": "19",
                                "H": "83.7",
                                "P": "980",
                                "S": "11",
                                "T": "7.2",
                                "V": "21000",
                                "W": "8",
                                "Pt": "R",
                                "Dp": "4.6",
                                "$": "360"
                            },
                            {
                                "D": "SSW",
                                "G": "26",
                                "H": "82.5",
                                "P": "981",
                                "S": "11",
                                "T": "7.0",
                                "V": "21000",
                                "W": "2",
                                "Pt": "R",
                                "Dp": "4.2",
                                "$": "420"
                            },
                            {
                                "D": "S",
                                "G": "25",
                                "H": "79.2",
                                "P": "981",
                                "S": "14",
                                "T": "7.2",
                                "V": "30000",
                                "W": "8",
                                "Pt": "R",
                                "Dp": "3.8",
                                "$": "480"
                            },
                            {
                                "D": "SSW",
                                "G": "30",
                                "H": "78.3",
                                "P": "982",
                                "S": "18",
                                "T": "8.6",
                                "V": "24000",
                                "W": "8",
                                "Pt": "R",
                                "Dp": "5.0",
                                "$": "540"
                            },
                            {
                                "D": "SSW",
                                "G": "40",
                                "H": "81.9",
                                "P": "983",
                                "S": "21",
                                "T": "6.2",
                                "V": "75000",
                                "W": "12",
                                "Pt": "R",
                                "Dp": "3.3",
                                "$": "600"
                            },
                            {
                                "D": "S",
                                "G": "23",
                                "H": "83.1",
                                "P": "982",
                                "S": "15",
                                "T": "7.4",
                                "V": "35000",
                                "W": "12",
                                "Pt": "R",
                                "Dp": "4.7",
                                "$": "660"
                            },
                            {
                                "D": "SSW",
                                "G": "38",
                                "H": "68.4",
                                "P": "982",
                                "S": "25",
                                "T": "9.5",
                                "V": "29000",
                                "W": "8",
                                "Pt": "F",
                                "Dp": "3.9",
                                "$": "720"
                            },
                            {
                                "D": "SSW",
                                "G": "48",
                                "H": "84.9",
                                "P": "982",
                                "S": "24",
                                "T": "7.6",
                                "V": "28000",
                                "W": "12",
                                "Pt": "F",
                                "Dp": "5.2",
                                "$": "780"
                            },
                            {
                                "D": "S",
                                "G": "36",
                                "H": "82.5",
                                "P": "982",
                                "S": "22",
                                "T": "6.6",
                                "V": "26000",
                                "W": "12",
                                "Pt": "F",
                                "Dp": "3.8",
                                "$": "840"
                            },
                            {
                                "D": "S",
                                "G": "38",
                                "H": "79.8",
                                "P": "981",
                                "S": "17",
                                "T": "7.6",
                                "V": "30000",
                                "W": "3",
                                "Pt": "F",
                                "Dp": "4.3",
                                "$": "900"
                            },
                            {
                                "D": "S",
                                "G": "30",
                                "H": "77.7",
                                "P": "981",
                                "S": "16",
                                "T": "8.2",
                                "V": "27000",
                                "W": "8",
                                "Pt": "F",
                                "Dp": "4.5",
                                "$": "960"
                            }
                        ]
                    }
                ]
            }
        }
    }
}