{
    "SiteRep": {
        "Wx": {
            "Param": [
                {
                    "name": "G",
                    "units": "mph",
                    "$": "Wind Gust"
                },
                {
                    "name": "T",
                    "units": "C",
                    "$": "Temperature"
                },
                {
                    "name": "V",
                    "units": "m",
                    "$": "Visibility"
                },
                {
                    "name": "D",
                    "units": "compass",
                    "$": "Wind Direction"
                },
                {
                    "name": "S",
                    "units": "mph",
                    "$": "Wind Speed"
                },
                {
                    "name": "W",
                    "units": "",
                    "$": "Weather Type"
                },
                {
                    "name": "P",
                    "units": "hpa",
                    "$": "Pressure"
                },
                {
                    "name": "Pt",
                    "units": "Pa/s",
                    "$": "Pressure Tendency"
                },
                {
                    "name": "Dp",
                    "units": "C",
                    "$": "Dew Point"
                },
                {
                    "name": "H",
                    "units": "%",
                    "$": "Screen Relative Humidity"
                }
            ]
        },
        "DV": {
            "dataDate": "2024-11-14T16:00:00Z",
            "type": "Obs",
            "Location": {
                "i": "3772",
                "lat": "51.479",
                "lon": "-0.449",
                "name": "HEATHROW",
                "country": "ENGLAND",
                "continent": "EUROPE",
                "elevation": "25.0",
                "Period": [
                    {
                        "type": "Day",
                        "value": "2024-11-13Z",
                        "Rep": [
                            {
                                "D": "NW",
                                "G": "8",
                                "H": "69.8",
                                "P": "1034",
                                "S": "3",
                                "T": "11.0",
                                "V": "25000",
                                "W": "1",
                                "Pt": "F",
                                "Dp": "5.8",
                                "$": "960"
                            },
                            {
                                "D": "W",
                                "G": "7",
                                "H": "75.7",
                                "P": "1034",
                                "S": "3",
                                "T": "9.8",
                                "V": "17000",
                                "W": "0",
                                "Pt": "F",
                                "Dp": "5.8",
                                "$": "1020"
                            },
                            {
                                "D": "NW",
                                "G": "10",
                                "H": "81.1",
                                "P": "1034",
                                "S": "5",
                                "T": "8.8",
                                "V": "24000",
                                "W": "0",
                                "Pt": "F",
                                "Dp": "5.8",
                                "$": "1080"
                            },
                            {
                                "D": "W",
                                "G": "6",
                                "H": "83.9",
                                "P": "1034",
                                "S": "3",
                                "T": "8.2",
                                "V": "22000",
                                "W": "0",
                                "Pt": "F",
                                "Dp": "5.7",
                                "$": "1140"
                            },
                            {
                                "D": "W",
                                "G": "5",
                                "H": "86.3",
                                "P": "1034",
                                "S": "3",
                                "T": "7.7",
                                "V": "15000",
                                "W": "0",
                                "Pt": "R",
                                "Dp": "5.6",
                                "$": "1200"
                            },
                            {
                                "D": "W",
                                "G": "6",
                                "H": "89.4",
                                "P": "1033",
                                "S": "5",
                                "T": "7.1",
                                "V": "13000",
                                "W": "2",
                                "Pt": "F",
                                "Dp": "5.5",
                                "$": "1260"
                            },
                            {
                                "D": "W",
                                "G": "7",
                                "H": "93.2",
                                "P": "1033",
                                "S": "6",
                                "T": "6.5",
                                "V": "8000",
                                "W": "5",
                                "Pt": "F",
                                "Dp": "5.5",
                                "$": "1320"
                            },
                            {
                                "D": "NW",
                                "G": "9",
                                "H": "93.3",
                                "P": "1033",
                                "S": "2",
                                "T": "7.7",
                                "V": "5000",
                                "W": "5",
                                "Pt": "F",
                                "Dp": "6.7",
                                "$": "1380"
                            }
                        ]
                    },
                    {
                        "type": "Day",
                        "value": "2024-11-14Z",
                        "Rep": [
                            {
                                "D": "W",
                                "G": "7",
                                "H": "93.3",
                                "P": "1033",
                                "S": "3",
                                "T": "8.3",
                                "V": "3900",
                                "W": "5",
                                "Pt": "F",
                                "Dp": "7.3",
                                "$": "0"
                            },
                            {
                                "D": "WSW",
                                "G": "5",
                                "H": "94.0",
                                "P": "1032",
                                "S": "3",
                                "T": "8.5",
                                "V": "3700",
                                "W": "5",
                                "Pt": "F",
                                "Dp": "7.6",
                                "$": "60"
                            },
                            {
                                "D": "SW",
                                "G": "6",
                                "H": "95.2",
                                "P": "1031",
                                "S": "3",
                                "T": "8.8",
                                "V": "3200",
                                "W": "12",
                                "Pt": "F",
                                "Dp": "8.1",
                                "$": "120"
                            },
                            {
                                "D": "W",
                                "G": "6",
                                "H": "96.6",
                                "P": "1031",
                                "S": "3",
                                "T": "8.9",
                                "V": "2600",
                                "W": "12",
                                "Pt": "F",
                                "Dp": "8.4",
                                "$": "180"
                            },
                            {
                                "D": "W",
                                "G": "5",
                                "H": "96.6",
                                "P": "1031",
                                "S": "3",
                                "T": "9.4",
                                "V": "3800",
                                "W": "8",
                                "Pt": "F",
                                "Dp": "8.9",
                                "$": "240"
                            },
                            {
                                "D": "NW",
                                "G": "6",
                                "H": "96.0",
                                "P": "1031",
                                "S": "3",
                                "T": "9.5",
                                "V": "3900",
                                "W": "5",
                                "Pt": "F",
                                "Dp": "8.9",
                                "$": "300"
                            },
                            {
                                "D": "NNW",
                                "G": "3",
                                "H": "96.0",
                                "P": "1031",
                                "S": "2",
                                "T": "9.7",
                                "V": "4100",
                                "W": "5",
                                "Pt": "S",
                                "Dp": "9.1",
                                "$": "360"
                            },
                            {
                                "D": "NNE",
                                "G": "10",
                                "H": "92.7",
                                "P": "1031",
                                "S": "6",
                                "T": "10.1",
                                "V": "7000",
                                "W": "5",
                                "Pt": "R",
                                "Dp": "9.0",
                                "$": "420"
                            },
                            {
                                "D": "NNE",
                                "G": "11",
                                "H": "91.5",
                                "P": "1031",
                                "S": "6",
                                "T": "10.2",
                                "V": "9000",
                                "W": "5",
                                "Pt": "R",
                                "Dp": "8.9",
                                "$": "480"
                            },
                            {
                                "D": "NNE",
                                "G": "10",
                                "H": "92.8",
                                "P": "1032",
                                "S": "6",
                                "T": "10.5",
                                "V": "8000",
                                "W": "5",
                                "Pt": "R",
                                "Dp": "9.4",
                                "$": "540"
                            },
                            {
                                "D": "NNE",
                                "G": "18",
                                "H": "90.9",
                                "P": "1032",
                                "S": "9",
                                "T": "10.5",
                                "V": "12000",
                                "W": "8",
                                "Pt": "R",
                                "Dp": "9.1",
                                "$": "600"
                            },
                            {
                                "D": "NNE",
                                "G": "17",
                                "H": "79.8",
                                "P": "1032",
                                "S": "7",
                                "T": "11.4",
                                "V": "26000",
                                "W": "1",
                                "Pt": "R",
                                "Dp": "8.1",
                                "$": "660"
                            },
                            {
                                "D": "NNE",
                                "G": "16",
                                "H": "72.5",
                                "P": "1032",
                                "S": "8",
                                "T": "11.9",
                                "V": "35000",
                                "W": "7",
                                "Pt": "R",
                                "Dp": "7.2",
                                "$": "720"
                            },
                            {
                                "D": "NE",
                                "G": "18",
                                "H": "66.7",
                                "P": "1032",
                                "S": "9",
                                "T": "12.4",
                                "V": "40000",
                                "W": "8",
                                "Pt": "F",
                                "Dp": "6.5",
                                "$": "780"
                            },
                            {
                                "D": "NE",
                                "G": "14",
                                "H": "63.0",
                                "P": "1031",
                                "S": "6",
                                "T": "12.1",
                                "V": "35000",
                                "W": "8",
                                "Pt": "F",
                                "Dp": "5.4",
                                "$": "840"
                            },
                            {
                                "D": "NE",
                                "G": "13",
                                "H": "66.0",
                                "P": "1031",
                                "S": "7",
                                "T": "11.4",
                                "V": "28000",
                                "W": "8",
                                "Pt": "F",
                                "Dp": "5.4",
                                "$": "900"
                            },
                            {
                                "D": "NNE",
                                "G": "11",
                                "H": "67.9",
                                "P": "1031",
                                "S": "6",
                                "T": "10.9",
                                "V": "25000",
                                "W": "8",
                                "Pt": "F",
                                "Dp": "5.3",
                                "$": "960"
                            }
                        ]
                    }
                ]
            }
        }
    }
}