{
    "SiteRep": {
        "Wx": {
            "Param": [
                {
                    "name": "G",
                    "units": "mph",
                    "$": "Wind Gust"
                },
                {
                    "name": "T",
                    "units": "C",
                    "$": "Temperature"
                },
                {
                    "name": "V",
                    "units": "m",
                    "$": "Visibility"
                },
                {
                    "name": "D",
                    "units": "compass",
                    "$": "Wind Direction"
                },
                {
                    "name": "S",
                    "units": "mph",
                    "$": "Wind Speed"
                },
                {
                    "name": "W",
                    "units": "",
                    "$": "Weather Type"
                },
                {
                    "name": "P",
                    "units": "hpa",
                    "$": "Pressure"
                },
                {
                    "name": "Pt",
                    "units": "Pa/s",
                    "$": "Pressure Tendency"
                },
                {
                    "name": "Dp",
                    "units": "C",
                    "$": "Dew Point"
                },
                {
                    "name": "H",
                    "units": "%",
                    "$": "Screen Relative Humidity"
                }
            ]
        },
        "DV": {
            "dataDate": "2024-06-02T16:00:00Z",
            "type": "Obs",
            "Location": {
                "i": "3772",
                "lat": "51.479",
                "lon": "-0.449",
                "name": "HEATHROW",
                "country": "ENGLAND",
                "continent": "EUROPE",
                "elevation": "25.0",
                "Period": [
                    {
                        "type": "Day",
                        "value": "2024-06-01Z",
                        "Rep": [
                            {
                                "D": "N",
                                "G": "22",
                                "H": "66.1",
                                "P": "1026",
                                "S": "9",
                                "T": "15.3",
                                "V": "50000",
                                "W": "8",
                                "Pt": "R",
                                "Dp": "9.1",
                                "$": "960"
                            },
                            {
                                "D": "N",
                                "G": "21",
                                "H": "64.8",
                                "P": "1026",
                                "S": "9",
                                "T": "15.5",
                                "V": "55000",
                                "W": "8",
                                "Pt": "R",
                                "Dp": "9.0",
                                "$": "1020"
                            },
                            {
                                "D": "N",
                                "G": "21",
                                "H": "64.2",
                                "P": "1026",
                                "S": "11",
                                "T": "15.0",
                                "V": "55000",
                                "W": "8",
                                "Pt": "R",
                                "Dp": "8.4",
                                "$": "1080"
                            },
                            {
                                "D": "N",
                                "G": "21",
                                "H": "65.0",
                                "P": "1027",
                                "S": "10",
                                "T": "14.4",
                                "V": "65000",
                                "W": "8",
                                "Pt": "R",
                                "Dp": "8.0",
                                "$": "1140"
                            },
                            {
                                "D": "N",
                                "G": "17",
                                "H": "66.2",
                                "P": "1027",
                                "S": "7",
                                "T": "14.0",
                                "V": "60000",
                                "W": "8",
                                "Pt": "R",
                                "Dp": "7.9",
                                "$": "1200"
                            },
                            {
                                "D": "N",
                                "G": "17",
                                "H": "66.7",
                                "P": "1028",
                                "S": "9",
                                "T": "13.8",
                                "V": "55000",
                                "W": "8",
                                "Pt": "R",
                                "Dp": "7.8",
                                "$": "1260"
                            },
                            {
                                "D": "N",
                                "G": "18",
                                "H": "69.4",
                                "P": "1028",
                                "S": "9",
                                "T": "13.4",
                                "V": "45000",
                                "W": "8",
                                "Pt": "R",
                                "Dp": "8.0",
                                "$": "1320"
                            },
                            {
                                "D": "NNE",
                                "G": "18",
                                "H": "72.8",
                                "P": "1028",
                                "S": "7",
                                "T": "12.9",
                                "V": "40000",
                                "W": "8",
                                "Pt": "R",
                                "Dp": "8.2",
                                "$": "1380"
                            }
                        ]
                    },
                    {
                        "type": "Day",
                        "value": "2024-06-02Z",
                        "Rep": [
                            {
                                "D": "N",
                                "G": "16",
                                "H": "74.0",
                                "P": "1028",
                                "S": "6",
                                "T": "11.9",
                                "V": "35000",
                                "W": "0",
                                "Pt": "S",
                                "Dp": "7.5",
                                "$": "0"
                            },
                            {
                                "D": "N",
                                "G": "10",
                                "H": "81.4",
                                "P": "1028",
                                "S": "5",
                                "T": "10.8",
                                "V": "29000",
                                "W": "0",
                                "Pt": "F",
                                "Dp": "7.8",
                                "$": "60"
                            },
                            {
                                "D": "N",
                                "G": "9",
                                "H": "85.4",
                                "P": "1028",
                                "S": "3",
                                "T": "10.1",
                                "V": "27000",
                                "W": "7",
                                "Pt": "S",
                                "Dp": "7.8",
                                "$": "120"
                            },
                            {
                                "D": "NW",
                                "G": "8",
                                "H": "88.3",
                                "P": "1028",
                                "S": "2",
                                "T": "9.4",
                                "V": "20000",
                                "W": "7",
                                "Pt": "S",
                                "Dp": "7.6",
                                "$": "180"
                            },
                            {
                                "D": "WNW",
                                "G": "6",
                                "H": "92.1",
                                "P": "1028",
                                "S": "3",
                                "T": "8.7",
                                "V": "17000",
                                "W": "8",
                                "Pt": "R",
                                "Dp": "7.5",
                                "$": "240"
                            },
                            {
                                "D": "WNW",
                                "G": "5",
                                "H": "92.1",
                                "P": "1028",
                                "S": "3",
                                "T": "8.7",
                                "V": "16000",
                                "W": "7",
                                "Pt": "R",
                                "Dp": "7.5",
                                "$": "300"
                            },
                            {
                                "D": "N",
                                "G": "6",
                                "H": "87.8",
                                "P": "1028",
                                "S": "3",
                                "T": "10.3",
                                "V": "18000",
                                "W": "1",
                                "Pt": "S",
                                "Dp": "8.4",
                                "$": "360"
                            },
                            {
                                "D": "NNW",
                                "G": "9",
                                "H": "77.8",
                                "P": "1028",
                                "S": "5",
                                "T": "12.3",
                                "V": "22000",
                                "W": "1",
                                "Pt": "R",
                                "Dp": "8.6",
                                "$": "420"
                            },
                            {
                                "D": "N",
                                "G": "9",
                                "H": "66.4",
                                "P": "1028",
                                "S": "3",
                                "T": "14.7",
                                "V": "29000",
                                "W": "1",
                                "Pt": "S",
                                "Dp": "8.6",
                                "$": "480"
                            },
                            {
                                "D": "NNE",
                                "G": "14",
                                "H": "55.9",
                                "P": "1028",
                                "S": "8",
                                "T": "16.6",
                                "V": "35000",
                                "W": "1",
                                "Pt": "F",
                                "Dp": "7.9",
                                "$": "540"
                            },
                            {
                                "D": "N",
                                "G": "15",
                                "H": "52.3",
                                "P": "1027",
                                "S": "8",
                                "T": "18.6",
                                "V": "35000",
                                "W": "1",
                                "Pt": "F",
                                "Dp": "8.8",
                                "$": "600"
                            },
                            {
                                "D": "N",
                                "G": "15",
                                "H": "51.4",
                                "P": "1027",
                                "S": "6",
                                "T": "20.1",
                                "V": "30000",
                                "W": "1",
                                "Pt": "F",
                                "Dp": "9.9",
                                "$": "660"
                            },
                            {
                                "D": "N",
                                "G": "18",
                                "H": "51.1",
                                "P": "1027",
                                "S": "8",
                                "T": "20.5",
                                "V": "35000",
                                "W": "1",
                                "Pt": "F",
                                "Dp": "10.2",
                                "$": "720"
                            },
                            {
                                "D": "NNW",
                                "G": "15",
                                "H": "46.2",
                                "P": "1026",
                                "S": "7",
                                "T": "21.9",
                                "V": "40000",
                                "W": "3",
                                "Pt": "F",
                                "Dp": "10.0",
                                "$": "780"
                            },
                            {
                                "D": "N",
                                "G": "17",
                                "H": "41.4",
                                "P": "1026",
                                "S": "10",
                                "T": "22.8",
                                "V": "55000",
                                "W": "1",
                                "Pt": "F",
                                "Dp": "9.2",
                                "$": "840"
                            },
                            {
                                "D": "NW",
                                "G": "19",
                                "H": "35.5",
                                "P": "1025",
                                "S": "10",
                                "T": "23.4",
                                "V": "35000",
                                "W": "1",
                                "Pt": "F",
                                "Dp": "7.5",
                                "$": "900"
                            },
                            {
                                "D": "NW",
                                "G": "16",
                                "H": "32.7",
                                "P": "1025",
                                "S": "7",
                                "T": "23.7",
                                "V": "40000",
                                "W": "1",
                                "Pt": "F",
                                "Dp": "6.6",
                                "$": "960"
                            }
                        ]
                    }
                ]
            }
        }
    }
}