{
    "SiteRep": {
        "Wx": {
            "Param": [
                {
                    "name": "G",
                    "units": "mph",
                    "$": "Wind Gust"
                },
                {
                    "name": "T",
                    "units": "C",
                    "$": "Temperature"
                },
                {
                    "name": "V",
                    "units": "m",
                    "$": "Visibility"
                },
                {
                    "name": "D",
                    "units": "compass",
                    "$": "Wind Direction"
                },
                {
                    "name": "S",
                    "units": "mph",
                    "$": "Wind Speed"
                },
                {
                    "name": "W",
                    "units": "",
                    "$": "Weather Type"
                },
                {
                    "name": "P",
                    "units": "hpa",
                    "$": "Pressure"
                },
                {
                    "name": "Pt",
                    "units": "Pa/s",
                    "$": "Pressure Tendency"
                },
                {
                    "name": "Dp",
                    "units": "C",
                    "$": "Dew Point"
                },
                {
                    "name": "H",
                    "units": "%",
                    "$": "Screen Relative Humidity"
                }
            ]
        },
        "DV": {
            "dataDate": "2025-01-30T16:00:00Z",
            "type": "Obs",
            "Location": {
                "i": "3772",
                "lat": "51.479",
                "lon": "-0.449",
                "name": "HEATHROW",
                "country": "ENGLAND",
                "continent": "EUROPE",
                "elevation": "25.0",
                "Period": [
                    {
                        "type": "Day",
                        "value": "2025-01-29Z",
                        "Rep": [
                            {
                                "D": "NE",
                                "G": "6",
                                "H": "80.1",
                                "P": "1003",
                                "S": "3",
                                "T": "7.7",
                                "V": "24000",
                                "W": "8",
                                "Pt": "R",
                                "Dp": "4.5",
                                "$": "960"
                            },
                            {
                                "D": "NNE",
                                "G": "9",
                                "H": "82.4",
                                "P": "1004",
                                "S": "5",
                                "T": "7.1",
                                "V": "30000",
                                "W": "8",
                                "Pt": "R",
                                "Dp": "4.3",
                                "$": "1020"
                            },
                            {
                                "D": "NE",
                                "G": "8",
                                "H": "82.8",
                                "P": "1004",
                                "S": "6",
                                "T": "6.9",
                                "V": "30000",
                                "W": "8",
                                "Pt": "R",
                                "Dp": "4.2",
                                "$": "1080"
                            },
                            {
                                "D": "NNE",
                                "G": "8",
                                "H": "83.4",
                                "P": "1005",
                                "S": "5",
                                "T": "6.6",
                                "V": "21000",
                                "W": "8",
                                "Pt": "R",
                                "Dp": "4.0",
                                "$": "1140"
                            },
                            {
                                "D": "NNE",
                                "G": "8",
                                "H": "83.4",
                                "P": "1006",
                                "S": "5",
                                "T": "6.4",
                                "V": "22000",
                                "W": "8",
                                "Pt": "R",
                                "Dp": "3.8",
                                "$": "1200"
                            },
                            {
                                "D": "N",
                                "G": "13",
                                "H": "82.2",
                                "P": "1007",
                                "S": "8",
                                "T": "6.3",
                                "V": "35000",
                                "W": "8",
                                "Pt": "R",
                                "Dp": "3.5",
                                "$": "1260"
                            },
                            {
                                "D": "N",
                                "G": "13",
                                "H": "80.9",
                                "P": "1008",
                                "S": "6",
                                "T": "5.9",
                                "V": "35000",
                                "W": "8",
                                "Pt": "R",
                                "Dp": "2.9",
                                "$": "1320"
                            },
                            {
                                "D": "N",
                                "G": "16",
                                "H": "80.4",
                                "P": "1008",
                                "S": "9",
                                "T": "5.9",
                                "V": "35000",
                                "W": "8",
                                "Pt": "R",
                                "Dp": "2.8",
                                "$": "1380"
                            }
                        ]
                    },
                    {
                        "type": "Day",
                        "value": "2025-01-30Z",
                        "Rep": [
                            {
                                "D": "N",
                                "G": "13",
                                "H": "79.3",
                                "P": "1010",
                                "S": "7",
                                "T": "6.3",
                                "V": "35000",
                                "W": "8",
                                "Pt": "R",
                                "Dp": "3.0",
                                "$": "0"
                            },
                            {
                                "D": "N",
                                "G": "17",
                                "H": "82.1",
                                "P": "1011",
                                "S": "7",
                                "T": "5.9",
                                "V": "55000",
                                "W": "8",
                                "Pt": "R",
                                "Dp": "3.1",
                                "$": "60"
                            },
                            {
                                "D": "N",
                                "G": "16",
                                "H": "80.3",
                                "P": "1012",
                                "S": "7",
                                "T": "5.9",
                                "V": "50000",
                                "W": "8",
                                "Pt": "R",
                                "Dp": "2.8",
                                "$": "120"
                            },
                            {
                                "D": "N",
                                "G": "15",
                                "H": "78.5",
                                "P": "1013",
                                "S": "7",
                                "T": "5.4",
                                "V": "65000",
                                "W": "8",
                                "Pt": "R",
                                "Dp": "2.0",
                                "$": "180"
                            },
                            {
                                "D": "N",
                                "G": "16",
                                "H": "76.7",
                                "P": "1013",
                                "S": "8",
                                "T": "4.7",
                                "V": "75000",
                                "W": "0",
                                "Pt": "R",
                                "Dp": "1.0",
                                "$": "240"
                            },
                            {
                                "D": "N",
                                "G": "14",
                                "H": "78.2",
                                "P": "1014",
                                "S": "6",
                                "T": "3.9",
                                "V": "65000",
                                "W": "0",
                                "Pt": "R",
                                "Dp": "0.5",
                                "$": "300"
                            },
                            {
                                "D": "NNW",
                                "G": "11",
                                "H": "80.5",
                                "P": "1016",
                                "S": "6",
                                "T": "3.2",
                                "V": "55000",
                                "W": "0",
                                "Pt": "R",
                                "Dp": "0.2",
                                "$": "360"
                            },
                            {
                                "D": "NNW",
                                "G": "11",
                                "H": "82.8",
                                "P": "1017",
                                "S": "7",
                                "T": "2.5",
                                "V": "45000",
                                "W": "0",
                                "Pt": "R",
                                "Dp": "-0.1",
                                "$": "420"
                            },
                            {
                                "D": "NW",
                                "G": "10",
                                "H": "83.8",
                                "P": "1018",
                                "S": "2",
                                "T": "1.7",
                                "V": "35000",
                                "W": "1",
                                "Pt": "R",
                                "Dp": "-0.7",
                                "$": "480"
                            },
                            {
                                "D": "WNW",
                                "G": "8",
                                "H": "82.1",
                                "P": "1019",
                                "S": "3",
                                "T": "2.5",
                                "V": "30000",
                                "W": "1",
                                "Pt": "R",
                                "Dp": "-0.2",
                                "$": "540"
                            },
                            {
                                "D": "WNW",
                                "G": "10",
                                "H": "73.2",
                                "P": "1020",
                                "S": "6",
                                "T": "4.2",
                                "V": "40000",
                                "W": "1",
                                "Pt": "R",
                                "Dp": "-0.1",
                                "$": "600"
                            },
                            {
                                "D": "NW",
                                "G": "14",
                                "H": "66.3",
                                "P": "1021",
                                "S": "8",
                                "T": "5.6",
                                "V": "40000",
                                "W": "1",
                                "Pt": "R",
                                "Dp": "-0.1",
                                "$": "660"
                            },
                            {
                                "D": "NNW",
                                "G": "15",
                                "H": "61.0",
                                "P": "1021",
                                "S": "8",
                                "T": "7.0",
                                "V": "40000",
                                "W": "1",
                                "Pt": "R",
                                "Dp": "0.1",
                                "$": "720"
                            },
                            {
                                "D": "NW",
                                "G": "15",
                                "H": "58.9",
                                "P": "1021",
                                "S": "7",
                                "T": "7.8",
                                "V": "45000",
                                "W": "1",
                                "Pt": "R",
                                "Dp": "0.4",
                                "$": "780"
                            },
                            {
                                "D": "WNW",
                                "G": "16",
                                "H": "56.9",
                                "P": "1022",
                                "S": "10",
                                "T": "8.4",
                                "V": "55000",
                                "W": "1",
                                "Pt": "R",
                                "Dp": "0.5",
                                "$": "840"
                            },
                            {
                                "D": "WNW",
                                "G": "17",
                                "H": "63.0",
                                "P": "1022",
                                "S": "9",
                                "T": "7.5",
                                "V": "50000",
                                "W": "3",
                                "Pt": "R",
                                "Dp": "1.0",
                                "$": "900"
                            },
                            {
                                "D": "NW",
                                "G": "19",
                                "H": "61.9",
                                "P": "1023",
                                "S": "11",
                                "T": "7.4",
                                "V": "55000",
                                "W": "3",
                                "Pt": "R",
                                "Dp": "0.7",
                                "$": "960"
                            }
                        ]
                    }
                ]
            }
        }
    }
}