{
    "SiteRep": {
        "Wx": {
            "Param": [
                {
                    "name": "G",
                    "units": "mph",
                    "$": "Wind Gust"
                },
                {
                    "name": "T",
                    "units": "C",
                    "$": "Temperature"
                },
                {
                    "name": "V",
                    "units": "m",
                    "$": "Visibility"
                },
                {
                    "name": "D",
                    "units": "compass",
                    "$": "Wind Direction"
                },
                {
                    "name": "S",
                    "units": "mph",
                    "$": "Wind Speed"
                },
                {
                    "name": "W",
                    "units": "",
                    "$": "Weather Type"
                },
                {
                    "name": "P",
                    "units": "hpa",
                    "$": "Pressure"
                },
                {
                    "name": "Pt",
                    "units": "Pa/s",
                    "$": "Pressure Tendency"
                },
                {
                    "name": "Dp",
                    "units": "C",
                    "$": "Dew Point"
                },
                {
                    "name": "H",
                    "units": "%",
                    "$": "Screen Relative Humidity"
                }
            ]
        },
        "DV": {
            "dataDate": "2023-10-29T16:00:00Z",
            "type": "Obs",
            "Location": {
                "i": "3772",
                "lat": "51.479",
                "lon": "-0.449",
                "name": "HEATHROW",
                "country": "ENGLAND",
                "continent": "EUROPE",
                "elevation": "25.0",
                "Period": [
                    {
                        "type": "Day",
                        "value": "2023-10-28Z",
                        "Rep": [
                            {
                                "D": "ESE",
                                "G": "18",
                                "H": "84.9",
                                "P": "986",
                                "S": "11",
                                "T": "13.5",
                                "V": "23000",
                                "W": "8",
                                "Pt": "F",
                                "Dp": "11.0",
                                "$": "960"
                            },
                            {
                                "D": "SE",
                                "G": "21",
                                "H": "88.4",
                                "P": "985",
                                "S": "13",
                                "T": "13.4",
                                "V": "26000",
                                "W": "8",
                                "Pt": "F",
                                "Dp": "11.5",
                                "$": "1020"
                            },
                            {
                                "D": "SE",
                                "G": "18",
                                "H": "94.3",
                                "P": "984",
                                "S": "11",
                                "T": "12.6",
                                "V": "1400",
                                "W": "12",
                                "Pt": "F",
                                "Dp": "11.7",
                                "$": "1080"
                            },
                            {
                                "D": "ESE",
                                "G": "15",
                                "H": "95.5",
                                "P": "983",
                                "S": "9",
                                "T": "12.3",
                                "V": "4000",
                                "W": "12",
                                "Pt": "F",
                                "Dp": "11.6",
                                "$": "1140"
                            },
                            {
                                "D": "SE",
                                "G": "15",
                                "H": "94.9",
                                "P": "983",
                                "S": "8",
                                "T": "12.0",
                                "V": "35000",
                                "W": "8",
                                "Pt": "F",
                                "Dp": "11.2",
                                "$": "1200"
                            },
                            {
                                "D": "SE",
                                "G": "10",
                                "H": "93.1",
                                "P": "982",
                                "S": "6",
                                "T": "12.9",
                                "V": "24000",
                                "W": "8",
                                "Pt": "F",
                                "Dp": "11.8",
                                "$": "1260"
                            },
                            {
                                "D": "S",
                                "G": "11",
                                "H": "92.5",
                                "P": "982",
                                "S": "5",
                                "T": "13.4",
                                "V": "10000",
                                "W": "12",
                                "Pt": "F",
                                "Dp": "12.2",
                                "$": "1320"
                            },
                            {
                                "D": "WSW",
                                "G": "24",
                                "H": "94.9",
                                "P": "982",
                                "S": "11",
                                "T": "11.7",
                                "V": "1100",
                                "W": "15",
                                "Pt": "F",
                                "Dp": "10.9",
                                "$": "1380"
                            }
                        ]
                    },
                    {
                        "type": "Day",
                        "value": "2023-10-29Z",
                        "Rep": [
                            {
                                "D": "SW",
                                "G": "15",
                                "H": "96.2",
                                "P": "982",
                                "S": "10",
                                "T": "11.4",
                                "V": "23000",
                                "W": "12",
                                "Pt": "F",
                                "Dp": "10.8",
                                "$": "0"
                            },
                            {
                                "D": "SSW",
                                "G": "24",
                                "H": "94.2",
                                "P": "983",
                                "S": "13",
                                "T": "11.0",
                                "V": "55000",
                                "W": "12",
                                "Pt": "R",
                                "Dp": "10.1",
                                "$": "60"
                            },
                            {
                                "D": "SSW",
                                "G": "19",
                                "H": "92.9",
                                "P": "984",
                                "S": "11",
                                "T": "10.6",
                                "V": "40000",
                                "W": "8",
                                "Pt": "R",
                                "Dp": "9.5",
                                "$": "120"
                            },
                            {
                                "D": "SW",
                                "G": "17",
                                "H": "92.2",
                                "P": "985",
                                "S": "9",
                                "T": "10.1",
                                "V": "35000",
                                "W": "8",
                                "Pt": "R",
                                "Dp": "8.9",
                                "$": "180"
                            },
                            {
                                "D": "SSW",
                                "G": "19",
                                "H": "89.9",
                                "P": "985",
                                "S": "11",
                                "T": "10.2",
                                "V": "40000",
                                "W": "8",
                                "Pt": "R",
                                "Dp": "8.6",
                                "$": "240"
                            },
                            {
                                "D": "S",
                                "G": "17",
                                "H": "91.0",
                                "P": "986",
                                "S": "9",
                                "T": "8.9",
                                "V": "45000",
                                "W": "0",
                                "Pt": "R",
                                "Dp": "7.5",
                                "$": "300"
                            },
                            {
                                "D": "S",
                                "G": "18",
                                "H": "93.4",
                                "P": "986",
                                "S": "10",
                                "T": "8.9",
                                "V": "30000",
                                "W": "0",
                                "Pt": "R",
                                "Dp": "7.9",
                                "$": "360"
                            },
                            {
                                "D": "S",
                                "G": "16",
                                "H": "92.8",
                                "P": "986",
                                "S": "7",
                                "T": "9.1",
                                "V": "29000",
                                "W": "0",
                                "Pt": "R",
                                "Dp": "8.0",
                                "$": "420"
                            },
                            {
                                "D": "S",
                                "G": "14",
                                "H": "91.6",
                                "P": "987",
                                "S": "8",
                                "T": "9.6",
                                "V": "28000",
                                "W": "1",
                                "Pt": "R",
                                "Dp": "8.3",
                                "$": "480"
                            },
                            {
                                "D": "SSE",
                                "G": "15",
                                "H": "85.9",
                                "P": "987",
                                "S": "9",
                                "T": "11.9",
                                "V": "28000",
                                "W": "7",
                                "Pt": "R",
                                "Dp": "9.6",
                                "$": "540"
                            },
                            {
                                "D": "SSE",
                                "G": "17",
                                "H": "84.2",
                                "P": "987",
                                "S": "8",
                                "T": "12.0",
                                "V": "29000",
                                "W": "3",
                                "Pt": "R",
                                "Dp": "9.4",
                                "$": "600"
                            },
                            {
                                "D": "S",
                                "G": "21",
                                "H": "89.9",
                                "P": "988",
                                "S": "13",
                                "T": "10.7",
                                "V": "2600",
                                "W": "12",
                                "Pt": "R",
                                "Dp": "9.1",
                                "$": "660"
                            },
                            {
                                "D": "S",
                                "G": "21",
                                "H": "91.7",
                                "P": "988",
                                "S": "8",
                                "T": "10.6",
                                "V": "24000",
                                "W": "12",
                                "Pt": "R",
                                "Dp": "9.3",
                                "$": "720"
                            },
                            {
                                "D": "S",
                                "G": "11",
                                "H": "92.3",
                                "P": "988",
                                "S": "7",
                                "T": "10.8",
                                "V": "9000",
                                "W": "12",
                                "Pt": "R",
                                "Dp": "9.6",
                                "$": "780"
                            },
                            {
                                "D": "SW",
                                "G": "16",
                                "H": "90.5",
                                "P": "988",
                                "S": "9",
                                "T": "10.5",
                                "V": "18000",
                                "W": "12",
                                "Pt": "R",
                                "Dp": "9.0",
                                "$": "840"
                            },
                            {
                                "D": "S",
                                "G": "14",
                                "H": "84.7",
                                "P": "988",
                                "S": "8",
                                "T": "11.8",
                                "V": "65000",
                                "W": "7",
                                "Pt": "R",
                                "Dp": "9.3",
                                "$": "900"
                            },
                            {
                                "D": "SSE",
                                "G": "13",
                                "H": "87.6",
                                "P": "989",
                                "S": "8",
                                "T": "11.9",
                                "V": "45000",
                                "W": "1",
                                "Pt": "R",
                                "Dp": "9.9",
                                "$": "960"
                            }
                        ]
                    }
                ]
            }
        }
    }
}