{
    "SiteRep": {
        "Wx": {
            "Param": [
                {
                    "name": "G",
                    "units": "mph",
                    "$": "Wind Gust"
                },
                {
                    "name": "T",
                    "units": "C",
                    "$": "Temperature"
                },
                {
                    "name": "V",
                    "units": "m",
                    "$": "Visibility"
                },
                {
                    "name": "D",
                    "units": "compass",
                    "$": "Wind Direction"
                },
                {
                    "name": "S",
                    "units": "mph",
                    "$": "Wind Speed"
                },
                {
                    "name": "W",
                    "units": "",
                    "$": "Weather Type"
                },
                {
                    "name": "P",
                    "units": "hpa",
                    "$": "Pressure"
                },
                {
                    "name": "Pt",
                    "units": "Pa/s",
                    "$": "Pressure Tendency"
                },
                {
                    "name": "Dp",
                    "units": "C",
                    "$": "Dew Point"
                },
                {
                    "name": "H",
                    "units": "%",
                    "$": "Screen Relative Humidity"
                }
            ]
        },
        "DV": {
            "dataDate": "2025-05-26T16:00:00Z",
            "type": "Obs",
            "Location": {
                "i": "3772",
                "lat": "51.479",
                "lon": "-0.449",
                "name": "HEATHROW",
                "country": "ENGLAND",
                "continent": "EUROPE",
                "elevation": "25.0",
                "Period": [
                    {
                        "type": "Day",
                        "value": "2025-05-25Z",
                        "Rep": [
                            {
                                "D": "W",
                                "G": "31",
                                "H": "38.5",
                                "P": "1011",
                                "S": "19",
                                "T": "19.4",
                                "V": "50000",
                                "W": "8",
                                "Pt": "R",
                                "Dp": "5.0",
                                "$": "960"
                            },
                            {
                                "D": "W",
                                "G": "31",
                                "H": "35.4",
                                "P": "1011",
                                "S": "18",
                                "T": "18.6",
                                "V": "65000",
                                "W": "7",
                                "Pt": "R",
                                "Dp": "3.1",
                                "$": "1020"
                            },
                            {
                                "D": "W",
                                "G": "36",
                                "H": "33.5",
                                "P": "1012",
                                "S": "23",
                                "T": "18.2",
                                "V": "65000",
                                "W": "1",
                                "Pt": "R",
                                "Dp": "2.0",
                                "$": "1080"
                            },
                            {
                                "D": "W",
                                "G": "32",
                                "H": "40.7",
                                "P": "1012",
                                "S": "15",
                                "T": "16.6",
                                "V": "75000",
                                "W": "3",
                                "Pt": "R",
                                "Dp": "3.3",
                                "$": "1140"
                            },
                            {
                                "D": "W",
                                "G": "32",
                                "H": "47.8",
                                "P": "1012",
                                "S": "18",
                                "T": "15.0",
                                "V": "45000",
                                "W": "7",
                                "Pt": "R",
                                "Dp": "4.1",
                                "$": "1200"
                            },
                            {
                                "D": "W",
                                "G": "28",
                                "H": "53.6",
                                "P": "1013",
                                "S": "15",
                                "T": "14.1",
                                "V": "40000",
                                "W": "2",
                                "Pt": "R",
                                "Dp": "4.9",
                                "$": "1260"
                            },
                            {
                                "D": "W",
                                "G": "24",
                                "H": "61.8",
                                "P": "1014",
                                "S": "14",
                                "T": "13.2",
                                "V": "35000",
                                "W": "0",
                                "Pt": "R",
                                "Dp": "6.1",
                                "$": "1320"
                            },
                            {
                                "D": "WSW",
                                "G": "19",
                                "H": "67.9",
                                "P": "1014",
                                "S": "11",
                                "T": "12.3",
                                "V": "30000",
                                "W": "0",
                                "Pt": "R",
                                "Dp": "6.6",
                                "$": "1380"
                            }
                        ]
                    },
                    {
                        "type": "Day",
                        "value": "2025-05-26Z",
                        "Rep": [
                            {
                                "D": "WSW",
                                "G": "19",
                                "H": "70.7",
                                "P": "1014",
                                "S": "9",
                                "T": "11.8",
                                "V": "30000",
                                "W": "0",
                                "Pt": "R",
                                "Dp": "6.7",
                                "$": "0"
                            },
                            {
                                "D": "WSW",
                                "G": "18",
                                "H": "74.7",
                                "P": "1014",
                                "S": "14",
                                "T": "11.5",
                                "V": "35000",
                                "W": "0",
                                "Pt": "R",
                                "Dp": "7.2",
                                "$": "60"
                            },
                            {
                                "D": "WSW",
                                "G": "19",
                                "H": "76.9",
                                "P": "1015",
                                "S": "13",
                                "T": "11.6",
                                "V": "30000",
                                "W": "2",
                                "Pt": "R",
                                "Dp": "7.7",
                                "$": "120"
                            },
                            {
                                "D": "WSW",
                                "G": "21",
                                "H": "77.3",
                                "P": "1015",
                                "S": "13",
                                "T": "11.8",
                                "V": "30000",
                                "W": "7",
                                "Pt": "R",
                                "Dp": "8.0",
                                "$": "180"
                            },
                            {
                                "D": "WSW",
                                "G": "21",
                                "H": "77.8",
                                "P": "1015",
                                "S": "13",
                                "T": "11.5",
                                "V": "30000",
                                "W": "7",
                                "Pt": "R",
                                "Dp": "7.8",
                                "$": "240"
                            },
                            {
                                "D": "WSW",
                                "G": "17",
                                "H": "79.0",
                                "P": "1015",
                                "S": "13",
                                "T": "11.7",
                                "V": "29000",
                                "W": "8",
                                "Pt": "R",
                                "Dp": "8.2",
                                "$": "300"
                            },
                            {
                                "D": "WSW",
                                "G": "19",
                                "H": "74.0",
                                "P": "1016",
                                "S": "13",
                                "T": "13.0",
                                "V": "29000",
                                "W": "8",
                                "Pt": "R",
                                "Dp": "8.5",
                                "$": "360"
                            },
                            {
                                "D": "WSW",
                                "G": "21",
                                "H": "70.1",
                                "P": "1016",
                                "S": "13",
                                "T": "13.9",
                                "V": "30000",
                                "W": "7",
                                "Pt": "R",
                                "Dp": "8.6",
                                "$": "420"
                            },
                            {
                                "D": "WSW",
                                "G": "23",
                                "H": "60.6",
                                "P": "1016",
                                "S": "15",
                                "T": "15.5",
                                "V": "30000",
                                "W": "7",
                                "Pt": "R",
                                "Dp": "8.0",
                                "$": "480"
                            },
                            {
                                "D": "WSW",
                                "G": "28",
                                "H": "52.0",
                                "P": "1016",
                                "S": "17",
                                "T": "17.8",
                                "V": "45000",
                                "W": "3",
                                "Pt": "R",
                                "Dp": "7.9",
                                "$": "540"
                            },
                            {
                                "D": "SW",
                                "G": "28",
                                "H": "46.6",
                                "P": "1016",
                                "S": "18",
                                "T": "18.2",
                                "V": "55000",
                                "W": "8",
                                "Pt": "R",
                                "Dp": "6.7",
                                "$": "600"
                            },
                            {
                                "D": "WSW",
                                "G": "25",
                                "H": "50.5",
                                "P": "1016",
                                "S": "17",
                                "T": "16.4",
                                "V": "45000",
                                "W": "8",
                                "Pt": "F",
                                "Dp": "6.2",
                                "$": "660"
                            },
                            {
                                "D": "WNW",
                                "G": "23",
                                "H": "67.0",
                                "P": "1016",
                                "S": "10",
                                "T": "14.8",
                                "V": "30000",
                                "W": "12",
                                "Pt": "F",
                                "Dp": "8.8",
                                "$": "720"
                            },
                            {
                                "D": "SW",
                                "G": "25",
                                "H": "52.4",
                                "P": "1015",
                                "S": "13",
                                "T": "19.1",
                                "V": "55000",
                                "W": "8",
                                "Pt": "F",
                                "Dp": "9.2",
                                "$": "780"
                            },
                            {
                                "D": "SW",
                                "G": "28",
                                "H": "53.2",
                                "P": "1015",
                                "S": "18",
                                "T": "18.3",
                                "V": "55000",
                                "W": "8",
                                "Pt": "F",
                                "Dp": "8.7",
                                "$": "840"
                            },
                            {
                                "D": "SSW",
                                "G": "31",
                                "H": "52.7",
                                "P": "1015",
                                "S": "16",
                                "T": "17.8",
                                "V": "45000",
                                "W": "8",
                                "Pt": "F",
                                "Dp": "8.1",
                                "$": "900"
                            },
                            {
                                "D": "WSW",
                                "G": "28",
                                "H": "61.1",
                                "P": "1014",
                                "S": "17",
                                "T": "16.9",
                                "V": "17000",
                                "W": "12",
                                "Pt": "F",
                                "Dp": "9.4",
                                "$": "960"
                            }
                        ]
                    }
                ]
            }
        }
    }
}