{
    "SiteRep": {
        "Wx": {
            "Param": [
                {
                    "name": "G",
                    "units": "mph",
                    "$": "Wind Gust"
                },
                {
                    "name": "T",
                    "units": "C",
                    "$": "Temperature"
                },
                {
                    "name": "V",
                    "units": "m",
                    "$": "Visibility"
                },
                {
                    "name": "D",
                    "units": "compass",
                    "$": "Wind Direction"
                },
                {
                    "name": "S",
                    "units": "mph",
                    "$": "Wind Speed"
                },
                {
                    "name": "W",
                    "units": "",
                    "$": "Weather Type"
                },
                {
                    "name": "P",
                    "units": "hpa",
                    "$": "Pressure"
                },
                {
                    "name": "Pt",
                    "units": "Pa/s",
                    "$": "Pressure Tendency"
                },
                {
                    "name": "Dp",
                    "units": "C",
                    "$": "Dew Point"
                },
                {
                    "name": "H",
                    "units": "%",
                    "$": "Screen Relative Humidity"
                }
            ]
        },
        "DV": {
            "dataDate": "2025-08-24T16:00:00Z",
            "type": "Obs",
            "Location": {
                "i": "3772",
                "lat": "51.479",
                "lon": "-0.449",
                "name": "HEATHROW",
                "country": "ENGLAND",
                "continent": "EUROPE",
                "elevation": "25.0",
                "Period": [
                    {
                        "type": "Day",
                        "value": "2025-08-23Z",
                        "Rep": [
                            {
                                "D": "ESE",
                                "G": "10",
                                "H": "44.3",
                                "P": "1020",
                                "S": "2",
                                "T": "22.3",
                                "V": "45000",
                                "W": "8",
                                "Pt": "F",
                                "Dp": "9.7",
                                "$": "960"
                            },
                            {
                                "D": "NE",
                                "G": "17",
                                "H": "49.5",
                                "P": "1020",
                                "S": "6",
                                "T": "21.5",
                                "V": "40000",
                                "W": "8",
                                "Pt": "F",
                                "Dp": "10.6",
                                "$": "1020"
                            },
                            {
                                "D": "ESE",
                                "G": "17",
                                "H": "59.4",
                                "P": "1020",
                                "S": "13",
                                "T": "20.4",
                                "V": "40000",
                                "W": "8",
                                "Pt": "F",
                                "Dp": "12.3",
                                "$": "1080"
                            },
                            {
                                "D": "SE",
                                "G": "17",
                                "H": "62.0",
                                "P": "1020",
                                "S": "10",
                                "T": "19.6",
                                "V": "40000",
                                "W": "8",
                                "Pt": "F",
                                "Dp": "12.2",
                                "$": "1140"
                            },
                            {
                                "D": "ESE",
                                "G": "16",
                                "H": "66.1",
                                "P": "1021",
                                "S": "10",
                                "T": "18.7",
                                "V": "40000",
                                "W": "8",
                                "Pt": "R",
                                "Dp": "12.3",
                                "$": "1200"
                            },
                            {
                                "D": "ESE",
                                "G": "15",
                                "H": "65.0",
                                "P": "1021",
                                "S": "10",
                                "T": "18.1",
                                "V": "40000",
                                "W": "8",
                                "Pt": "R",
                                "Dp": "11.5",
                                "$": "1260"
                            },
                            {
                                "D": "ESE",
                                "G": "14",
                                "H": "68.8",
                                "P": "1021",
                                "S": "9",
                                "T": "16.8",
                                "V": "40000",
                                "W": "7",
                                "Pt": "R",
                                "Dp": "11.1",
                                "$": "1320"
                            },
                            {
                                "D": "SE",
                                "G": "11",
                                "H": "66.8",
                                "P": "1021",
                                "S": "7",
                                "T": "16.1",
                                "V": "45000",
                                "W": "8",
                                "Pt": "R",
                                "Dp": "10.0",
                                "$": "1380"
                            }
                        ]
                    },
                    {
                        "type": "Day",
                        "value": "2025-08-24Z",
                        "Rep": [
                            {
                                "D": "SE",
                                "G": "9",
                                "H": "68.5",
                                "P": "1021",
                                "S": "6",
                                "T": "15.3",
                                "V": "50000",
                                "W": "8",
                                "Pt": "R",
                                "Dp": "9.6",
                                "$": "0"
                            },
                            {
                                "D": "SSE",
                                "G": "6",
                                "H": "71.2",
                                "P": "1021",
                                "S": "3",
                                "T": "14.4",
                                "V": "45000",
                                "W": "8",
                                "Pt": "R",
                                "Dp": "9.3",
                                "$": "60"
                            },
                            {
                                "D": "SE",
                                "G": "6",
                                "H": "73.1",
                                "P": "1021",
                                "S": "3",
                                "T": "14.3",
                                "V": "45000",
                                "W": "8",
                                "Pt": "F",
                                "Dp": "9.6",
                                "$": "120"
                            },
                            {
                                "D": "NNE",
                                "G": "3",
                                "H": "74.7",
                                "P": "1021",
                                "S": "1",
                                "T": "14.7",
                                "V": "35000",
                                "W": "8",
                                "Pt": "F",
                                "Dp": "10.3",
                                "$": "180"
                            },
                            {
                                "D": "ESE",
                                "G": "7",
                                "H": "72.1",
                                "P": "1020",
                                "S": "5",
                                "T": "14.4",
                                "V": "30000",
                                "W": "7",
                                "Pt": "F",
                                "Dp": "9.5",
                                "$": "240"
                            },
                            {
                                "D": "E",
                                "G": "8",
                                "H": "75.5",
                                "P": "1020",
                                "S": "5",
                                "T": "14.0",
                                "V": "35000",
                                "W": "8",
                                "Pt": "F",
                                "Dp": "9.8",
                                "$": "300"
                            },
                            {
                                "D": "E",
                                "G": "8",
                                "H": "76.6",
                                "P": "1021",
                                "S": "6",
                                "T": "14.2",
                                "V": "30000",
                                "W": "8",
                                "Pt": "F",
                                "Dp": "10.2",
                                "$": "360"
                            },
                            {
                                "D": "SE",
                                "G": "14",
                                "H": "68.4",
                                "P": "1021",
                                "S": "7",
                                "T": "16.9",
                                "V": "40000",
                                "W": "8",
                                "Pt": "R",
                                "Dp": "11.1",
                                "$": "420"
                            },
                            {
                                "D": "SSE",
                                "G": "15",
                                "H": "61.3",
                                "P": "1021",
                                "S": "9",
                                "T": "18.5",
                                "V": "40000",
                                "W": "3",
                                "Pt": "R",
                                "Dp": "11.0",
                                "$": "480"
                            },
                            {
                                "D": "S",
                                "G": "14",
                                "H": "53.7",
                                "P": "1021",
                                "S": "9",
                                "T": "20.5",
                                "V": "40000",
                                "W": "1",
                                "Pt": "R",
                                "Dp": "10.9",
                                "$": "540"
                            },
                            {
                                "D": "S",
                                "G": "13",
                                "H": "50.1",
                                "P": "1021",
                                "S": "7",
                                "T": "21.5",
                                "V": "40000",
                                "W": "1",
                                "Pt": "R",
                                "Dp": "10.8",
                                "$": "600"
                            },
                            {
                                "D": "S",
                                "G": "13",
                                "H": "42.9",
                                "P": "1021",
                                "S": "6",
                                "T": "23.6",
                                "V": "50000",
                                "W": "1",
                                "Pt": "F",
                                "Dp": "10.4",
                                "$": "660"
                            },
                            {
                                "D": "S",
                                "G": "14",
                                "H": "41.8",
                                "P": "1020",
                                "S": "6",
                                "T": "23.8",
                                "V": "50000",
                                "W": "7",
                                "Pt": "F",
                                "Dp": "10.2",
                                "$": "720"
                            },
                            {
                                "D": "S",
                                "G": "17",
                                "H": "38.9",
                                "P": "1020",
                                "S": "10",
                                "T": "24.2",
                                "V": "50000",
                                "W": "8",
                                "Pt": "F",
                                "Dp": "9.5",
                                "$": "780"
                            },
                            {
                                "D": "S",
                                "G": "17",
                                "H": "37.5",
                                "P": "1020",
                                "S": "10",
                                "T": "24.6",
                                "V": "50000",
                                "W": "8",
                                "Pt": "F",
                                "Dp": "9.3",
                                "$": "840"
                            },
                            {
                                "D": "SSE",
                                "G": "16",
                                "H": "35.4",
                                "P": "1019",
                                "S": "8",
                                "T": "24.5",
                                "V": "50000",
                                "W": "8",
                                "Pt": "F",
                                "Dp": "8.4",
                                "$": "900"
                            },
                            {
                                "D": "S",
                                "G": "18",
                                "H": "37.2",
                                "P": "1019",
                                "S": "8",
                                "T": "24.4",
                                "V": "50000",
                                "W": "8",
                                "Pt": "F",
                                "Dp": "9.0",
                                "$": "960"
                            }
                        ]
                    }
                ]
            }
        }
    }
}