{
    "SiteRep": {
        "Wx": {
            "Param": [
                {
                    "name": "G",
                    "units": "mph",
                    "$": "Wind Gust"
                },
                {
                    "name": "T",
                    "units": "C",
                    "$": "Temperature"
                },
                {
                    "name": "V",
                    "units": "m",
                    "$": "Visibility"
                },
                {
                    "name": "D",
                    "units": "compass",
                    "$": "Wind Direction"
                },
                {
                    "name": "S",
                    "units": "mph",
                    "$": "Wind Speed"
                },
                {
                    "name": "W",
                    "units": "",
                    "$": "Weather Type"
                },
                {
                    "name": "P",
                    "units": "hpa",
                    "$": "Pressure"
                },
                {
                    "name": "Pt",
                    "units": "Pa/s",
                    "$": "Pressure Tendency"
                },
                {
                    "name": "Dp",
                    "units": "C",
                    "$": "Dew Point"
                },
                {
                    "name": "H",
                    "units": "%",
                    "$": "Screen Relative Humidity"
                }
            ]
        },
        "DV": {
            "dataDate": "2023-10-23T16:00:00Z",
            "type": "Obs",
            "Location": {
                "i": "3772",
                "lat": "51.479",
                "lon": "-0.449",
                "name": "HEATHROW",
                "country": "ENGLAND",
                "continent": "EUROPE",
                "elevation": "25.0",
                "Period": [
                    {
                        "type": "Day",
                        "value": "2023-10-22Z",
                        "Rep": [
                            {
                                "D": "S",
                                "G": "15",
                                "H": "59.8",
                                "P": "1007",
                                "S": "9",
                                "T": "14.8",
                                "V": "55000",
                                "W": "1",
                                "Pt": "R",
                                "Dp": "7.1",
                                "$": "960"
                            },
                            {
                                "D": "S",
                                "G": "15",
                                "H": "71.6",
                                "P": "1008",
                                "S": "8",
                                "T": "13.5",
                                "V": "45000",
                                "W": "0",
                                "Pt": "R",
                                "Dp": "8.5",
                                "$": "1020"
                            },
                            {
                                "D": "SSE",
                                "G": "13",
                                "H": "79.7",
                                "P": "1008",
                                "S": "7",
                                "T": "12.4",
                                "V": "35000",
                                "W": "2",
                                "Pt": "R",
                                "Dp": "9.0",
                                "$": "1080"
                            },
                            {
                                "D": "SSE",
                                "G": "13",
                                "H": "82.9",
                                "P": "1009",
                                "S": "7",
                                "T": "11.6",
                                "V": "35000",
                                "W": "0",
                                "Pt": "R",
                                "Dp": "8.8",
                                "$": "1140"
                            },
                            {
                                "D": "S",
                                "G": "10",
                                "H": "85.7",
                                "P": "1009",
                                "S": "5",
                                "T": "11.3",
                                "V": "35000",
                                "W": "0",
                                "Pt": "R",
                                "Dp": "9.0",
                                "$": "1200"
                            },
                            {
                                "D": "S",
                                "G": "8",
                                "H": "87.3",
                                "P": "1010",
                                "S": "3",
                                "T": "10.8",
                                "V": "29000",
                                "W": "0",
                                "Pt": "R",
                                "Dp": "8.8",
                                "$": "1260"
                            },
                            {
                                "D": "SE",
                                "G": "7",
                                "H": "92.8",
                                "P": "1010",
                                "S": "3",
                                "T": "9.2",
                                "V": "29000",
                                "W": "0",
                                "Pt": "R",
                                "Dp": "8.1",
                                "$": "1320"
                            },
                            {
                                "D": "E",
                                "G": "7",
                                "H": "93.3",
                                "P": "1010",
                                "S": "2",
                                "T": "8.7",
                                "V": "23000",
                                "W": "0",
                                "Pt": "R",
                                "Dp": "7.7",
                                "$": "1380"
                            }
                        ]
                    },
                    {
                        "type": "Day",
                        "value": "2023-10-23Z",
                        "Rep": [
                            {
                                "D": "E",
                                "G": "3",
                                "H": "94.1",
                                "P": "1010",
                                "S": "1",
                                "T": "8.1",
                                "V": "17000",
                                "W": "0",
                                "Pt": "R",
                                "Dp": "7.2",
                                "$": "0"
                            },
                            {
                                "D": "NE",
                                "G": "3",
                                "S": "2",
                                "$": "60"
                            },
                            {
                                "D": "NNE",
                                "G": "6",
                                "H": "97.3",
                                "P": "1010",
                                "S": "3",
                                "T": "7.9",
                                "V": "17000",
                                "W": "0",
                                "Pt": "F",
                                "Dp": "7.5",
                                "$": "120"
                            },
                            {
                                "D": "ENE",
                                "G": "6",
                                "H": "96.7",
                                "P": "1009",
                                "S": "3",
                                "T": "6.9",
                                "V": "18000",
                                "W": "0",
                                "Pt": "F",
                                "Dp": "6.4",
                                "$": "180"
                            },
                            {
                                "D": "NE",
                                "G": "6",
                                "H": "98.6",
                                "P": "1009",
                                "S": "3",
                                "T": "8.9",
                                "V": "21000",
                                "W": "8",
                                "Pt": "F",
                                "Dp": "8.7",
                                "$": "240"
                            },
                            {
                                "D": "ENE",
                                "G": "8",
                                "H": "96.0",
                                "P": "1009",
                                "S": "3",
                                "T": "8.9",
                                "V": "21000",
                                "W": "0",
                                "Pt": "F",
                                "Dp": "8.3",
                                "$": "300"
                            },
                            {
                                "D": "ENE",
                                "G": "11",
                                "H": "95.4",
                                "P": "1009",
                                "S": "6",
                                "T": "10.0",
                                "V": "27000",
                                "W": "8",
                                "Pt": "F",
                                "Dp": "9.3",
                                "$": "360"
                            },
                            {
                                "D": "ENE",
                                "G": "10",
                                "H": "93.4",
                                "P": "1009",
                                "S": "6",
                                "T": "9.9",
                                "V": "23000",
                                "W": "8",
                                "Pt": "F",
                                "Dp": "8.9",
                                "$": "420"
                            },
                            {
                                "D": "ENE",
                                "G": "14",
                                "H": "94.7",
                                "P": "1009",
                                "S": "6",
                                "T": "10.4",
                                "V": "17000",
                                "W": "1",
                                "Pt": "F",
                                "Dp": "9.6",
                                "$": "480"
                            },
                            {
                                "D": "ENE",
                                "G": "13",
                                "H": "94.8",
                                "P": "1009",
                                "S": "7",
                                "T": "11.8",
                                "V": "17000",
                                "W": "1",
                                "Pt": "F",
                                "Dp": "11.0",
                                "$": "540"
                            },
                            {
                                "D": "E",
                                "G": "15",
                                "H": "88.9",
                                "P": "1008",
                                "S": "9",
                                "T": "13.7",
                                "V": "25000",
                                "W": "1",
                                "Pt": "F",
                                "Dp": "11.9",
                                "$": "600"
                            },
                            {
                                "D": "E",
                                "G": "14",
                                "H": "82.1",
                                "P": "1008",
                                "S": "9",
                                "T": "14.4",
                                "V": "26000",
                                "W": "7",
                                "Pt": "F",
                                "Dp": "11.4",
                                "$": "660"
                            },
                            {
                                "D": "E",
                                "G": "17",
                                "H": "73.9",
                                "P": "1007",
                                "S": "11",
                                "T": "15.0",
                                "V": "30000",
                                "W": "3",
                                "Pt": "F",
                                "Dp": "10.4",
                                "$": "720"
                            },
                            {
                                "D": "E",
                                "G": "18",
                                "H": "73.8",
                                "P": "1007",
                                "S": "11",
                                "T": "14.8",
                                "V": "30000",
                                "W": "8",
                                "Pt": "F",
                                "Dp": "10.2",
                                "$": "780"
                            },
                            {
                                "D": "E",
                                "G": "19",
                                "H": "72.9",
                                "P": "1006",
                                "S": "11",
                                "T": "14.6",
                                "V": "30000",
                                "W": "7",
                                "Pt": "F",
                                "Dp": "9.8",
                                "$": "840"
                            },
                            {
                                "D": "E",
                                "G": "19",
                                "H": "72.3",
                                "P": "1005",
                                "S": "10",
                                "T": "14.5",
                                "V": "30000",
                                "W": "8",
                                "Pt": "F",
                                "Dp": "9.6",
                                "$": "900"
                            },
                            {
                                "D": "ENE",
                                "G": "16",
                                "H": "74.3",
                                "P": "1004",
                                "S": "7",
                                "T": "14.1",
                                "V": "30000",
                                "W": "8",
                                "Pt": "F",
                                "Dp": "9.6",
                                "$": "960"
                            }
                        ]
                    }
                ]
            }
        }
    }
}