{
    "SiteRep": {
        "Wx": {
            "Param": [
                {
                    "name": "G",
                    "units": "mph",
                    "$": "Wind Gust"
                },
                {
                    "name": "T",
                    "units": "C",
                    "$": "Temperature"
                },
                {
                    "name": "V",
                    "units": "m",
                    "$": "Visibility"
                },
                {
                    "name": "D",
                    "units": "compass",
                    "$": "Wind Direction"
                },
                {
                    "name": "S",
                    "units": "mph",
                    "$": "Wind Speed"
                },
                {
                    "name": "W",
                    "units": "",
                    "$": "Weather Type"
                },
                {
                    "name": "P",
                    "units": "hpa",
                    "$": "Pressure"
                },
                {
                    "name": "Pt",
                    "units": "Pa/s",
                    "$": "Pressure Tendency"
                },
                {
                    "name": "Dp",
                    "units": "C",
                    "$": "Dew Point"
                },
                {
                    "name": "H",
                    "units": "%",
                    "$": "Screen Relative Humidity"
                }
            ]
        },
        "DV": {
            "dataDate": "2024-06-24T16:00:00Z",
            "type": "Obs",
            "Location": {
                "i": "3772",
                "lat": "51.479",
                "lon": "-0.449",
                "name": "HEATHROW",
                "country": "ENGLAND",
                "continent": "EUROPE",
                "elevation": "25.0",
                "Period": [
                    {
                        "type": "Day",
                        "value": "2024-06-23Z",
                        "Rep": [
                            {
                                "D": "WSW",
                                "G": "14",
                                "H": "51.8",
                                "P": "1019",
                                "S": "6",
                                "T": "23.5",
                                "V": "75000",
                                "W": "8",
                                "Pt": "F",
                                "Dp": "13.1",
                                "$": "960"
                            },
                            {
                                "D": "W",
                                "G": "16",
                                "H": "47.9",
                                "P": "1019",
                                "S": "7",
                                "T": "24.9",
                                "V": "75000",
                                "W": "3",
                                "Pt": "F",
                                "Dp": "13.2",
                                "$": "1020"
                            },
                            {
                                "D": "SW",
                                "G": "13",
                                "H": "54.4",
                                "P": "1019",
                                "S": "8",
                                "T": "22.9",
                                "V": "75000",
                                "W": "7",
                                "Pt": "F",
                                "Dp": "13.3",
                                "$": "1080"
                            },
                            {
                                "D": "SW",
                                "G": "13",
                                "H": "55.1",
                                "P": "1019",
                                "S": "7",
                                "T": "22.8",
                                "V": "75000",
                                "W": "1",
                                "Pt": "S",
                                "Dp": "13.4",
                                "$": "1140"
                            },
                            {
                                "D": "SSW",
                                "G": "19",
                                "H": "63.8",
                                "P": "1020",
                                "S": "11",
                                "T": "21.8",
                                "V": "50000",
                                "W": "7",
                                "Pt": "R",
                                "Dp": "14.7",
                                "$": "1200"
                            },
                            {
                                "D": "SW",
                                "G": "16",
                                "H": "71.4",
                                "P": "1020",
                                "S": "10",
                                "T": "20.4",
                                "V": "50000",
                                "W": "0",
                                "Pt": "R",
                                "Dp": "15.1",
                                "$": "1260"
                            },
                            {
                                "D": "SW",
                                "G": "15",
                                "H": "75.5",
                                "P": "1020",
                                "S": "8",
                                "T": "19.6",
                                "V": "45000",
                                "W": "0",
                                "Pt": "R",
                                "Dp": "15.2",
                                "$": "1320"
                            },
                            {
                                "D": "SSW",
                                "G": "14",
                                "H": "79.9",
                                "P": "1020",
                                "S": "6",
                                "T": "18.4",
                                "V": "45000",
                                "W": "0",
                                "Pt": "R",
                                "Dp": "14.9",
                                "$": "1380"
                            }
                        ]
                    },
                    {
                        "type": "Day",
                        "value": "2024-06-24Z",
                        "Rep": [
                            {
                                "D": "SW",
                                "G": "9",
                                "H": "83.5",
                                "P": "1020",
                                "S": "5",
                                "T": "17.7",
                                "V": "45000",
                                "W": "2",
                                "Pt": "R",
                                "Dp": "14.9",
                                "$": "0"
                            },
                            {
                                "D": "SW",
                                "G": "7",
                                "H": "81.9",
                                "P": "1020",
                                "S": "3",
                                "T": "17.9",
                                "V": "45000",
                                "W": "8",
                                "Pt": "R",
                                "Dp": "14.8",
                                "$": "60"
                            },
                            {
                                "D": "SW",
                                "G": "6",
                                "H": "82.9",
                                "P": "1020",
                                "S": "3",
                                "T": "17.1",
                                "V": "40000",
                                "W": "7",
                                "Pt": "F",
                                "Dp": "14.2",
                                "$": "120"
                            },
                            {
                                "D": "W",
                                "G": "7",
                                "H": "87.9",
                                "P": "1020",
                                "S": "3",
                                "T": "16.6",
                                "V": "40000",
                                "W": "0",
                                "Pt": "F",
                                "Dp": "14.6",
                                "$": "180"
                            },
                            {
                                "D": "W",
                                "G": "5",
                                "H": "89.0",
                                "P": "1020",
                                "S": "2",
                                "T": "16.1",
                                "V": "35000",
                                "W": "3",
                                "Pt": "F",
                                "Dp": "14.3",
                                "$": "240"
                            },
                            {
                                "D": "SW",
                                "G": "6",
                                "H": "90.1",
                                "P": "1020",
                                "S": "3",
                                "T": "16.0",
                                "V": "30000",
                                "W": "8",
                                "Pt": "F",
                                "Dp": "14.4",
                                "$": "300"
                            },
                            {
                                "D": "WSW",
                                "G": "6",
                                "H": "84.1",
                                "P": "1020",
                                "S": "2",
                                "T": "18.0",
                                "V": "45000",
                                "W": "1",
                                "Pt": "R",
                                "Dp": "15.3",
                                "$": "360"
                            },
                            {
                                "D": "WNW",
                                "G": "5",
                                "H": "75.2",
                                "P": "1020",
                                "S": "2",
                                "T": "20.3",
                                "V": "50000",
                                "W": "1",
                                "Pt": "S",
                                "Dp": "15.8",
                                "$": "420"
                            },
                            {
                                "D": "N",
                                "G": "5",
                                "H": "64.6",
                                "P": "1020",
                                "S": "2",
                                "T": "21.7",
                                "V": "55000",
                                "W": "1",
                                "Pt": "F",
                                "Dp": "14.8",
                                "$": "480"
                            },
                            {
                                "D": "N",
                                "G": "6",
                                "H": "58.8",
                                "P": "1020",
                                "S": "3",
                                "T": "22.7",
                                "V": "60000",
                                "W": "7",
                                "Pt": "F",
                                "Dp": "14.3",
                                "$": "540"
                            },
                            {
                                "D": "SW",
                                "G": "10",
                                "H": "55.7",
                                "P": "1019",
                                "S": "2",
                                "T": "23.7",
                                "V": "45000",
                                "W": "7",
                                "Pt": "F",
                                "Dp": "14.4",
                                "$": "600"
                            },
                            {
                                "D": "W",
                                "G": "11",
                                "H": "51.1",
                                "P": "1019",
                                "S": "2",
                                "T": "24.7",
                                "V": "55000",
                                "W": "8",
                                "Pt": "F",
                                "Dp": "14.0",
                                "$": "660"
                            },
                            {
                                "D": "N",
                                "G": "11",
                                "H": "48.2",
                                "P": "1019",
                                "S": "5",
                                "T": "25.2",
                                "V": "65000",
                                "W": "7",
                                "Pt": "F",
                                "Dp": "13.6",
                                "$": "720"
                            },
                            {
                                "D": "SW",
                                "G": "15",
                                "H": "48.3",
                                "P": "1018",
                                "S": "2",
                                "T": "25.2",
                                "V": "55000",
                                "W": "8",
                                "Pt": "F",
                                "Dp": "13.6",
                                "$": "780"
                            },
                            {
                                "D": "SSW",
                                "G": "14",
                                "H": "46.3",
                                "P": "1018",
                                "S": "6",
                                "T": "25.9",
                                "V": "60000",
                                "W": "8",
                                "Pt": "F",
                                "Dp": "13.6",
                                "$": "840"
                            },
                            {
                                "D": "N",
                                "G": "14",
                                "H": "45.4",
                                "P": "1017",
                                "S": "3",
                                "T": "26.8",
                                "V": "75000",
                                "W": "8",
                                "Pt": "F",
                                "Dp": "14.1",
                                "$": "900"
                            },
                            {
                                "D": "SSW",
                                "G": "15",
                                "H": "43.5",
                                "P": "1017",
                                "S": "6",
                                "T": "27.4",
                                "V": "55000",
                                "W": "3",
                                "Pt": "F",
                                "Dp": "14.0",
                                "$": "960"
                            }
                        ]
                    }
                ]
            }
        }
    }
}