{
    "SiteRep": {
        "Wx": {
            "Param": [
                {
                    "name": "G",
                    "units": "mph",
                    "$": "Wind Gust"
                },
                {
                    "name": "T",
                    "units": "C",
                    "$": "Temperature"
                },
                {
                    "name": "V",
                    "units": "m",
                    "$": "Visibility"
                },
                {
                    "name": "D",
                    "units": "compass",
                    "$": "Wind Direction"
                },
                {
                    "name": "S",
                    "units": "mph",
                    "$": "Wind Speed"
                },
                {
                    "name": "W",
                    "units": "",
                    "$": "Weather Type"
                },
                {
                    "name": "P",
                    "units": "hpa",
                    "$": "Pressure"
                },
                {
                    "name": "Pt",
                    "units": "Pa/s",
                    "$": "Pressure Tendency"
                },
                {
                    "name": "Dp",
                    "units": "C",
                    "$": "Dew Point"
                },
                {
                    "name": "H",
                    "units": "%",
                    "$": "Screen Relative Humidity"
                }
            ]
        },
        "DV": {
            "dataDate": "2023-09-13T16:00:00Z",
            "type": "Obs",
            "Location": {
                "i": "3772",
                "lat": "51.479",
                "lon": "-0.449",
                "name": "HEATHROW",
                "country": "ENGLAND",
                "continent": "EUROPE",
                "elevation": "25.0",
                "Period": [
                    {
                        "type": "Day",
                        "value": "2023-09-12Z",
                        "Rep": [
                            {
                                "D": "WNW",
                                "G": "17",
                                "H": "83.8",
                                "P": "1013",
                                "S": "3",
                                "T": "19.7",
                                "V": "40000",
                                "W": "8",
                                "Pt": "S",
                                "Dp": "16.9",
                                "$": "960"
                            },
                            {
                                "D": "WSW",
                                "G": "28",
                                "H": "77.1",
                                "P": "1013",
                                "S": "14",
                                "T": "19.7",
                                "V": "50000",
                                "W": "8",
                                "Pt": "F",
                                "Dp": "15.6",
                                "$": "1020"
                            },
                            {
                                "D": "W",
                                "G": "25",
                                "H": "95.6",
                                "P": "1013",
                                "S": "7",
                                "T": "18.0",
                                "V": "30000",
                                "W": "11",
                                "Pt": "R",
                                "Dp": "17.3",
                                "$": "1080"
                            },
                            {
                                "D": "NW",
                                "G": "14",
                                "H": "93.8",
                                "P": "1014",
                                "S": "7",
                                "T": "17.6",
                                "V": "50000",
                                "W": "8",
                                "Pt": "R",
                                "Dp": "16.6",
                                "$": "1140"
                            },
                            {
                                "D": "NNW",
                                "G": "15",
                                "H": "92.0",
                                "P": "1015",
                                "S": "8",
                                "T": "16.5",
                                "V": "60000",
                                "W": "8",
                                "Pt": "R",
                                "Dp": "15.2",
                                "$": "1200"
                            },
                            {
                                "D": "NNW",
                                "G": "17",
                                "H": "90.7",
                                "P": "1016",
                                "S": "8",
                                "T": "15.8",
                                "V": "50000",
                                "W": "8",
                                "Pt": "R",
                                "Dp": "14.3",
                                "$": "1260"
                            },
                            {
                                "D": "N",
                                "G": "16",
                                "H": "90.7",
                                "P": "1016",
                                "S": "9",
                                "T": "15.4",
                                "V": "50000",
                                "W": "8",
                                "Pt": "R",
                                "Dp": "13.9",
                                "$": "1320"
                            },
                            {
                                "D": "N",
                                "G": "21",
                                "H": "89.5",
                                "P": "1017",
                                "S": "11",
                                "T": "14.5",
                                "V": "17000",
                                "W": "8",
                                "Pt": "R",
                                "Dp": "12.8",
                                "$": "1380"
                            }
                        ]
                    },
                    {
                        "type": "Day",
                        "value": "2023-09-13Z",
                        "Rep": [
                            {
                                "D": "N",
                                "G": "22",
                                "H": "87.7",
                                "P": "1017",
                                "S": "9",
                                "T": "14.1",
                                "V": "45000",
                                "W": "8",
                                "Pt": "R",
                                "Dp": "12.1",
                                "$": "0"
                            },
                            {
                                "D": "N",
                                "G": "22",
                                "H": "85.3",
                                "P": "1018",
                                "S": "10",
                                "T": "14.2",
                                "V": "45000",
                                "W": "8",
                                "Pt": "R",
                                "Dp": "11.8",
                                "$": "60"
                            },
                            {
                                "D": "N",
                                "G": "13",
                                "H": "84.2",
                                "P": "1018",
                                "S": "7",
                                "T": "14.2",
                                "V": "35000",
                                "W": "8",
                                "Pt": "R",
                                "Dp": "11.6",
                                "$": "120"
                            },
                            {
                                "D": "N",
                                "G": "14",
                                "H": "85.3",
                                "P": "1019",
                                "S": "7",
                                "T": "14.1",
                                "V": "30000",
                                "W": "8",
                                "Pt": "R",
                                "Dp": "11.7",
                                "$": "180"
                            },
                            {
                                "D": "N",
                                "G": "15",
                                "H": "85.3",
                                "P": "1019",
                                "S": "7",
                                "T": "14.2",
                                "V": "23000",
                                "W": "8",
                                "Pt": "R",
                                "Dp": "11.8",
                                "$": "240"
                            },
                            {
                                "D": "N",
                                "G": "13",
                                "S": "6",
                                "$": "300"
                            },
                            {
                                "D": "N",
                                "G": "15",
                                "H": "85.3",
                                "P": "1020",
                                "S": "9",
                                "T": "13.9",
                                "V": "30000",
                                "W": "8",
                                "Pt": "R",
                                "Dp": "11.5",
                                "$": "360"
                            },
                            {
                                "D": "N",
                                "G": "13",
                                "H": "82.6",
                                "P": "1021",
                                "S": "6",
                                "T": "14.1",
                                "V": "30000",
                                "W": "8",
                                "Pt": "R",
                                "Dp": "11.2",
                                "$": "420"
                            },
                            {
                                "D": "N",
                                "G": "14",
                                "H": "80.9",
                                "P": "1021",
                                "S": "7",
                                "T": "14.6",
                                "V": "35000",
                                "W": "8",
                                "Pt": "R",
                                "Dp": "11.4",
                                "$": "480"
                            },
                            {
                                "D": "NNE",
                                "G": "16",
                                "H": "72.0",
                                "P": "1021",
                                "S": "9",
                                "T": "16.1",
                                "V": "30000",
                                "W": "7",
                                "Pt": "R",
                                "Dp": "11.1",
                                "$": "540"
                            },
                            {
                                "D": "NNE",
                                "G": "15",
                                "H": "64.6",
                                "P": "1022",
                                "S": "8",
                                "T": "17.9",
                                "V": "35000",
                                "W": "1",
                                "Pt": "R",
                                "Dp": "11.2",
                                "$": "600"
                            },
                            {
                                "D": "ENE",
                                "G": "15",
                                "H": "62.5",
                                "P": "1022",
                                "S": "7",
                                "T": "18.2",
                                "V": "40000",
                                "W": "8",
                                "Pt": "R",
                                "Dp": "11.0",
                                "$": "660"
                            },
                            {
                                "D": "N",
                                "G": "13",
                                "H": "60.2",
                                "P": "1022",
                                "S": "6",
                                "T": "19.2",
                                "V": "40000",
                                "W": "8",
                                "Pt": "R",
                                "Dp": "11.4",
                                "$": "720"
                            },
                            {
                                "D": "NNE",
                                "G": "13",
                                "H": "58.6",
                                "P": "1022",
                                "S": "5",
                                "T": "18.7",
                                "V": "40000",
                                "W": "8",
                                "Pt": "R",
                                "Dp": "10.5",
                                "$": "780"
                            },
                            {
                                "D": "N",
                                "G": "8",
                                "H": "59.0",
                                "P": "1022",
                                "S": "3",
                                "T": "19.1",
                                "V": "45000",
                                "W": "8",
                                "Pt": "R",
                                "Dp": "11.0",
                                "$": "840"
                            },
                            {
                                "D": "N",
                                "G": "7",
                                "H": "56.4",
                                "P": "1022",
                                "S": "3",
                                "T": "19.5",
                                "V": "40000",
                                "W": "8",
                                "Pt": "F",
                                "Dp": "10.7",
                                "$": "900"
                            },
                            {
                                "D": "N",
                                "G": "8",
                                "H": "52.3",
                                "P": "1021",
                                "S": "3",
                                "T": "20.4",
                                "V": "45000",
                                "W": "8",
                                "Pt": "F",
                                "Dp": "10.4",
                                "$": "960"
                            }
                        ]
                    }
                ]
            }
        }
    }
}