{
    "SiteRep": {
        "Wx": {
            "Param": [
                {
                    "name": "G",
                    "units": "mph",
                    "$": "Wind Gust"
                },
                {
                    "name": "T",
                    "units": "C",
                    "$": "Temperature"
                },
                {
                    "name": "V",
                    "units": "m",
                    "$": "Visibility"
                },
                {
                    "name": "D",
                    "units": "compass",
                    "$": "Wind Direction"
                },
                {
                    "name": "S",
                    "units": "mph",
                    "$": "Wind Speed"
                },
                {
                    "name": "W",
                    "units": "",
                    "$": "Weather Type"
                },
                {
                    "name": "P",
                    "units": "hpa",
                    "$": "Pressure"
                },
                {
                    "name": "Pt",
                    "units": "Pa/s",
                    "$": "Pressure Tendency"
                },
                {
                    "name": "Dp",
                    "units": "C",
                    "$": "Dew Point"
                },
                {
                    "name": "H",
                    "units": "%",
                    "$": "Screen Relative Humidity"
                }
            ]
        },
        "DV": {
            "dataDate": "2025-10-05T16:00:00Z",
            "type": "Obs",
            "Location": {
                "i": "3772",
                "lat": "51.479",
                "lon": "-0.449",
                "name": "HEATHROW",
                "country": "ENGLAND",
                "continent": "EUROPE",
                "elevation": "25.0",
                "Period": [
                    {
                        "type": "Day",
                        "value": "2025-10-04Z",
                        "Rep": [
                            {
                                "D": "W",
                                "G": "38",
                                "H": "55.0",
                                "P": "1003",
                                "S": "24",
                                "T": "14.3",
                                "V": "50000",
                                "W": "8",
                                "Pt": "R",
                                "Dp": "5.4",
                                "$": "960"
                            },
                            {
                                "D": "W",
                                "G": "37",
                                "H": "60.0",
                                "P": "1004",
                                "S": "21",
                                "T": "13.7",
                                "V": "40000",
                                "W": "8",
                                "Pt": "R",
                                "Dp": "6.1",
                                "$": "1020"
                            },
                            {
                                "D": "W",
                                "G": "32",
                                "H": "62.8",
                                "P": "1005",
                                "S": "17",
                                "T": "13.1",
                                "V": "35000",
                                "W": "8",
                                "Pt": "R",
                                "Dp": "6.2",
                                "$": "1080"
                            },
                            {
                                "D": "W",
                                "G": "26",
                                "H": "65.7",
                                "P": "1006",
                                "S": "15",
                                "T": "12.2",
                                "V": "40000",
                                "W": "0",
                                "Pt": "R",
                                "Dp": "6.0",
                                "$": "1140"
                            },
                            {
                                "D": "WSW",
                                "G": "24",
                                "H": "67.6",
                                "P": "1007",
                                "S": "17",
                                "T": "12.2",
                                "V": "35000",
                                "W": "0",
                                "Pt": "R",
                                "Dp": "6.4",
                                "$": "1200"
                            },
                            {
                                "D": "WSW",
                                "G": "25",
                                "H": "68.9",
                                "P": "1007",
                                "S": "15",
                                "T": "11.9",
                                "V": "30000",
                                "W": "0",
                                "Pt": "R",
                                "Dp": "6.4",
                                "$": "1260"
                            },
                            {
                                "D": "WSW",
                                "G": "23",
                                "H": "70.8",
                                "P": "1008",
                                "S": "15",
                                "T": "11.9",
                                "V": "30000",
                                "W": "7",
                                "Pt": "R",
                                "Dp": "6.8",
                                "$": "1320"
                            },
                            {
                                "D": "W",
                                "G": "25",
                                "H": "71.7",
                                "P": "1009",
                                "S": "14",
                                "T": "11.8",
                                "V": "35000",
                                "W": "7",
                                "Pt": "R",
                                "Dp": "6.9",
                                "$": "1380"
                            }
                        ]
                    },
                    {
                        "type": "Day",
                        "value": "2025-10-05Z",
                        "Rep": [
                            {
                                "D": "WSW",
                                "G": "25",
                                "H": "75.2",
                                "P": "1009",
                                "S": "16",
                                "T": "11.2",
                                "V": "35000",
                                "W": "8",
                                "Pt": "R",
                                "Dp": "7.0",
                                "$": "0"
                            },
                            {
                                "D": "W",
                                "G": "24",
                                "H": "72.7",
                                "P": "1010",
                                "S": "17",
                                "T": "11.4",
                                "V": "40000",
                                "W": "2",
                                "Pt": "R",
                                "Dp": "6.7",
                                "$": "60"
                            },
                            {
                                "D": "W",
                                "G": "23",
                                "H": "75.6",
                                "P": "1010",
                                "S": "14",
                                "T": "10.8",
                                "V": "40000",
                                "W": "2",
                                "Pt": "R",
                                "Dp": "6.7",
                                "$": "120"
                            },
                            {
                                "D": "W",
                                "G": "26",
                                "H": "74.6",
                                "P": "1010",
                                "S": "14",
                                "T": "10.8",
                                "V": "35000",
                                "W": "0",
                                "Pt": "R",
                                "Dp": "6.5",
                                "$": "180"
                            },
                            {
                                "D": "W",
                                "G": "26",
                                "H": "73.6",
                                "P": "1011",
                                "S": "15",
                                "T": "10.7",
                                "V": "30000",
                                "W": "0",
                                "Pt": "R",
                                "Dp": "6.2",
                                "$": "240"
                            },
                            {
                                "D": "W",
                                "G": "24",
                                "H": "74.5",
                                "P": "1011",
                                "S": "15",
                                "T": "10.3",
                                "V": "29000",
                                "W": "0",
                                "Pt": "R",
                                "Dp": "6.0",
                                "$": "300"
                            },
                            {
                                "D": "W",
                                "G": "19",
                                "H": "75.5",
                                "P": "1012",
                                "S": "11",
                                "T": "10.2",
                                "V": "28000",
                                "W": "0",
                                "Pt": "R",
                                "Dp": "6.1",
                                "$": "360"
                            },
                            {
                                "D": "W",
                                "G": "18",
                                "H": "73.9",
                                "P": "1013",
                                "S": "10",
                                "T": "10.4",
                                "V": "27000",
                                "W": "1",
                                "Pt": "R",
                                "Dp": "6.0",
                                "$": "420"
                            },
                            {
                                "D": "W",
                                "G": "17",
                                "H": "70.2",
                                "P": "1014",
                                "S": "11",
                                "T": "11.8",
                                "V": "30000",
                                "W": "1",
                                "Pt": "R",
                                "Dp": "6.6",
                                "$": "480"
                            },
                            {
                                "D": "W",
                                "G": "29",
                                "H": "58.2",
                                "P": "1015",
                                "S": "17",
                                "T": "13.8",
                                "V": "35000",
                                "W": "1",
                                "Pt": "R",
                                "Dp": "5.8",
                                "$": "540"
                            },
                            {
                                "D": "W",
                                "G": "30",
                                "H": "55.2",
                                "P": "1016",
                                "S": "16",
                                "T": "14.8",
                                "V": "50000",
                                "W": "1",
                                "Pt": "R",
                                "Dp": "6.0",
                                "$": "600"
                            },
                            {
                                "D": "WNW",
                                "G": "28",
                                "H": "50.6",
                                "P": "1016",
                                "S": "16",
                                "T": "15.4",
                                "V": "45000",
                                "W": "3",
                                "Pt": "R",
                                "Dp": "5.3",
                                "$": "660"
                            },
                            {
                                "D": "WNW",
                                "G": "32",
                                "H": "45.9",
                                "P": "1016",
                                "S": "16",
                                "T": "16.0",
                                "V": "55000",
                                "W": "7",
                                "Pt": "R",
                                "Dp": "4.5",
                                "$": "720"
                            },
                            {
                                "D": "WNW",
                                "G": "30",
                                "H": "46.7",
                                "P": "1017",
                                "S": "15",
                                "T": "16.2",
                                "V": "60000",
                                "W": "8",
                                "Pt": "R",
                                "Dp": "4.9",
                                "$": "780"
                            },
                            {
                                "D": "W",
                                "G": "29",
                                "H": "47.6",
                                "P": "1017",
                                "S": "16",
                                "T": "16.9",
                                "V": "65000",
                                "W": "8",
                                "Pt": "R",
                                "Dp": "5.8",
                                "$": "840"
                            },
                            {
                                "D": "WNW",
                                "G": "28",
                                "H": "48.6",
                                "P": "1017",
                                "S": "14",
                                "T": "17.0",
                                "V": "75000",
                                "W": "3",
                                "Pt": "R",
                                "Dp": "6.2",
                                "$": "900"
                            },
                            {
                                "D": "W",
                                "G": "26",
                                "H": "51.1",
                                "P": "1018",
                                "S": "14",
                                "T": "16.4",
                                "V": "75000",
                                "W": "8",
                                "Pt": "R",
                                "Dp": "6.4",
                                "$": "960"
                            }
                        ]
                    }
                ]
            }
        }
    }
}