{
    "SiteRep": {
        "Wx": {
            "Param": [
                {
                    "name": "G",
                    "units": "mph",
                    "$": "Wind Gust"
                },
                {
                    "name": "T",
                    "units": "C",
                    "$": "Temperature"
                },
                {
                    "name": "V",
                    "units": "m",
                    "$": "Visibility"
                },
                {
                    "name": "D",
                    "units": "compass",
                    "$": "Wind Direction"
                },
                {
                    "name": "S",
                    "units": "mph",
                    "$": "Wind Speed"
                },
                {
                    "name": "W",
                    "units": "",
                    "$": "Weather Type"
                },
                {
                    "name": "P",
                    "units": "hpa",
                    "$": "Pressure"
                },
                {
                    "name": "Pt",
                    "units": "Pa/s",
                    "$": "Pressure Tendency"
                },
                {
                    "name": "Dp",
                    "units": "C",
                    "$": "Dew Point"
                },
                {
                    "name": "H",
                    "units": "%",
                    "$": "Screen Relative Humidity"
                }
            ]
        },
        "DV": {
            "dataDate": "2024-11-19T16:00:00Z",
            "type": "Obs",
            "Location": {
                "i": "3772",
                "lat": "51.479",
                "lon": "-0.449",
                "name": "HEATHROW",
                "country": "ENGLAND",
                "continent": "EUROPE",
                "elevation": "25.0",
                "Period": [
                    {
                        "type": "Day",
                        "value": "2024-11-18Z",
                        "Rep": [
                            {
                                "D": "ESE",
                                "G": "8",
                                "H": "92.0",
                                "P": "1009",
                                "S": "3",
                                "T": "7.8",
                                "V": "10000",
                                "W": "12",
                                "Pt": "F",
                                "Dp": "6.6",
                                "$": "960"
                            },
                            {
                                "D": "SE",
                                "G": "8",
                                "H": "95.3",
                                "P": "1008",
                                "S": "5",
                                "T": "7.7",
                                "V": "8000",
                                "W": "12",
                                "Pt": "F",
                                "Dp": "7.0",
                                "$": "1020"
                            },
                            {
                                "D": "SE",
                                "G": "11",
                                "H": "94.6",
                                "P": "1007",
                                "S": "8",
                                "T": "7.6",
                                "V": "7000",
                                "W": "12",
                                "Pt": "F",
                                "Dp": "6.8",
                                "$": "1080"
                            },
                            {
                                "D": "SE",
                                "G": "13",
                                "H": "97.2",
                                "P": "1006",
                                "S": "8",
                                "T": "7.2",
                                "V": "2700",
                                "W": "12",
                                "Pt": "F",
                                "Dp": "6.8",
                                "$": "1140"
                            },
                            {
                                "D": "SE",
                                "G": "17",
                                "H": "97.2",
                                "P": "1004",
                                "S": "11",
                                "T": "7.1",
                                "V": "5000",
                                "W": "12",
                                "Pt": "F",
                                "Dp": "6.7",
                                "$": "1200"
                            },
                            {
                                "D": "SE",
                                "G": "18",
                                "H": "97.3",
                                "P": "1002",
                                "S": "11",
                                "T": "7.4",
                                "V": "10000",
                                "W": "12",
                                "Pt": "F",
                                "Dp": "7.0",
                                "$": "1260"
                            },
                            {
                                "D": "SSE",
                                "G": "15",
                                "H": "97.9",
                                "P": "1000",
                                "S": "9",
                                "T": "8.6",
                                "V": "1900",
                                "W": "12",
                                "Pt": "F",
                                "Dp": "8.3",
                                "$": "1320"
                            },
                            {
                                "D": "S",
                                "G": "14",
                                "H": "98.0",
                                "P": "998",
                                "S": "9",
                                "T": "9.5",
                                "V": "12000",
                                "W": "12",
                                "Pt": "F",
                                "Dp": "9.2",
                                "$": "1380"
                            }
                        ]
                    },
                    {
                        "type": "Day",
                        "value": "2024-11-19Z",
                        "Rep": [
                            {
                                "D": "S",
                                "G": "14",
                                "H": "98.0",
                                "P": "996",
                                "S": "9",
                                "T": "10.1",
                                "V": "12000",
                                "W": "12",
                                "Pt": "F",
                                "Dp": "9.8",
                                "$": "0"
                            },
                            {
                                "D": "WSW",
                                "G": "28",
                                "H": "95.5",
                                "P": "995",
                                "S": "17",
                                "T": "11.6",
                                "V": "35000",
                                "W": "8",
                                "Pt": "F",
                                "Dp": "10.9",
                                "$": "60"
                            },
                            {
                                "D": "WSW",
                                "G": "28",
                                "H": "93.7",
                                "P": "994",
                                "S": "18",
                                "T": "11.7",
                                "V": "55000",
                                "W": "8",
                                "Pt": "F",
                                "Dp": "10.7",
                                "$": "120"
                            },
                            {
                                "D": "WNW",
                                "G": "29",
                                "H": "90.4",
                                "P": "995",
                                "S": "13",
                                "T": "10.2",
                                "V": "12000",
                                "W": "12",
                                "Pt": "F",
                                "Dp": "8.7",
                                "$": "180"
                            },
                            {
                                "D": "NNW",
                                "G": "23",
                                "H": "91.3",
                                "P": "996",
                                "S": "8",
                                "T": "5.4",
                                "V": "40000",
                                "W": "12",
                                "Pt": "R",
                                "Dp": "4.1",
                                "$": "240"
                            },
                            {
                                "D": "NNW",
                                "G": "13",
                                "H": "92.6",
                                "P": "996",
                                "S": "7",
                                "T": "3.9",
                                "V": "30000",
                                "W": "8",
                                "Pt": "R",
                                "Dp": "2.8",
                                "$": "300"
                            },
                            {
                                "D": "N",
                                "G": "11",
                                "H": "92.5",
                                "P": "996",
                                "S": "6",
                                "T": "3.5",
                                "V": "40000",
                                "W": "8",
                                "Pt": "R",
                                "Dp": "2.4",
                                "$": "360"
                            },
                            {
                                "D": "NNE",
                                "G": "11",
                                "H": "95.2",
                                "P": "995",
                                "S": "7",
                                "T": "3.3",
                                "V": "10000",
                                "W": "12",
                                "Pt": "F",
                                "Dp": "2.6",
                                "$": "420"
                            },
                            {
                                "D": "NNE",
                                "G": "14",
                                "H": "94.4",
                                "P": "996",
                                "S": "7",
                                "T": "2.4",
                                "V": "7000",
                                "W": "18",
                                "Pt": "F",
                                "Dp": "1.6",
                                "$": "480"
                            },
                            {
                                "D": "N",
                                "G": "15",
                                "H": "97.1",
                                "P": "997",
                                "S": "5",
                                "T": "1.7",
                                "V": "11000",
                                "W": "12",
                                "Pt": "R",
                                "Dp": "1.3",
                                "$": "540"
                            },
                            {
                                "D": "NNW",
                                "G": "9",
                                "H": "96.5",
                                "P": "997",
                                "S": "5",
                                "T": "2.1",
                                "V": "21000",
                                "W": "12",
                                "Pt": "R",
                                "Dp": "1.6",
                                "$": "600"
                            },
                            {
                                "D": "NNW",
                                "G": "9",
                                "H": "96.3",
                                "P": "997",
                                "S": "5",
                                "T": "2.6",
                                "V": "8000",
                                "W": "12",
                                "Pt": "R",
                                "Dp": "2.1",
                                "$": "660"
                            },
                            {
                                "D": "N",
                                "G": "11",
                                "H": "94.5",
                                "P": "997",
                                "S": "5",
                                "T": "3.2",
                                "V": "13000",
                                "W": "12",
                                "Pt": "R",
                                "Dp": "2.4",
                                "$": "720"
                            },
                            {
                                "D": "NNW",
                                "G": "10",
                                "H": "93.8",
                                "P": "998",
                                "S": "6",
                                "T": "3.7",
                                "V": "10000",
                                "W": "12",
                                "Pt": "R",
                                "Dp": "2.8",
                                "$": "780"
                            },
                            {
                                "D": "N",
                                "G": "11",
                                "H": "94.4",
                                "P": "998",
                                "S": "5",
                                "T": "3.9",
                                "V": "7000",
                                "W": "12",
                                "Pt": "R",
                                "Dp": "3.1",
                                "$": "840"
                            },
                            {
                                "D": "N",
                                "G": "14",
                                "H": "93.7",
                                "P": "998",
                                "S": "5",
                                "T": "4.3",
                                "V": "13000",
                                "W": "12",
                                "Pt": "R",
                                "Dp": "3.4",
                                "$": "900"
                            },
                            {
                                "D": "NNW",
                                "G": "11",
                                "H": "91.9",
                                "P": "999",
                                "S": "6",
                                "T": "4.3",
                                "V": "30000",
                                "W": "8",
                                "Pt": "R",
                                "Dp": "3.1",
                                "$": "960"
                            }
                        ]
                    }
                ]
            }
        }
    }
}