{
    "SiteRep": {
        "Wx": {
            "Param": [
                {
                    "name": "G",
                    "units": "mph",
                    "$": "Wind Gust"
                },
                {
                    "name": "T",
                    "units": "C",
                    "$": "Temperature"
                },
                {
                    "name": "V",
                    "units": "m",
                    "$": "Visibility"
                },
                {
                    "name": "D",
                    "units": "compass",
                    "$": "Wind Direction"
                },
                {
                    "name": "S",
                    "units": "mph",
                    "$": "Wind Speed"
                },
                {
                    "name": "W",
                    "units": "",
                    "$": "Weather Type"
                },
                {
                    "name": "P",
                    "units": "hpa",
                    "$": "Pressure"
                },
                {
                    "name": "Pt",
                    "units": "Pa/s",
                    "$": "Pressure Tendency"
                },
                {
                    "name": "Dp",
                    "units": "C",
                    "$": "Dew Point"
                },
                {
                    "name": "H",
                    "units": "%",
                    "$": "Screen Relative Humidity"
                }
            ]
        },
        "DV": {
            "dataDate": "2024-11-24T16:00:00Z",
            "type": "Obs",
            "Location": {
                "i": "3772",
                "lat": "51.479",
                "lon": "-0.449",
                "name": "HEATHROW",
                "country": "ENGLAND",
                "continent": "EUROPE",
                "elevation": "25.0",
                "Period": [
                    {
                        "type": "Day",
                        "value": "2024-11-23Z",
                        "Rep": [
                            {
                                "D": "S",
                                "G": "33",
                                "H": "93.5",
                                "P": "997",
                                "S": "18",
                                "T": "11.9",
                                "V": "5000",
                                "W": "12",
                                "Pt": "F",
                                "Dp": "10.9",
                                "$": "960"
                            },
                            {
                                "D": "S",
                                "G": "32",
                                "H": "94.3",
                                "P": "996",
                                "S": "21",
                                "T": "13.0",
                                "V": "5000",
                                "W": "12",
                                "Pt": "F",
                                "Dp": "12.1",
                                "$": "1020"
                            },
                            {
                                "D": "SSW",
                                "G": "37",
                                "H": "94.3",
                                "P": "996",
                                "S": "21",
                                "T": "13.4",
                                "V": "2500",
                                "W": "12",
                                "Pt": "F",
                                "Dp": "12.5",
                                "$": "1080"
                            },
                            {
                                "D": "SSW",
                                "G": "34",
                                "H": "91.9",
                                "P": "996",
                                "S": "23",
                                "T": "13.4",
                                "V": "9000",
                                "W": "12",
                                "Pt": "F",
                                "Dp": "12.1",
                                "$": "1140"
                            },
                            {
                                "D": "SSW",
                                "G": "38",
                                "H": "91.2",
                                "P": "996",
                                "S": "22",
                                "T": "13.6",
                                "V": "15000",
                                "W": "11",
                                "Pt": "R",
                                "Dp": "12.2",
                                "$": "1200"
                            },
                            {
                                "D": "SSW",
                                "G": "36",
                                "H": "91.9",
                                "P": "996",
                                "S": "21",
                                "T": "14.0",
                                "V": "9000",
                                "W": "11",
                                "Pt": "F",
                                "Dp": "12.7",
                                "$": "1260"
                            },
                            {
                                "D": "S",
                                "G": "32",
                                "H": "94.3",
                                "P": "996",
                                "S": "18",
                                "T": "14.1",
                                "V": "5000",
                                "W": "12",
                                "Pt": "F",
                                "Dp": "13.2",
                                "$": "1320"
                            },
                            {
                                "D": "SSW",
                                "G": "33",
                                "H": "91.3",
                                "P": "996",
                                "S": "21",
                                "T": "15.0",
                                "V": "12000",
                                "W": "11",
                                "Pt": "F",
                                "Dp": "13.6",
                                "$": "1380"
                            }
                        ]
                    },
                    {
                        "type": "Day",
                        "value": "2024-11-24Z",
                        "Rep": [
                            {
                                "D": "S",
                                "G": "36",
                                "H": "92.5",
                                "P": "996",
                                "S": "21",
                                "T": "14.6",
                                "V": "6000",
                                "W": "12",
                                "Pt": "F",
                                "Dp": "13.4",
                                "$": "0"
                            },
                            {
                                "D": "S",
                                "G": "39",
                                "H": "93.1",
                                "P": "996",
                                "S": "23",
                                "T": "14.4",
                                "V": "3200",
                                "W": "12",
                                "Pt": "F",
                                "Dp": "13.3",
                                "$": "60"
                            },
                            {
                                "D": "SSW",
                                "G": "38",
                                "H": "92.5",
                                "P": "996",
                                "S": "22",
                                "T": "14.8",
                                "V": "7000",
                                "W": "12",
                                "Pt": "R",
                                "Dp": "13.6",
                                "$": "120"
                            },
                            {
                                "D": "SSW",
                                "G": "37",
                                "H": "90.1",
                                "P": "996",
                                "S": "22",
                                "T": "14.8",
                                "V": "5000",
                                "W": "12",
                                "Pt": "F",
                                "Dp": "13.2",
                                "$": "180"
                            },
                            {
                                "D": "SSW",
                                "G": "39",
                                "H": "82.3",
                                "P": "995",
                                "S": "24",
                                "T": "15.8",
                                "V": "9000",
                                "W": "12",
                                "Pt": "F",
                                "Dp": "12.8",
                                "$": "240"
                            },
                            {
                                "D": "S",
                                "G": "39",
                                "H": "79.7",
                                "P": "995",
                                "S": "23",
                                "T": "15.6",
                                "V": "19000",
                                "W": "8",
                                "Pt": "F",
                                "Dp": "12.1",
                                "$": "300"
                            },
                            {
                                "D": "S",
                                "G": "43",
                                "H": "77.2",
                                "P": "994",
                                "S": "24",
                                "T": "15.9",
                                "V": "19000",
                                "W": "8",
                                "Pt": "F",
                                "Dp": "11.9",
                                "$": "360"
                            },
                            {
                                "D": "S",
                                "G": "38",
                                "H": "75.6",
                                "P": "994",
                                "S": "25",
                                "T": "16.0",
                                "V": "19000",
                                "W": "8",
                                "Pt": "F",
                                "Dp": "11.7",
                                "$": "420"
                            },
                            {
                                "D": "S",
                                "G": "40",
                                "H": "75.2",
                                "P": "994",
                                "S": "21",
                                "T": "15.7",
                                "V": "20000",
                                "W": "8",
                                "Pt": "F",
                                "Dp": "11.3",
                                "$": "480"
                            },
                            {
                                "D": "S",
                                "G": "37",
                                "H": "70.5",
                                "P": "994",
                                "S": "24",
                                "T": "16.8",
                                "V": "21000",
                                "W": "8",
                                "Pt": "R",
                                "Dp": "11.4",
                                "$": "540"
                            },
                            {
                                "D": "S",
                                "G": "48",
                                "H": "70.5",
                                "P": "994",
                                "S": "28",
                                "T": "16.6",
                                "V": "19000",
                                "W": "8",
                                "Pt": "R",
                                "Dp": "11.2",
                                "$": "600"
                            },
                            {
                                "D": "S",
                                "G": "46",
                                "H": "68.3",
                                "P": "995",
                                "S": "28",
                                "T": "16.9",
                                "V": "19000",
                                "W": "8",
                                "Pt": "R",
                                "Dp": "11.0",
                                "$": "660"
                            },
                            {
                                "D": "SSW",
                                "G": "52",
                                "H": "67.9",
                                "P": "994",
                                "S": "28",
                                "T": "17.1",
                                "V": "19000",
                                "W": "8",
                                "Pt": "R",
                                "Dp": "11.1",
                                "$": "720"
                            },
                            {
                                "D": "S",
                                "G": "52",
                                "H": "69.1",
                                "P": "994",
                                "S": "22",
                                "T": "16.8",
                                "V": "18000",
                                "W": "12",
                                "Pt": "F",
                                "Dp": "11.1",
                                "$": "780"
                            },
                            {
                                "D": "S",
                                "G": "40",
                                "H": "70.1",
                                "P": "994",
                                "S": "23",
                                "T": "16.8",
                                "V": "19000",
                                "W": "8",
                                "Pt": "F",
                                "Dp": "11.3",
                                "$": "840"
                            },
                            {
                                "D": "S",
                                "G": "44",
                                "H": "62.4",
                                "P": "994",
                                "S": "26",
                                "T": "17.9",
                                "V": "22000",
                                "W": "11",
                                "Pt": "F",
                                "Dp": "10.6",
                                "$": "900"
                            },
                            {
                                "D": "S",
                                "G": "48",
                                "H": "73.3",
                                "P": "993",
                                "S": "22",
                                "T": "16.2",
                                "V": "19000",
                                "W": "12",
                                "Pt": "F",
                                "Dp": "11.4",
                                "$": "960"
                            }
                        ]
                    }
                ]
            }
        }
    }
}