{
    "SiteRep": {
        "Wx": {
            "Param": [
                {
                    "name": "G",
                    "units": "mph",
                    "$": "Wind Gust"
                },
                {
                    "name": "T",
                    "units": "C",
                    "$": "Temperature"
                },
                {
                    "name": "V",
                    "units": "m",
                    "$": "Visibility"
                },
                {
                    "name": "D",
                    "units": "compass",
                    "$": "Wind Direction"
                },
                {
                    "name": "S",
                    "units": "mph",
                    "$": "Wind Speed"
                },
                {
                    "name": "W",
                    "units": "",
                    "$": "Weather Type"
                },
                {
                    "name": "P",
                    "units": "hpa",
                    "$": "Pressure"
                },
                {
                    "name": "Pt",
                    "units": "Pa/s",
                    "$": "Pressure Tendency"
                },
                {
                    "name": "Dp",
                    "units": "C",
                    "$": "Dew Point"
                },
                {
                    "name": "H",
                    "units": "%",
                    "$": "Screen Relative Humidity"
                }
            ]
        },
        "DV": {
            "dataDate": "2025-07-18T15:00:00Z",
            "type": "Obs",
            "Location": {
                "i": "3772",
                "lat": "51.479",
                "lon": "-0.449",
                "name": "HEATHROW",
                "country": "ENGLAND",
                "continent": "EUROPE",
                "elevation": "25.0",
                "Period": [
                    {
                        "type": "Day",
                        "value": "2025-07-17Z",
                        "Rep": [
                            {
                                "D": "SW",
                                "G": "18",
                                "H": "60.3",
                                "P": "1015",
                                "S": "10",
                                "T": "25.6",
                                "V": "40000",
                                "W": "12",
                                "Pt": "F",
                                "Dp": "17.4",
                                "$": "960"
                            },
                            {
                                "D": "SW",
                                "G": "18",
                                "H": "59.2",
                                "P": "1015",
                                "S": "13",
                                "T": "25.5",
                                "V": "45000",
                                "W": "12",
                                "Pt": "F",
                                "Dp": "17.0",
                                "$": "1020"
                            },
                            {
                                "D": "W",
                                "G": "16",
                                "H": "62.9",
                                "P": "1014",
                                "S": "7",
                                "T": "24.9",
                                "V": "60000",
                                "W": "7",
                                "Pt": "F",
                                "Dp": "17.4",
                                "$": "1080"
                            },
                            {
                                "D": "SW",
                                "G": "15",
                                "H": "64.5",
                                "P": "1014",
                                "S": "11",
                                "T": "24.5",
                                "V": "60000",
                                "W": "8",
                                "Pt": "F",
                                "Dp": "17.4",
                                "$": "1140"
                            },
                            {
                                "D": "WSW",
                                "G": "17",
                                "H": "67.1",
                                "P": "1014",
                                "S": "11",
                                "T": "23.4",
                                "V": "65000",
                                "W": "8",
                                "Pt": "F",
                                "Dp": "17.0",
                                "$": "1200"
                            },
                            {
                                "D": "SW",
                                "G": "16",
                                "H": "72.7",
                                "P": "1015",
                                "S": "9",
                                "T": "22.2",
                                "V": "60000",
                                "W": "2",
                                "Pt": "R",
                                "Dp": "17.1",
                                "$": "1260"
                            },
                            {
                                "D": "SW",
                                "G": "14",
                                "H": "75.0",
                                "P": "1015",
                                "S": "9",
                                "T": "21.7",
                                "V": "55000",
                                "W": "0",
                                "Pt": "R",
                                "Dp": "17.1",
                                "$": "1320"
                            },
                            {
                                "D": "SW",
                                "G": "14",
                                "H": "77.3",
                                "P": "1014",
                                "S": "7",
                                "T": "20.9",
                                "V": "55000",
                                "W": "0",
                                "Pt": "R",
                                "Dp": "16.8",
                                "$": "1380"
                            }
                        ]
                    },
                    {
                        "type": "Day",
                        "value": "2025-07-18Z",
                        "Rep": [
                            {
                                "D": "SW",
                                "G": "10",
                                "H": "79.8",
                                "P": "1014",
                                "S": "7",
                                "T": "20.5",
                                "V": "60000",
                                "W": "8",
                                "Pt": "F",
                                "Dp": "16.9",
                                "$": "0"
                            },
                            {
                                "D": "SSW",
                                "G": "11",
                                "H": "79.8",
                                "P": "1014",
                                "S": "8",
                                "T": "20.7",
                                "V": "55000",
                                "W": "8",
                                "Pt": "F",
                                "Dp": "17.1",
                                "$": "60"
                            },
                            {
                                "D": "SW",
                                "G": "9",
                                "H": "83.3",
                                "P": "1014",
                                "S": "7",
                                "T": "20.0",
                                "V": "45000",
                                "W": "8",
                                "Pt": "F",
                                "Dp": "17.1",
                                "$": "120"
                            },
                            {
                                "D": "SSW",
                                "G": "10",
                                "H": "87.6",
                                "P": "1014",
                                "S": "8",
                                "T": "19.1",
                                "V": "27000",
                                "W": "8",
                                "Pt": "F",
                                "Dp": "17.0",
                                "$": "180"
                            },
                            {
                                "D": "SSW",
                                "G": "15",
                                "H": "89.7",
                                "P": "1014",
                                "S": "8",
                                "T": "18.1",
                                "V": "22000",
                                "W": "8",
                                "Pt": "F",
                                "Dp": "16.4",
                                "$": "240"
                            },
                            {
                                "D": "SSW",
                                "G": "10",
                                "H": "92.1",
                                "P": "1014",
                                "S": "7",
                                "T": "17.6",
                                "V": "15000",
                                "W": "8",
                                "Pt": "F",
                                "Dp": "16.3",
                                "$": "300"
                            },
                            {
                                "D": "S",
                                "G": "10",
                                "H": "89.2",
                                "P": "1014",
                                "S": "6",
                                "T": "18.0",
                                "V": "20000",
                                "W": "7",
                                "Pt": "S",
                                "Dp": "16.2",
                                "$": "360"
                            },
                            {
                                "D": "SSW",
                                "G": "10",
                                "H": "82.6",
                                "P": "1014",
                                "S": "6",
                                "T": "18.9",
                                "V": "30000",
                                "W": "8",
                                "Pt": "S",
                                "Dp": "15.9",
                                "$": "420"
                            },
                            {
                                "D": "SSW",
                                "G": "11",
                                "H": "79.1",
                                "P": "1014",
                                "S": "5",
                                "T": "19.7",
                                "V": "28000",
                                "W": "8",
                                "Pt": "S",
                                "Dp": "16.0",
                                "$": "480"
                            },
                            {
                                "D": "SSW",
                                "G": "11",
                                "H": "71.6",
                                "P": "1014",
                                "S": "6",
                                "T": "21.2",
                                "V": "30000",
                                "W": "8",
                                "Pt": "F",
                                "Dp": "15.9",
                                "$": "540"
                            },
                            {
                                "D": "N",
                                "G": "15",
                                "H": "60.2",
                                "P": "1013",
                                "S": "6",
                                "T": "23.4",
                                "V": "45000",
                                "W": "1",
                                "Pt": "F",
                                "Dp": "15.3",
                                "$": "600"
                            },
                            {
                                "D": "SW",
                                "G": "13",
                                "H": "54.2",
                                "P": "1013",
                                "S": "7",
                                "T": "25.7",
                                "V": "45000",
                                "W": "1",
                                "Pt": "F",
                                "Dp": "15.8",
                                "$": "660"
                            },
                            {
                                "D": "SW",
                                "G": "17",
                                "H": "49.3",
                                "P": "1012",
                                "S": "8",
                                "T": "26.4",
                                "V": "45000",
                                "W": "7",
                                "Pt": "F",
                                "Dp": "15.0",
                                "$": "720"
                            },
                            {
                                "D": "WSW",
                                "G": "18",
                                "S": "10",
                                "$": "780"
                            },
                            {
                                "D": "S",
                                "G": "19",
                                "S": "6",
                                "$": "840"
                            },
                            {
                                "D": "WSW",
                                "G": "18",
                                "S": "8",
                                "$": "900"
                            },
                            {
                                "D": "SSW",
                                "G": "19",
                                "H": "30.1",
                                "P": "1010",
                                "S": "11",
                                "T": "29.3",
                                "V": "45000",
                                "W": "3",
                                "Pt": "F",
                                "Dp": "10.1",
                                "$": "960"
                            }
                        ]
                    }
                ]
            }
        }
    }
}