{
    "SiteRep": {
        "Wx": {
            "Param": [
                {
                    "name": "G",
                    "units": "mph",
                    "$": "Wind Gust"
                },
                {
                    "name": "T",
                    "units": "C",
                    "$": "Temperature"
                },
                {
                    "name": "V",
                    "units": "m",
                    "$": "Visibility"
                },
                {
                    "name": "D",
                    "units": "compass",
                    "$": "Wind Direction"
                },
                {
                    "name": "S",
                    "units": "mph",
                    "$": "Wind Speed"
                },
                {
                    "name": "W",
                    "units": "",
                    "$": "Weather Type"
                },
                {
                    "name": "P",
                    "units": "hpa",
                    "$": "Pressure"
                },
                {
                    "name": "Pt",
                    "units": "Pa/s",
                    "$": "Pressure Tendency"
                },
                {
                    "name": "Dp",
                    "units": "C",
                    "$": "Dew Point"
                },
                {
                    "name": "H",
                    "units": "%",
                    "$": "Screen Relative Humidity"
                }
            ]
        },
        "DV": {
            "dataDate": "2025-04-25T16:00:00Z",
            "type": "Obs",
            "Location": {
                "i": "3772",
                "lat": "51.479",
                "lon": "-0.449",
                "name": "HEATHROW",
                "country": "ENGLAND",
                "continent": "EUROPE",
                "elevation": "25.0",
                "Period": [
                    {
                        "type": "Day",
                        "value": "2025-04-24Z",
                        "Rep": [
                            {
                                "D": "NE",
                                "G": "11",
                                "H": "49.4",
                                "P": "1022",
                                "S": "6",
                                "T": "15.4",
                                "V": "40000",
                                "W": "3",
                                "Pt": "F",
                                "Dp": "5.0",
                                "$": "960"
                            },
                            {
                                "D": "N",
                                "G": "14",
                                "H": "49.0",
                                "P": "1022",
                                "S": "5",
                                "T": "15.4",
                                "V": "40000",
                                "W": "1",
                                "Pt": "F",
                                "Dp": "4.9",
                                "$": "1020"
                            },
                            {
                                "D": "N",
                                "G": "11",
                                "H": "50.3",
                                "P": "1022",
                                "S": "6",
                                "T": "14.9",
                                "V": "45000",
                                "W": "1",
                                "Pt": "F",
                                "Dp": "4.8",
                                "$": "1080"
                            },
                            {
                                "D": "NNE",
                                "G": "10",
                                "H": "54.0",
                                "P": "1022",
                                "S": "5",
                                "T": "13.7",
                                "V": "40000",
                                "W": "1",
                                "Pt": "S",
                                "Dp": "4.7",
                                "$": "1140"
                            },
                            {
                                "D": "NE",
                                "G": "15",
                                "H": "59.7",
                                "P": "1022",
                                "S": "7",
                                "T": "12.2",
                                "V": "45000",
                                "W": "0",
                                "Pt": "R",
                                "Dp": "4.7",
                                "$": "1200"
                            },
                            {
                                "D": "NE",
                                "G": "13",
                                "H": "62.1",
                                "P": "1023",
                                "S": "6",
                                "T": "11.3",
                                "V": "40000",
                                "W": "2",
                                "Pt": "R",
                                "Dp": "4.4",
                                "$": "1260"
                            },
                            {
                                "D": "NE",
                                "G": "11",
                                "H": "66.4",
                                "P": "1023",
                                "S": "6",
                                "T": "10.4",
                                "V": "40000",
                                "W": "7",
                                "Pt": "R",
                                "Dp": "4.5",
                                "$": "1320"
                            },
                            {
                                "D": "E",
                                "G": "13",
                                "H": "82.2",
                                "P": "1023",
                                "S": "5",
                                "T": "8.4",
                                "V": "30000",
                                "W": "0",
                                "Pt": "R",
                                "Dp": "5.6",
                                "$": "1380"
                            }
                        ]
                    },
                    {
                        "type": "Day",
                        "value": "2025-04-25Z",
                        "Rep": [
                            {
                                "D": "ENE",
                                "G": "8",
                                "H": "82.9",
                                "P": "1023",
                                "S": "2",
                                "T": "8.6",
                                "V": "30000",
                                "W": "7",
                                "Pt": "R",
                                "Dp": "5.9",
                                "$": "0"
                            },
                            {
                                "D": "E",
                                "G": "7",
                                "H": "83.9",
                                "P": "1023",
                                "S": "5",
                                "T": "7.3",
                                "V": "30000",
                                "W": "0",
                                "Pt": "S",
                                "Dp": "4.8",
                                "$": "60"
                            },
                            {
                                "D": "NE",
                                "G": "7",
                                "H": "90.1",
                                "P": "1023",
                                "S": "3",
                                "T": "7.2",
                                "V": "23000",
                                "W": "0",
                                "Pt": "F",
                                "Dp": "5.7",
                                "$": "120"
                            },
                            {
                                "D": "NE",
                                "G": "6",
                                "H": "88.8",
                                "P": "1023",
                                "S": "3",
                                "T": "7.5",
                                "V": "23000",
                                "W": "8",
                                "Pt": "F",
                                "Dp": "5.8",
                                "$": "180"
                            },
                            {
                                "D": "NNE",
                                "G": "5",
                                "H": "88.2",
                                "P": "1023",
                                "S": "2",
                                "T": "7.5",
                                "V": "17000",
                                "W": "7",
                                "Pt": "F",
                                "Dp": "5.7",
                                "$": "240"
                            },
                            {
                                "D": "NNE",
                                "G": "3",
                                "H": "89.3",
                                "P": "1023",
                                "S": "1",
                                "T": "6.2",
                                "V": "10000",
                                "W": "3",
                                "Pt": "F",
                                "Dp": "4.6",
                                "$": "300"
                            },
                            {
                                "D": "ENE",
                                "G": "6",
                                "H": "92.6",
                                "P": "1023",
                                "S": "2",
                                "T": "7.4",
                                "V": "22000",
                                "W": "7",
                                "Pt": "R",
                                "Dp": "6.3",
                                "$": "360"
                            },
                            {
                                "D": "NE",
                                "G": "6",
                                "H": "83.5",
                                "P": "1023",
                                "S": "3",
                                "T": "9.0",
                                "V": "20000",
                                "W": "7",
                                "Pt": "R",
                                "Dp": "6.4",
                                "$": "420"
                            },
                            {
                                "D": "E",
                                "G": "9",
                                "H": "69.0",
                                "P": "1023",
                                "S": "5",
                                "T": "11.2",
                                "V": "28000",
                                "W": "3",
                                "Pt": "R",
                                "Dp": "5.8",
                                "$": "480"
                            },
                            {
                                "D": "N",
                                "G": "9",
                                "H": "62.8",
                                "P": "1023",
                                "S": "3",
                                "T": "12.4",
                                "V": "30000",
                                "W": "7",
                                "Pt": "R",
                                "Dp": "5.6",
                                "$": "540"
                            },
                            {
                                "D": "E",
                                "G": "11",
                                "H": "58.2",
                                "P": "1023",
                                "S": "6",
                                "T": "13.1",
                                "V": "35000",
                                "W": "8",
                                "Pt": "F",
                                "Dp": "5.2",
                                "$": "600"
                            },
                            {
                                "D": "N",
                                "G": "9",
                                "H": "51.8",
                                "P": "1023",
                                "S": "6",
                                "T": "15.0",
                                "V": "35000",
                                "W": "8",
                                "Pt": "F",
                                "Dp": "5.3",
                                "$": "660"
                            },
                            {
                                "D": "E",
                                "G": "11",
                                "H": "51.4",
                                "P": "1022",
                                "S": "5",
                                "T": "15.0",
                                "V": "35000",
                                "W": "8",
                                "Pt": "F",
                                "Dp": "5.2",
                                "$": "720"
                            },
                            {
                                "D": "N",
                                "G": "10",
                                "H": "49.0",
                                "P": "1022",
                                "S": "3",
                                "T": "16.5",
                                "V": "45000",
                                "W": "3",
                                "Pt": "F",
                                "Dp": "5.9",
                                "$": "780"
                            },
                            {
                                "D": "E",
                                "G": "15",
                                "H": "51.9",
                                "P": "1021",
                                "S": "8",
                                "T": "15.3",
                                "V": "35000",
                                "W": "7",
                                "Pt": "F",
                                "Dp": "5.6",
                                "$": "840"
                            },
                            {
                                "D": "ENE",
                                "G": "17",
                                "H": "58.0",
                                "P": "1021",
                                "S": "8",
                                "T": "15.0",
                                "V": "30000",
                                "W": "7",
                                "Pt": "F",
                                "Dp": "6.9",
                                "$": "900"
                            },
                            {
                                "D": "E",
                                "G": "16",
                                "H": "59.3",
                                "P": "1021",
                                "S": "10",
                                "T": "15.5",
                                "V": "30000",
                                "W": "3",
                                "Pt": "F",
                                "Dp": "7.7",
                                "$": "960"
                            }
                        ]
                    }
                ]
            }
        }
    }
}