{
    "SiteRep": {
        "Wx": {
            "Param": [
                {
                    "name": "G",
                    "units": "mph",
                    "$": "Wind Gust"
                },
                {
                    "name": "T",
                    "units": "C",
                    "$": "Temperature"
                },
                {
                    "name": "V",
                    "units": "m",
                    "$": "Visibility"
                },
                {
                    "name": "D",
                    "units": "compass",
                    "$": "Wind Direction"
                },
                {
                    "name": "S",
                    "units": "mph",
                    "$": "Wind Speed"
                },
                {
                    "name": "W",
                    "units": "",
                    "$": "Weather Type"
                },
                {
                    "name": "P",
                    "units": "hpa",
                    "$": "Pressure"
                },
                {
                    "name": "Pt",
                    "units": "Pa/s",
                    "$": "Pressure Tendency"
                },
                {
                    "name": "Dp",
                    "units": "C",
                    "$": "Dew Point"
                },
                {
                    "name": "H",
                    "units": "%",
                    "$": "Screen Relative Humidity"
                }
            ]
        },
        "DV": {
            "dataDate": "2024-07-02T16:00:00Z",
            "type": "Obs",
            "Location": {
                "i": "3772",
                "lat": "51.479",
                "lon": "-0.449",
                "name": "HEATHROW",
                "country": "ENGLAND",
                "continent": "EUROPE",
                "elevation": "25.0",
                "Period": [
                    {
                        "type": "Day",
                        "value": "2024-07-01Z",
                        "Rep": [
                            {
                                "D": "W",
                                "G": "22",
                                "H": "60.2",
                                "P": "1017",
                                "S": "14",
                                "T": "18.7",
                                "V": "55000",
                                "W": "8",
                                "Pt": "F",
                                "Dp": "10.9",
                                "$": "960"
                            },
                            {
                                "D": "WNW",
                                "G": "19",
                                "H": "64.6",
                                "P": "1018",
                                "S": "10",
                                "T": "17.9",
                                "V": "65000",
                                "W": "8",
                                "Pt": "R",
                                "Dp": "11.2",
                                "$": "1020"
                            },
                            {
                                "D": "NW",
                                "G": "15",
                                "H": "59.6",
                                "P": "1017",
                                "S": "6",
                                "T": "18.1",
                                "V": "75000",
                                "W": "8",
                                "Pt": "R",
                                "Dp": "10.2",
                                "$": "1080"
                            },
                            {
                                "D": "WNW",
                                "G": "11",
                                "H": "54.5",
                                "P": "1018",
                                "S": "6",
                                "T": "18.0",
                                "V": "75000",
                                "W": "8",
                                "Pt": "R",
                                "Dp": "8.8",
                                "$": "1140"
                            },
                            {
                                "D": "NW",
                                "G": "8",
                                "H": "57.9",
                                "P": "1018",
                                "S": "5",
                                "T": "17.5",
                                "V": "75000",
                                "W": "8",
                                "Pt": "R",
                                "Dp": "9.2",
                                "$": "1200"
                            },
                            {
                                "D": "WNW",
                                "G": "8",
                                "H": "61.5",
                                "P": "1018",
                                "S": "5",
                                "T": "17.2",
                                "V": "75000",
                                "W": "8",
                                "Pt": "R",
                                "Dp": "9.8",
                                "$": "1260"
                            },
                            {
                                "D": "WNW",
                                "G": "11",
                                "H": "64.0",
                                "P": "1018",
                                "S": "7",
                                "T": "17.2",
                                "V": "75000",
                                "W": "8",
                                "Pt": "R",
                                "Dp": "10.4",
                                "$": "1320"
                            },
                            {
                                "D": "WNW",
                                "G": "16",
                                "H": "70.7",
                                "P": "1018",
                                "S": "8",
                                "T": "16.7",
                                "V": "60000",
                                "W": "8",
                                "Pt": "R",
                                "Dp": "11.4",
                                "$": "1380"
                            }
                        ]
                    },
                    {
                        "type": "Day",
                        "value": "2024-07-02Z",
                        "Rep": [
                            {
                                "D": "W",
                                "G": "13",
                                "H": "72.1",
                                "P": "1018",
                                "S": "7",
                                "T": "16.5",
                                "V": "65000",
                                "W": "8",
                                "Pt": "R",
                                "Dp": "11.5",
                                "$": "0"
                            },
                            {
                                "D": "WNW",
                                "G": "13",
                                "H": "75.0",
                                "P": "1018",
                                "S": "7",
                                "T": "16.1",
                                "V": "75000",
                                "W": "8",
                                "Pt": "F",
                                "Dp": "11.7",
                                "$": "60"
                            },
                            {
                                "D": "NNW",
                                "G": "17",
                                "H": "73.7",
                                "P": "1018",
                                "S": "11",
                                "T": "14.8",
                                "V": "75000",
                                "W": "8",
                                "Pt": "F",
                                "Dp": "10.2",
                                "$": "120"
                            },
                            {
                                "D": "NW",
                                "G": "21",
                                "H": "72.6",
                                "P": "1018",
                                "S": "10",
                                "T": "14.0",
                                "V": "45000",
                                "W": "8",
                                "Pt": "R",
                                "Dp": "9.2",
                                "$": "180"
                            },
                            {
                                "D": "WNW",
                                "G": "17",
                                "H": "72.5",
                                "P": "1018",
                                "S": "9",
                                "T": "13.6",
                                "V": "40000",
                                "W": "8",
                                "Pt": "R",
                                "Dp": "8.8",
                                "$": "240"
                            },
                            {
                                "D": "WNW",
                                "G": "17",
                                "H": "72.9",
                                "P": "1018",
                                "S": "8",
                                "T": "13.2",
                                "V": "35000",
                                "W": "8",
                                "Pt": "R",
                                "Dp": "8.5",
                                "$": "300"
                            },
                            {
                                "D": "WNW",
                                "G": "16",
                                "H": "72.9",
                                "P": "1018",
                                "S": "8",
                                "T": "13.1",
                                "V": "28000",
                                "W": "8",
                                "Pt": "R",
                                "Dp": "8.4",
                                "$": "360"
                            },
                            {
                                "D": "WNW",
                                "G": "19",
                                "H": "72.1",
                                "P": "1018",
                                "S": "10",
                                "T": "13.7",
                                "V": "24000",
                                "W": "8",
                                "Pt": "R",
                                "Dp": "8.8",
                                "$": "420"
                            },
                            {
                                "D": "WNW",
                                "G": "18",
                                "H": "69.4",
                                "P": "1018",
                                "S": "10",
                                "T": "14.8",
                                "V": "26000",
                                "W": "8",
                                "Pt": "R",
                                "Dp": "9.3",
                                "$": "480"
                            },
                            {
                                "D": "NNW",
                                "G": "17",
                                "S": "7",
                                "$": "540"
                            },
                            {
                                "D": "NW",
                                "G": "15",
                                "S": "8",
                                "$": "600"
                            },
                            {
                                "D": "NW",
                                "G": "18",
                                "S": "9",
                                "$": "660"
                            },
                            {
                                "D": "NNW",
                                "G": "17",
                                "S": "6",
                                "$": "720"
                            },
                            {
                                "D": "NW",
                                "G": "14",
                                "S": "7",
                                "$": "780"
                            },
                            {
                                "D": "NW",
                                "G": "17",
                                "S": "8",
                                "$": "840"
                            },
                            {
                                "D": "NW",
                                "G": "16",
                                "S": "7",
                                "$": "900"
                            },
                            {
                                "D": "WNW",
                                "G": "17",
                                "S": "9",
                                "$": "960"
                            }
                        ]
                    }
                ]
            }
        }
    }
}