{
    "SiteRep": {
        "Wx": {
            "Param": [
                {
                    "name": "G",
                    "units": "mph",
                    "$": "Wind Gust"
                },
                {
                    "name": "T",
                    "units": "C",
                    "$": "Temperature"
                },
                {
                    "name": "V",
                    "units": "m",
                    "$": "Visibility"
                },
                {
                    "name": "D",
                    "units": "compass",
                    "$": "Wind Direction"
                },
                {
                    "name": "S",
                    "units": "mph",
                    "$": "Wind Speed"
                },
                {
                    "name": "W",
                    "units": "",
                    "$": "Weather Type"
                },
                {
                    "name": "P",
                    "units": "hpa",
                    "$": "Pressure"
                },
                {
                    "name": "Pt",
                    "units": "Pa/s",
                    "$": "Pressure Tendency"
                },
                {
                    "name": "Dp",
                    "units": "C",
                    "$": "Dew Point"
                },
                {
                    "name": "H",
                    "units": "%",
                    "$": "Screen Relative Humidity"
                }
            ]
        },
        "DV": {
            "dataDate": "2025-10-12T16:00:00Z",
            "type": "Obs",
            "Location": {
                "i": "3772",
                "lat": "51.479",
                "lon": "-0.449",
                "name": "HEATHROW",
                "country": "ENGLAND",
                "continent": "EUROPE",
                "elevation": "25.0",
                "Period": [
                    {
                        "type": "Day",
                        "value": "2025-10-11Z",
                        "Rep": [
                            {
                                "D": "WNW",
                                "G": "9",
                                "H": "56.5",
                                "P": "1033",
                                "S": "3",
                                "T": "16.4",
                                "V": "35000",
                                "W": "1",
                                "Pt": "F",
                                "Dp": "7.9",
                                "$": "960"
                            },
                            {
                                "D": "NNW",
                                "G": "8",
                                "H": "64.5",
                                "P": "1033",
                                "S": "5",
                                "T": "14.8",
                                "V": "30000",
                                "W": "3",
                                "Pt": "F",
                                "Dp": "8.3",
                                "$": "1020"
                            },
                            {
                                "D": "N",
                                "G": "10",
                                "H": "72.2",
                                "P": "1033",
                                "S": "6",
                                "T": "13.0",
                                "V": "17000",
                                "W": "0",
                                "Pt": "F",
                                "Dp": "8.2",
                                "$": "1080"
                            },
                            {
                                "D": "NNE",
                                "G": "8",
                                "H": "78.2",
                                "P": "1033",
                                "S": "5",
                                "T": "11.7",
                                "V": "15000",
                                "W": "0",
                                "Pt": "R",
                                "Dp": "8.1",
                                "$": "1140"
                            },
                            {
                                "D": "NNE",
                                "G": "7",
                                "H": "82.0",
                                "P": "1034",
                                "S": "5",
                                "T": "10.9",
                                "V": "13000",
                                "W": "0",
                                "Pt": "R",
                                "Dp": "8.0",
                                "$": "1200"
                            },
                            {
                                "D": "NE",
                                "G": "6",
                                "H": "83.7",
                                "P": "1034",
                                "S": "3",
                                "T": "10.5",
                                "V": "14000",
                                "W": "0",
                                "Pt": "R",
                                "Dp": "7.9",
                                "$": "1260"
                            },
                            {
                                "D": "NNE",
                                "G": "5",
                                "H": "85.3",
                                "P": "1034",
                                "S": "3",
                                "T": "10.0",
                                "V": "12000",
                                "W": "0",
                                "Pt": "R",
                                "Dp": "7.7",
                                "$": "1320"
                            },
                            {
                                "D": "NNE",
                                "G": "5",
                                "H": "88.3",
                                "P": "1034",
                                "S": "3",
                                "T": "9.0",
                                "V": "10000",
                                "W": "0",
                                "Pt": "R",
                                "Dp": "7.2",
                                "$": "1380"
                            }
                        ]
                    },
                    {
                        "type": "Day",
                        "value": "2025-10-12Z",
                        "Rep": [
                            {
                                "D": "N",
                                "G": "5",
                                "H": "90.8",
                                "P": "1034",
                                "S": "0",
                                "T": "8.4",
                                "V": "9000",
                                "W": "5",
                                "Pt": "F",
                                "Dp": "7.0",
                                "$": "0"
                            },
                            {
                                "D": "N",
                                "G": "2",
                                "H": "92.6",
                                "P": "1033",
                                "S": "1",
                                "T": "7.7",
                                "V": "8000",
                                "W": "5",
                                "Pt": "F",
                                "Dp": "6.6",
                                "$": "60"
                            },
                            {
                                "D": "N",
                                "G": "6",
                                "H": "93.9",
                                "P": "1033",
                                "S": "0",
                                "T": "6.8",
                                "V": "8000",
                                "W": "5",
                                "Pt": "F",
                                "Dp": "5.9",
                                "$": "120"
                            },
                            {
                                "D": "N",
                                "G": "3",
                                "H": "95.9",
                                "P": "1033",
                                "S": "2",
                                "T": "6.9",
                                "V": "7000",
                                "W": "5",
                                "Pt": "F",
                                "Dp": "6.3",
                                "$": "180"
                            },
                            {
                                "D": "NNW",
                                "G": "5",
                                "H": "95.2",
                                "P": "1032",
                                "S": "1",
                                "T": "7.7",
                                "V": "7000",
                                "W": "5",
                                "Pt": "F",
                                "Dp": "7.0",
                                "$": "240"
                            },
                            {
                                "D": "N",
                                "G": "5",
                                "H": "94.0",
                                "P": "1032",
                                "S": "2",
                                "T": "7.8",
                                "V": "7000",
                                "W": "5",
                                "Pt": "F",
                                "Dp": "6.9",
                                "$": "300"
                            },
                            {
                                "D": "NNE",
                                "G": "5",
                                "H": "92.6",
                                "P": "1032",
                                "S": "1",
                                "T": "8.3",
                                "V": "7000",
                                "W": "5",
                                "Pt": "F",
                                "Dp": "7.2",
                                "$": "360"
                            },
                            {
                                "D": "NNE",
                                "G": "7",
                                "H": "90.8",
                                "P": "1032",
                                "S": "3",
                                "T": "8.6",
                                "V": "7000",
                                "W": "5",
                                "Pt": "R",
                                "Dp": "7.2",
                                "$": "420"
                            },
                            {
                                "D": "NNE",
                                "G": "7",
                                "H": "89.6",
                                "P": "1033",
                                "S": "5",
                                "T": "9.4",
                                "V": "7000",
                                "W": "5",
                                "Pt": "R",
                                "Dp": "7.8",
                                "$": "480"
                            },
                            {
                                "D": "NNE",
                                "G": "8",
                                "H": "86.0",
                                "P": "1033",
                                "S": "6",
                                "T": "10.6",
                                "V": "8000",
                                "W": "5",
                                "Pt": "R",
                                "Dp": "8.4",
                                "$": "540"
                            },
                            {
                                "D": "N",
                                "G": "8",
                                "H": "82.6",
                                "P": "1033",
                                "S": "6",
                                "T": "11.4",
                                "V": "8000",
                                "W": "5",
                                "Pt": "R",
                                "Dp": "8.6",
                                "$": "600"
                            },
                            {
                                "D": "NNE",
                                "G": "8",
                                "H": "78.3",
                                "P": "1032",
                                "S": "5",
                                "T": "12.1",
                                "V": "9000",
                                "W": "5",
                                "Pt": "F",
                                "Dp": "8.5",
                                "$": "660"
                            },
                            {
                                "D": "NNE",
                                "G": "9",
                                "H": "73.7",
                                "P": "1032",
                                "S": "5",
                                "T": "12.8",
                                "V": "10000",
                                "W": "5",
                                "Pt": "F",
                                "Dp": "8.3",
                                "$": "720"
                            },
                            {
                                "D": "NNE",
                                "G": "10",
                                "H": "65.0",
                                "P": "1031",
                                "S": "3",
                                "T": "14.5",
                                "V": "11000",
                                "W": "5",
                                "Pt": "F",
                                "Dp": "8.1",
                                "$": "780"
                            },
                            {
                                "D": "NE",
                                "G": "10",
                                "H": "61.9",
                                "P": "1031",
                                "S": "5",
                                "T": "14.9",
                                "V": "13000",
                                "W": "1",
                                "Pt": "F",
                                "Dp": "7.8",
                                "$": "840"
                            },
                            {
                                "D": "N",
                                "G": "9",
                                "H": "61.3",
                                "P": "1031",
                                "S": "3",
                                "T": "15.6",
                                "V": "17000",
                                "W": "1",
                                "Pt": "F",
                                "Dp": "8.3",
                                "$": "900"
                            },
                            {
                                "D": "ENE",
                                "G": "10",
                                "H": "62.5",
                                "P": "1031",
                                "S": "5",
                                "T": "15.4",
                                "V": "22000",
                                "W": "1",
                                "Pt": "F",
                                "Dp": "8.4",
                                "$": "960"
                            }
                        ]
                    }
                ]
            }
        }
    }
}