{
    "SiteRep": {
        "Wx": {
            "Param": [
                {
                    "name": "G",
                    "units": "mph",
                    "$": "Wind Gust"
                },
                {
                    "name": "T",
                    "units": "C",
                    "$": "Temperature"
                },
                {
                    "name": "V",
                    "units": "m",
                    "$": "Visibility"
                },
                {
                    "name": "D",
                    "units": "compass",
                    "$": "Wind Direction"
                },
                {
                    "name": "S",
                    "units": "mph",
                    "$": "Wind Speed"
                },
                {
                    "name": "W",
                    "units": "",
                    "$": "Weather Type"
                },
                {
                    "name": "P",
                    "units": "hpa",
                    "$": "Pressure"
                },
                {
                    "name": "Pt",
                    "units": "Pa/s",
                    "$": "Pressure Tendency"
                },
                {
                    "name": "Dp",
                    "units": "C",
                    "$": "Dew Point"
                },
                {
                    "name": "H",
                    "units": "%",
                    "$": "Screen Relative Humidity"
                }
            ]
        },
        "DV": {
            "dataDate": "2025-07-17T15:00:00Z",
            "type": "Obs",
            "Location": {
                "i": "3772",
                "lat": "51.479",
                "lon": "-0.449",
                "name": "HEATHROW",
                "country": "ENGLAND",
                "continent": "EUROPE",
                "elevation": "25.0",
                "Period": [
                    {
                        "type": "Day",
                        "value": "2025-07-16Z",
                        "Rep": [
                            {
                                "D": "NNW",
                                "G": "16",
                                "H": "38.6",
                                "P": "1016",
                                "S": "9",
                                "T": "24.6",
                                "V": "55000",
                                "W": "8",
                                "Pt": "R",
                                "Dp": "9.7",
                                "$": "960"
                            },
                            {
                                "D": "NNW",
                                "G": "15",
                                "H": "39.8",
                                "P": "1016",
                                "S": "8",
                                "T": "24.1",
                                "V": "65000",
                                "W": "8",
                                "Pt": "R",
                                "Dp": "9.7",
                                "$": "1020"
                            },
                            {
                                "D": "NNW",
                                "G": "13",
                                "H": "39.5",
                                "P": "1016",
                                "S": "6",
                                "T": "24.1",
                                "V": "60000",
                                "W": "8",
                                "Pt": "R",
                                "Dp": "9.6",
                                "$": "1080"
                            },
                            {
                                "D": "N",
                                "G": "11",
                                "H": "40.7",
                                "P": "1016",
                                "S": "5",
                                "T": "23.6",
                                "V": "65000",
                                "W": "8",
                                "Pt": "R",
                                "Dp": "9.6",
                                "$": "1140"
                            },
                            {
                                "D": "NNE",
                                "G": "9",
                                "H": "43.6",
                                "P": "1017",
                                "S": "5",
                                "T": "22.8",
                                "V": "60000",
                                "W": "8",
                                "Pt": "R",
                                "Dp": "9.9",
                                "$": "1200"
                            },
                            {
                                "D": "NNE",
                                "G": "6",
                                "H": "46.5",
                                "P": "1017",
                                "S": "3",
                                "T": "22.2",
                                "V": "55000",
                                "W": "8",
                                "Pt": "R",
                                "Dp": "10.3",
                                "$": "1260"
                            },
                            {
                                "D": "ENE",
                                "G": "6",
                                "S": "3",
                                "$": "1320"
                            },
                            {
                                "D": "E",
                                "G": "6",
                                "S": "5",
                                "$": "1380"
                            }
                        ]
                    },
                    {
                        "type": "Day",
                        "value": "2025-07-17Z",
                        "Rep": [
                            {
                                "D": "SE",
                                "G": "9",
                                "H": "55.6",
                                "P": "1017",
                                "S": "7",
                                "T": "20.5",
                                "V": "45000",
                                "W": "8",
                                "Pt": "R",
                                "Dp": "11.4",
                                "$": "0"
                            },
                            {
                                "D": "SE",
                                "G": "7",
                                "H": "57.7",
                                "P": "1017",
                                "S": "5",
                                "T": "19.9",
                                "V": "40000",
                                "W": "8",
                                "Pt": "F",
                                "Dp": "11.4",
                                "$": "60"
                            },
                            {
                                "D": "ESE",
                                "G": "7",
                                "H": "60.3",
                                "P": "1017",
                                "S": "3",
                                "T": "19.2",
                                "V": "45000",
                                "W": "8",
                                "Pt": "F",
                                "Dp": "11.4",
                                "$": "120"
                            },
                            {
                                "D": "S",
                                "G": "7",
                                "H": "58.6",
                                "P": "1017",
                                "S": "5",
                                "T": "20.1",
                                "V": "45000",
                                "W": "8",
                                "Pt": "F",
                                "Dp": "11.8",
                                "$": "180"
                            },
                            {
                                "D": "E",
                                "G": "8",
                                "H": "60.8",
                                "P": "1017",
                                "S": "3",
                                "T": "19.5",
                                "V": "45000",
                                "W": "8",
                                "Pt": "F",
                                "Dp": "11.8",
                                "$": "240"
                            },
                            {
                                "D": "SW",
                                "G": "7",
                                "H": "61.3",
                                "P": "1017",
                                "S": "3",
                                "T": "20.0",
                                "V": "35000",
                                "W": "12",
                                "Pt": "F",
                                "Dp": "12.4",
                                "$": "300"
                            },
                            {
                                "D": "SSW",
                                "G": "11",
                                "H": "60.3",
                                "P": "1017",
                                "S": "7",
                                "T": "20.6",
                                "V": "45000",
                                "W": "8",
                                "Pt": "R",
                                "Dp": "12.7",
                                "$": "360"
                            },
                            {
                                "D": "SSE",
                                "G": "13",
                                "H": "69.7",
                                "P": "1017",
                                "S": "6",
                                "T": "20.5",
                                "V": "45000",
                                "W": "8",
                                "Pt": "R",
                                "Dp": "14.8",
                                "$": "420"
                            },
                            {
                                "D": "S",
                                "G": "14",
                                "H": "67.1",
                                "P": "1017",
                                "S": "8",
                                "T": "21.1",
                                "V": "29000",
                                "W": "8",
                                "Pt": "R",
                                "Dp": "14.8",
                                "$": "480"
                            },
                            {
                                "D": "SSW",
                                "G": "13",
                                "H": "59.1",
                                "P": "1017",
                                "S": "6",
                                "T": "23.7",
                                "V": "60000",
                                "W": "8",
                                "Pt": "F",
                                "Dp": "15.3",
                                "$": "540"
                            },
                            {
                                "D": "SSW",
                                "G": "14",
                                "H": "57.9",
                                "P": "1017",
                                "S": "7",
                                "T": "25.1",
                                "V": "65000",
                                "W": "8",
                                "Pt": "F",
                                "Dp": "16.3",
                                "$": "600"
                            },
                            {
                                "D": "SSW",
                                "G": "14",
                                "H": "59.9",
                                "P": "1016",
                                "S": "7",
                                "T": "24.0",
                                "V": "22000",
                                "W": "12",
                                "Pt": "F",
                                "Dp": "15.8",
                                "$": "660"
                            },
                            {
                                "D": "S",
                                "G": "15",
                                "S": "6",
                                "$": "720"
                            },
                            {
                                "D": "W",
                                "G": "21",
                                "H": "76.1",
                                "P": "1016",
                                "S": "7",
                                "T": "22.7",
                                "V": "27000",
                                "W": "12",
                                "Pt": "F",
                                "Dp": "18.3",
                                "$": "780"
                            },
                            {
                                "D": "SSW",
                                "G": "13",
                                "H": "63.3",
                                "P": "1016",
                                "S": "7",
                                "T": "24.8",
                                "V": "65000",
                                "W": "8",
                                "Pt": "F",
                                "Dp": "17.4",
                                "$": "840"
                            },
                            {
                                "D": "SSW",
                                "G": "15",
                                "H": "61.6",
                                "P": "1015",
                                "S": "10",
                                "T": "26.0",
                                "V": "60000",
                                "W": "8",
                                "Pt": "F",
                                "Dp": "18.1",
                                "$": "900"
                            },
                            {
                                "D": "SW",
                                "G": "18",
                                "H": "60.3",
                                "P": "1015",
                                "S": "10",
                                "T": "25.6",
                                "V": "40000",
                                "W": "12",
                                "Pt": "F",
                                "Dp": "17.4",
                                "$": "960"
                            }
                        ]
                    }
                ]
            }
        }
    }
}