{
    "SiteRep": {
        "Wx": {
            "Param": [
                {
                    "name": "G",
                    "units": "mph",
                    "$": "Wind Gust"
                },
                {
                    "name": "T",
                    "units": "C",
                    "$": "Temperature"
                },
                {
                    "name": "V",
                    "units": "m",
                    "$": "Visibility"
                },
                {
                    "name": "D",
                    "units": "compass",
                    "$": "Wind Direction"
                },
                {
                    "name": "S",
                    "units": "mph",
                    "$": "Wind Speed"
                },
                {
                    "name": "W",
                    "units": "",
                    "$": "Weather Type"
                },
                {
                    "name": "P",
                    "units": "hpa",
                    "$": "Pressure"
                },
                {
                    "name": "Pt",
                    "units": "Pa/s",
                    "$": "Pressure Tendency"
                },
                {
                    "name": "Dp",
                    "units": "C",
                    "$": "Dew Point"
                },
                {
                    "name": "H",
                    "units": "%",
                    "$": "Screen Relative Humidity"
                }
            ]
        },
        "DV": {
            "dataDate": "2024-12-31T16:00:00Z",
            "type": "Obs",
            "Location": {
                "i": "3772",
                "lat": "51.479",
                "lon": "-0.449",
                "name": "HEATHROW",
                "country": "ENGLAND",
                "continent": "EUROPE",
                "elevation": "25.0",
                "Period": [
                    {
                        "type": "Day",
                        "value": "2024-12-30Z",
                        "Rep": [
                            {
                                "D": "SW",
                                "G": "19",
                                "H": "81.2",
                                "P": "1026",
                                "S": "13",
                                "T": "8.5",
                                "V": "75000",
                                "W": "8",
                                "Pt": "F",
                                "Dp": "5.5",
                                "$": "960"
                            },
                            {
                                "D": "SW",
                                "G": "19",
                                "H": "80.6",
                                "P": "1026",
                                "S": "14",
                                "T": "8.6",
                                "V": "75000",
                                "W": "8",
                                "Pt": "F",
                                "Dp": "5.5",
                                "$": "1020"
                            },
                            {
                                "D": "WSW",
                                "G": "21",
                                "H": "80.0",
                                "P": "1026",
                                "S": "15",
                                "T": "8.7",
                                "V": "75000",
                                "W": "8",
                                "Pt": "F",
                                "Dp": "5.5",
                                "$": "1080"
                            },
                            {
                                "D": "SW",
                                "G": "24",
                                "H": "78.3",
                                "P": "1026",
                                "S": "17",
                                "T": "8.8",
                                "V": "75000",
                                "W": "8",
                                "Pt": "F",
                                "Dp": "5.3",
                                "$": "1140"
                            },
                            {
                                "D": "SW",
                                "G": "22",
                                "H": "79.4",
                                "P": "1027",
                                "S": "11",
                                "T": "8.5",
                                "V": "75000",
                                "W": "8",
                                "Pt": "R",
                                "Dp": "5.2",
                                "$": "1200"
                            },
                            {
                                "D": "WSW",
                                "G": "19",
                                "H": "79.9",
                                "P": "1027",
                                "S": "10",
                                "T": "8.1",
                                "V": "75000",
                                "W": "8",
                                "Pt": "R",
                                "Dp": "4.9",
                                "$": "1260"
                            },
                            {
                                "D": "SW",
                                "G": "14",
                                "H": "81.1",
                                "P": "1026",
                                "S": "9",
                                "T": "8.2",
                                "V": "75000",
                                "W": "8",
                                "Pt": "R",
                                "Dp": "5.2",
                                "$": "1320"
                            },
                            {
                                "D": "SSW",
                                "G": "16",
                                "H": "86.4",
                                "P": "1026",
                                "S": "9",
                                "T": "8.1",
                                "V": "75000",
                                "W": "8",
                                "Pt": "F",
                                "Dp": "6.0",
                                "$": "1380"
                            }
                        ]
                    },
                    {
                        "type": "Day",
                        "value": "2024-12-31Z",
                        "Rep": [
                            {
                                "D": "SW",
                                "G": "14",
                                "H": "86.4",
                                "P": "1026",
                                "S": "8",
                                "T": "8.1",
                                "V": "75000",
                                "W": "8",
                                "Pt": "F",
                                "Dp": "6.0",
                                "$": "0"
                            },
                            {
                                "D": "SW",
                                "G": "19",
                                "H": "81.7",
                                "P": "1025",
                                "S": "10",
                                "T": "8.5",
                                "V": "75000",
                                "W": "8",
                                "Pt": "F",
                                "Dp": "5.6",
                                "$": "60"
                            },
                            {
                                "D": "SW",
                                "G": "26",
                                "H": "79.6",
                                "P": "1024",
                                "S": "14",
                                "T": "8.7",
                                "V": "75000",
                                "W": "8",
                                "Pt": "F",
                                "Dp": "5.4",
                                "$": "120"
                            },
                            {
                                "D": "SW",
                                "G": "26",
                                "H": "78.9",
                                "P": "1024",
                                "S": "13",
                                "T": "8.8",
                                "V": "75000",
                                "W": "8",
                                "Pt": "F",
                                "Dp": "5.4",
                                "$": "180"
                            },
                            {
                                "D": "SSW",
                                "G": "19",
                                "H": "84.6",
                                "P": "1024",
                                "S": "8",
                                "T": "7.9",
                                "V": "75000",
                                "W": "2",
                                "Pt": "F",
                                "Dp": "5.5",
                                "$": "240"
                            },
                            {
                                "D": "SSW",
                                "G": "13",
                                "H": "90.6",
                                "P": "1024",
                                "S": "9",
                                "T": "7.3",
                                "V": "75000",
                                "W": "2",
                                "Pt": "F",
                                "Dp": "5.9",
                                "$": "300"
                            },
                            {
                                "D": "SSW",
                                "G": "14",
                                "H": "90.6",
                                "P": "1023",
                                "S": "10",
                                "T": "7.3",
                                "V": "75000",
                                "W": "8",
                                "Pt": "F",
                                "Dp": "5.9",
                                "$": "360"
                            },
                            {
                                "D": "SSW",
                                "G": "14",
                                "H": "93.3",
                                "P": "1023",
                                "S": "10",
                                "T": "7.2",
                                "V": "55000",
                                "W": "0",
                                "Pt": "F",
                                "Dp": "6.2",
                                "$": "420"
                            },
                            {
                                "D": "SSW",
                                "G": "18",
                                "H": "91.3",
                                "P": "1022",
                                "S": "11",
                                "T": "7.8",
                                "V": "65000",
                                "W": "0",
                                "Pt": "F",
                                "Dp": "6.5",
                                "$": "480"
                            },
                            {
                                "D": "SSW",
                                "G": "17",
                                "H": "89.6",
                                "P": "1022",
                                "S": "11",
                                "T": "9.1",
                                "V": "75000",
                                "W": "8",
                                "Pt": "F",
                                "Dp": "7.5",
                                "$": "540"
                            },
                            {
                                "D": "SSW",
                                "G": "19",
                                "H": "81.9",
                                "P": "1022",
                                "S": "13",
                                "T": "9.8",
                                "V": "75000",
                                "W": "8",
                                "Pt": "F",
                                "Dp": "6.9",
                                "$": "600"
                            },
                            {
                                "D": "SSW",
                                "G": "25",
                                "H": "77.1",
                                "P": "1021",
                                "S": "16",
                                "T": "10.7",
                                "V": "55000",
                                "W": "8",
                                "Pt": "F",
                                "Dp": "6.9",
                                "$": "660"
                            },
                            {
                                "D": "SSW",
                                "G": "31",
                                "H": "75.2",
                                "P": "1020",
                                "S": "19",
                                "T": "11.5",
                                "V": "55000",
                                "W": "8",
                                "Pt": "F",
                                "Dp": "7.3",
                                "$": "720"
                            },
                            {
                                "D": "SSW",
                                "G": "30",
                                "H": "75.7",
                                "P": "1019",
                                "S": "16",
                                "T": "11.5",
                                "V": "55000",
                                "W": "8",
                                "Pt": "F",
                                "Dp": "7.4",
                                "$": "780"
                            },
                            {
                                "D": "SW",
                                "G": "31",
                                "H": "77.3",
                                "P": "1018",
                                "S": "16",
                                "T": "11.7",
                                "V": "50000",
                                "W": "8",
                                "Pt": "F",
                                "Dp": "7.9",
                                "$": "840"
                            },
                            {
                                "D": "SSW",
                                "G": "25",
                                "H": "73.1",
                                "P": "1017",
                                "S": "18",
                                "T": "11.8",
                                "V": "50000",
                                "W": "8",
                                "Pt": "F",
                                "Dp": "7.2",
                                "$": "900"
                            },
                            {
                                "D": "SW",
                                "G": "30",
                                "H": "75.7",
                                "P": "1017",
                                "S": "19",
                                "T": "11.8",
                                "V": "40000",
                                "W": "8",
                                "Pt": "F",
                                "Dp": "7.7",
                                "$": "960"
                            }
                        ]
                    }
                ]
            }
        }
    }
}