{
    "SiteRep": {
        "Wx": {
            "Param": [
                {
                    "name": "G",
                    "units": "mph",
                    "$": "Wind Gust"
                },
                {
                    "name": "T",
                    "units": "C",
                    "$": "Temperature"
                },
                {
                    "name": "V",
                    "units": "m",
                    "$": "Visibility"
                },
                {
                    "name": "D",
                    "units": "compass",
                    "$": "Wind Direction"
                },
                {
                    "name": "S",
                    "units": "mph",
                    "$": "Wind Speed"
                },
                {
                    "name": "W",
                    "units": "",
                    "$": "Weather Type"
                },
                {
                    "name": "P",
                    "units": "hpa",
                    "$": "Pressure"
                },
                {
                    "name": "Pt",
                    "units": "Pa/s",
                    "$": "Pressure Tendency"
                },
                {
                    "name": "Dp",
                    "units": "C",
                    "$": "Dew Point"
                },
                {
                    "name": "H",
                    "units": "%",
                    "$": "Screen Relative Humidity"
                }
            ]
        },
        "DV": {
            "dataDate": "2023-12-22T16:00:00Z",
            "type": "Obs",
            "Location": {
                "i": "3772",
                "lat": "51.479",
                "lon": "-0.449",
                "name": "HEATHROW",
                "country": "ENGLAND",
                "continent": "EUROPE",
                "elevation": "25.0",
                "Period": [
                    {
                        "type": "Day",
                        "value": "2023-12-21Z",
                        "Rep": [
                            {
                                "D": "WNW",
                                "G": "39",
                                "H": "58.5",
                                "P": "1007",
                                "S": "19",
                                "T": "13.0",
                                "V": "40000",
                                "W": "8",
                                "Pt": "R",
                                "Dp": "5.1",
                                "$": "960"
                            },
                            {
                                "D": "W",
                                "G": "33",
                                "H": "61.4",
                                "P": "1008",
                                "S": "18",
                                "T": "12.6",
                                "V": "35000",
                                "W": "8",
                                "Pt": "R",
                                "Dp": "5.4",
                                "$": "1020"
                            },
                            {
                                "D": "W",
                                "G": "33",
                                "H": "58.6",
                                "P": "1009",
                                "S": "13",
                                "T": "12.1",
                                "V": "30000",
                                "W": "7",
                                "Pt": "R",
                                "Dp": "4.3",
                                "$": "1080"
                            },
                            {
                                "D": "W",
                                "G": "25",
                                "H": "62.4",
                                "P": "1010",
                                "S": "15",
                                "T": "11.8",
                                "V": "24000",
                                "W": "8",
                                "Pt": "R",
                                "Dp": "4.9",
                                "$": "1140"
                            },
                            {
                                "D": "W",
                                "G": "22",
                                "H": "62.8",
                                "P": "1010",
                                "S": "14",
                                "T": "11.4",
                                "V": "21000",
                                "W": "8",
                                "Pt": "R",
                                "Dp": "4.6",
                                "$": "1200"
                            },
                            {
                                "D": "W",
                                "G": "30",
                                "H": "64.9",
                                "P": "1011",
                                "S": "17",
                                "T": "11.0",
                                "V": "20000",
                                "W": "2",
                                "Pt": "R",
                                "Dp": "4.7",
                                "$": "1260"
                            },
                            {
                                "D": "W",
                                "G": "28",
                                "H": "63.1",
                                "P": "1011",
                                "S": "16",
                                "T": "11.0",
                                "V": "23000",
                                "W": "8",
                                "Pt": "R",
                                "Dp": "4.3",
                                "$": "1320"
                            },
                            {
                                "D": "W",
                                "G": "28",
                                "H": "62.9",
                                "P": "1011",
                                "S": "18",
                                "T": "10.5",
                                "V": "19000",
                                "W": "0",
                                "Pt": "R",
                                "Dp": "3.8",
                                "$": "1380"
                            }
                        ]
                    },
                    {
                        "type": "Day",
                        "value": "2023-12-22Z",
                        "Rep": [
                            {
                                "D": "W",
                                "G": "29",
                                "H": "62.9",
                                "P": "1012",
                                "S": "16",
                                "T": "10.4",
                                "V": "18000",
                                "W": "7",
                                "Pt": "R",
                                "Dp": "3.7",
                                "$": "0"
                            },
                            {
                                "D": "W",
                                "G": "25",
                                "H": "67.6",
                                "P": "1011",
                                "S": "17",
                                "T": "10.8",
                                "V": "28000",
                                "W": "8",
                                "Pt": "R",
                                "Dp": "5.1",
                                "$": "60"
                            },
                            {
                                "D": "W",
                                "G": "32",
                                "H": "85.4",
                                "P": "1012",
                                "S": "18",
                                "T": "9.4",
                                "V": "2000",
                                "W": "12",
                                "Pt": "R",
                                "Dp": "7.1",
                                "$": "120"
                            },
                            {
                                "D": "WSW",
                                "G": "18",
                                "H": "92.8",
                                "P": "1011",
                                "S": "10",
                                "T": "9.2",
                                "V": "29000",
                                "W": "8",
                                "Pt": "F",
                                "Dp": "8.1",
                                "$": "180"
                            },
                            {
                                "D": "W",
                                "G": "22",
                                "H": "89.1",
                                "P": "1011",
                                "S": "15",
                                "T": "9.7",
                                "V": "60000",
                                "W": "7",
                                "Pt": "F",
                                "Dp": "8.0",
                                "$": "240"
                            },
                            {
                                "D": "W",
                                "G": "29",
                                "H": "84.5",
                                "P": "1010",
                                "S": "19",
                                "T": "10.7",
                                "V": "60000",
                                "W": "8",
                                "Pt": "F",
                                "Dp": "8.2",
                                "$": "300"
                            },
                            {
                                "D": "W",
                                "G": "29",
                                "H": "92.2",
                                "P": "1010",
                                "S": "16",
                                "T": "10.0",
                                "V": "30000",
                                "W": "11",
                                "Pt": "F",
                                "Dp": "8.8",
                                "$": "360"
                            },
                            {
                                "D": "W",
                                "G": "25",
                                "H": "83.9",
                                "P": "1010",
                                "S": "16",
                                "T": "10.9",
                                "V": "75000",
                                "W": "11",
                                "Pt": "F",
                                "Dp": "8.3",
                                "$": "420"
                            },
                            {
                                "D": "W",
                                "G": "25",
                                "H": "76.9",
                                "P": "1011",
                                "S": "15",
                                "T": "11.5",
                                "V": "70000",
                                "W": "8",
                                "Pt": "R",
                                "Dp": "7.6",
                                "$": "480"
                            },
                            {
                                "D": "W",
                                "G": "31",
                                "H": "74.2",
                                "P": "1011",
                                "S": "17",
                                "T": "11.5",
                                "V": "65000",
                                "W": "8",
                                "Pt": "R",
                                "Dp": "7.1",
                                "$": "540"
                            },
                            {
                                "D": "W",
                                "G": "30",
                                "H": "72.3",
                                "P": "1012",
                                "S": "17",
                                "T": "11.7",
                                "V": "55000",
                                "W": "8",
                                "Pt": "R",
                                "Dp": "6.9",
                                "$": "600"
                            },
                            {
                                "D": "W",
                                "G": "31",
                                "H": "73.2",
                                "P": "1012",
                                "S": "17",
                                "T": "11.9",
                                "V": "50000",
                                "W": "8",
                                "Pt": "R",
                                "Dp": "7.3",
                                "$": "660"
                            },
                            {
                                "D": "W",
                                "G": "34",
                                "H": "65.6",
                                "P": "1012",
                                "S": "21",
                                "T": "12.3",
                                "V": "55000",
                                "W": "8",
                                "Pt": "R",
                                "Dp": "6.1",
                                "$": "720"
                            },
                            {
                                "D": "W",
                                "G": "36",
                                "H": "65.2",
                                "P": "1012",
                                "S": "21",
                                "T": "12.3",
                                "V": "55000",
                                "W": "8",
                                "Pt": "R",
                                "Dp": "6.0",
                                "$": "780"
                            },
                            {
                                "D": "W",
                                "G": "33",
                                "H": "63.4",
                                "P": "1012",
                                "S": "18",
                                "T": "12.5",
                                "V": "45000",
                                "W": "8",
                                "Pt": "R",
                                "Dp": "5.8",
                                "$": "840"
                            },
                            {
                                "D": "W",
                                "G": "39",
                                "H": "63.0",
                                "P": "1013",
                                "S": "18",
                                "T": "12.4",
                                "V": "50000",
                                "W": "8",
                                "Pt": "R",
                                "Dp": "5.6",
                                "$": "900"
                            },
                            {
                                "D": "W",
                                "G": "37",
                                "H": "63.7",
                                "P": "1013",
                                "S": "18",
                                "T": "12.0",
                                "V": "50000",
                                "W": "8",
                                "Pt": "R",
                                "Dp": "5.4",
                                "$": "960"
                            }
                        ]
                    }
                ]
            }
        }
    }
}