{
    "SiteRep": {
        "Wx": {
            "Param": [
                {
                    "name": "G",
                    "units": "mph",
                    "$": "Wind Gust"
                },
                {
                    "name": "T",
                    "units": "C",
                    "$": "Temperature"
                },
                {
                    "name": "V",
                    "units": "m",
                    "$": "Visibility"
                },
                {
                    "name": "D",
                    "units": "compass",
                    "$": "Wind Direction"
                },
                {
                    "name": "S",
                    "units": "mph",
                    "$": "Wind Speed"
                },
                {
                    "name": "W",
                    "units": "",
                    "$": "Weather Type"
                },
                {
                    "name": "P",
                    "units": "hpa",
                    "$": "Pressure"
                },
                {
                    "name": "Pt",
                    "units": "Pa/s",
                    "$": "Pressure Tendency"
                },
                {
                    "name": "Dp",
                    "units": "C",
                    "$": "Dew Point"
                },
                {
                    "name": "H",
                    "units": "%",
                    "$": "Screen Relative Humidity"
                }
            ]
        },
        "DV": {
            "dataDate": "2024-06-19T16:00:00Z",
            "type": "Obs",
            "Location": {
                "i": "3772",
                "lat": "51.479",
                "lon": "-0.449",
                "name": "HEATHROW",
                "country": "ENGLAND",
                "continent": "EUROPE",
                "elevation": "25.0",
                "Period": [
                    {
                        "type": "Day",
                        "value": "2024-06-18Z",
                        "Rep": [
                            {
                                "D": "NNW",
                                "G": "18",
                                "H": "45.7",
                                "P": "1014",
                                "S": "9",
                                "T": "22.4",
                                "V": "60000",
                                "W": "7",
                                "Pt": "S",
                                "Dp": "10.2",
                                "$": "960"
                            },
                            {
                                "D": "NNW",
                                "G": "19",
                                "H": "49.4",
                                "P": "1014",
                                "S": "9",
                                "T": "20.6",
                                "V": "55000",
                                "W": "7",
                                "Pt": "R",
                                "Dp": "9.7",
                                "$": "1020"
                            },
                            {
                                "D": "NNW",
                                "G": "19",
                                "H": "50.9",
                                "P": "1014",
                                "S": "10",
                                "T": "20.2",
                                "V": "55000",
                                "W": "3",
                                "Pt": "R",
                                "Dp": "9.8",
                                "$": "1080"
                            },
                            {
                                "D": "NNW",
                                "G": "18",
                                "H": "51.0",
                                "P": "1015",
                                "S": "8",
                                "T": "19.4",
                                "V": "55000",
                                "W": "1",
                                "Pt": "R",
                                "Dp": "9.1",
                                "$": "1140"
                            },
                            {
                                "D": "NNW",
                                "G": "15",
                                "H": "53.3",
                                "P": "1015",
                                "S": "8",
                                "T": "18.6",
                                "V": "60000",
                                "W": "1",
                                "Pt": "R",
                                "Dp": "9.0",
                                "$": "1200"
                            },
                            {
                                "D": "NW",
                                "G": "13",
                                "H": "58.8",
                                "P": "1016",
                                "S": "6",
                                "T": "17.8",
                                "V": "50000",
                                "W": "2",
                                "Pt": "R",
                                "Dp": "9.7",
                                "$": "1260"
                            },
                            {
                                "D": "N",
                                "G": "13",
                                "H": "64.9",
                                "P": "1016",
                                "S": "7",
                                "T": "17.2",
                                "V": "50000",
                                "W": "8",
                                "Pt": "R",
                                "Dp": "10.6",
                                "$": "1320"
                            },
                            {
                                "D": "NNE",
                                "G": "16",
                                "H": "69.0",
                                "P": "1017",
                                "S": "8",
                                "T": "15.6",
                                "V": "55000",
                                "W": "8",
                                "Pt": "R",
                                "Dp": "10.0",
                                "$": "1380"
                            }
                        ]
                    },
                    {
                        "type": "Day",
                        "value": "2024-06-19Z",
                        "Rep": [
                            {
                                "D": "NNE",
                                "G": "19",
                                "H": "81.9",
                                "P": "1017",
                                "S": "9",
                                "T": "13.5",
                                "V": "40000",
                                "W": "2",
                                "Pt": "R",
                                "Dp": "10.5",
                                "$": "0"
                            },
                            {
                                "D": "NE",
                                "G": "17",
                                "H": "85.2",
                                "P": "1018",
                                "S": "7",
                                "T": "12.8",
                                "V": "29000",
                                "W": "0",
                                "Pt": "R",
                                "Dp": "10.4",
                                "$": "60"
                            },
                            {
                                "D": "NNE",
                                "G": "13",
                                "H": "86.9",
                                "P": "1018",
                                "S": "7",
                                "T": "12.4",
                                "V": "23000",
                                "W": "0",
                                "Pt": "R",
                                "Dp": "10.3",
                                "$": "120"
                            },
                            {
                                "D": "NNE",
                                "G": "10",
                                "H": "88.6",
                                "P": "1018",
                                "S": "3",
                                "T": "12.0",
                                "V": "25000",
                                "W": "0",
                                "Pt": "R",
                                "Dp": "10.2",
                                "$": "180"
                            },
                            {
                                "D": "NNE",
                                "G": "14",
                                "H": "84.6",
                                "P": "1019",
                                "S": "6",
                                "T": "12.8",
                                "V": "40000",
                                "W": "8",
                                "Pt": "R",
                                "Dp": "10.3",
                                "$": "240"
                            },
                            {
                                "D": "NNE",
                                "G": "18",
                                "H": "78.6",
                                "P": "1019",
                                "S": "8",
                                "T": "13.5",
                                "V": "45000",
                                "W": "7",
                                "Pt": "R",
                                "Dp": "9.9",
                                "$": "300"
                            },
                            {
                                "D": "NNE",
                                "G": "19",
                                "H": "78.1",
                                "P": "1019",
                                "S": "9",
                                "T": "13.2",
                                "V": "45000",
                                "W": "8",
                                "Pt": "R",
                                "Dp": "9.5",
                                "$": "360"
                            },
                            {
                                "D": "NNE",
                                "G": "19",
                                "H": "72.5",
                                "P": "1020",
                                "S": "11",
                                "T": "13.6",
                                "V": "55000",
                                "W": "8",
                                "Pt": "R",
                                "Dp": "8.8",
                                "$": "420"
                            },
                            {
                                "D": "NNE",
                                "G": "18",
                                "H": "70.6",
                                "P": "1020",
                                "S": "10",
                                "T": "14.3",
                                "V": "55000",
                                "W": "8",
                                "Pt": "R",
                                "Dp": "9.1",
                                "$": "480"
                            },
                            {
                                "D": "NNE",
                                "G": "19",
                                "H": "59.5",
                                "P": "1021",
                                "S": "11",
                                "T": "16.2",
                                "V": "55000",
                                "W": "3",
                                "Pt": "R",
                                "Dp": "8.4",
                                "$": "540"
                            },
                            {
                                "D": "NE",
                                "G": "18",
                                "H": "55.4",
                                "P": "1021",
                                "S": "9",
                                "T": "17.4",
                                "V": "65000",
                                "W": "7",
                                "Pt": "R",
                                "Dp": "8.5",
                                "$": "600"
                            },
                            {
                                "D": "NE",
                                "G": "17",
                                "H": "50.2",
                                "P": "1021",
                                "S": "8",
                                "T": "18.2",
                                "V": "60000",
                                "W": "3",
                                "Pt": "R",
                                "Dp": "7.8",
                                "$": "660"
                            },
                            {
                                "D": "N",
                                "G": "21",
                                "H": "50.3",
                                "P": "1021",
                                "S": "10",
                                "T": "19.6",
                                "V": "60000",
                                "W": "3",
                                "Pt": "R",
                                "Dp": "9.1",
                                "$": "720"
                            },
                            {
                                "D": "ENE",
                                "G": "18",
                                "H": "46.2",
                                "P": "1022",
                                "S": "9",
                                "T": "20.5",
                                "V": "60000",
                                "W": "7",
                                "Pt": "R",
                                "Dp": "8.7",
                                "$": "780"
                            },
                            {
                                "D": "NE",
                                "G": "21",
                                "H": "42.2",
                                "P": "1022",
                                "S": "10",
                                "T": "20.5",
                                "V": "60000",
                                "W": "1",
                                "Pt": "R",
                                "Dp": "7.4",
                                "$": "840"
                            },
                            {
                                "D": "NE",
                                "G": "19",
                                "H": "40.1",
                                "P": "1021",
                                "S": "8",
                                "T": "20.9",
                                "V": "75000",
                                "W": "1",
                                "Pt": "F",
                                "Dp": "7.0",
                                "$": "900"
                            },
                            {
                                "D": "ENE",
                                "G": "17",
                                "H": "40.3",
                                "P": "1021",
                                "S": "8",
                                "T": "20.8",
                                "V": "75000",
                                "W": "1",
                                "Pt": "F",
                                "Dp": "7.0",
                                "$": "960"
                            }
                        ]
                    }
                ]
            }
        }
    }
}