{
    "SiteRep": {
        "Wx": {
            "Param": [
                {
                    "name": "G",
                    "units": "mph",
                    "$": "Wind Gust"
                },
                {
                    "name": "T",
                    "units": "C",
                    "$": "Temperature"
                },
                {
                    "name": "V",
                    "units": "m",
                    "$": "Visibility"
                },
                {
                    "name": "D",
                    "units": "compass",
                    "$": "Wind Direction"
                },
                {
                    "name": "S",
                    "units": "mph",
                    "$": "Wind Speed"
                },
                {
                    "name": "W",
                    "units": "",
                    "$": "Weather Type"
                },
                {
                    "name": "P",
                    "units": "hpa",
                    "$": "Pressure"
                },
                {
                    "name": "Pt",
                    "units": "Pa/s",
                    "$": "Pressure Tendency"
                },
                {
                    "name": "Dp",
                    "units": "C",
                    "$": "Dew Point"
                },
                {
                    "name": "H",
                    "units": "%",
                    "$": "Screen Relative Humidity"
                }
            ]
        },
        "DV": {
            "dataDate": "2024-09-15T16:00:00Z",
            "type": "Obs",
            "Location": {
                "i": "3772",
                "lat": "51.479",
                "lon": "-0.449",
                "name": "HEATHROW",
                "country": "ENGLAND",
                "continent": "EUROPE",
                "elevation": "25.0",
                "Period": [
                    {
                        "type": "Day",
                        "value": "2024-09-14Z",
                        "Rep": [
                            {
                                "D": "WSW",
                                "G": "18",
                                "H": "50.2",
                                "P": "1029",
                                "S": "11",
                                "T": "18.8",
                                "V": "65000",
                                "W": "1",
                                "Pt": "F",
                                "Dp": "8.4",
                                "$": "960"
                            },
                            {
                                "D": "WSW",
                                "G": "17",
                                "H": "50.4",
                                "P": "1029",
                                "S": "10",
                                "T": "18.4",
                                "V": "60000",
                                "W": "1",
                                "Pt": "F",
                                "Dp": "8.1",
                                "$": "1020"
                            },
                            {
                                "D": "WSW",
                                "G": "16",
                                "H": "55.2",
                                "P": "1029",
                                "S": "10",
                                "T": "17.0",
                                "V": "60000",
                                "W": "1",
                                "Pt": "F",
                                "Dp": "8.1",
                                "$": "1080"
                            },
                            {
                                "D": "SSW",
                                "G": "13",
                                "H": "61.0",
                                "P": "1029",
                                "S": "8",
                                "T": "16.2",
                                "V": "55000",
                                "W": "0",
                                "Pt": "F",
                                "Dp": "8.8",
                                "$": "1140"
                            },
                            {
                                "D": "SSW",
                                "G": "16",
                                "H": "65.0",
                                "P": "1029",
                                "S": "9",
                                "T": "14.9",
                                "V": "55000",
                                "W": "0",
                                "Pt": "S",
                                "Dp": "8.5",
                                "$": "1200"
                            },
                            {
                                "D": "SW",
                                "G": "15",
                                "H": "69.5",
                                "P": "1029",
                                "S": "9",
                                "T": "13.7",
                                "V": "60000",
                                "W": "0",
                                "Pt": "S",
                                "Dp": "8.3",
                                "$": "1260"
                            },
                            {
                                "D": "SW",
                                "G": "16",
                                "H": "74.7",
                                "P": "1029",
                                "S": "9",
                                "T": "12.8",
                                "V": "55000",
                                "W": "0",
                                "Pt": "S",
                                "Dp": "8.5",
                                "$": "1320"
                            },
                            {
                                "D": "SW",
                                "G": "15",
                                "H": "81.6",
                                "P": "1029",
                                "S": "6",
                                "T": "11.7",
                                "V": "50000",
                                "W": "0",
                                "Pt": "F",
                                "Dp": "8.7",
                                "$": "1380"
                            }
                        ]
                    },
                    {
                        "type": "Day",
                        "value": "2024-09-15Z",
                        "Rep": [
                            {
                                "D": "SSW",
                                "G": "8",
                                "H": "83.7",
                                "P": "1029",
                                "S": "5",
                                "T": "11.1",
                                "V": "45000",
                                "W": "0",
                                "Pt": "S",
                                "Dp": "8.5",
                                "$": "0"
                            },
                            {
                                "D": "S",
                                "G": "6",
                                "H": "85.8",
                                "P": "1029",
                                "S": "2",
                                "T": "9.3",
                                "V": "40000",
                                "W": "0",
                                "Pt": "F",
                                "Dp": "7.1",
                                "$": "60"
                            },
                            {
                                "D": "SW",
                                "G": "6",
                                "H": "90.8",
                                "P": "1028",
                                "S": "5",
                                "T": "9.5",
                                "V": "35000",
                                "W": "0",
                                "Pt": "F",
                                "Dp": "8.1",
                                "$": "120"
                            },
                            {
                                "D": "SSW",
                                "G": "6",
                                "H": "92.8",
                                "P": "1028",
                                "S": "3",
                                "T": "9.0",
                                "V": "30000",
                                "W": "0",
                                "Pt": "F",
                                "Dp": "7.9",
                                "$": "180"
                            },
                            {
                                "D": "SW",
                                "G": "8",
                                "H": "92.7",
                                "P": "1028",
                                "S": "6",
                                "T": "9.6",
                                "V": "35000",
                                "W": "0",
                                "Pt": "F",
                                "Dp": "8.5",
                                "$": "240"
                            },
                            {
                                "D": "SSW",
                                "G": "9",
                                "H": "91.4",
                                "P": "1028",
                                "S": "6",
                                "T": "9.3",
                                "V": "30000",
                                "W": "0",
                                "Pt": "F",
                                "Dp": "8.0",
                                "$": "300"
                            },
                            {
                                "D": "W",
                                "G": "9",
                                "H": "91.4",
                                "P": "1028",
                                "S": "3",
                                "T": "9.4",
                                "V": "30000",
                                "W": "3",
                                "Pt": "F",
                                "Dp": "8.1",
                                "$": "360"
                            },
                            {
                                "D": "S",
                                "G": "8",
                                "H": "89.1",
                                "P": "1028",
                                "S": "6",
                                "T": "10.5",
                                "V": "35000",
                                "W": "1",
                                "Pt": "R",
                                "Dp": "8.8",
                                "$": "420"
                            },
                            {
                                "D": "S",
                                "G": "8",
                                "H": "85.7",
                                "P": "1028",
                                "S": "3",
                                "T": "12.5",
                                "V": "35000",
                                "W": "1",
                                "Pt": "R",
                                "Dp": "10.2",
                                "$": "480"
                            },
                            {
                                "D": "SW",
                                "G": "10",
                                "H": "76.1",
                                "P": "1028",
                                "S": "7",
                                "T": "14.9",
                                "V": "60000",
                                "W": "1",
                                "Pt": "R",
                                "Dp": "10.8",
                                "$": "540"
                            },
                            {
                                "D": "SW",
                                "G": "16",
                                "H": "66.2",
                                "P": "1027",
                                "S": "11",
                                "T": "17.5",
                                "V": "60000",
                                "W": "7",
                                "Pt": "F",
                                "Dp": "11.2",
                                "$": "600"
                            },
                            {
                                "D": "SW",
                                "G": "21",
                                "H": "56.9",
                                "P": "1027",
                                "S": "13",
                                "T": "19.0",
                                "V": "60000",
                                "W": "1",
                                "Pt": "F",
                                "Dp": "10.4",
                                "$": "660"
                            },
                            {
                                "D": "WSW",
                                "G": "19",
                                "H": "56.0",
                                "P": "1026",
                                "S": "13",
                                "T": "19.4",
                                "V": "75000",
                                "W": "1",
                                "Pt": "F",
                                "Dp": "10.5",
                                "$": "720"
                            },
                            {
                                "D": "WSW",
                                "G": "19",
                                "H": "54.5",
                                "P": "1026",
                                "S": "13",
                                "T": "19.7",
                                "V": "65000",
                                "W": "1",
                                "Pt": "F",
                                "Dp": "10.4",
                                "$": "780"
                            },
                            {
                                "D": "WSW",
                                "G": "18",
                                "H": "55.2",
                                "P": "1026",
                                "S": "11",
                                "T": "19.6",
                                "V": "75000",
                                "W": "7",
                                "Pt": "F",
                                "Dp": "10.5",
                                "$": "840"
                            },
                            {
                                "D": "WSW",
                                "G": "19",
                                "H": "58.8",
                                "P": "1025",
                                "S": "11",
                                "T": "18.5",
                                "V": "60000",
                                "W": "8",
                                "Pt": "F",
                                "Dp": "10.4",
                                "$": "900"
                            },
                            {
                                "D": "WSW",
                                "G": "14",
                                "H": "60.0",
                                "P": "1025",
                                "S": "8",
                                "T": "18.5",
                                "V": "75000",
                                "W": "8",
                                "Pt": "F",
                                "Dp": "10.7",
                                "$": "960"
                            }
                        ]
                    }
                ]
            }
        }
    }
}