{
    "SiteRep": {
        "Wx": {
            "Param": [
                {
                    "name": "G",
                    "units": "mph",
                    "$": "Wind Gust"
                },
                {
                    "name": "T",
                    "units": "C",
                    "$": "Temperature"
                },
                {
                    "name": "V",
                    "units": "m",
                    "$": "Visibility"
                },
                {
                    "name": "D",
                    "units": "compass",
                    "$": "Wind Direction"
                },
                {
                    "name": "S",
                    "units": "mph",
                    "$": "Wind Speed"
                },
                {
                    "name": "W",
                    "units": "",
                    "$": "Weather Type"
                },
                {
                    "name": "P",
                    "units": "hpa",
                    "$": "Pressure"
                },
                {
                    "name": "Pt",
                    "units": "Pa/s",
                    "$": "Pressure Tendency"
                },
                {
                    "name": "Dp",
                    "units": "C",
                    "$": "Dew Point"
                },
                {
                    "name": "H",
                    "units": "%",
                    "$": "Screen Relative Humidity"
                }
            ]
        },
        "DV": {
            "dataDate": "2025-02-11T16:00:00Z",
            "type": "Obs",
            "Location": {
                "i": "3772",
                "lat": "51.479",
                "lon": "-0.449",
                "name": "HEATHROW",
                "country": "ENGLAND",
                "continent": "EUROPE",
                "elevation": "25.0",
                "Period": [
                    {
                        "type": "Day",
                        "value": "2025-02-10Z",
                        "Rep": [
                            {
                                "D": "NNE",
                                "G": "19",
                                "H": "86.0",
                                "P": "1021",
                                "S": "10",
                                "T": "3.8",
                                "V": "4700",
                                "W": "12",
                                "Pt": "F",
                                "Dp": "1.7",
                                "$": "960"
                            },
                            {
                                "D": "NNE",
                                "G": "22",
                                "H": "91.7",
                                "P": "1021",
                                "S": "7",
                                "T": "3.0",
                                "V": "4300",
                                "W": "12",
                                "Pt": "F",
                                "Dp": "1.8",
                                "$": "1020"
                            },
                            {
                                "D": "NNE",
                                "G": "14",
                                "H": "93.6",
                                "P": "1021",
                                "S": "8",
                                "T": "2.9",
                                "V": "4400",
                                "W": "12",
                                "Pt": "F",
                                "Dp": "2.0",
                                "$": "1080"
                            },
                            {
                                "D": "NNE",
                                "G": "17",
                                "H": "92.4",
                                "P": "1021",
                                "S": "7",
                                "T": "2.8",
                                "V": "4300",
                                "W": "12",
                                "Pt": "F",
                                "Dp": "1.7",
                                "$": "1140"
                            },
                            {
                                "D": "N",
                                "G": "16",
                                "H": "92.4",
                                "P": "1020",
                                "S": "8",
                                "T": "2.4",
                                "V": "3900",
                                "W": "12",
                                "Pt": "F",
                                "Dp": "1.3",
                                "$": "1200"
                            },
                            {
                                "D": "N",
                                "G": "16",
                                "H": "91.0",
                                "P": "1020",
                                "S": "8",
                                "T": "2.8",
                                "V": "4500",
                                "W": "8",
                                "Pt": "F",
                                "Dp": "1.5",
                                "$": "1260"
                            },
                            {
                                "D": "N",
                                "G": "15",
                                "H": "91.6",
                                "P": "1020",
                                "S": "7",
                                "T": "2.9",
                                "V": "5000",
                                "W": "8",
                                "Pt": "F",
                                "Dp": "1.7",
                                "$": "1320"
                            },
                            {
                                "D": "N",
                                "G": "16",
                                "H": "90.4",
                                "P": "1020",
                                "S": "7",
                                "T": "3.0",
                                "V": "5000",
                                "W": "5",
                                "Pt": "F",
                                "Dp": "1.6",
                                "$": "1380"
                            }
                        ]
                    },
                    {
                        "type": "Day",
                        "value": "2025-02-11Z",
                        "Rep": [
                            {
                                "D": "N",
                                "G": "14",
                                "H": "89.7",
                                "P": "1020",
                                "S": "6",
                                "T": "3.2",
                                "V": "7000",
                                "W": "5",
                                "Pt": "F",
                                "Dp": "1.7",
                                "$": "0"
                            },
                            {
                                "D": "N",
                                "G": "13",
                                "H": "89.1",
                                "P": "1019",
                                "S": "6",
                                "T": "3.2",
                                "V": "9000",
                                "W": "8",
                                "Pt": "F",
                                "Dp": "1.6",
                                "$": "60"
                            },
                            {
                                "D": "NNW",
                                "G": "13",
                                "H": "89.9",
                                "P": "1019",
                                "S": "5",
                                "T": "3.2",
                                "V": "12000",
                                "W": "8",
                                "Pt": "F",
                                "Dp": "1.7",
                                "$": "120"
                            },
                            {
                                "D": "NNW",
                                "G": "9",
                                "H": "90.2",
                                "P": "1019",
                                "S": "5",
                                "T": "3.2",
                                "V": "12000",
                                "W": "8",
                                "Pt": "F",
                                "Dp": "1.8",
                                "$": "180"
                            },
                            {
                                "D": "NNW",
                                "G": "13",
                                "H": "89.8",
                                "P": "1019",
                                "S": "5",
                                "T": "3.3",
                                "V": "11000",
                                "W": "8",
                                "Pt": "F",
                                "Dp": "1.8",
                                "$": "240"
                            },
                            {
                                "D": "N",
                                "G": "13",
                                "H": "89.9",
                                "P": "1018",
                                "S": "6",
                                "T": "3.2",
                                "V": "10000",
                                "W": "8",
                                "Pt": "F",
                                "Dp": "1.7",
                                "$": "300"
                            },
                            {
                                "D": "N",
                                "G": "10",
                                "H": "89.9",
                                "P": "1018",
                                "S": "3",
                                "T": "3.2",
                                "V": "8000",
                                "W": "5",
                                "Pt": "F",
                                "Dp": "1.7",
                                "$": "360"
                            },
                            {
                                "D": "NNW",
                                "G": "10",
                                "H": "89.8",
                                "P": "1018",
                                "S": "3",
                                "T": "3.3",
                                "V": "8000",
                                "W": "5",
                                "Pt": "F",
                                "Dp": "1.8",
                                "$": "420"
                            },
                            {
                                "D": "NW",
                                "G": "8",
                                "H": "90.4",
                                "P": "1018",
                                "S": "3",
                                "T": "3.4",
                                "V": "7000",
                                "W": "5",
                                "Pt": "R",
                                "Dp": "2.0",
                                "$": "480"
                            },
                            {
                                "D": "NW",
                                "G": "9",
                                "H": "90.4",
                                "P": "1018",
                                "S": "5",
                                "T": "3.5",
                                "V": "6000",
                                "W": "5",
                                "Pt": "S",
                                "Dp": "2.1",
                                "$": "540"
                            },
                            {
                                "D": "NW",
                                "G": "7",
                                "H": "90.6",
                                "P": "1018",
                                "S": "3",
                                "T": "3.7",
                                "V": "5000",
                                "W": "5",
                                "Pt": "S",
                                "Dp": "2.3",
                                "$": "600"
                            },
                            {
                                "D": "WNW",
                                "G": "7",
                                "H": "90.3",
                                "P": "1018",
                                "S": "3",
                                "T": "3.9",
                                "V": "4100",
                                "W": "5",
                                "Pt": "S",
                                "Dp": "2.5",
                                "$": "660"
                            },
                            {
                                "D": "W",
                                "G": "7",
                                "H": "89.2",
                                "P": "1018",
                                "S": "5",
                                "T": "4.2",
                                "V": "4100",
                                "W": "5",
                                "Pt": "S",
                                "Dp": "2.6",
                                "$": "720"
                            },
                            {
                                "D": "WNW",
                                "G": "8",
                                "H": "90.4",
                                "P": "1018",
                                "S": "5",
                                "T": "4.4",
                                "V": "3500",
                                "W": "8",
                                "Pt": "F",
                                "Dp": "3.0",
                                "$": "780"
                            },
                            {
                                "D": "NW",
                                "G": "7",
                                "H": "94.4",
                                "P": "1018",
                                "S": "5",
                                "T": "4.2",
                                "V": "2300",
                                "W": "12",
                                "Pt": "F",
                                "Dp": "3.4",
                                "$": "840"
                            },
                            {
                                "D": "NNW",
                                "G": "10",
                                "H": "88.5",
                                "P": "1017",
                                "S": "5",
                                "T": "4.4",
                                "V": "11000",
                                "W": "8",
                                "Pt": "F",
                                "Dp": "2.7",
                                "$": "900"
                            },
                            {
                                "D": "N",
                                "G": "11",
                                "H": "82.0",
                                "P": "1017",
                                "S": "6",
                                "T": "4.9",
                                "V": "12000",
                                "W": "8",
                                "Pt": "F",
                                "Dp": "2.1",
                                "$": "960"
                            }
                        ]
                    }
                ]
            }
        }
    }
}