{
    "SiteRep": {
        "Wx": {
            "Param": [
                {
                    "name": "G",
                    "units": "mph",
                    "$": "Wind Gust"
                },
                {
                    "name": "T",
                    "units": "C",
                    "$": "Temperature"
                },
                {
                    "name": "V",
                    "units": "m",
                    "$": "Visibility"
                },
                {
                    "name": "D",
                    "units": "compass",
                    "$": "Wind Direction"
                },
                {
                    "name": "S",
                    "units": "mph",
                    "$": "Wind Speed"
                },
                {
                    "name": "W",
                    "units": "",
                    "$": "Weather Type"
                },
                {
                    "name": "P",
                    "units": "hpa",
                    "$": "Pressure"
                },
                {
                    "name": "Pt",
                    "units": "Pa/s",
                    "$": "Pressure Tendency"
                },
                {
                    "name": "Dp",
                    "units": "C",
                    "$": "Dew Point"
                },
                {
                    "name": "H",
                    "units": "%",
                    "$": "Screen Relative Humidity"
                }
            ]
        },
        "DV": {
            "dataDate": "2023-10-19T16:00:00Z",
            "type": "Obs",
            "Location": {
                "i": "3772",
                "lat": "51.479",
                "lon": "-0.449",
                "name": "HEATHROW",
                "country": "ENGLAND",
                "continent": "EUROPE",
                "elevation": "25.0",
                "Period": [
                    {
                        "type": "Day",
                        "value": "2023-10-18Z",
                        "Rep": [
                            {
                                "D": "ENE",
                                "G": "29",
                                "H": "94.9",
                                "P": "987",
                                "S": "14",
                                "T": "12.6",
                                "V": "2400",
                                "W": "12",
                                "Pt": "F",
                                "Dp": "11.8",
                                "$": "960"
                            },
                            {
                                "D": "ENE",
                                "G": "26",
                                "H": "96.8",
                                "P": "985",
                                "S": "17",
                                "T": "13.1",
                                "V": "1100",
                                "W": "12",
                                "Pt": "F",
                                "Dp": "12.6",
                                "$": "1020"
                            },
                            {
                                "D": "ENE",
                                "G": "26",
                                "H": "96.8",
                                "P": "983",
                                "S": "17",
                                "T": "13.9",
                                "V": "3500",
                                "W": "11",
                                "Pt": "F",
                                "Dp": "13.4",
                                "$": "1080"
                            },
                            {
                                "D": "E",
                                "G": "26",
                                "S": "14",
                                "W": "12",
                                "$": "1140"
                            },
                            {
                                "D": "SSE",
                                "G": "19",
                                "H": "98.7",
                                "P": "981",
                                "S": "13",
                                "T": "16.5",
                                "V": "5000",
                                "W": "15",
                                "Pt": "F",
                                "Dp": "16.3",
                                "$": "1200"
                            },
                            {
                                "D": "SSW",
                                "G": "39",
                                "H": "89.8",
                                "P": "982",
                                "S": "23",
                                "T": "17.2",
                                "V": "45000",
                                "W": "8",
                                "Pt": "F",
                                "Dp": "15.5",
                                "$": "1260"
                            },
                            {
                                "D": "SSW",
                                "G": "36",
                                "H": "88.1",
                                "P": "984",
                                "S": "23",
                                "T": "16.2",
                                "V": "75000",
                                "W": "8",
                                "Pt": "R",
                                "Dp": "14.2",
                                "$": "1320"
                            },
                            {
                                "D": "SSW",
                                "G": "33",
                                "H": "93.2",
                                "P": "984",
                                "S": "17",
                                "T": "15.4",
                                "V": "8000",
                                "W": "11",
                                "Pt": "R",
                                "Dp": "14.3",
                                "$": "1380"
                            }
                        ]
                    },
                    {
                        "type": "Day",
                        "value": "2023-10-19Z",
                        "Rep": [
                            {
                                "D": "SSW",
                                "G": "32",
                                "H": "90.8",
                                "P": "985",
                                "S": "21",
                                "T": "14.9",
                                "V": "28000",
                                "W": "8",
                                "Pt": "R",
                                "Dp": "13.4",
                                "$": "0"
                            },
                            {
                                "D": "SW",
                                "G": "33",
                                "H": "87.9",
                                "P": "986",
                                "S": "16",
                                "T": "14.3",
                                "V": "30000",
                                "W": "8",
                                "Pt": "R",
                                "Dp": "12.3",
                                "$": "60"
                            },
                            {
                                "D": "S",
                                "G": "22",
                                "H": "93.2",
                                "P": "986",
                                "S": "10",
                                "T": "14.3",
                                "V": "16000",
                                "W": "8",
                                "Pt": "R",
                                "Dp": "13.2",
                                "$": "120"
                            },
                            {
                                "D": "SSE",
                                "G": "11",
                                "H": "95.6",
                                "P": "985",
                                "S": "7",
                                "T": "14.8",
                                "V": "30000",
                                "W": "8",
                                "Pt": "R",
                                "Dp": "14.1",
                                "$": "180"
                            },
                            {
                                "D": "SSE",
                                "G": "16",
                                "H": "92.6",
                                "P": "985",
                                "S": "11",
                                "T": "15.9",
                                "V": "20000",
                                "W": "8",
                                "Pt": "F",
                                "Dp": "14.7",
                                "$": "240"
                            },
                            {
                                "D": "SSE",
                                "G": "19",
                                "H": "93.8",
                                "P": "984",
                                "S": "11",
                                "T": "15.7",
                                "V": "2700",
                                "W": "12",
                                "Pt": "F",
                                "Dp": "14.7",
                                "$": "300"
                            },
                            {
                                "D": "S",
                                "G": "23",
                                "H": "93.8",
                                "P": "984",
                                "S": "13",
                                "T": "15.8",
                                "V": "23000",
                                "W": "8",
                                "Pt": "F",
                                "Dp": "14.8",
                                "$": "360"
                            },
                            {
                                "D": "S",
                                "G": "21",
                                "H": "90.3",
                                "P": "984",
                                "S": "11",
                                "T": "16.1",
                                "V": "20000",
                                "W": "11",
                                "Pt": "F",
                                "Dp": "14.5",
                                "$": "420"
                            },
                            {
                                "D": "SSE",
                                "G": "19",
                                "H": "89.7",
                                "P": "984",
                                "S": "10",
                                "T": "16.5",
                                "V": "21000",
                                "W": "8",
                                "Pt": "F",
                                "Dp": "14.8",
                                "$": "480"
                            },
                            {
                                "D": "SSE",
                                "G": "18",
                                "H": "87.6",
                                "P": "984",
                                "S": "11",
                                "T": "17.0",
                                "V": "22000",
                                "W": "8",
                                "Pt": "S",
                                "Dp": "14.9",
                                "$": "540"
                            },
                            {
                                "D": "SSE",
                                "G": "21",
                                "H": "87.6",
                                "P": "984",
                                "S": "9",
                                "T": "17.4",
                                "V": "18000",
                                "W": "8",
                                "Pt": "F",
                                "Dp": "15.3",
                                "$": "600"
                            },
                            {
                                "D": "S",
                                "G": "22",
                                "H": "87.0",
                                "P": "984",
                                "S": "11",
                                "T": "17.3",
                                "V": "20000",
                                "W": "12",
                                "Pt": "S",
                                "Dp": "15.1",
                                "$": "660"
                            },
                            {
                                "D": "SE",
                                "G": "23",
                                "H": "87.6",
                                "P": "983",
                                "S": "14",
                                "T": "17.3",
                                "V": "17000",
                                "W": "12",
                                "Pt": "F",
                                "Dp": "15.2",
                                "$": "720"
                            },
                            {
                                "D": "SSE",
                                "G": "22",
                                "H": "88.7",
                                "P": "983",
                                "S": "13",
                                "T": "18.3",
                                "V": "25000",
                                "W": "12",
                                "Pt": "F",
                                "Dp": "16.4",
                                "$": "780"
                            },
                            {
                                "D": "SSE",
                                "G": "24",
                                "H": "80.7",
                                "P": "983",
                                "S": "14",
                                "T": "17.9",
                                "V": "35000",
                                "W": "7",
                                "Pt": "F",
                                "Dp": "14.5",
                                "$": "840"
                            },
                            {
                                "D": "SSE",
                                "G": "22",
                                "H": "83.2",
                                "P": "982",
                                "S": "13",
                                "T": "17.7",
                                "V": "28000",
                                "W": "8",
                                "Pt": "F",
                                "Dp": "14.8",
                                "$": "900"
                            },
                            {
                                "D": "SE",
                                "G": "19",
                                "H": "86.9",
                                "P": "982",
                                "S": "9",
                                "T": "17.1",
                                "V": "23000",
                                "W": "7",
                                "Pt": "F",
                                "Dp": "14.9",
                                "$": "960"
                            }
                        ]
                    }
                ]
            }
        }
    }
}