{
    "SiteRep": {
        "Wx": {
            "Param": [
                {
                    "name": "G",
                    "units": "mph",
                    "$": "Wind Gust"
                },
                {
                    "name": "T",
                    "units": "C",
                    "$": "Temperature"
                },
                {
                    "name": "V",
                    "units": "m",
                    "$": "Visibility"
                },
                {
                    "name": "D",
                    "units": "compass",
                    "$": "Wind Direction"
                },
                {
                    "name": "S",
                    "units": "mph",
                    "$": "Wind Speed"
                },
                {
                    "name": "W",
                    "units": "",
                    "$": "Weather Type"
                },
                {
                    "name": "P",
                    "units": "hpa",
                    "$": "Pressure"
                },
                {
                    "name": "Pt",
                    "units": "Pa/s",
                    "$": "Pressure Tendency"
                },
                {
                    "name": "Dp",
                    "units": "C",
                    "$": "Dew Point"
                },
                {
                    "name": "H",
                    "units": "%",
                    "$": "Screen Relative Humidity"
                }
            ]
        },
        "DV": {
            "dataDate": "2024-11-13T16:00:00Z",
            "type": "Obs",
            "Location": {
                "i": "3772",
                "lat": "51.479",
                "lon": "-0.449",
                "name": "HEATHROW",
                "country": "ENGLAND",
                "continent": "EUROPE",
                "elevation": "25.0",
                "Period": [
                    {
                        "type": "Day",
                        "value": "2024-11-12Z",
                        "Rep": [
                            {
                                "D": "NNE",
                                "G": "23",
                                "H": "71.3",
                                "P": "1034",
                                "S": "11",
                                "T": "11.5",
                                "V": "30000",
                                "W": "8",
                                "Pt": "F",
                                "Dp": "6.6",
                                "$": "960"
                            },
                            {
                                "D": "NNE",
                                "G": "21",
                                "H": "75.4",
                                "P": "1035",
                                "S": "9",
                                "T": "10.9",
                                "V": "29000",
                                "W": "8",
                                "Pt": "R",
                                "Dp": "6.8",
                                "$": "1020"
                            },
                            {
                                "D": "NE",
                                "G": "22",
                                "H": "81.9",
                                "P": "1035",
                                "S": "9",
                                "T": "10.3",
                                "V": "18000",
                                "W": "8",
                                "Pt": "R",
                                "Dp": "7.4",
                                "$": "1080"
                            },
                            {
                                "D": "NNE",
                                "G": "21",
                                "H": "87.7",
                                "P": "1036",
                                "S": "6",
                                "T": "9.7",
                                "V": "20000",
                                "W": "8",
                                "Pt": "R",
                                "Dp": "7.8",
                                "$": "1140"
                            },
                            {
                                "D": "NNE",
                                "G": "18",
                                "H": "87.1",
                                "P": "1036",
                                "S": "7",
                                "T": "9.8",
                                "V": "29000",
                                "W": "8",
                                "Pt": "R",
                                "Dp": "7.8",
                                "$": "1200"
                            },
                            {
                                "D": "NNE",
                                "G": "16",
                                "H": "87.1",
                                "P": "1036",
                                "S": "8",
                                "T": "9.5",
                                "V": "28000",
                                "W": "8",
                                "Pt": "R",
                                "Dp": "7.5",
                                "$": "1260"
                            },
                            {
                                "D": "NNE",
                                "G": "16",
                                "H": "87.6",
                                "P": "1036",
                                "S": "8",
                                "T": "9.3",
                                "V": "28000",
                                "W": "8",
                                "Pt": "S",
                                "Dp": "7.4",
                                "$": "1320"
                            },
                            {
                                "D": "NNE",
                                "G": "16",
                                "H": "87.6",
                                "P": "1035",
                                "S": "7",
                                "T": "9.2",
                                "V": "26000",
                                "W": "8",
                                "Pt": "F",
                                "Dp": "7.3",
                                "$": "1380"
                            }
                        ]
                    },
                    {
                        "type": "Day",
                        "value": "2024-11-13Z",
                        "Rep": [
                            {
                                "D": "NE",
                                "G": "15",
                                "H": "88.2",
                                "P": "1035",
                                "S": "6",
                                "T": "9.1",
                                "V": "25000",
                                "W": "8",
                                "Pt": "F",
                                "Dp": "7.3",
                                "$": "0"
                            },
                            {
                                "D": "NNE",
                                "G": "14",
                                "H": "86.4",
                                "P": "1035",
                                "S": "7",
                                "T": "9.0",
                                "V": "26000",
                                "W": "8",
                                "Pt": "F",
                                "Dp": "6.9",
                                "$": "60"
                            },
                            {
                                "D": "NE",
                                "G": "13",
                                "H": "86.9",
                                "P": "1035",
                                "S": "5",
                                "T": "8.5",
                                "V": "24000",
                                "W": "8",
                                "Pt": "F",
                                "Dp": "6.5",
                                "$": "120"
                            },
                            {
                                "D": "NNE",
                                "G": "10",
                                "H": "87.7",
                                "P": "1035",
                                "S": "3",
                                "T": "8.3",
                                "V": "24000",
                                "W": "8",
                                "Pt": "F",
                                "Dp": "6.4",
                                "$": "180"
                            },
                            {
                                "D": "N",
                                "G": "10",
                                "H": "88.1",
                                "P": "1035",
                                "S": "5",
                                "T": "8.2",
                                "V": "25000",
                                "W": "8",
                                "Pt": "F",
                                "Dp": "6.4",
                                "$": "240"
                            },
                            {
                                "D": "NNE",
                                "G": "13",
                                "H": "87.6",
                                "P": "1035",
                                "S": "5",
                                "T": "8.2",
                                "V": "24000",
                                "W": "8",
                                "Pt": "R",
                                "Dp": "6.3",
                                "$": "300"
                            },
                            {
                                "D": "NNE",
                                "G": "9",
                                "H": "87.6",
                                "P": "1035",
                                "S": "5",
                                "T": "8.3",
                                "V": "24000",
                                "W": "8",
                                "Pt": "R",
                                "Dp": "6.4",
                                "$": "360"
                            },
                            {
                                "D": "NNE",
                                "G": "11",
                                "H": "85.8",
                                "P": "1036",
                                "S": "6",
                                "T": "8.5",
                                "V": "26000",
                                "W": "8",
                                "Pt": "R",
                                "Dp": "6.3",
                                "$": "420"
                            },
                            {
                                "D": "N",
                                "G": "10",
                                "H": "86.4",
                                "P": "1036",
                                "S": "5",
                                "T": "8.1",
                                "V": "21000",
                                "W": "7",
                                "Pt": "R",
                                "Dp": "6.0",
                                "$": "480"
                            },
                            {
                                "D": "NNE",
                                "G": "9",
                                "H": "87.5",
                                "P": "1036",
                                "S": "5",
                                "T": "7.8",
                                "V": "23000",
                                "W": "1",
                                "Pt": "R",
                                "Dp": "5.9",
                                "$": "540"
                            },
                            {
                                "D": "NE",
                                "G": "8",
                                "H": "81.1",
                                "P": "1036",
                                "S": "3",
                                "T": "9.5",
                                "V": "23000",
                                "W": "1",
                                "Pt": "R",
                                "Dp": "6.5",
                                "$": "600"
                            },
                            {
                                "D": "NNE",
                                "G": "10",
                                "H": "74.8",
                                "P": "1036",
                                "S": "3",
                                "T": "10.8",
                                "V": "11000",
                                "W": "1",
                                "Pt": "F",
                                "Dp": "6.6",
                                "$": "660"
                            },
                            {
                                "D": "N",
                                "G": "7",
                                "H": "74.9",
                                "P": "1035",
                                "S": "5",
                                "T": "11.2",
                                "V": "25000",
                                "W": "3",
                                "Pt": "F",
                                "Dp": "7.0",
                                "$": "720"
                            },
                            {
                                "D": "NNW",
                                "G": "11",
                                "H": "70.4",
                                "P": "1035",
                                "S": "6",
                                "T": "12.0",
                                "V": "27000",
                                "W": "7",
                                "Pt": "F",
                                "Dp": "6.9",
                                "$": "780"
                            },
                            {
                                "D": "N",
                                "G": "14",
                                "H": "66.6",
                                "P": "1035",
                                "S": "8",
                                "T": "11.9",
                                "V": "27000",
                                "W": "7",
                                "Pt": "F",
                                "Dp": "6.0",
                                "$": "840"
                            },
                            {
                                "D": "NW",
                                "G": "13",
                                "H": "69.8",
                                "P": "1034",
                                "S": "5",
                                "T": "11.3",
                                "V": "21000",
                                "W": "3",
                                "Pt": "F",
                                "Dp": "6.1",
                                "$": "900"
                            },
                            {
                                "D": "NW",
                                "G": "8",
                                "H": "69.8",
                                "P": "1034",
                                "S": "3",
                                "T": "11.0",
                                "V": "25000",
                                "W": "1",
                                "Pt": "F",
                                "Dp": "5.8",
                                "$": "960"
                            }
                        ]
                    }
                ]
            }
        }
    }
}