{
    "SiteRep": {
        "Wx": {
            "Param": [
                {
                    "name": "G",
                    "units": "mph",
                    "$": "Wind Gust"
                },
                {
                    "name": "T",
                    "units": "C",
                    "$": "Temperature"
                },
                {
                    "name": "V",
                    "units": "m",
                    "$": "Visibility"
                },
                {
                    "name": "D",
                    "units": "compass",
                    "$": "Wind Direction"
                },
                {
                    "name": "S",
                    "units": "mph",
                    "$": "Wind Speed"
                },
                {
                    "name": "W",
                    "units": "",
                    "$": "Weather Type"
                },
                {
                    "name": "P",
                    "units": "hpa",
                    "$": "Pressure"
                },
                {
                    "name": "Pt",
                    "units": "Pa/s",
                    "$": "Pressure Tendency"
                },
                {
                    "name": "Dp",
                    "units": "C",
                    "$": "Dew Point"
                },
                {
                    "name": "H",
                    "units": "%",
                    "$": "Screen Relative Humidity"
                }
            ]
        },
        "DV": {
            "dataDate": "2024-12-19T16:00:00Z",
            "type": "Obs",
            "Location": {
                "i": "3772",
                "lat": "51.479",
                "lon": "-0.449",
                "name": "HEATHROW",
                "country": "ENGLAND",
                "continent": "EUROPE",
                "elevation": "25.0",
                "Period": [
                    {
                        "type": "Day",
                        "value": "2024-12-18Z",
                        "Rep": [
                            {
                                "D": "SW",
                                "G": "26",
                                "H": "76.1",
                                "P": "1007",
                                "S": "15",
                                "T": "13.0",
                                "V": "30000",
                                "W": "8",
                                "Pt": "F",
                                "Dp": "8.9",
                                "$": "960"
                            },
                            {
                                "D": "S",
                                "G": "21",
                                "H": "93.6",
                                "P": "1006",
                                "S": "10",
                                "T": "11.7",
                                "V": "2500",
                                "W": "12",
                                "Pt": "F",
                                "Dp": "10.7",
                                "$": "1020"
                            },
                            {
                                "D": "SSW",
                                "G": "22",
                                "H": "96.1",
                                "P": "1004",
                                "S": "14",
                                "T": "12.1",
                                "V": "21000",
                                "W": "12",
                                "Pt": "F",
                                "Dp": "11.5",
                                "$": "1080"
                            },
                            {
                                "D": "SSW",
                                "G": "26",
                                "H": "88.8",
                                "P": "1003",
                                "S": "15",
                                "T": "13.0",
                                "V": "17000",
                                "W": "12",
                                "Pt": "F",
                                "Dp": "11.2",
                                "$": "1140"
                            },
                            {
                                "D": "S",
                                "G": "24",
                                "H": "90.0",
                                "P": "1001",
                                "S": "16",
                                "T": "12.6",
                                "V": "13000",
                                "W": "12",
                                "Pt": "F",
                                "Dp": "11.0",
                                "$": "1200"
                            },
                            {
                                "D": "S",
                                "G": "29",
                                "H": "94.2",
                                "P": "999",
                                "S": "17",
                                "T": "12.7",
                                "V": "11000",
                                "W": "12",
                                "Pt": "F",
                                "Dp": "11.8",
                                "$": "1260"
                            },
                            {
                                "D": "SSW",
                                "G": "29",
                                "H": "91.2",
                                "P": "997",
                                "S": "19",
                                "T": "13.5",
                                "V": "23000",
                                "W": "12",
                                "Pt": "F",
                                "Dp": "12.1",
                                "$": "1320"
                            },
                            {
                                "D": "SW",
                                "G": "29",
                                "H": "86.0",
                                "P": "996",
                                "S": "16",
                                "T": "13.4",
                                "V": "40000",
                                "W": "8",
                                "Pt": "F",
                                "Dp": "11.1",
                                "$": "1380"
                            }
                        ]
                    },
                    {
                        "type": "Day",
                        "value": "2024-12-19Z",
                        "Rep": [
                            {
                                "D": "SW",
                                "G": "23",
                                "H": "84.2",
                                "P": "996",
                                "S": "15",
                                "T": "13.0",
                                "V": "27000",
                                "W": "8",
                                "Pt": "F",
                                "Dp": "10.4",
                                "$": "0"
                            },
                            {
                                "D": "SSW",
                                "G": "28",
                                "H": "87.6",
                                "P": "995",
                                "S": "18",
                                "T": "12.5",
                                "V": "18000",
                                "W": "12",
                                "Pt": "F",
                                "Dp": "10.5",
                                "$": "60"
                            },
                            {
                                "D": "WNW",
                                "G": "38",
                                "H": "87.3",
                                "P": "996",
                                "S": "19",
                                "T": "9.0",
                                "V": "75000",
                                "W": "15",
                                "Pt": "F",
                                "Dp": "7.0",
                                "$": "120"
                            },
                            {
                                "D": "WNW",
                                "G": "30",
                                "H": "86.4",
                                "P": "998",
                                "S": "15",
                                "T": "7.0",
                                "V": "75000",
                                "W": "12",
                                "Pt": "R",
                                "Dp": "4.9",
                                "$": "180"
                            },
                            {
                                "D": "WNW",
                                "G": "26",
                                "H": "85.2",
                                "P": "1000",
                                "S": "11",
                                "T": "6.8",
                                "V": "75000",
                                "W": "8",
                                "Pt": "R",
                                "Dp": "4.5",
                                "$": "240"
                            },
                            {
                                "D": "WNW",
                                "G": "19",
                                "H": "81.8",
                                "P": "1001",
                                "S": "13",
                                "T": "7.1",
                                "V": "75000",
                                "W": "8",
                                "Pt": "R",
                                "Dp": "4.2",
                                "$": "300"
                            },
                            {
                                "D": "WNW",
                                "G": "24",
                                "H": "78.9",
                                "P": "1002",
                                "S": "16",
                                "T": "6.9",
                                "V": "75000",
                                "W": "8",
                                "Pt": "R",
                                "Dp": "3.5",
                                "$": "360"
                            },
                            {
                                "D": "WNW",
                                "G": "28",
                                "H": "79.3",
                                "P": "1003",
                                "S": "15",
                                "T": "6.4",
                                "V": "75000",
                                "W": "12",
                                "Pt": "R",
                                "Dp": "3.1",
                                "$": "420"
                            },
                            {
                                "D": "WNW",
                                "G": "21",
                                "H": "79.8",
                                "P": "1004",
                                "S": "13",
                                "T": "6.1",
                                "V": "75000",
                                "W": "8",
                                "Pt": "R",
                                "Dp": "2.9",
                                "$": "480"
                            },
                            {
                                "D": "W",
                                "G": "21",
                                "H": "80.3",
                                "P": "1005",
                                "S": "13",
                                "T": "5.7",
                                "V": "75000",
                                "W": "7",
                                "Pt": "R",
                                "Dp": "2.6",
                                "$": "540"
                            },
                            {
                                "D": "WNW",
                                "G": "22",
                                "H": "74.3",
                                "P": "1007",
                                "S": "11",
                                "T": "6.3",
                                "V": "75000",
                                "W": "1",
                                "Pt": "R",
                                "Dp": "2.1",
                                "$": "600"
                            },
                            {
                                "D": "W",
                                "G": "22",
                                "H": "70.9",
                                "P": "1007",
                                "S": "11",
                                "T": "6.8",
                                "V": "75000",
                                "W": "3",
                                "Pt": "R",
                                "Dp": "1.9",
                                "$": "660"
                            },
                            {
                                "D": "W",
                                "G": "25",
                                "H": "68.3",
                                "P": "1008",
                                "S": "16",
                                "T": "7.2",
                                "V": "60000",
                                "W": "7",
                                "Pt": "R",
                                "Dp": "1.8",
                                "$": "720"
                            },
                            {
                                "D": "WNW",
                                "G": "28",
                                "H": "67.4",
                                "P": "1009",
                                "S": "14",
                                "T": "7.2",
                                "V": "65000",
                                "W": "8",
                                "Pt": "R",
                                "Dp": "1.6",
                                "$": "780"
                            },
                            {
                                "D": "WNW",
                                "G": "28",
                                "H": "64.4",
                                "P": "1009",
                                "S": "16",
                                "T": "6.9",
                                "V": "75000",
                                "W": "8",
                                "Pt": "R",
                                "Dp": "0.7",
                                "$": "840"
                            },
                            {
                                "D": "WNW",
                                "G": "29",
                                "H": "67.3",
                                "P": "1011",
                                "S": "11",
                                "T": "6.8",
                                "V": "75000",
                                "W": "7",
                                "Pt": "R",
                                "Dp": "1.2",
                                "$": "900"
                            },
                            {
                                "D": "WNW",
                                "G": "25",
                                "H": "69.0",
                                "P": "1012",
                                "S": "14",
                                "T": "6.4",
                                "V": "75000",
                                "W": "8",
                                "Pt": "R",
                                "Dp": "1.2",
                                "$": "960"
                            }
                        ]
                    }
                ]
            }
        }
    }
}