{
    "SiteRep": {
        "Wx": {
            "Param": [
                {
                    "name": "G",
                    "units": "mph",
                    "$": "Wind Gust"
                },
                {
                    "name": "T",
                    "units": "C",
                    "$": "Temperature"
                },
                {
                    "name": "V",
                    "units": "m",
                    "$": "Visibility"
                },
                {
                    "name": "D",
                    "units": "compass",
                    "$": "Wind Direction"
                },
                {
                    "name": "S",
                    "units": "mph",
                    "$": "Wind Speed"
                },
                {
                    "name": "W",
                    "units": "",
                    "$": "Weather Type"
                },
                {
                    "name": "P",
                    "units": "hpa",
                    "$": "Pressure"
                },
                {
                    "name": "Pt",
                    "units": "Pa/s",
                    "$": "Pressure Tendency"
                },
                {
                    "name": "Dp",
                    "units": "C",
                    "$": "Dew Point"
                },
                {
                    "name": "H",
                    "units": "%",
                    "$": "Screen Relative Humidity"
                }
            ]
        },
        "DV": {
            "dataDate": "2024-09-22T16:00:00Z",
            "type": "Obs",
            "Location": {
                "i": "3772",
                "lat": "51.479",
                "lon": "-0.449",
                "name": "HEATHROW",
                "country": "ENGLAND",
                "continent": "EUROPE",
                "elevation": "25.0",
                "Period": [
                    {
                        "type": "Day",
                        "value": "2024-09-21Z",
                        "Rep": [
                            {
                                "D": "E",
                                "G": "16",
                                "H": "54.3",
                                "P": "1015",
                                "S": "9",
                                "T": "22.4",
                                "V": "40000",
                                "W": "3",
                                "Pt": "F",
                                "Dp": "12.8",
                                "$": "960"
                            },
                            {
                                "D": "E",
                                "G": "15",
                                "H": "57.8",
                                "P": "1015",
                                "S": "10",
                                "T": "21.7",
                                "V": "40000",
                                "W": "1",
                                "Pt": "F",
                                "Dp": "13.1",
                                "$": "1020"
                            },
                            {
                                "D": "E",
                                "G": "15",
                                "H": "65.3",
                                "P": "1015",
                                "S": "6",
                                "T": "20.5",
                                "V": "30000",
                                "W": "0",
                                "Pt": "S",
                                "Dp": "13.8",
                                "$": "1080"
                            },
                            {
                                "D": "E",
                                "G": "11",
                                "H": "73.6",
                                "P": "1016",
                                "S": "6",
                                "T": "19.6",
                                "V": "20000",
                                "W": "0",
                                "Pt": "R",
                                "Dp": "14.8",
                                "$": "1140"
                            },
                            {
                                "D": "ENE",
                                "G": "10",
                                "H": "76.6",
                                "P": "1016",
                                "S": "5",
                                "T": "19.4",
                                "V": "12000",
                                "W": "8",
                                "Pt": "R",
                                "Dp": "15.2",
                                "$": "1200"
                            },
                            {
                                "D": "ENE",
                                "G": "11",
                                "H": "78.5",
                                "P": "1015",
                                "S": "6",
                                "T": "18.9",
                                "V": "9000",
                                "W": "5",
                                "Pt": "R",
                                "Dp": "15.1",
                                "$": "1260"
                            },
                            {
                                "D": "E",
                                "G": "13",
                                "H": "83.1",
                                "P": "1016",
                                "S": "6",
                                "T": "18.3",
                                "V": "6000",
                                "W": "12",
                                "Pt": "F",
                                "Dp": "15.4",
                                "$": "1320"
                            },
                            {
                                "D": "NE",
                                "G": "16",
                                "H": "92.1",
                                "P": "1015",
                                "S": "6",
                                "T": "17.7",
                                "V": "2800",
                                "W": "12",
                                "Pt": "F",
                                "Dp": "16.4",
                                "$": "1380"
                            }
                        ]
                    },
                    {
                        "type": "Day",
                        "value": "2024-09-22Z",
                        "Rep": [
                            {
                                "D": "E",
                                "G": "18",
                                "H": "91.4",
                                "P": "1015",
                                "S": "10",
                                "T": "17.3",
                                "V": "1100",
                                "W": "15",
                                "Pt": "F",
                                "Dp": "15.9",
                                "$": "0"
                            },
                            {
                                "D": "E",
                                "G": "17",
                                "H": "91.3",
                                "P": "1015",
                                "S": "5",
                                "T": "16.6",
                                "V": "23000",
                                "W": "12",
                                "Pt": "F",
                                "Dp": "15.2",
                                "$": "60"
                            },
                            {
                                "D": "NE",
                                "G": "9",
                                "H": "93.2",
                                "P": "1015",
                                "S": "6",
                                "T": "16.5",
                                "V": "18000",
                                "W": "12",
                                "Pt": "F",
                                "Dp": "15.4",
                                "$": "120"
                            },
                            {
                                "D": "ENE",
                                "G": "15",
                                "H": "94.4",
                                "P": "1014",
                                "S": "7",
                                "T": "16.2",
                                "V": "3100",
                                "W": "15",
                                "Pt": "F",
                                "Dp": "15.3",
                                "$": "180"
                            },
                            {
                                "D": "NNE",
                                "G": "13",
                                "H": "96.9",
                                "P": "1013",
                                "S": "8",
                                "T": "16.2",
                                "V": "2300",
                                "W": "12",
                                "Pt": "F",
                                "Dp": "15.7",
                                "$": "240"
                            },
                            {
                                "D": "NNE",
                                "G": "13",
                                "H": "96.2",
                                "P": "1013",
                                "S": "7",
                                "T": "16.1",
                                "V": "6000",
                                "W": "12",
                                "Pt": "F",
                                "Dp": "15.5",
                                "$": "300"
                            },
                            {
                                "D": "ENE",
                                "G": "11",
                                "H": "96.8",
                                "P": "1013",
                                "S": "5",
                                "T": "16.1",
                                "V": "3400",
                                "W": "12",
                                "Pt": "F",
                                "Dp": "15.6",
                                "$": "360"
                            },
                            {
                                "D": "NE",
                                "G": "14",
                                "H": "95.6",
                                "P": "1012",
                                "S": "8",
                                "T": "16.1",
                                "V": "2300",
                                "W": "12",
                                "Pt": "F",
                                "Dp": "15.4",
                                "$": "420"
                            },
                            {
                                "D": "NE",
                                "G": "14",
                                "H": "96.2",
                                "P": "1012",
                                "S": "7",
                                "T": "16.1",
                                "V": "3200",
                                "W": "12",
                                "Pt": "F",
                                "Dp": "15.5",
                                "$": "480"
                            },
                            {
                                "D": "ENE",
                                "G": "11",
                                "H": "95.6",
                                "P": "1012",
                                "S": "6",
                                "T": "16.9",
                                "V": "2900",
                                "W": "8",
                                "Pt": "F",
                                "Dp": "16.2",
                                "$": "540"
                            },
                            {
                                "D": "ENE",
                                "G": "11",
                                "H": "95.7",
                                "P": "1012",
                                "S": "6",
                                "T": "17.5",
                                "V": "3000",
                                "W": "8",
                                "Pt": "F",
                                "Dp": "16.8",
                                "$": "600"
                            },
                            {
                                "D": "ENE",
                                "G": "10",
                                "H": "91.0",
                                "P": "1011",
                                "S": "7",
                                "T": "18.7",
                                "V": "4600",
                                "W": "5",
                                "Pt": "F",
                                "Dp": "17.2",
                                "$": "660"
                            },
                            {
                                "D": "E",
                                "G": "13",
                                "H": "87.1",
                                "P": "1011",
                                "S": "8",
                                "T": "19.5",
                                "V": "8000",
                                "W": "5",
                                "Pt": "F",
                                "Dp": "17.3",
                                "$": "720"
                            },
                            {
                                "D": "ESE",
                                "G": "14",
                                "H": "83.3",
                                "P": "1010",
                                "S": "8",
                                "T": "19.9",
                                "V": "21000",
                                "W": "8",
                                "Pt": "F",
                                "Dp": "17.0",
                                "$": "780"
                            },
                            {
                                "D": "SE",
                                "G": "15",
                                "H": "76.8",
                                "P": "1010",
                                "S": "10",
                                "T": "20.8",
                                "V": "23000",
                                "W": "8",
                                "Pt": "F",
                                "Dp": "16.6",
                                "$": "840"
                            },
                            {
                                "D": "SE",
                                "G": "18",
                                "H": "80.8",
                                "P": "1009",
                                "S": "10",
                                "T": "20.3",
                                "V": "35000",
                                "W": "7",
                                "Pt": "F",
                                "Dp": "16.9",
                                "$": "900"
                            },
                            {
                                "D": "SSE",
                                "G": "16",
                                "H": "79.2",
                                "P": "1009",
                                "S": "8",
                                "T": "19.9",
                                "V": "35000",
                                "W": "8",
                                "Pt": "F",
                                "Dp": "16.2",
                                "$": "960"
                            }
                        ]
                    }
                ]
            }
        }
    }
}