{
    "SiteRep": {
        "Wx": {
            "Param": [
                {
                    "name": "G",
                    "units": "mph",
                    "$": "Wind Gust"
                },
                {
                    "name": "T",
                    "units": "C",
                    "$": "Temperature"
                },
                {
                    "name": "V",
                    "units": "m",
                    "$": "Visibility"
                },
                {
                    "name": "D",
                    "units": "compass",
                    "$": "Wind Direction"
                },
                {
                    "name": "S",
                    "units": "mph",
                    "$": "Wind Speed"
                },
                {
                    "name": "W",
                    "units": "",
                    "$": "Weather Type"
                },
                {
                    "name": "P",
                    "units": "hpa",
                    "$": "Pressure"
                },
                {
                    "name": "Pt",
                    "units": "Pa/s",
                    "$": "Pressure Tendency"
                },
                {
                    "name": "Dp",
                    "units": "C",
                    "$": "Dew Point"
                },
                {
                    "name": "H",
                    "units": "%",
                    "$": "Screen Relative Humidity"
                }
            ]
        },
        "DV": {
            "dataDate": "2025-04-18T15:00:00Z",
            "type": "Obs",
            "Location": {
                "i": "3772",
                "lat": "51.479",
                "lon": "-0.449",
                "name": "HEATHROW",
                "country": "ENGLAND",
                "continent": "EUROPE",
                "elevation": "25.0",
                "Period": [
                    {
                        "type": "Day",
                        "value": "2025-04-17Z",
                        "Rep": [
                            {
                                "D": "S",
                                "G": "11",
                                "H": "34.4",
                                "P": "1011",
                                "S": "6",
                                "T": "18.1",
                                "V": "65000",
                                "W": "8",
                                "Pt": "F",
                                "Dp": "2.3",
                                "$": "960"
                            },
                            {
                                "D": "S",
                                "G": "19",
                                "H": "33.4",
                                "P": "1011",
                                "S": "10",
                                "T": "16.7",
                                "V": "75000",
                                "W": "1",
                                "Pt": "F",
                                "Dp": "0.7",
                                "$": "1020"
                            },
                            {
                                "D": "S",
                                "G": "19",
                                "H": "30.7",
                                "P": "1012",
                                "S": "13",
                                "T": "15.4",
                                "V": "75000",
                                "W": "1",
                                "Pt": "R",
                                "Dp": "-1.6",
                                "$": "1080"
                            },
                            {
                                "D": "S",
                                "G": "17",
                                "H": "38.7",
                                "P": "1012",
                                "S": "10",
                                "T": "13.9",
                                "V": "65000",
                                "W": "0",
                                "Pt": "R",
                                "Dp": "0.2",
                                "$": "1140"
                            },
                            {
                                "D": "SSE",
                                "G": "13",
                                "H": "42.7",
                                "P": "1013",
                                "S": "8",
                                "T": "12.4",
                                "V": "65000",
                                "W": "0",
                                "Pt": "R",
                                "Dp": "0.2",
                                "$": "1200"
                            },
                            {
                                "D": "S",
                                "G": "11",
                                "H": "48.6",
                                "P": "1013",
                                "S": "7",
                                "T": "11.9",
                                "V": "55000",
                                "W": "7",
                                "Pt": "R",
                                "Dp": "1.5",
                                "$": "1260"
                            },
                            {
                                "D": "S",
                                "G": "10",
                                "H": "54.2",
                                "P": "1013",
                                "S": "6",
                                "T": "11.0",
                                "V": "50000",
                                "W": "7",
                                "Pt": "R",
                                "Dp": "2.2",
                                "$": "1320"
                            },
                            {
                                "D": "SE",
                                "G": "10",
                                "H": "57.6",
                                "P": "1013",
                                "S": "6",
                                "T": "9.9",
                                "V": "55000",
                                "W": "8",
                                "Pt": "R",
                                "Dp": "2.0",
                                "$": "1380"
                            }
                        ]
                    },
                    {
                        "type": "Day",
                        "value": "2025-04-18Z",
                        "Rep": [
                            {
                                "D": "SSE",
                                "G": "8",
                                "H": "57.8",
                                "P": "1013",
                                "S": "3",
                                "T": "9.5",
                                "V": "55000",
                                "W": "7",
                                "Pt": "S",
                                "Dp": "1.7",
                                "$": "0"
                            },
                            {
                                "D": "E",
                                "G": "8",
                                "H": "66.1",
                                "P": "1013",
                                "S": "6",
                                "T": "8.5",
                                "V": "45000",
                                "W": "7",
                                "Pt": "F",
                                "Dp": "2.6",
                                "$": "60"
                            },
                            {
                                "D": "E",
                                "G": "6",
                                "H": "64.9",
                                "P": "1012",
                                "S": "2",
                                "T": "9.4",
                                "V": "40000",
                                "W": "8",
                                "Pt": "F",
                                "Dp": "3.2",
                                "$": "120"
                            },
                            {
                                "D": "NE",
                                "G": "5",
                                "H": "69.2",
                                "P": "1012",
                                "S": "2",
                                "T": "8.7",
                                "V": "35000",
                                "W": "8",
                                "Pt": "F",
                                "Dp": "3.4",
                                "$": "180"
                            },
                            {
                                "D": "E",
                                "G": "7",
                                "H": "73.6",
                                "P": "1011",
                                "S": "3",
                                "T": "8.2",
                                "V": "30000",
                                "W": "8",
                                "Pt": "F",
                                "Dp": "3.8",
                                "$": "240"
                            },
                            {
                                "D": "ENE",
                                "G": "8",
                                "H": "72.8",
                                "P": "1011",
                                "S": "3",
                                "T": "9.1",
                                "V": "27000",
                                "W": "8",
                                "Pt": "F",
                                "Dp": "4.5",
                                "$": "300"
                            },
                            {
                                "D": "E",
                                "G": "8",
                                "H": "81.8",
                                "P": "1011",
                                "S": "6",
                                "T": "8.2",
                                "V": "23000",
                                "W": "8",
                                "Pt": "F",
                                "Dp": "5.3",
                                "$": "360"
                            },
                            {
                                "D": "SE",
                                "G": "13",
                                "H": "75.1",
                                "P": "1011",
                                "S": "9",
                                "T": "11.0",
                                "V": "24000",
                                "W": "1",
                                "Pt": "F",
                                "Dp": "6.8",
                                "$": "420"
                            },
                            {
                                "D": "SE",
                                "G": "17",
                                "H": "72.9",
                                "P": "1011",
                                "S": "11",
                                "T": "12.4",
                                "V": "26000",
                                "W": "7",
                                "Pt": "S",
                                "Dp": "7.7",
                                "$": "480"
                            },
                            {
                                "D": "SE",
                                "G": "22",
                                "H": "60.1",
                                "P": "1011",
                                "S": "15",
                                "T": "14.4",
                                "V": "40000",
                                "W": "8",
                                "Pt": "F",
                                "Dp": "6.8",
                                "$": "540"
                            },
                            {
                                "D": "SSE",
                                "G": "25",
                                "H": "53.6",
                                "P": "1011",
                                "S": "17",
                                "T": "15.6",
                                "V": "55000",
                                "W": "3",
                                "Pt": "F",
                                "Dp": "6.3",
                                "$": "600"
                            },
                            {
                                "D": "SSE",
                                "G": "28",
                                "H": "50.3",
                                "P": "1010",
                                "S": "16",
                                "T": "16.6",
                                "V": "75000",
                                "W": "8",
                                "Pt": "F",
                                "Dp": "6.3",
                                "$": "660"
                            },
                            {
                                "D": "SSE",
                                "G": "29",
                                "H": "46.4",
                                "P": "1010",
                                "S": "21",
                                "T": "15.8",
                                "V": "75000",
                                "W": "8",
                                "Pt": "F",
                                "Dp": "4.4",
                                "$": "720"
                            },
                            {
                                "D": "SE",
                                "G": "26",
                                "H": "47.7",
                                "P": "1009",
                                "S": "18",
                                "T": "15.6",
                                "V": "75000",
                                "W": "8",
                                "Pt": "F",
                                "Dp": "4.6",
                                "$": "780"
                            },
                            {
                                "D": "SSE",
                                "G": "28",
                                "H": "43.7",
                                "P": "1009",
                                "S": "18",
                                "T": "16.5",
                                "V": "75000",
                                "W": "7",
                                "Pt": "F",
                                "Dp": "4.2",
                                "$": "840"
                            },
                            {
                                "D": "SSE",
                                "G": "28",
                                "H": "46.4",
                                "P": "1008",
                                "S": "18",
                                "T": "15.7",
                                "V": "75000",
                                "W": "8",
                                "Pt": "F",
                                "Dp": "4.3",
                                "$": "900"
                            },
                            {
                                "D": "SSE",
                                "G": "25",
                                "H": "50.2",
                                "P": "1008",
                                "S": "16",
                                "T": "15.8",
                                "V": "65000",
                                "W": "8",
                                "Pt": "F",
                                "Dp": "5.5",
                                "$": "960"
                            }
                        ]
                    }
                ]
            }
        }
    }
}