{
    "SiteRep": {
        "Wx": {
            "Param": [
                {
                    "name": "G",
                    "units": "mph",
                    "$": "Wind Gust"
                },
                {
                    "name": "T",
                    "units": "C",
                    "$": "Temperature"
                },
                {
                    "name": "V",
                    "units": "m",
                    "$": "Visibility"
                },
                {
                    "name": "D",
                    "units": "compass",
                    "$": "Wind Direction"
                },
                {
                    "name": "S",
                    "units": "mph",
                    "$": "Wind Speed"
                },
                {
                    "name": "W",
                    "units": "",
                    "$": "Weather Type"
                },
                {
                    "name": "P",
                    "units": "hpa",
                    "$": "Pressure"
                },
                {
                    "name": "Pt",
                    "units": "Pa/s",
                    "$": "Pressure Tendency"
                },
                {
                    "name": "Dp",
                    "units": "C",
                    "$": "Dew Point"
                },
                {
                    "name": "H",
                    "units": "%",
                    "$": "Screen Relative Humidity"
                }
            ]
        },
        "DV": {
            "dataDate": "2025-05-05T16:00:00Z",
            "type": "Obs",
            "Location": {
                "i": "3772",
                "lat": "51.479",
                "lon": "-0.449",
                "name": "HEATHROW",
                "country": "ENGLAND",
                "continent": "EUROPE",
                "elevation": "25.0",
                "Period": [
                    {
                        "type": "Day",
                        "value": "2025-05-04Z",
                        "Rep": [
                            {
                                "D": "NNE",
                                "G": "25",
                                "H": "44.5",
                                "P": "1018",
                                "S": "14",
                                "T": "12.4",
                                "V": "55000",
                                "W": "8",
                                "Pt": "R",
                                "Dp": "0.8",
                                "$": "960"
                            },
                            {
                                "D": "NNE",
                                "G": "21",
                                "H": "48.0",
                                "P": "1018",
                                "S": "10",
                                "T": "11.7",
                                "V": "45000",
                                "W": "8",
                                "Pt": "R",
                                "Dp": "1.2",
                                "$": "1020"
                            },
                            {
                                "D": "NNE",
                                "G": "21",
                                "H": "49.4",
                                "P": "1019",
                                "S": "10",
                                "T": "11.5",
                                "V": "55000",
                                "W": "8",
                                "Pt": "R",
                                "Dp": "1.4",
                                "$": "1080"
                            },
                            {
                                "D": "NNE",
                                "G": "22",
                                "H": "51.4",
                                "P": "1019",
                                "S": "9",
                                "T": "10.8",
                                "V": "50000",
                                "W": "8",
                                "Pt": "R",
                                "Dp": "1.3",
                                "$": "1140"
                            },
                            {
                                "D": "NNE",
                                "G": "21",
                                "H": "55.0",
                                "P": "1020",
                                "S": "9",
                                "T": "9.8",
                                "V": "55000",
                                "W": "8",
                                "Pt": "R",
                                "Dp": "1.3",
                                "$": "1200"
                            },
                            {
                                "D": "NNE",
                                "G": "23",
                                "H": "58.8",
                                "P": "1020",
                                "S": "10",
                                "T": "8.6",
                                "V": "55000",
                                "W": "2",
                                "Pt": "R",
                                "Dp": "1.1",
                                "$": "1260"
                            },
                            {
                                "D": "NNE",
                                "G": "16",
                                "H": "65.4",
                                "P": "1020",
                                "S": "6",
                                "T": "7.7",
                                "V": "50000",
                                "W": "0",
                                "Pt": "R",
                                "Dp": "1.7",
                                "$": "1320"
                            },
                            {
                                "D": "N",
                                "G": "13",
                                "H": "69.1",
                                "P": "1021",
                                "S": "6",
                                "T": "7.0",
                                "V": "45000",
                                "W": "0",
                                "Pt": "R",
                                "Dp": "1.8",
                                "$": "1380"
                            }
                        ]
                    },
                    {
                        "type": "Day",
                        "value": "2025-05-05Z",
                        "Rep": [
                            {
                                "D": "N",
                                "G": "14",
                                "H": "71.5",
                                "P": "1021",
                                "S": "6",
                                "T": "6.4",
                                "V": "45000",
                                "W": "0",
                                "Pt": "R",
                                "Dp": "1.7",
                                "$": "0"
                            },
                            {
                                "D": "N",
                                "G": "14",
                                "H": "74.6",
                                "P": "1021",
                                "S": "7",
                                "T": "5.9",
                                "V": "40000",
                                "W": "2",
                                "Pt": "R",
                                "Dp": "1.8",
                                "$": "60"
                            },
                            {
                                "D": "N",
                                "G": "14",
                                "H": "75.7",
                                "P": "1020",
                                "S": "6",
                                "T": "5.7",
                                "V": "40000",
                                "W": "2",
                                "Pt": "F",
                                "Dp": "1.8",
                                "$": "120"
                            },
                            {
                                "D": "N",
                                "G": "15",
                                "H": "74.1",
                                "P": "1020",
                                "S": "7",
                                "T": "6.1",
                                "V": "40000",
                                "W": "7",
                                "Pt": "F",
                                "Dp": "1.9",
                                "$": "180"
                            },
                            {
                                "D": "N",
                                "G": "15",
                                "H": "75.7",
                                "P": "1020",
                                "S": "8",
                                "T": "5.7",
                                "V": "35000",
                                "W": "7",
                                "Pt": "F",
                                "Dp": "1.8",
                                "$": "240"
                            },
                            {
                                "D": "N",
                                "G": "17",
                                "H": "79.6",
                                "P": "1020",
                                "S": "9",
                                "T": "5.3",
                                "V": "30000",
                                "W": "7",
                                "Pt": "S",
                                "Dp": "2.1",
                                "$": "300"
                            },
                            {
                                "D": "N",
                                "G": "17",
                                "H": "77.3",
                                "P": "1020",
                                "S": "7",
                                "T": "5.7",
                                "V": "35000",
                                "W": "1",
                                "Pt": "S",
                                "Dp": "2.1",
                                "$": "360"
                            },
                            {
                                "D": "N",
                                "G": "16",
                                "H": "77.0",
                                "P": "1021",
                                "S": "8",
                                "T": "6.7",
                                "V": "35000",
                                "W": "8",
                                "Pt": "R",
                                "Dp": "3.0",
                                "$": "420"
                            },
                            {
                                "D": "N",
                                "G": "16",
                                "H": "71.6",
                                "P": "1021",
                                "S": "8",
                                "T": "8.8",
                                "V": "35000",
                                "W": "8",
                                "Pt": "R",
                                "Dp": "4.0",
                                "$": "480"
                            },
                            {
                                "D": "NNE",
                                "G": "26",
                                "H": "64.6",
                                "P": "1021",
                                "S": "14",
                                "T": "10.5",
                                "V": "30000",
                                "W": "8",
                                "Pt": "R",
                                "Dp": "4.2",
                                "$": "540"
                            },
                            {
                                "D": "NNE",
                                "G": "25",
                                "H": "63.3",
                                "P": "1021",
                                "S": "10",
                                "T": "11.1",
                                "V": "35000",
                                "W": "8",
                                "Pt": "F",
                                "Dp": "4.5",
                                "$": "600"
                            },
                            {
                                "D": "ENE",
                                "G": "25",
                                "H": "61.6",
                                "P": "1021",
                                "S": "11",
                                "T": "11.2",
                                "V": "30000",
                                "W": "12",
                                "Pt": "R",
                                "Dp": "4.2",
                                "$": "660"
                            },
                            {
                                "D": "NNE",
                                "G": "26",
                                "H": "59.3",
                                "P": "1021",
                                "S": "14",
                                "T": "12.1",
                                "V": "35000",
                                "W": "8",
                                "Pt": "R",
                                "Dp": "4.5",
                                "$": "720"
                            },
                            {
                                "D": "NNE",
                                "G": "28",
                                "H": "52.1",
                                "P": "1021",
                                "S": "14",
                                "T": "13.5",
                                "V": "65000",
                                "W": "8",
                                "Pt": "R",
                                "Dp": "4.0",
                                "$": "780"
                            },
                            {
                                "D": "NNE",
                                "G": "26",
                                "H": "61.3",
                                "P": "1021",
                                "S": "10",
                                "T": "11.8",
                                "V": "65000",
                                "W": "8",
                                "Pt": "R",
                                "Dp": "4.7",
                                "$": "840"
                            },
                            {
                                "D": "NE",
                                "G": "26",
                                "H": "44.9",
                                "P": "1021",
                                "S": "15",
                                "T": "13.0",
                                "V": "55000",
                                "W": "8",
                                "Pt": "R",
                                "Dp": "1.5",
                                "$": "900"
                            },
                            {
                                "D": "NE",
                                "G": "25",
                                "H": "39.8",
                                "P": "1021",
                                "S": "15",
                                "T": "14.4",
                                "V": "55000",
                                "W": "3",
                                "Pt": "R",
                                "Dp": "1.1",
                                "$": "960"
                            }
                        ]
                    }
                ]
            }
        }
    }
}