{
    "SiteRep": {
        "Wx": {
            "Param": [
                {
                    "name": "G",
                    "units": "mph",
                    "$": "Wind Gust"
                },
                {
                    "name": "T",
                    "units": "C",
                    "$": "Temperature"
                },
                {
                    "name": "V",
                    "units": "m",
                    "$": "Visibility"
                },
                {
                    "name": "D",
                    "units": "compass",
                    "$": "Wind Direction"
                },
                {
                    "name": "S",
                    "units": "mph",
                    "$": "Wind Speed"
                },
                {
                    "name": "W",
                    "units": "",
                    "$": "Weather Type"
                },
                {
                    "name": "P",
                    "units": "hpa",
                    "$": "Pressure"
                },
                {
                    "name": "Pt",
                    "units": "Pa/s",
                    "$": "Pressure Tendency"
                },
                {
                    "name": "Dp",
                    "units": "C",
                    "$": "Dew Point"
                },
                {
                    "name": "H",
                    "units": "%",
                    "$": "Screen Relative Humidity"
                }
            ]
        },
        "DV": {
            "dataDate": "2024-05-05T16:00:00Z",
            "type": "Obs",
            "Location": {
                "i": "3772",
                "lat": "51.479",
                "lon": "-0.449",
                "name": "HEATHROW",
                "country": "ENGLAND",
                "continent": "EUROPE",
                "elevation": "25.0",
                "Period": [
                    {
                        "type": "Day",
                        "value": "2024-05-04Z",
                        "Rep": [
                            {
                                "D": "SE",
                                "G": "11",
                                "H": "52.8",
                                "P": "1009",
                                "S": "5",
                                "T": "16.3",
                                "V": "75000",
                                "W": "7",
                                "Pt": "F",
                                "Dp": "6.7",
                                "$": "960"
                            },
                            {
                                "D": "NE",
                                "G": "10",
                                "H": "48.6",
                                "P": "1008",
                                "S": "3",
                                "T": "16.5",
                                "V": "75000",
                                "W": "8",
                                "Pt": "F",
                                "Dp": "5.7",
                                "$": "1020"
                            },
                            {
                                "D": "NE",
                                "G": "8",
                                "H": "48.4",
                                "P": "1009",
                                "S": "5",
                                "T": "16.0",
                                "V": "75000",
                                "W": "8",
                                "Pt": "F",
                                "Dp": "5.2",
                                "$": "1080"
                            },
                            {
                                "D": "SE",
                                "G": "15",
                                "H": "70.7",
                                "P": "1009",
                                "S": "10",
                                "T": "13.6",
                                "V": "60000",
                                "W": "1",
                                "Pt": "F",
                                "Dp": "8.4",
                                "$": "1140"
                            },
                            {
                                "D": "SSE",
                                "G": "13",
                                "H": "73.4",
                                "P": "1009",
                                "S": "7",
                                "T": "12.6",
                                "V": "60000",
                                "W": "0",
                                "Pt": "R",
                                "Dp": "8.0",
                                "$": "1200"
                            },
                            {
                                "D": "ESE",
                                "G": "10",
                                "H": "78.8",
                                "P": "1009",
                                "S": "6",
                                "T": "10.6",
                                "V": "50000",
                                "W": "0",
                                "Pt": "R",
                                "Dp": "7.1",
                                "$": "1260"
                            },
                            {
                                "D": "ESE",
                                "G": "8",
                                "H": "85.6",
                                "P": "1009",
                                "S": "5",
                                "T": "9.9",
                                "V": "50000",
                                "W": "0",
                                "Pt": "R",
                                "Dp": "7.6",
                                "$": "1320"
                            },
                            {
                                "D": "ESE",
                                "G": "7",
                                "H": "86.6",
                                "P": "1009",
                                "S": "2",
                                "T": "9.2",
                                "V": "45000",
                                "W": "0",
                                "Pt": "R",
                                "Dp": "7.1",
                                "$": "1380"
                            }
                        ]
                    },
                    {
                        "type": "Day",
                        "value": "2024-05-05Z",
                        "Rep": [
                            {
                                "D": "ESE",
                                "G": "5",
                                "H": "89.6",
                                "P": "1009",
                                "S": "2",
                                "T": "8.4",
                                "V": "35000",
                                "W": "0",
                                "Pt": "F",
                                "Dp": "6.8",
                                "$": "0"
                            },
                            {
                                "D": "SSW",
                                "G": "6",
                                "H": "90.9",
                                "P": "1009",
                                "S": "3",
                                "T": "9.1",
                                "V": "35000",
                                "W": "7",
                                "Pt": "F",
                                "Dp": "7.7",
                                "$": "60"
                            },
                            {
                                "D": "N",
                                "G": "3",
                                "H": "92.8",
                                "P": "1008",
                                "S": "0",
                                "T": "8.1",
                                "V": "30000",
                                "W": "0",
                                "Pt": "F",
                                "Dp": "7.0",
                                "$": "120"
                            },
                            {
                                "D": "SE",
                                "G": "8",
                                "H": "93.9",
                                "P": "1008",
                                "S": "2",
                                "T": "7.0",
                                "V": "21000",
                                "W": "0",
                                "Pt": "F",
                                "Dp": "6.1",
                                "$": "180"
                            },
                            {
                                "D": "ESE",
                                "G": "6",
                                "H": "95.3",
                                "P": "1008",
                                "S": "3",
                                "T": "6.6",
                                "V": "16000",
                                "W": "0",
                                "Pt": "F",
                                "Dp": "5.9",
                                "$": "240"
                            },
                            {
                                "D": "SE",
                                "G": "6",
                                "H": "96.6",
                                "P": "1008",
                                "S": "2",
                                "T": "6.5",
                                "V": "11000",
                                "W": "1",
                                "Pt": "R",
                                "Dp": "6.0",
                                "$": "300"
                            },
                            {
                                "D": "N",
                                "G": "5",
                                "H": "97.9",
                                "P": "1008",
                                "S": "0",
                                "T": "8.5",
                                "V": "28000",
                                "W": "1",
                                "Pt": "F",
                                "Dp": "8.2",
                                "$": "360"
                            },
                            {
                                "D": "ENE",
                                "G": "5",
                                "H": "78.6",
                                "P": "1008",
                                "S": "2",
                                "T": "13.1",
                                "V": "40000",
                                "W": "1",
                                "Pt": "F",
                                "Dp": "9.5",
                                "$": "420"
                            },
                            {
                                "D": "E",
                                "G": "7",
                                "H": "63.7",
                                "P": "1008",
                                "S": "3",
                                "T": "15.1",
                                "V": "75000",
                                "W": "1",
                                "Pt": "F",
                                "Dp": "8.3",
                                "$": "480"
                            },
                            {
                                "D": "SE",
                                "G": "11",
                                "H": "53.9",
                                "P": "1008",
                                "S": "6",
                                "T": "16.2",
                                "V": "75000",
                                "W": "1",
                                "Pt": "F",
                                "Dp": "6.9",
                                "$": "540"
                            },
                            {
                                "D": "SSE",
                                "G": "14",
                                "H": "50.8",
                                "P": "1008",
                                "S": "8",
                                "T": "17.1",
                                "V": "75000",
                                "W": "1",
                                "Pt": "F",
                                "Dp": "6.9",
                                "$": "600"
                            },
                            {
                                "D": "SSE",
                                "G": "15",
                                "H": "50.7",
                                "P": "1007",
                                "S": "8",
                                "T": "17.9",
                                "V": "75000",
                                "W": "3",
                                "Pt": "F",
                                "Dp": "7.6",
                                "$": "660"
                            },
                            {
                                "D": "SE",
                                "G": "17",
                                "H": "53.6",
                                "P": "1007",
                                "S": "10",
                                "T": "17.7",
                                "V": "75000",
                                "W": "8",
                                "Pt": "F",
                                "Dp": "8.2",
                                "$": "720"
                            },
                            {
                                "D": "SSE",
                                "G": "18",
                                "H": "58.1",
                                "P": "1007",
                                "S": "10",
                                "T": "16.0",
                                "V": "75000",
                                "W": "8",
                                "Pt": "F",
                                "Dp": "7.8",
                                "$": "780"
                            },
                            {
                                "D": "S",
                                "G": "18",
                                "H": "70.4",
                                "P": "1007",
                                "S": "10",
                                "T": "14.9",
                                "V": "65000",
                                "W": "8",
                                "Pt": "F",
                                "Dp": "9.6",
                                "$": "840"
                            },
                            {
                                "D": "S",
                                "G": "21",
                                "H": "73.7",
                                "P": "1007",
                                "S": "11",
                                "T": "14.4",
                                "V": "75000",
                                "W": "8",
                                "Pt": "F",
                                "Dp": "9.8",
                                "$": "900"
                            },
                            {
                                "D": "S",
                                "G": "16",
                                "H": "73.9",
                                "P": "1006",
                                "S": "7",
                                "T": "15.2",
                                "V": "75000",
                                "W": "8",
                                "Pt": "F",
                                "Dp": "10.6",
                                "$": "960"
                            }
                        ]
                    }
                ]
            }
        }
    }
}