{
    "SiteRep": {
        "Wx": {
            "Param": [
                {
                    "name": "G",
                    "units": "mph",
                    "$": "Wind Gust"
                },
                {
                    "name": "T",
                    "units": "C",
                    "$": "Temperature"
                },
                {
                    "name": "V",
                    "units": "m",
                    "$": "Visibility"
                },
                {
                    "name": "D",
                    "units": "compass",
                    "$": "Wind Direction"
                },
                {
                    "name": "S",
                    "units": "mph",
                    "$": "Wind Speed"
                },
                {
                    "name": "W",
                    "units": "",
                    "$": "Weather Type"
                },
                {
                    "name": "P",
                    "units": "hpa",
                    "$": "Pressure"
                },
                {
                    "name": "Pt",
                    "units": "Pa/s",
                    "$": "Pressure Tendency"
                },
                {
                    "name": "Dp",
                    "units": "C",
                    "$": "Dew Point"
                },
                {
                    "name": "H",
                    "units": "%",
                    "$": "Screen Relative Humidity"
                }
            ]
        },
        "DV": {
            "dataDate": "2025-07-22T15:00:00Z",
            "type": "Obs",
            "Location": {
                "i": "3772",
                "lat": "51.479",
                "lon": "-0.449",
                "name": "HEATHROW",
                "country": "ENGLAND",
                "continent": "EUROPE",
                "elevation": "25.0",
                "Period": [
                    {
                        "type": "Day",
                        "value": "2025-07-21Z",
                        "Rep": [
                            {
                                "D": "WSW",
                                "G": "22",
                                "H": "45.3",
                                "P": "1001",
                                "S": "15",
                                "T": "23.3",
                                "V": "55000",
                                "W": "8",
                                "Pt": "R",
                                "Dp": "10.8",
                                "$": "960"
                            },
                            {
                                "D": "WNW",
                                "G": "22",
                                "H": "57.4",
                                "P": "1002",
                                "S": "15",
                                "T": "20.6",
                                "V": "11000",
                                "W": "12",
                                "Pt": "R",
                                "Dp": "11.9",
                                "$": "1020"
                            },
                            {
                                "D": "W",
                                "G": "21",
                                "H": "83.0",
                                "P": "1003",
                                "S": "15",
                                "T": "17.1",
                                "V": "1200",
                                "W": "15",
                                "Pt": "R",
                                "Dp": "14.2",
                                "$": "1080"
                            },
                            {
                                "D": "S",
                                "G": "21",
                                "H": "69.9",
                                "P": "1003",
                                "S": "6",
                                "T": "18.5",
                                "V": "60000",
                                "W": "8",
                                "Pt": "R",
                                "Dp": "12.9",
                                "$": "1140"
                            },
                            {
                                "D": "W",
                                "G": "7",
                                "H": "81.1",
                                "P": "1004",
                                "S": "5",
                                "T": "18.2",
                                "V": "35000",
                                "W": "8",
                                "Pt": "R",
                                "Dp": "14.9",
                                "$": "1200"
                            },
                            {
                                "D": "WSW",
                                "G": "17",
                                "H": "77.4",
                                "P": "1004",
                                "S": "10",
                                "T": "17.6",
                                "V": "75000",
                                "W": "0",
                                "Pt": "R",
                                "Dp": "13.6",
                                "$": "1260"
                            },
                            {
                                "D": "W",
                                "G": "14",
                                "H": "78.8",
                                "P": "1005",
                                "S": "6",
                                "T": "16.9",
                                "V": "55000",
                                "W": "7",
                                "Pt": "R",
                                "Dp": "13.2",
                                "$": "1320"
                            },
                            {
                                "D": "SW",
                                "G": "13",
                                "H": "80.8",
                                "P": "1005",
                                "S": "9",
                                "T": "16.5",
                                "V": "65000",
                                "W": "0",
                                "Pt": "R",
                                "Dp": "13.2",
                                "$": "1380"
                            }
                        ]
                    },
                    {
                        "type": "Day",
                        "value": "2025-07-22Z",
                        "Rep": [
                            {
                                "D": "WSW",
                                "G": "13",
                                "H": "86.7",
                                "P": "1005",
                                "S": "7",
                                "T": "15.6",
                                "V": "60000",
                                "W": "2",
                                "Pt": "R",
                                "Dp": "13.4",
                                "$": "0"
                            },
                            {
                                "D": "SW",
                                "G": "10",
                                "H": "89.6",
                                "P": "1006",
                                "S": "6",
                                "T": "16.2",
                                "V": "50000",
                                "W": "2",
                                "Pt": "R",
                                "Dp": "14.5",
                                "$": "60"
                            },
                            {
                                "D": "W",
                                "G": "11",
                                "H": "91.4",
                                "P": "1006",
                                "S": "8",
                                "T": "16.6",
                                "V": "45000",
                                "W": "8",
                                "Pt": "R",
                                "Dp": "15.2",
                                "$": "120"
                            },
                            {
                                "D": "W",
                                "G": "14",
                                "H": "89.1",
                                "P": "1006",
                                "S": "8",
                                "T": "17.0",
                                "V": "40000",
                                "W": "8",
                                "Pt": "R",
                                "Dp": "15.2",
                                "$": "180"
                            },
                            {
                                "D": "W",
                                "G": "13",
                                "H": "88.5",
                                "P": "1007",
                                "S": "8",
                                "T": "16.8",
                                "V": "40000",
                                "W": "8",
                                "Pt": "R",
                                "Dp": "14.9",
                                "$": "240"
                            },
                            {
                                "D": "W",
                                "G": "14",
                                "H": "84.6",
                                "P": "1008",
                                "S": "9",
                                "T": "17.1",
                                "V": "55000",
                                "W": "8",
                                "Pt": "R",
                                "Dp": "14.5",
                                "$": "300"
                            },
                            {
                                "D": "W",
                                "G": "16",
                                "H": "82.0",
                                "P": "1008",
                                "S": "10",
                                "T": "17.5",
                                "V": "50000",
                                "W": "1",
                                "Pt": "R",
                                "Dp": "14.4",
                                "$": "360"
                            },
                            {
                                "D": "W",
                                "G": "14",
                                "H": "81.0",
                                "P": "1009",
                                "S": "9",
                                "T": "18.3",
                                "V": "55000",
                                "W": "8",
                                "Pt": "R",
                                "Dp": "15.0",
                                "$": "420"
                            },
                            {
                                "D": "W",
                                "G": "16",
                                "H": "77.5",
                                "P": "1009",
                                "S": "9",
                                "T": "19.2",
                                "V": "50000",
                                "W": "8",
                                "Pt": "R",
                                "Dp": "15.2",
                                "$": "480"
                            },
                            {
                                "D": "W",
                                "G": "18",
                                "H": "83.3",
                                "P": "1009",
                                "S": "11",
                                "T": "19.3",
                                "V": "65000",
                                "W": "8",
                                "Pt": "R",
                                "Dp": "16.4",
                                "$": "540"
                            },
                            {
                                "D": "W",
                                "G": "16",
                                "H": "73.5",
                                "P": "1010",
                                "S": "10",
                                "T": "20.7",
                                "V": "65000",
                                "W": "8",
                                "Pt": "R",
                                "Dp": "15.8",
                                "$": "600"
                            },
                            {
                                "D": "W",
                                "G": "16",
                                "H": "62.3",
                                "P": "1010",
                                "S": "9",
                                "T": "22.2",
                                "V": "65000",
                                "W": "8",
                                "Pt": "R",
                                "Dp": "14.7",
                                "$": "660"
                            },
                            {
                                "D": "WNW",
                                "G": "19",
                                "H": "65.5",
                                "P": "1010",
                                "S": "6",
                                "T": "21.4",
                                "V": "75000",
                                "W": "8",
                                "Pt": "R",
                                "Dp": "14.7",
                                "$": "720"
                            },
                            {
                                "D": "WNW",
                                "G": "14",
                                "H": "62.2",
                                "P": "1010",
                                "S": "6",
                                "T": "21.7",
                                "V": "65000",
                                "W": "8",
                                "Pt": "R",
                                "Dp": "14.2",
                                "$": "780"
                            },
                            {
                                "D": "W",
                                "G": "16",
                                "H": "58.8",
                                "P": "1011",
                                "S": "11",
                                "T": "22.2",
                                "V": "75000",
                                "W": "8",
                                "Pt": "R",
                                "Dp": "13.8",
                                "$": "840"
                            },
                            {
                                "D": "W",
                                "G": "17",
                                "H": "51.0",
                                "P": "1011",
                                "S": "11",
                                "T": "22.5",
                                "V": "75000",
                                "W": "8",
                                "Pt": "R",
                                "Dp": "11.9",
                                "$": "900"
                            },
                            {
                                "D": "W",
                                "G": "16",
                                "H": "54.1",
                                "P": "1011",
                                "S": "8",
                                "T": "22.7",
                                "V": "65000",
                                "W": "8",
                                "Pt": "R",
                                "Dp": "13.0",
                                "$": "960"
                            }
                        ]
                    }
                ]
            }
        }
    }
}