{
    "SiteRep": {
        "Wx": {
            "Param": [
                {
                    "name": "G",
                    "units": "mph",
                    "$": "Wind Gust"
                },
                {
                    "name": "T",
                    "units": "C",
                    "$": "Temperature"
                },
                {
                    "name": "V",
                    "units": "m",
                    "$": "Visibility"
                },
                {
                    "name": "D",
                    "units": "compass",
                    "$": "Wind Direction"
                },
                {
                    "name": "S",
                    "units": "mph",
                    "$": "Wind Speed"
                },
                {
                    "name": "W",
                    "units": "",
                    "$": "Weather Type"
                },
                {
                    "name": "P",
                    "units": "hpa",
                    "$": "Pressure"
                },
                {
                    "name": "Pt",
                    "units": "Pa/s",
                    "$": "Pressure Tendency"
                },
                {
                    "name": "Dp",
                    "units": "C",
                    "$": "Dew Point"
                },
                {
                    "name": "H",
                    "units": "%",
                    "$": "Screen Relative Humidity"
                }
            ]
        },
        "DV": {
            "dataDate": "2024-04-25T16:00:00Z",
            "type": "Obs",
            "Location": {
                "i": "3772",
                "lat": "51.479",
                "lon": "-0.449",
                "name": "HEATHROW",
                "country": "ENGLAND",
                "continent": "EUROPE",
                "elevation": "25.0",
                "Period": [
                    {
                        "type": "Day",
                        "value": "2024-04-24Z",
                        "Rep": [
                            {
                                "D": "N",
                                "G": "16",
                                "H": "45.3",
                                "P": "1015",
                                "S": "8",
                                "T": "10.3",
                                "V": "55000",
                                "W": "8",
                                "Pt": "F",
                                "Dp": "-0.9",
                                "$": "960"
                            },
                            {
                                "D": "N",
                                "G": "17",
                                "H": "47.5",
                                "P": "1014",
                                "S": "8",
                                "T": "9.5",
                                "V": "55000",
                                "W": "8",
                                "Pt": "F",
                                "Dp": "-1.0",
                                "$": "1020"
                            },
                            {
                                "D": "NNW",
                                "G": "17",
                                "H": "46.7",
                                "P": "1014",
                                "S": "7",
                                "T": "9.5",
                                "V": "55000",
                                "W": "7",
                                "Pt": "F",
                                "Dp": "-1.2",
                                "$": "1080"
                            },
                            {
                                "D": "NNW",
                                "G": "15",
                                "H": "50.9",
                                "P": "1014",
                                "S": "6",
                                "T": "8.9",
                                "V": "50000",
                                "W": "8",
                                "Pt": "F",
                                "Dp": "-0.6",
                                "$": "1140"
                            },
                            {
                                "D": "NNW",
                                "G": "10",
                                "H": "57.4",
                                "P": "1014",
                                "S": "2",
                                "T": "7.6",
                                "V": "45000",
                                "W": "7",
                                "Pt": "F",
                                "Dp": "-0.2",
                                "$": "1200"
                            },
                            {
                                "D": "NW",
                                "G": "5",
                                "H": "60.3",
                                "P": "1014",
                                "S": "3",
                                "T": "7.2",
                                "V": "40000",
                                "W": "2",
                                "Pt": "F",
                                "Dp": "0.1",
                                "$": "1260"
                            },
                            {
                                "D": "NE",
                                "G": "5",
                                "H": "63.6",
                                "P": "1013",
                                "S": "2",
                                "T": "6.0",
                                "V": "40000",
                                "W": "0",
                                "Pt": "F",
                                "Dp": "-0.3",
                                "$": "1320"
                            },
                            {
                                "D": "NE",
                                "G": "5",
                                "H": "69.4",
                                "P": "1012",
                                "S": "3",
                                "T": "5.7",
                                "V": "30000",
                                "W": "8",
                                "Pt": "F",
                                "Dp": "0.6",
                                "$": "1380"
                            }
                        ]
                    },
                    {
                        "type": "Day",
                        "value": "2024-04-25Z",
                        "Rep": [
                            {
                                "D": "SW",
                                "G": "7",
                                "H": "79.6",
                                "P": "1012",
                                "S": "6",
                                "T": "4.7",
                                "V": "35000",
                                "W": "8",
                                "Pt": "F",
                                "Dp": "1.5",
                                "$": "0"
                            },
                            {
                                "D": "NW",
                                "G": "7",
                                "H": "77.4",
                                "P": "1011",
                                "S": "2",
                                "T": "4.6",
                                "V": "30000",
                                "W": "8",
                                "Pt": "F",
                                "Dp": "1.0",
                                "$": "60"
                            },
                            {
                                "D": "N",
                                "G": "3",
                                "H": "81.8",
                                "P": "1010",
                                "S": "0",
                                "T": "3.5",
                                "V": "35000",
                                "W": "8",
                                "Pt": "F",
                                "Dp": "0.7",
                                "$": "120"
                            },
                            {
                                "D": "SSE",
                                "G": "5",
                                "H": "83.0",
                                "P": "1009",
                                "S": "2",
                                "T": "4.0",
                                "V": "27000",
                                "W": "8",
                                "Pt": "F",
                                "Dp": "1.4",
                                "$": "180"
                            },
                            {
                                "D": "SSE",
                                "G": "8",
                                "H": "83.7",
                                "P": "1008",
                                "S": "3",
                                "T": "3.5",
                                "V": "30000",
                                "W": "8",
                                "Pt": "F",
                                "Dp": "1.0",
                                "$": "240"
                            },
                            {
                                "D": "SE",
                                "G": "8",
                                "H": "83.6",
                                "P": "1007",
                                "S": "5",
                                "T": "3.6",
                                "V": "30000",
                                "W": "8",
                                "Pt": "F",
                                "Dp": "1.1",
                                "$": "300"
                            },
                            {
                                "D": "S",
                                "G": "8",
                                "H": "74.8",
                                "P": "1007",
                                "S": "3",
                                "T": "5.4",
                                "V": "40000",
                                "W": "8",
                                "Pt": "F",
                                "Dp": "1.3",
                                "$": "360"
                            },
                            {
                                "D": "WSW",
                                "G": "11",
                                "H": "70.8",
                                "P": "1006",
                                "S": "7",
                                "T": "6.6",
                                "V": "40000",
                                "W": "3",
                                "Pt": "F",
                                "Dp": "1.7",
                                "$": "420"
                            },
                            {
                                "D": "WSW",
                                "G": "11",
                                "H": "71.7",
                                "P": "1005",
                                "S": "7",
                                "T": "8.2",
                                "V": "30000",
                                "W": "3",
                                "Pt": "F",
                                "Dp": "3.4",
                                "$": "480"
                            },
                            {
                                "D": "WSW",
                                "G": "10",
                                "H": "67.3",
                                "P": "1005",
                                "S": "6",
                                "T": "10.7",
                                "V": "28000",
                                "W": "1",
                                "Pt": "F",
                                "Dp": "4.9",
                                "$": "540"
                            },
                            {
                                "D": "W",
                                "G": "17",
                                "H": "56.9",
                                "P": "1004",
                                "S": "8",
                                "T": "9.8",
                                "V": "35000",
                                "W": "8",
                                "Pt": "F",
                                "Dp": "1.7",
                                "$": "600"
                            },
                            {
                                "D": "W",
                                "G": "19",
                                "H": "51.5",
                                "P": "1004",
                                "S": "11",
                                "T": "11.3",
                                "V": "35000",
                                "W": "8",
                                "Pt": "F",
                                "Dp": "1.7",
                                "$": "660"
                            },
                            {
                                "D": "W",
                                "G": "18",
                                "H": "53.6",
                                "P": "1003",
                                "S": "11",
                                "T": "10.7",
                                "V": "45000",
                                "W": "8",
                                "Pt": "F",
                                "Dp": "1.7",
                                "$": "720"
                            },
                            {
                                "D": "W",
                                "G": "19",
                                "H": "57.9",
                                "P": "1003",
                                "S": "10",
                                "T": "12.0",
                                "V": "40000",
                                "W": "8",
                                "Pt": "F",
                                "Dp": "4.0",
                                "$": "780"
                            },
                            {
                                "D": "W",
                                "G": "18",
                                "H": "56.6",
                                "P": "1002",
                                "S": "8",
                                "T": "11.3",
                                "V": "40000",
                                "W": "8",
                                "Pt": "F",
                                "Dp": "3.0",
                                "$": "840"
                            },
                            {
                                "D": "WNW",
                                "G": "18",
                                "H": "87.7",
                                "P": "1002",
                                "S": "8",
                                "T": "8.5",
                                "V": "16000",
                                "W": "12",
                                "Pt": "F",
                                "Dp": "6.6",
                                "$": "900"
                            },
                            {
                                "D": "W",
                                "G": "11",
                                "H": "88.4",
                                "P": "1002",
                                "S": "6",
                                "T": "8.4",
                                "V": "35000",
                                "W": "12",
                                "Pt": "F",
                                "Dp": "6.6",
                                "$": "960"
                            }
                        ]
                    }
                ]
            }
        }
    }
}