{
    "SiteRep": {
        "Wx": {
            "Param": [
                {
                    "name": "G",
                    "units": "mph",
                    "$": "Wind Gust"
                },
                {
                    "name": "T",
                    "units": "C",
                    "$": "Temperature"
                },
                {
                    "name": "V",
                    "units": "m",
                    "$": "Visibility"
                },
                {
                    "name": "D",
                    "units": "compass",
                    "$": "Wind Direction"
                },
                {
                    "name": "S",
                    "units": "mph",
                    "$": "Wind Speed"
                },
                {
                    "name": "W",
                    "units": "",
                    "$": "Weather Type"
                },
                {
                    "name": "P",
                    "units": "hpa",
                    "$": "Pressure"
                },
                {
                    "name": "Pt",
                    "units": "Pa/s",
                    "$": "Pressure Tendency"
                },
                {
                    "name": "Dp",
                    "units": "C",
                    "$": "Dew Point"
                },
                {
                    "name": "H",
                    "units": "%",
                    "$": "Screen Relative Humidity"
                }
            ]
        },
        "DV": {
            "dataDate": "2023-09-10T16:00:00Z",
            "type": "Obs",
            "Location": {
                "i": "3772",
                "lat": "51.479",
                "lon": "-0.449",
                "name": "HEATHROW",
                "country": "ENGLAND",
                "continent": "EUROPE",
                "elevation": "25.0",
                "Period": [
                    {
                        "type": "Day",
                        "value": "2023-09-09Z",
                        "Rep": [
                            {
                                "D": "WSW",
                                "G": "14",
                                "H": "37.9",
                                "P": "1014",
                                "S": "6",
                                "T": "31.5",
                                "V": "30000",
                                "W": "3",
                                "Pt": "F",
                                "Dp": "15.5",
                                "$": "960"
                            },
                            {
                                "D": "W",
                                "G": "13",
                                "H": "38.9",
                                "P": "1014",
                                "S": "7",
                                "T": "31.5",
                                "V": "30000",
                                "W": "3",
                                "Pt": "F",
                                "Dp": "15.9",
                                "$": "1020"
                            },
                            {
                                "D": "WSW",
                                "G": "10",
                                "H": "41.3",
                                "P": "1014",
                                "S": "7",
                                "T": "30.1",
                                "V": "30000",
                                "W": "7",
                                "Pt": "F",
                                "Dp": "15.6",
                                "$": "1080"
                            },
                            {
                                "D": "N",
                                "G": "8",
                                "H": "47.7",
                                "P": "1015",
                                "S": "2",
                                "T": "28.6",
                                "V": "27000",
                                "W": "2",
                                "Pt": "R",
                                "Dp": "16.5",
                                "$": "1140"
                            },
                            {
                                "D": "NNE",
                                "G": "5",
                                "H": "50.5",
                                "P": "1015",
                                "S": "3",
                                "T": "27.3",
                                "V": "23000",
                                "W": "0",
                                "Pt": "R",
                                "Dp": "16.2",
                                "$": "1200"
                            },
                            {
                                "D": "SE",
                                "G": "9",
                                "H": "60.7",
                                "P": "1016",
                                "S": "7",
                                "T": "25.6",
                                "V": "26000",
                                "W": "0",
                                "Pt": "R",
                                "Dp": "17.5",
                                "$": "1260"
                            },
                            {
                                "D": "SE",
                                "G": "10",
                                "H": "68.6",
                                "P": "1016",
                                "S": "3",
                                "T": "23.9",
                                "V": "28000",
                                "W": "0",
                                "Pt": "R",
                                "Dp": "17.8",
                                "$": "1320"
                            },
                            {
                                "D": "SSW",
                                "G": "8",
                                "H": "71.4",
                                "P": "1016",
                                "S": "3",
                                "T": "22.8",
                                "V": "25000",
                                "W": "0",
                                "Pt": "R",
                                "Dp": "17.4",
                                "$": "1380"
                            }
                        ]
                    },
                    {
                        "type": "Day",
                        "value": "2023-09-10Z",
                        "Rep": [
                            {
                                "D": "SSW",
                                "G": "5",
                                "H": "76.1",
                                "P": "1016",
                                "S": "3",
                                "T": "22.4",
                                "V": "23000",
                                "W": "0",
                                "Pt": "R",
                                "Dp": "18.0",
                                "$": "0"
                            },
                            {
                                "D": "S",
                                "G": "5",
                                "H": "80.3",
                                "P": "1015",
                                "S": "2",
                                "T": "21.1",
                                "V": "20000",
                                "W": "0",
                                "Pt": "F",
                                "Dp": "17.6",
                                "$": "60"
                            },
                            {
                                "D": "N",
                                "G": "3",
                                "H": "81.3",
                                "P": "1015",
                                "S": "1",
                                "T": "20.7",
                                "V": "19000",
                                "W": "0",
                                "Pt": "F",
                                "Dp": "17.4",
                                "$": "120"
                            },
                            {
                                "D": "N",
                                "G": "3",
                                "H": "83.4",
                                "P": "1015",
                                "S": "2",
                                "T": "20.4",
                                "V": "16000",
                                "W": "0",
                                "Pt": "F",
                                "Dp": "17.5",
                                "$": "180"
                            },
                            {
                                "D": "N",
                                "G": "5",
                                "H": "84.9",
                                "P": "1015",
                                "S": "3",
                                "T": "19.5",
                                "V": "15000",
                                "W": "0",
                                "Pt": "F",
                                "Dp": "16.9",
                                "$": "240"
                            },
                            {
                                "D": "ENE",
                                "G": "7",
                                "H": "83.7",
                                "P": "1015",
                                "S": "2",
                                "T": "19.3",
                                "V": "9000",
                                "W": "0",
                                "Pt": "F",
                                "Dp": "16.5",
                                "$": "300"
                            },
                            {
                                "D": "NE",
                                "G": "3",
                                "H": "87.1",
                                "P": "1015",
                                "S": "2",
                                "T": "19.7",
                                "V": "7000",
                                "W": "5",
                                "Pt": "F",
                                "Dp": "17.5",
                                "$": "360"
                            },
                            {
                                "D": "NW",
                                "G": "7",
                                "H": "82.3",
                                "P": "1016",
                                "S": "5",
                                "T": "20.3",
                                "V": "9000",
                                "W": "3",
                                "Pt": "R",
                                "Dp": "17.2",
                                "$": "420"
                            },
                            {
                                "D": "ENE",
                                "G": "7",
                                "H": "77.1",
                                "P": "1015",
                                "S": "2",
                                "T": "23.2",
                                "V": "4500",
                                "W": "5",
                                "Pt": "R",
                                "Dp": "19.0",
                                "$": "480"
                            },
                            {
                                "D": "NE",
                                "G": "7",
                                "H": "67.0",
                                "P": "1015",
                                "S": "5",
                                "T": "24.9",
                                "V": "5000",
                                "W": "5",
                                "Pt": "R",
                                "Dp": "18.4",
                                "$": "540"
                            },
                            {
                                "D": "E",
                                "G": "10",
                                "H": "56.5",
                                "P": "1015",
                                "S": "6",
                                "T": "28.0",
                                "V": "9000",
                                "W": "5",
                                "Pt": "F",
                                "Dp": "18.6",
                                "$": "600"
                            },
                            {
                                "D": "E",
                                "G": "11",
                                "H": "48.7",
                                "P": "1014",
                                "S": "5",
                                "T": "29.9",
                                "V": "20000",
                                "W": "7",
                                "Pt": "F",
                                "Dp": "18.0",
                                "$": "660"
                            },
                            {
                                "D": "ESE",
                                "G": "13",
                                "H": "51.9",
                                "P": "1014",
                                "S": "6",
                                "T": "29.8",
                                "V": "23000",
                                "W": "7",
                                "Pt": "F",
                                "Dp": "18.9",
                                "$": "720"
                            },
                            {
                                "D": "W",
                                "G": "22",
                                "H": "59.0",
                                "P": "1014",
                                "S": "11",
                                "T": "27.7",
                                "V": "19000",
                                "W": "3",
                                "Pt": "F",
                                "Dp": "19.0",
                                "$": "780"
                            },
                            {
                                "D": "W",
                                "G": "16",
                                "H": "53.8",
                                "P": "1013",
                                "S": "7",
                                "T": "26.8",
                                "V": "30000",
                                "W": "7",
                                "Pt": "F",
                                "Dp": "16.7",
                                "$": "840"
                            },
                            {
                                "D": "S",
                                "G": "14",
                                "H": "59.3",
                                "P": "1014",
                                "S": "5",
                                "T": "26.0",
                                "V": "30000",
                                "W": "12",
                                "Pt": "R",
                                "Dp": "17.5",
                                "$": "900"
                            },
                            {
                                "D": "SSW",
                                "G": "23",
                                "H": "54.8",
                                "P": "1013",
                                "S": "10",
                                "T": "25.6",
                                "V": "30000",
                                "W": "8",
                                "Pt": "F",
                                "Dp": "15.9",
                                "$": "960"
                            }
                        ]
                    }
                ]
            }
        }
    }
}