{
    "SiteRep": {
        "Wx": {
            "Param": [
                {
                    "name": "G",
                    "units": "mph",
                    "$": "Wind Gust"
                },
                {
                    "name": "T",
                    "units": "C",
                    "$": "Temperature"
                },
                {
                    "name": "V",
                    "units": "m",
                    "$": "Visibility"
                },
                {
                    "name": "D",
                    "units": "compass",
                    "$": "Wind Direction"
                },
                {
                    "name": "S",
                    "units": "mph",
                    "$": "Wind Speed"
                },
                {
                    "name": "W",
                    "units": "",
                    "$": "Weather Type"
                },
                {
                    "name": "P",
                    "units": "hpa",
                    "$": "Pressure"
                },
                {
                    "name": "Pt",
                    "units": "Pa/s",
                    "$": "Pressure Tendency"
                },
                {
                    "name": "Dp",
                    "units": "C",
                    "$": "Dew Point"
                },
                {
                    "name": "H",
                    "units": "%",
                    "$": "Screen Relative Humidity"
                }
            ]
        },
        "DV": {
            "dataDate": "2025-07-27T15:00:00Z",
            "type": "Obs",
            "Location": {
                "i": "3772",
                "lat": "51.479",
                "lon": "-0.449",
                "name": "HEATHROW",
                "country": "ENGLAND",
                "continent": "EUROPE",
                "elevation": "25.0",
                "Period": [
                    {
                        "type": "Day",
                        "value": "2025-07-26Z",
                        "Rep": [
                            {
                                "D": "NE",
                                "G": "13",
                                "H": "58.2",
                                "P": "1016",
                                "S": "3",
                                "T": "23.3",
                                "V": "55000",
                                "W": "3",
                                "Pt": "F",
                                "Dp": "14.7",
                                "$": "960"
                            },
                            {
                                "D": "NW",
                                "G": "11",
                                "H": "52.1",
                                "P": "1015",
                                "S": "5",
                                "T": "23.4",
                                "V": "60000",
                                "W": "7",
                                "Pt": "F",
                                "Dp": "13.1",
                                "$": "1020"
                            },
                            {
                                "D": "NW",
                                "G": "7",
                                "H": "51.0",
                                "P": "1015",
                                "S": "3",
                                "T": "23.1",
                                "V": "55000",
                                "W": "8",
                                "Pt": "F",
                                "Dp": "12.5",
                                "$": "1080"
                            },
                            {
                                "D": "NNW",
                                "G": "9",
                                "H": "49.0",
                                "P": "1016",
                                "S": "6",
                                "T": "23.1",
                                "V": "55000",
                                "W": "8",
                                "Pt": "F",
                                "Dp": "11.9",
                                "$": "1140"
                            },
                            {
                                "D": "NNE",
                                "G": "9",
                                "H": "53.4",
                                "P": "1016",
                                "S": "3",
                                "T": "21.7",
                                "V": "50000",
                                "W": "7",
                                "Pt": "R",
                                "Dp": "11.9",
                                "$": "1200"
                            },
                            {
                                "D": "NE",
                                "G": "9",
                                "H": "65.6",
                                "P": "1016",
                                "S": "5",
                                "T": "20.1",
                                "V": "45000",
                                "W": "0",
                                "Pt": "R",
                                "Dp": "13.5",
                                "$": "1260"
                            },
                            {
                                "D": "NE",
                                "G": "8",
                                "H": "66.8",
                                "P": "1016",
                                "S": "3",
                                "T": "19.8",
                                "V": "40000",
                                "W": "8",
                                "Pt": "R",
                                "Dp": "13.5",
                                "$": "1320"
                            },
                            {
                                "D": "NNW",
                                "G": "15",
                                "H": "63.1",
                                "P": "1017",
                                "S": "8",
                                "T": "18.7",
                                "V": "40000",
                                "W": "8",
                                "Pt": "R",
                                "Dp": "11.6",
                                "$": "1380"
                            }
                        ]
                    },
                    {
                        "type": "Day",
                        "value": "2025-07-27Z",
                        "Rep": [
                            {
                                "D": "NNW",
                                "G": "16",
                                "H": "60.0",
                                "P": "1017",
                                "S": "6",
                                "T": "18.0",
                                "V": "50000",
                                "W": "8",
                                "Pt": "R",
                                "Dp": "10.2",
                                "$": "0"
                            },
                            {
                                "D": "N",
                                "G": "13",
                                "H": "58.8",
                                "P": "1017",
                                "S": "6",
                                "T": "17.8",
                                "V": "55000",
                                "W": "8",
                                "Pt": "R",
                                "Dp": "9.7",
                                "$": "60"
                            },
                            {
                                "D": "NW",
                                "G": "13",
                                "H": "59.4",
                                "P": "1017",
                                "S": "6",
                                "T": "17.1",
                                "V": "60000",
                                "W": "8",
                                "Pt": "F",
                                "Dp": "9.2",
                                "$": "120"
                            },
                            {
                                "D": "NW",
                                "G": "9",
                                "H": "63.0",
                                "P": "1017",
                                "S": "5",
                                "T": "16.4",
                                "V": "55000",
                                "W": "8",
                                "Pt": "F",
                                "Dp": "9.4",
                                "$": "180"
                            },
                            {
                                "D": "NW",
                                "G": "9",
                                "H": "67.2",
                                "P": "1017",
                                "S": "5",
                                "T": "15.7",
                                "V": "50000",
                                "W": "8",
                                "Pt": "S",
                                "Dp": "9.7",
                                "$": "240"
                            },
                            {
                                "D": "NNW",
                                "G": "9",
                                "H": "69.6",
                                "P": "1017",
                                "S": "6",
                                "T": "15.5",
                                "V": "45000",
                                "W": "8",
                                "Pt": "S",
                                "Dp": "10.0",
                                "$": "300"
                            },
                            {
                                "D": "NNW",
                                "G": "11",
                                "H": "70.5",
                                "P": "1017",
                                "S": "6",
                                "T": "15.6",
                                "V": "40000",
                                "W": "8",
                                "Pt": "S",
                                "Dp": "10.3",
                                "$": "360"
                            },
                            {
                                "D": "NNW",
                                "G": "10",
                                "H": "71.5",
                                "P": "1017",
                                "S": "6",
                                "T": "16.0",
                                "V": "35000",
                                "W": "8",
                                "Pt": "R",
                                "Dp": "10.9",
                                "$": "420"
                            },
                            {
                                "D": "NNW",
                                "G": "14",
                                "H": "68.4",
                                "P": "1017",
                                "S": "6",
                                "T": "17.1",
                                "V": "40000",
                                "W": "8",
                                "Pt": "R",
                                "Dp": "11.3",
                                "$": "480"
                            },
                            {
                                "D": "NNW",
                                "G": "15",
                                "H": "62.9",
                                "P": "1017",
                                "S": "7",
                                "T": "18.1",
                                "V": "35000",
                                "W": "8",
                                "Pt": "R",
                                "Dp": "11.0",
                                "$": "540"
                            },
                            {
                                "D": "NNW",
                                "G": "15",
                                "H": "59.8",
                                "P": "1017",
                                "S": "7",
                                "T": "18.9",
                                "V": "35000",
                                "W": "8",
                                "Pt": "R",
                                "Dp": "11.0",
                                "$": "600"
                            },
                            {
                                "D": "NW",
                                "G": "14",
                                "H": "55.5",
                                "P": "1017",
                                "S": "7",
                                "T": "20.1",
                                "V": "30000",
                                "W": "12",
                                "Pt": "F",
                                "Dp": "11.0",
                                "$": "660"
                            },
                            {
                                "D": "NNW",
                                "G": "15",
                                "H": "45.7",
                                "P": "1017",
                                "S": "8",
                                "T": "21.5",
                                "V": "35000",
                                "W": "8",
                                "Pt": "F",
                                "Dp": "9.4",
                                "$": "720"
                            },
                            {
                                "D": "NW",
                                "G": "16",
                                "H": "45.9",
                                "P": "1017",
                                "S": "8",
                                "T": "21.3",
                                "V": "35000",
                                "W": "8",
                                "Pt": "F",
                                "Dp": "9.3",
                                "$": "780"
                            },
                            {
                                "D": "NW",
                                "G": "22",
                                "H": "43.6",
                                "P": "1017",
                                "S": "8",
                                "T": "20.9",
                                "V": "40000",
                                "W": "8",
                                "Pt": "F",
                                "Dp": "8.2",
                                "$": "840"
                            },
                            {
                                "D": "NW",
                                "G": "15",
                                "H": "41.4",
                                "P": "1017",
                                "S": "9",
                                "T": "21.2",
                                "V": "40000",
                                "W": "8",
                                "Pt": "F",
                                "Dp": "7.7",
                                "$": "900"
                            },
                            {
                                "D": "N",
                                "G": "18",
                                "H": "36.8",
                                "P": "1017",
                                "S": "9",
                                "T": "21.3",
                                "V": "45000",
                                "W": "8",
                                "Pt": "S",
                                "Dp": "6.1",
                                "$": "960"
                            }
                        ]
                    }
                ]
            }
        }
    }
}