{
    "SiteRep": {
        "Wx": {
            "Param": [
                {
                    "name": "G",
                    "units": "mph",
                    "$": "Wind Gust"
                },
                {
                    "name": "T",
                    "units": "C",
                    "$": "Temperature"
                },
                {
                    "name": "V",
                    "units": "m",
                    "$": "Visibility"
                },
                {
                    "name": "D",
                    "units": "compass",
                    "$": "Wind Direction"
                },
                {
                    "name": "S",
                    "units": "mph",
                    "$": "Wind Speed"
                },
                {
                    "name": "W",
                    "units": "",
                    "$": "Weather Type"
                },
                {
                    "name": "P",
                    "units": "hpa",
                    "$": "Pressure"
                },
                {
                    "name": "Pt",
                    "units": "Pa/s",
                    "$": "Pressure Tendency"
                },
                {
                    "name": "Dp",
                    "units": "C",
                    "$": "Dew Point"
                },
                {
                    "name": "H",
                    "units": "%",
                    "$": "Screen Relative Humidity"
                }
            ]
        },
        "DV": {
            "dataDate": "2025-04-20T15:00:00Z",
            "type": "Obs",
            "Location": {
                "i": "3772",
                "lat": "51.479",
                "lon": "-0.449",
                "name": "HEATHROW",
                "country": "ENGLAND",
                "continent": "EUROPE",
                "elevation": "25.0",
                "Period": [
                    {
                        "type": "Day",
                        "value": "2025-04-19Z",
                        "Rep": [
                            {
                                "D": "E",
                                "G": "29",
                                "H": "39.6",
                                "P": "1007",
                                "S": "18",
                                "T": "15.3",
                                "V": "55000",
                                "W": "1",
                                "Pt": "F",
                                "Dp": "1.7",
                                "$": "960"
                            },
                            {
                                "D": "ENE",
                                "G": "26",
                                "H": "37.3",
                                "P": "1007",
                                "S": "13",
                                "T": "15.0",
                                "V": "65000",
                                "W": "8",
                                "Pt": "S",
                                "Dp": "0.6",
                                "$": "1020"
                            },
                            {
                                "D": "ENE",
                                "G": "22",
                                "H": "32.8",
                                "P": "1007",
                                "S": "13",
                                "T": "14.0",
                                "V": "75000",
                                "W": "1",
                                "Pt": "R",
                                "Dp": "-2.0",
                                "$": "1080"
                            },
                            {
                                "D": "ENE",
                                "G": "22",
                                "H": "44.1",
                                "P": "1007",
                                "S": "8",
                                "T": "12.5",
                                "V": "65000",
                                "W": "0",
                                "Pt": "R",
                                "Dp": "0.7",
                                "$": "1140"
                            },
                            {
                                "D": "ENE",
                                "G": "16",
                                "H": "50.7",
                                "P": "1008",
                                "S": "9",
                                "T": "11.4",
                                "V": "55000",
                                "W": "0",
                                "Pt": "R",
                                "Dp": "1.6",
                                "$": "1200"
                            },
                            {
                                "D": "NE",
                                "G": "19",
                                "H": "56.2",
                                "P": "1008",
                                "S": "10",
                                "T": "10.3",
                                "V": "55000",
                                "W": "0",
                                "Pt": "R",
                                "Dp": "2.0",
                                "$": "1260"
                            },
                            {
                                "D": "NE",
                                "G": "19",
                                "H": "61.4",
                                "P": "1008",
                                "S": "9",
                                "T": "9.3",
                                "V": "55000",
                                "W": "0",
                                "Pt": "R",
                                "Dp": "2.3",
                                "$": "1320"
                            },
                            {
                                "D": "NE",
                                "G": "21",
                                "H": "71.0",
                                "P": "1008",
                                "S": "10",
                                "T": "8.1",
                                "V": "40000",
                                "W": "0",
                                "Pt": "R",
                                "Dp": "3.2",
                                "$": "1380"
                            }
                        ]
                    },
                    {
                        "type": "Day",
                        "value": "2025-04-20Z",
                        "Rep": [
                            {
                                "D": "NE",
                                "G": "23",
                                "H": "78.2",
                                "P": "1008",
                                "S": "11",
                                "T": "7.0",
                                "V": "35000",
                                "W": "0",
                                "Pt": "S",
                                "Dp": "3.5",
                                "$": "0"
                            },
                            {
                                "D": "NE",
                                "G": "18",
                                "H": "81.5",
                                "P": "1008",
                                "S": "11",
                                "T": "6.4",
                                "V": "35000",
                                "W": "2",
                                "Pt": "F",
                                "Dp": "3.5",
                                "$": "60"
                            },
                            {
                                "D": "NE",
                                "G": "19",
                                "H": "80.9",
                                "P": "1008",
                                "S": "10",
                                "T": "6.3",
                                "V": "30000",
                                "W": "8",
                                "Pt": "F",
                                "Dp": "3.3",
                                "$": "120"
                            },
                            {
                                "D": "NE",
                                "G": "17",
                                "H": "81.0",
                                "P": "1008",
                                "S": "9",
                                "T": "6.2",
                                "V": "35000",
                                "W": "8",
                                "Pt": "F",
                                "Dp": "3.2",
                                "$": "180"
                            },
                            {
                                "D": "NE",
                                "G": "16",
                                "H": "81.0",
                                "P": "1008",
                                "S": "9",
                                "T": "6.2",
                                "V": "30000",
                                "W": "8",
                                "Pt": "F",
                                "Dp": "3.2",
                                "$": "240"
                            },
                            {
                                "D": "NE",
                                "G": "19",
                                "H": "80.5",
                                "P": "1007",
                                "S": "9",
                                "T": "6.2",
                                "V": "30000",
                                "W": "8",
                                "Pt": "F",
                                "Dp": "3.1",
                                "$": "300"
                            },
                            {
                                "D": "ENE",
                                "G": "18",
                                "H": "79.3",
                                "P": "1008",
                                "S": "8",
                                "T": "6.2",
                                "V": "30000",
                                "W": "7",
                                "Pt": "F",
                                "Dp": "2.9",
                                "$": "360"
                            },
                            {
                                "D": "NE",
                                "G": "15",
                                "H": "76.1",
                                "P": "1008",
                                "S": "9",
                                "T": "7.0",
                                "V": "30000",
                                "W": "8",
                                "Pt": "R",
                                "Dp": "3.1",
                                "$": "420"
                            },
                            {
                                "D": "NE",
                                "G": "17",
                                "H": "71.6",
                                "P": "1008",
                                "S": "10",
                                "T": "8.2",
                                "V": "30000",
                                "W": "8",
                                "Pt": "R",
                                "Dp": "3.4",
                                "$": "480"
                            },
                            {
                                "D": "NE",
                                "G": "18",
                                "H": "65.2",
                                "P": "1007",
                                "S": "10",
                                "T": "10.0",
                                "V": "30000",
                                "W": "7",
                                "Pt": "F",
                                "Dp": "3.8",
                                "$": "540"
                            },
                            {
                                "D": "NE",
                                "G": "16",
                                "H": "62.7",
                                "P": "1007",
                                "S": "9",
                                "T": "11.1",
                                "V": "35000",
                                "W": "3",
                                "Pt": "F",
                                "Dp": "4.3",
                                "$": "600"
                            },
                            {
                                "D": "NNE",
                                "G": "17",
                                "H": "56.9",
                                "P": "1007",
                                "S": "10",
                                "T": "13.0",
                                "V": "35000",
                                "W": "1",
                                "Pt": "F",
                                "Dp": "4.7",
                                "$": "660"
                            },
                            {
                                "D": "NE",
                                "G": "16",
                                "H": "56.1",
                                "P": "1007",
                                "S": "9",
                                "T": "13.0",
                                "V": "35000",
                                "W": "8",
                                "Pt": "F",
                                "Dp": "4.5",
                                "$": "720"
                            },
                            {
                                "D": "E",
                                "G": "18",
                                "H": "56.3",
                                "P": "1007",
                                "S": "11",
                                "T": "13.7",
                                "V": "35000",
                                "W": "8",
                                "Pt": "F",
                                "Dp": "5.2",
                                "$": "780"
                            },
                            {
                                "D": "E",
                                "G": "15",
                                "H": "55.5",
                                "P": "1006",
                                "S": "8",
                                "T": "14.8",
                                "V": "35000",
                                "W": "8",
                                "Pt": "F",
                                "Dp": "6.0",
                                "$": "840"
                            },
                            {
                                "D": "ESE",
                                "G": "16",
                                "H": "62.7",
                                "P": "1006",
                                "S": "11",
                                "T": "12.8",
                                "V": "35000",
                                "W": "8",
                                "Pt": "F",
                                "Dp": "5.9",
                                "$": "900"
                            }
                        ]
                    }
                ]
            }
        }
    }
}