{
    "SiteRep": {
        "Wx": {
            "Param": [
                {
                    "name": "G",
                    "units": "mph",
                    "$": "Wind Gust"
                },
                {
                    "name": "T",
                    "units": "C",
                    "$": "Temperature"
                },
                {
                    "name": "V",
                    "units": "m",
                    "$": "Visibility"
                },
                {
                    "name": "D",
                    "units": "compass",
                    "$": "Wind Direction"
                },
                {
                    "name": "S",
                    "units": "mph",
                    "$": "Wind Speed"
                },
                {
                    "name": "W",
                    "units": "",
                    "$": "Weather Type"
                },
                {
                    "name": "P",
                    "units": "hpa",
                    "$": "Pressure"
                },
                {
                    "name": "Pt",
                    "units": "Pa/s",
                    "$": "Pressure Tendency"
                },
                {
                    "name": "Dp",
                    "units": "C",
                    "$": "Dew Point"
                },
                {
                    "name": "H",
                    "units": "%",
                    "$": "Screen Relative Humidity"
                }
            ]
        },
        "DV": {
            "dataDate": "2025-06-30T15:00:00Z",
            "type": "Obs",
            "Location": {
                "i": "3772",
                "lat": "51.479",
                "lon": "-0.449",
                "name": "HEATHROW",
                "country": "ENGLAND",
                "continent": "EUROPE",
                "elevation": "25.0",
                "Period": [
                    {
                        "type": "Day",
                        "value": "2025-06-29Z",
                        "Rep": [
                            {
                                "D": "S",
                                "G": "13",
                                "H": "41.5",
                                "P": "1023",
                                "S": "6",
                                "T": "28.6",
                                "V": "35000",
                                "W": "1",
                                "Pt": "F",
                                "Dp": "14.4",
                                "$": "960"
                            },
                            {
                                "D": "NW",
                                "G": "10",
                                "H": "40.8",
                                "P": "1022",
                                "S": "5",
                                "T": "29.8",
                                "V": "40000",
                                "W": "7",
                                "Pt": "F",
                                "Dp": "15.2",
                                "$": "1020"
                            },
                            {
                                "D": "WNW",
                                "G": "9",
                                "H": "41.9",
                                "P": "1022",
                                "S": "3",
                                "T": "28.8",
                                "V": "35000",
                                "W": "1",
                                "Pt": "F",
                                "Dp": "14.7",
                                "$": "1080"
                            },
                            {
                                "D": "SSW",
                                "G": "16",
                                "H": "55.4",
                                "P": "1021",
                                "S": "9",
                                "T": "26.9",
                                "V": "35000",
                                "W": "1",
                                "Pt": "F",
                                "Dp": "17.3",
                                "$": "1140"
                            },
                            {
                                "D": "SSW",
                                "G": "15",
                                "H": "61.0",
                                "P": "1021",
                                "S": "10",
                                "T": "25.4",
                                "V": "35000",
                                "W": "1",
                                "Pt": "F",
                                "Dp": "17.4",
                                "$": "1200"
                            },
                            {
                                "D": "SE",
                                "G": "17",
                                "H": "66.7",
                                "P": "1022",
                                "S": "11",
                                "T": "23.6",
                                "V": "40000",
                                "W": "0",
                                "Pt": "R",
                                "Dp": "17.1",
                                "$": "1260"
                            },
                            {
                                "D": "S",
                                "G": "18",
                                "H": "72.2",
                                "P": "1022",
                                "S": "7",
                                "T": "22.4",
                                "V": "35000",
                                "W": "0",
                                "Pt": "R",
                                "Dp": "17.2",
                                "$": "1320"
                            },
                            {
                                "D": "S",
                                "G": "10",
                                "H": "75.8",
                                "P": "1023",
                                "S": "6",
                                "T": "21.2",
                                "V": "35000",
                                "W": "0",
                                "Pt": "R",
                                "Dp": "16.8",
                                "$": "1380"
                            }
                        ]
                    },
                    {
                        "type": "Day",
                        "value": "2025-06-30Z",
                        "Rep": [
                            {
                                "D": "SSE",
                                "G": "10",
                                "H": "78.7",
                                "P": "1022",
                                "S": "7",
                                "T": "20.8",
                                "V": "30000",
                                "W": "0",
                                "Pt": "R",
                                "Dp": "17.0",
                                "$": "0"
                            },
                            {
                                "D": "SE",
                                "G": "13",
                                "H": "76.1",
                                "P": "1022",
                                "S": "9",
                                "T": "20.0",
                                "V": "35000",
                                "W": "0",
                                "Pt": "F",
                                "Dp": "15.7",
                                "$": "60"
                            },
                            {
                                "D": "ESE",
                                "G": "13",
                                "H": "79.5",
                                "P": "1021",
                                "S": "6",
                                "T": "18.7",
                                "V": "30000",
                                "W": "0",
                                "Pt": "F",
                                "Dp": "15.1",
                                "$": "120"
                            },
                            {
                                "D": "E",
                                "G": "8",
                                "H": "81.4",
                                "P": "1021",
                                "S": "5",
                                "T": "17.8",
                                "V": "28000",
                                "W": "0",
                                "Pt": "F",
                                "Dp": "14.6",
                                "$": "180"
                            },
                            {
                                "D": "E",
                                "G": "6",
                                "H": "81.9",
                                "P": "1021",
                                "S": "5",
                                "T": "17.7",
                                "V": "17000",
                                "W": "1",
                                "Pt": "F",
                                "Dp": "14.6",
                                "$": "240"
                            },
                            {
                                "D": "E",
                                "G": "7",
                                "H": "78.0",
                                "P": "1020",
                                "S": "6",
                                "T": "19.1",
                                "V": "19000",
                                "W": "1",
                                "Pt": "F",
                                "Dp": "15.2",
                                "$": "300"
                            },
                            {
                                "D": "E",
                                "G": "8",
                                "H": "66.2",
                                "P": "1020",
                                "S": "6",
                                "T": "21.4",
                                "V": "21000",
                                "W": "1",
                                "Pt": "F",
                                "Dp": "14.9",
                                "$": "360"
                            },
                            {
                                "D": "ESE",
                                "G": "11",
                                "H": "60.0",
                                "P": "1020",
                                "S": "7",
                                "T": "22.8",
                                "V": "21000",
                                "W": "1",
                                "Pt": "F",
                                "Dp": "14.7",
                                "$": "420"
                            },
                            {
                                "D": "ESE",
                                "G": "10",
                                "H": "55.8",
                                "P": "1020",
                                "S": "6",
                                "T": "24.1",
                                "V": "19000",
                                "W": "1",
                                "Pt": "F",
                                "Dp": "14.8",
                                "$": "480"
                            },
                            {
                                "D": "E",
                                "G": "14",
                                "H": "49.9",
                                "P": "1019",
                                "S": "6",
                                "T": "26.5",
                                "V": "21000",
                                "W": "1",
                                "Pt": "F",
                                "Dp": "15.3",
                                "$": "540"
                            },
                            {
                                "D": "SSE",
                                "G": "14",
                                "H": "46.5",
                                "P": "1018",
                                "S": "7",
                                "T": "27.8",
                                "V": "20000",
                                "W": "7",
                                "Pt": "F",
                                "Dp": "15.4",
                                "$": "600"
                            },
                            {
                                "D": "S",
                                "G": "15",
                                "H": "44.9",
                                "P": "1018",
                                "S": "7",
                                "T": "29.4",
                                "V": "20000",
                                "W": "1",
                                "Pt": "F",
                                "Dp": "16.3",
                                "$": "660"
                            },
                            {
                                "D": "S",
                                "G": "18",
                                "H": "38.8",
                                "P": "1017",
                                "S": "8",
                                "T": "30.7",
                                "V": "22000",
                                "W": "1",
                                "Pt": "F",
                                "Dp": "15.2",
                                "$": "720"
                            },
                            {
                                "D": "S",
                                "G": "17",
                                "H": "38.6",
                                "P": "1017",
                                "S": "9",
                                "T": "31.8",
                                "V": "19000",
                                "W": "1",
                                "Pt": "F",
                                "Dp": "16.1",
                                "$": "780"
                            },
                            {
                                "D": "S",
                                "G": "18",
                                "H": "37.3",
                                "P": "1016",
                                "S": "11",
                                "T": "32.4",
                                "V": "17000",
                                "W": "1",
                                "Pt": "F",
                                "Dp": "16.1",
                                "$": "840"
                            },
                            {
                                "D": "S",
                                "G": "22",
                                "H": "34.9",
                                "P": "1015",
                                "S": "10",
                                "T": "32.0",
                                "V": "22000",
                                "W": "1",
                                "Pt": "F",
                                "Dp": "14.7",
                                "$": "900"
                            },
                            {
                                "D": "SSW",
                                "G": "22",
                                "H": "31.4",
                                "P": "1015",
                                "S": "10",
                                "T": "31.8",
                                "V": "22000",
                                "W": "1",
                                "Pt": "F",
                                "Dp": "12.9",
                                "$": "960"
                            }
                        ]
                    }
                ]
            }
        }
    }
}