{
    "SiteRep": {
        "Wx": {
            "Param": [
                {
                    "name": "G",
                    "units": "mph",
                    "$": "Wind Gust"
                },
                {
                    "name": "T",
                    "units": "C",
                    "$": "Temperature"
                },
                {
                    "name": "V",
                    "units": "m",
                    "$": "Visibility"
                },
                {
                    "name": "D",
                    "units": "compass",
                    "$": "Wind Direction"
                },
                {
                    "name": "S",
                    "units": "mph",
                    "$": "Wind Speed"
                },
                {
                    "name": "W",
                    "units": "",
                    "$": "Weather Type"
                },
                {
                    "name": "P",
                    "units": "hpa",
                    "$": "Pressure"
                },
                {
                    "name": "Pt",
                    "units": "Pa/s",
                    "$": "Pressure Tendency"
                },
                {
                    "name": "Dp",
                    "units": "C",
                    "$": "Dew Point"
                },
                {
                    "name": "H",
                    "units": "%",
                    "$": "Screen Relative Humidity"
                }
            ]
        },
        "DV": {
            "dataDate": "2024-12-24T16:00:00Z",
            "type": "Obs",
            "Location": {
                "i": "3772",
                "lat": "51.479",
                "lon": "-0.449",
                "name": "HEATHROW",
                "country": "ENGLAND",
                "continent": "EUROPE",
                "elevation": "25.0",
                "Period": [
                    {
                        "type": "Day",
                        "value": "2024-12-23Z",
                        "Rep": [
                            {
                                "D": "W",
                                "G": "15",
                                "H": "77.4",
                                "P": "1024",
                                "S": "8",
                                "T": "6.3",
                                "V": "35000",
                                "W": "8",
                                "Pt": "F",
                                "Dp": "2.7",
                                "$": "960"
                            },
                            {
                                "D": "W",
                                "G": "13",
                                "H": "77.4",
                                "P": "1024",
                                "S": "8",
                                "T": "6.6",
                                "V": "35000",
                                "W": "8",
                                "Pt": "R",
                                "Dp": "3.0",
                                "$": "1020"
                            },
                            {
                                "D": "WSW",
                                "G": "14",
                                "H": "76.3",
                                "P": "1024",
                                "S": "5",
                                "T": "6.7",
                                "V": "45000",
                                "W": "8",
                                "Pt": "F",
                                "Dp": "2.9",
                                "$": "1080"
                            },
                            {
                                "D": "SSW",
                                "G": "9",
                                "H": "74.9",
                                "P": "1024",
                                "S": "5",
                                "T": "7.0",
                                "V": "35000",
                                "W": "8",
                                "Pt": "F",
                                "Dp": "2.9",
                                "$": "1140"
                            },
                            {
                                "D": "SW",
                                "G": "11",
                                "H": "91.3",
                                "P": "1023",
                                "S": "8",
                                "T": "6.0",
                                "V": "8000",
                                "W": "12",
                                "Pt": "F",
                                "Dp": "4.7",
                                "$": "1200"
                            },
                            {
                                "D": "S",
                                "G": "9",
                                "H": "93.9",
                                "P": "1023",
                                "S": "6",
                                "T": "6.0",
                                "V": "8000",
                                "W": "11",
                                "Pt": "F",
                                "Dp": "5.1",
                                "$": "1260"
                            },
                            {
                                "D": "SSW",
                                "G": "11",
                                "H": "96.6",
                                "P": "1023",
                                "S": "6",
                                "T": "5.9",
                                "V": "2100",
                                "W": "11",
                                "Pt": "F",
                                "Dp": "5.4",
                                "$": "1320"
                            },
                            {
                                "D": "SSW",
                                "G": "9",
                                "H": "97.9",
                                "P": "1023",
                                "S": "6",
                                "T": "6.1",
                                "V": "6000",
                                "W": "8",
                                "Pt": "F",
                                "Dp": "5.8",
                                "$": "1380"
                            }
                        ]
                    },
                    {
                        "type": "Day",
                        "value": "2024-12-24Z",
                        "Rep": [
                            {
                                "D": "SSE",
                                "G": "10",
                                "H": "97.9",
                                "P": "1023",
                                "S": "6",
                                "T": "6.3",
                                "V": "4900",
                                "W": "11",
                                "Pt": "S",
                                "Dp": "6.0",
                                "$": "0"
                            },
                            {
                                "D": "SSW",
                                "G": "9",
                                "H": "97.9",
                                "P": "1023",
                                "S": "6",
                                "T": "6.7",
                                "V": "7000",
                                "W": "8",
                                "Pt": "S",
                                "Dp": "6.4",
                                "$": "60"
                            },
                            {
                                "D": "SSW",
                                "G": "8",
                                "H": "98.0",
                                "P": "1023",
                                "S": "6",
                                "T": "6.9",
                                "V": "7000",
                                "W": "5",
                                "Pt": "R",
                                "Dp": "6.6",
                                "$": "120"
                            },
                            {
                                "D": "SW",
                                "G": "9",
                                "H": "97.9",
                                "P": "1023",
                                "S": "5",
                                "T": "7.1",
                                "V": "5000",
                                "W": "5",
                                "Pt": "R",
                                "Dp": "6.8",
                                "$": "180"
                            },
                            {
                                "D": "SW",
                                "G": "8",
                                "H": "98.5",
                                "P": "1023",
                                "S": "5",
                                "T": "7.3",
                                "V": "4600",
                                "W": "8",
                                "Pt": "R",
                                "Dp": "7.1",
                                "$": "240"
                            },
                            {
                                "D": "SW",
                                "G": "7",
                                "H": "98.7",
                                "P": "1023",
                                "S": "6",
                                "T": "7.6",
                                "V": "6000",
                                "W": "5",
                                "Pt": "R",
                                "Dp": "7.4",
                                "$": "300"
                            },
                            {
                                "D": "SSW",
                                "G": "8",
                                "H": "98.0",
                                "P": "1024",
                                "S": "5",
                                "T": "7.4",
                                "V": "6000",
                                "W": "5",
                                "Pt": "R",
                                "Dp": "7.1",
                                "$": "360"
                            },
                            {
                                "D": "WSW",
                                "G": "9",
                                "H": "97.8",
                                "P": "1024",
                                "S": "5",
                                "T": "7.9",
                                "V": "8000",
                                "W": "5",
                                "Pt": "R",
                                "Dp": "7.6",
                                "$": "420"
                            },
                            {
                                "D": "WSW",
                                "G": "13",
                                "H": "97.3",
                                "P": "1024",
                                "S": "7",
                                "T": "9.0",
                                "V": "11000",
                                "W": "8",
                                "Pt": "R",
                                "Dp": "8.6",
                                "$": "480"
                            },
                            {
                                "D": "SW",
                                "G": "10",
                                "H": "96.7",
                                "P": "1025",
                                "S": "7",
                                "T": "9.7",
                                "V": "15000",
                                "W": "8",
                                "Pt": "R",
                                "Dp": "9.2",
                                "$": "540"
                            },
                            {
                                "D": "W",
                                "G": "15",
                                "H": "97.3",
                                "P": "1025",
                                "S": "9",
                                "T": "10.1",
                                "V": "9000",
                                "W": "5",
                                "Pt": "R",
                                "Dp": "9.7",
                                "$": "600"
                            },
                            {
                                "D": "W",
                                "G": "14",
                                "H": "96.7",
                                "P": "1026",
                                "S": "10",
                                "T": "10.5",
                                "V": "14000",
                                "W": "5",
                                "Pt": "R",
                                "Dp": "10.0",
                                "$": "660"
                            },
                            {
                                "D": "W",
                                "G": "17",
                                "H": "96.7",
                                "P": "1026",
                                "S": "13",
                                "T": "10.7",
                                "V": "7000",
                                "W": "5",
                                "Pt": "R",
                                "Dp": "10.2",
                                "$": "720"
                            },
                            {
                                "D": "W",
                                "G": "18",
                                "H": "96.1",
                                "P": "1026",
                                "S": "13",
                                "T": "11.1",
                                "V": "13000",
                                "W": "8",
                                "Pt": "R",
                                "Dp": "10.5",
                                "$": "780"
                            },
                            {
                                "D": "WSW",
                                "G": "19",
                                "H": "95.4",
                                "P": "1026",
                                "S": "13",
                                "T": "11.5",
                                "V": "20000",
                                "W": "8",
                                "Pt": "S",
                                "Dp": "10.8",
                                "$": "840"
                            },
                            {
                                "D": "W",
                                "G": "17",
                                "H": "92.2",
                                "P": "1026",
                                "S": "10",
                                "T": "11.8",
                                "V": "45000",
                                "W": "8",
                                "Pt": "R",
                                "Dp": "10.6",
                                "$": "900"
                            },
                            {
                                "D": "W",
                                "G": "17",
                                "H": "92.3",
                                "P": "1026",
                                "S": "9",
                                "T": "11.5",
                                "V": "45000",
                                "W": "8",
                                "Pt": "R",
                                "Dp": "10.3",
                                "$": "960"
                            }
                        ]
                    }
                ]
            }
        }
    }
}