{
    "SiteRep": {
        "Wx": {
            "Param": [
                {
                    "name": "G",
                    "units": "mph",
                    "$": "Wind Gust"
                },
                {
                    "name": "T",
                    "units": "C",
                    "$": "Temperature"
                },
                {
                    "name": "V",
                    "units": "m",
                    "$": "Visibility"
                },
                {
                    "name": "D",
                    "units": "compass",
                    "$": "Wind Direction"
                },
                {
                    "name": "S",
                    "units": "mph",
                    "$": "Wind Speed"
                },
                {
                    "name": "W",
                    "units": "",
                    "$": "Weather Type"
                },
                {
                    "name": "P",
                    "units": "hpa",
                    "$": "Pressure"
                },
                {
                    "name": "Pt",
                    "units": "Pa/s",
                    "$": "Pressure Tendency"
                },
                {
                    "name": "Dp",
                    "units": "C",
                    "$": "Dew Point"
                },
                {
                    "name": "H",
                    "units": "%",
                    "$": "Screen Relative Humidity"
                }
            ]
        },
        "DV": {
            "dataDate": "2025-09-14T16:00:00Z",
            "type": "Obs",
            "Location": {
                "i": "3772",
                "lat": "51.479",
                "lon": "-0.449",
                "name": "HEATHROW",
                "country": "ENGLAND",
                "continent": "EUROPE",
                "elevation": "25.0",
                "Period": [
                    {
                        "type": "Day",
                        "value": "2025-09-13Z",
                        "Rep": [
                            {
                                "D": "WSW",
                                "G": "28",
                                "H": "53.9",
                                "P": "1007",
                                "S": "13",
                                "T": "17.7",
                                "V": "75000",
                                "W": "3",
                                "Pt": "R",
                                "Dp": "8.3",
                                "$": "960"
                            },
                            {
                                "D": "WSW",
                                "G": "24",
                                "H": "63.5",
                                "P": "1008",
                                "S": "17",
                                "T": "16.1",
                                "V": "55000",
                                "W": "3",
                                "Pt": "R",
                                "Dp": "9.2",
                                "$": "1020"
                            },
                            {
                                "D": "WSW",
                                "G": "22",
                                "H": "63.3",
                                "P": "1008",
                                "S": "11",
                                "T": "15.3",
                                "V": "55000",
                                "W": "1",
                                "Pt": "R",
                                "Dp": "8.4",
                                "$": "1080"
                            },
                            {
                                "D": "SW",
                                "G": "16",
                                "H": "66.1",
                                "P": "1009",
                                "S": "11",
                                "T": "14.3",
                                "V": "60000",
                                "W": "0",
                                "Pt": "R",
                                "Dp": "8.1",
                                "$": "1140"
                            },
                            {
                                "D": "SW",
                                "G": "16",
                                "H": "73.0",
                                "P": "1010",
                                "S": "10",
                                "T": "13.0",
                                "V": "60000",
                                "W": "0",
                                "Pt": "R",
                                "Dp": "8.3",
                                "$": "1200"
                            },
                            {
                                "D": "SW",
                                "G": "15",
                                "H": "77.5",
                                "P": "1010",
                                "S": "9",
                                "T": "12.4",
                                "V": "50000",
                                "W": "0",
                                "Pt": "R",
                                "Dp": "8.6",
                                "$": "1260"
                            },
                            {
                                "D": "SW",
                                "G": "18",
                                "H": "82.9",
                                "P": "1011",
                                "S": "9",
                                "T": "11.7",
                                "V": "45000",
                                "W": "0",
                                "Pt": "R",
                                "Dp": "8.9",
                                "$": "1320"
                            },
                            {
                                "D": "SW",
                                "G": "14",
                                "H": "85.5",
                                "P": "1011",
                                "S": "7",
                                "T": "10.6",
                                "V": "45000",
                                "W": "0",
                                "Pt": "R",
                                "Dp": "8.3",
                                "$": "1380"
                            }
                        ]
                    },
                    {
                        "type": "Day",
                        "value": "2025-09-14Z",
                        "Rep": [
                            {
                                "D": "SSW",
                                "G": "9",
                                "H": "86.2",
                                "P": "1011",
                                "S": "7",
                                "T": "10.7",
                                "V": "45000",
                                "W": "0",
                                "Pt": "R",
                                "Dp": "8.5",
                                "$": "0"
                            },
                            {
                                "D": "SW",
                                "G": "9",
                                "H": "87.9",
                                "P": "1012",
                                "S": "5",
                                "T": "9.8",
                                "V": "40000",
                                "W": "0",
                                "Pt": "R",
                                "Dp": "7.9",
                                "$": "60"
                            },
                            {
                                "D": "S",
                                "G": "7",
                                "H": "91.5",
                                "P": "1012",
                                "S": "3",
                                "T": "8.7",
                                "V": "35000",
                                "W": "0",
                                "Pt": "R",
                                "Dp": "7.4",
                                "$": "120"
                            },
                            {
                                "D": "SSW",
                                "G": "8",
                                "H": "91.5",
                                "P": "1012",
                                "S": "3",
                                "T": "9.2",
                                "V": "35000",
                                "W": "0",
                                "Pt": "R",
                                "Dp": "7.9",
                                "$": "180"
                            },
                            {
                                "D": "SSW",
                                "G": "7",
                                "H": "92.8",
                                "P": "1012",
                                "S": "3",
                                "T": "8.8",
                                "V": "30000",
                                "W": "0",
                                "Pt": "R",
                                "Dp": "7.7",
                                "$": "240"
                            },
                            {
                                "D": "S",
                                "G": "8",
                                "H": "92.8",
                                "P": "1012",
                                "S": "6",
                                "T": "8.7",
                                "V": "30000",
                                "W": "0",
                                "Pt": "F",
                                "Dp": "7.6",
                                "$": "300"
                            },
                            {
                                "D": "SSE",
                                "G": "9",
                                "H": "91.5",
                                "P": "1012",
                                "S": "3",
                                "T": "9.4",
                                "V": "30000",
                                "W": "1",
                                "Pt": "R",
                                "Dp": "8.1",
                                "$": "360"
                            },
                            {
                                "D": "S",
                                "G": "7",
                                "H": "87.9",
                                "P": "1013",
                                "S": "5",
                                "T": "10.6",
                                "V": "30000",
                                "W": "3",
                                "Pt": "R",
                                "Dp": "8.7",
                                "$": "420"
                            },
                            {
                                "D": "S",
                                "G": "8",
                                "H": "81.8",
                                "P": "1012",
                                "S": "5",
                                "T": "12.3",
                                "V": "30000",
                                "W": "7",
                                "Pt": "R",
                                "Dp": "9.3",
                                "$": "480"
                            },
                            {
                                "D": "SSE",
                                "G": "10",
                                "H": "77.2",
                                "P": "1012",
                                "S": "6",
                                "T": "13.6",
                                "V": "35000",
                                "W": "8",
                                "Pt": "F",
                                "Dp": "9.7",
                                "$": "540"
                            },
                            {
                                "D": "SSE",
                                "G": "14",
                                "H": "69.0",
                                "P": "1012",
                                "S": "8",
                                "T": "14.6",
                                "V": "35000",
                                "W": "8",
                                "Pt": "F",
                                "Dp": "9.0",
                                "$": "600"
                            },
                            {
                                "D": "SSE",
                                "G": "15",
                                "H": "72.9",
                                "P": "1011",
                                "S": "9",
                                "T": "15.0",
                                "V": "35000",
                                "W": "8",
                                "Pt": "F",
                                "Dp": "10.2",
                                "$": "660"
                            },
                            {
                                "D": "SSE",
                                "G": "16",
                                "H": "73.0",
                                "P": "1010",
                                "S": "11",
                                "T": "16.0",
                                "V": "35000",
                                "W": "8",
                                "Pt": "F",
                                "Dp": "11.2",
                                "$": "720"
                            },
                            {
                                "D": "SSE",
                                "G": "15",
                                "H": "72.2",
                                "P": "1008",
                                "S": "9",
                                "T": "16.7",
                                "V": "40000",
                                "W": "8",
                                "Pt": "F",
                                "Dp": "11.7",
                                "$": "780"
                            },
                            {
                                "D": "SSE",
                                "G": "22",
                                "H": "80.6",
                                "P": "1007",
                                "S": "11",
                                "T": "15.6",
                                "V": "17000",
                                "W": "12",
                                "Pt": "F",
                                "Dp": "12.3",
                                "$": "840"
                            },
                            {
                                "D": "SSE",
                                "G": "23",
                                "H": "94.4",
                                "P": "1004",
                                "S": "15",
                                "T": "15.8",
                                "V": "45000",
                                "W": "8",
                                "Pt": "F",
                                "Dp": "14.9",
                                "$": "960"
                            }
                        ]
                    }
                ]
            }
        }
    }
}