{
    "SiteRep": {
        "Wx": {
            "Param": [
                {
                    "name": "G",
                    "units": "mph",
                    "$": "Wind Gust"
                },
                {
                    "name": "T",
                    "units": "C",
                    "$": "Temperature"
                },
                {
                    "name": "V",
                    "units": "m",
                    "$": "Visibility"
                },
                {
                    "name": "D",
                    "units": "compass",
                    "$": "Wind Direction"
                },
                {
                    "name": "S",
                    "units": "mph",
                    "$": "Wind Speed"
                },
                {
                    "name": "W",
                    "units": "",
                    "$": "Weather Type"
                },
                {
                    "name": "P",
                    "units": "hpa",
                    "$": "Pressure"
                },
                {
                    "name": "Pt",
                    "units": "Pa/s",
                    "$": "Pressure Tendency"
                },
                {
                    "name": "Dp",
                    "units": "C",
                    "$": "Dew Point"
                },
                {
                    "name": "H",
                    "units": "%",
                    "$": "Screen Relative Humidity"
                }
            ]
        },
        "DV": {
            "dataDate": "2024-09-06T16:00:00Z",
            "type": "Obs",
            "Location": {
                "i": "3772",
                "lat": "51.479",
                "lon": "-0.449",
                "name": "HEATHROW",
                "country": "ENGLAND",
                "continent": "EUROPE",
                "elevation": "25.0",
                "Period": [
                    {
                        "type": "Day",
                        "value": "2024-09-05Z",
                        "Rep": [
                            {
                                "D": "NNE",
                                "G": "16",
                                "H": "91.0",
                                "P": "1008",
                                "S": "8",
                                "T": "18.8",
                                "V": "24000",
                                "W": "8",
                                "Pt": "F",
                                "Dp": "17.3",
                                "$": "960"
                            },
                            {
                                "D": "NNE",
                                "G": "16",
                                "H": "89.3",
                                "P": "1008",
                                "S": "6",
                                "T": "19.0",
                                "V": "20000",
                                "W": "8",
                                "Pt": "F",
                                "Dp": "17.2",
                                "$": "1020"
                            },
                            {
                                "D": "NE",
                                "G": "11",
                                "H": "88.7",
                                "P": "1009",
                                "S": "6",
                                "T": "19.2",
                                "V": "16000",
                                "W": "8",
                                "Pt": "F",
                                "Dp": "17.3",
                                "$": "1080"
                            },
                            {
                                "D": "NE",
                                "G": "10",
                                "H": "87.6",
                                "P": "1009",
                                "S": "5",
                                "T": "19.3",
                                "V": "10000",
                                "W": "8",
                                "Pt": "R",
                                "Dp": "17.2",
                                "$": "1140"
                            },
                            {
                                "D": "NE",
                                "G": "9",
                                "H": "89.3",
                                "P": "1010",
                                "S": "6",
                                "T": "19.2",
                                "V": "8000",
                                "W": "5",
                                "Pt": "R",
                                "Dp": "17.4",
                                "$": "1200"
                            },
                            {
                                "D": "NNE",
                                "G": "10",
                                "H": "94.5",
                                "P": "1010",
                                "S": "3",
                                "T": "18.7",
                                "V": "4400",
                                "W": "8",
                                "Pt": "R",
                                "Dp": "17.8",
                                "$": "1260"
                            },
                            {
                                "D": "NNE",
                                "G": "6",
                                "H": "95.7",
                                "P": "1010",
                                "S": "3",
                                "T": "18.5",
                                "V": "1000",
                                "W": "15",
                                "Pt": "R",
                                "Dp": "17.8",
                                "$": "1320"
                            },
                            {
                                "D": "ESE",
                                "G": "7",
                                "H": "97.5",
                                "P": "1010",
                                "S": "5",
                                "T": "18.6",
                                "V": "2200",
                                "W": "8",
                                "Pt": "R",
                                "Dp": "18.2",
                                "$": "1380"
                            }
                        ]
                    },
                    {
                        "type": "Day",
                        "value": "2024-09-06Z",
                        "Rep": [
                            {
                                "D": "E",
                                "G": "6",
                                "H": "96.9",
                                "P": "1010",
                                "S": "3",
                                "T": "18.5",
                                "V": "1400",
                                "W": "5",
                                "Pt": "R",
                                "Dp": "18.0",
                                "$": "0"
                            },
                            {
                                "D": "N",
                                "G": "6",
                                "H": "96.9",
                                "P": "1010",
                                "S": "0",
                                "T": "17.8",
                                "V": "200",
                                "W": "5",
                                "Pt": "F",
                                "Dp": "17.3",
                                "$": "60"
                            },
                            {
                                "D": "NE",
                                "G": "3",
                                "H": "98.1",
                                "P": "1010",
                                "S": "1",
                                "T": "18.3",
                                "V": "1500",
                                "W": "8",
                                "Pt": "F",
                                "Dp": "18.0",
                                "$": "120"
                            },
                            {
                                "D": "SW",
                                "G": "10",
                                "H": "96.8",
                                "P": "1010",
                                "S": "6",
                                "T": "17.7",
                                "V": "7000",
                                "W": "5",
                                "Pt": "R",
                                "Dp": "17.2",
                                "$": "180"
                            },
                            {
                                "D": "SSW",
                                "G": "7",
                                "H": "96.9",
                                "P": "1010",
                                "S": "3",
                                "T": "17.4",
                                "V": "7000",
                                "W": "5",
                                "Pt": "R",
                                "Dp": "16.9",
                                "$": "240"
                            },
                            {
                                "D": "S",
                                "G": "9",
                                "H": "96.9",
                                "P": "1010",
                                "S": "6",
                                "T": "16.9",
                                "V": "200",
                                "W": "15",
                                "Pt": "F",
                                "Dp": "16.4",
                                "$": "300"
                            },
                            {
                                "D": "WNW",
                                "G": "13",
                                "H": "97.5",
                                "P": "1010",
                                "S": "5",
                                "T": "17.1",
                                "V": "7000",
                                "W": "8",
                                "Pt": "F",
                                "Dp": "16.7",
                                "$": "360"
                            },
                            {
                                "D": "SSW",
                                "G": "10",
                                "H": "97.5",
                                "P": "1010",
                                "S": "7",
                                "T": "17.1",
                                "V": "8000",
                                "W": "5",
                                "Pt": "F",
                                "Dp": "16.7",
                                "$": "420"
                            },
                            {
                                "D": "SSW",
                                "G": "15",
                                "H": "96.3",
                                "P": "1010",
                                "S": "10",
                                "T": "17.1",
                                "V": "10000",
                                "W": "8",
                                "Pt": "F",
                                "Dp": "16.5",
                                "$": "480"
                            },
                            {
                                "D": "WNW",
                                "G": "17",
                                "H": "95.6",
                                "P": "1010",
                                "S": "7",
                                "T": "17.2",
                                "V": "7000",
                                "W": "5",
                                "Pt": "R",
                                "Dp": "16.5",
                                "$": "540"
                            },
                            {
                                "D": "WNW",
                                "G": "11",
                                "H": "96.3",
                                "P": "1009",
                                "S": "6",
                                "T": "17.6",
                                "V": "4000",
                                "W": "5",
                                "Pt": "F",
                                "Dp": "17.0",
                                "$": "600"
                            },
                            {
                                "D": "W",
                                "G": "10",
                                "H": "92.1",
                                "P": "1009",
                                "S": "5",
                                "T": "18.9",
                                "V": "8000",
                                "W": "5",
                                "Pt": "F",
                                "Dp": "17.6",
                                "$": "660"
                            },
                            {
                                "D": "NW",
                                "G": "7",
                                "H": "89.9",
                                "P": "1009",
                                "S": "2",
                                "T": "19.3",
                                "V": "10000",
                                "W": "5",
                                "Pt": "F",
                                "Dp": "17.6",
                                "$": "720"
                            },
                            {
                                "D": "S",
                                "G": "13",
                                "H": "92.7",
                                "P": "1010",
                                "S": "8",
                                "T": "18.3",
                                "V": "6000",
                                "W": "11",
                                "Pt": "R",
                                "Dp": "17.1",
                                "$": "780"
                            },
                            {
                                "D": "SW",
                                "G": "15",
                                "H": "96.3",
                                "P": "1010",
                                "S": "11",
                                "T": "17.0",
                                "V": "2600",
                                "W": "11",
                                "Pt": "R",
                                "Dp": "16.4",
                                "$": "840"
                            },
                            {
                                "D": "SW",
                                "G": "15",
                                "H": "93.9",
                                "P": "1009",
                                "S": "9",
                                "T": "17.4",
                                "V": "22000",
                                "W": "8",
                                "Pt": "R",
                                "Dp": "16.4",
                                "$": "900"
                            },
                            {
                                "D": "SSW",
                                "G": "13",
                                "H": "92.6",
                                "P": "1009",
                                "S": "8",
                                "T": "16.8",
                                "V": "29000",
                                "W": "8",
                                "Pt": "F",
                                "Dp": "15.6",
                                "$": "960"
                            }
                        ]
                    }
                ]
            }
        }
    }
}