{
    "SiteRep": {
        "Wx": {
            "Param": [
                {
                    "name": "G",
                    "units": "mph",
                    "$": "Wind Gust"
                },
                {
                    "name": "T",
                    "units": "C",
                    "$": "Temperature"
                },
                {
                    "name": "V",
                    "units": "m",
                    "$": "Visibility"
                },
                {
                    "name": "D",
                    "units": "compass",
                    "$": "Wind Direction"
                },
                {
                    "name": "S",
                    "units": "mph",
                    "$": "Wind Speed"
                },
                {
                    "name": "W",
                    "units": "",
                    "$": "Weather Type"
                },
                {
                    "name": "P",
                    "units": "hpa",
                    "$": "Pressure"
                },
                {
                    "name": "Pt",
                    "units": "Pa/s",
                    "$": "Pressure Tendency"
                },
                {
                    "name": "Dp",
                    "units": "C",
                    "$": "Dew Point"
                },
                {
                    "name": "H",
                    "units": "%",
                    "$": "Screen Relative Humidity"
                }
            ]
        },
        "DV": {
            "dataDate": "2024-10-09T16:00:00Z",
            "type": "Obs",
            "Location": {
                "i": "3772",
                "lat": "51.479",
                "lon": "-0.449",
                "name": "HEATHROW",
                "country": "ENGLAND",
                "continent": "EUROPE",
                "elevation": "25.0",
                "Period": [
                    {
                        "type": "Day",
                        "value": "2024-10-08Z",
                        "Rep": [
                            {
                                "D": "SSE",
                                "G": "21",
                                "H": "84.6",
                                "P": "991",
                                "S": "11",
                                "T": "15.9",
                                "V": "4900",
                                "W": "12",
                                "Pt": "F",
                                "Dp": "13.3",
                                "$": "960"
                            },
                            {
                                "D": "SSE",
                                "G": "18",
                                "H": "86.8",
                                "P": "991",
                                "S": "10",
                                "T": "15.5",
                                "V": "24000",
                                "W": "3",
                                "Pt": "F",
                                "Dp": "13.3",
                                "$": "1020"
                            },
                            {
                                "D": "SSE",
                                "G": "23",
                                "H": "89.0",
                                "P": "990",
                                "S": "14",
                                "T": "15.0",
                                "V": "14000",
                                "W": "12",
                                "Pt": "F",
                                "Dp": "13.2",
                                "$": "1080"
                            },
                            {
                                "D": "SSE",
                                "G": "23",
                                "H": "89.6",
                                "P": "990",
                                "S": "10",
                                "T": "14.5",
                                "V": "21000",
                                "W": "8",
                                "Pt": "F",
                                "Dp": "12.8",
                                "$": "1140"
                            },
                            {
                                "D": "SSE",
                                "G": "16",
                                "H": "90.1",
                                "P": "989",
                                "S": "10",
                                "T": "14.7",
                                "V": "20000",
                                "W": "8",
                                "Pt": "F",
                                "Dp": "13.1",
                                "$": "1200"
                            },
                            {
                                "D": "S",
                                "G": "19",
                                "H": "87.3",
                                "P": "989",
                                "S": "13",
                                "T": "14.5",
                                "V": "21000",
                                "W": "12",
                                "Pt": "F",
                                "Dp": "12.4",
                                "$": "1260"
                            },
                            {
                                "D": "S",
                                "G": "22",
                                "H": "87.8",
                                "P": "989",
                                "S": "11",
                                "T": "14.1",
                                "V": "29000",
                                "W": "12",
                                "Pt": "F",
                                "Dp": "12.1",
                                "$": "1320"
                            },
                            {
                                "D": "SSE",
                                "G": "18",
                                "H": "91.8",
                                "P": "988",
                                "S": "11",
                                "T": "13.3",
                                "V": "28000",
                                "W": "7",
                                "Pt": "F",
                                "Dp": "12.0",
                                "$": "1380"
                            }
                        ]
                    },
                    {
                        "type": "Day",
                        "value": "2024-10-09Z",
                        "Rep": [
                            {
                                "D": "SSE",
                                "G": "21",
                                "H": "94.9",
                                "P": "987",
                                "S": "11",
                                "T": "13.2",
                                "V": "19000",
                                "W": "11",
                                "Pt": "F",
                                "Dp": "12.4",
                                "$": "0"
                            },
                            {
                                "D": "S",
                                "G": "19",
                                "H": "95.5",
                                "P": "987",
                                "S": "8",
                                "T": "13.3",
                                "V": "23000",
                                "W": "12",
                                "Pt": "F",
                                "Dp": "12.6",
                                "$": "60"
                            },
                            {
                                "D": "S",
                                "G": "18",
                                "H": "93.1",
                                "P": "987",
                                "S": "11",
                                "T": "13.3",
                                "V": "26000",
                                "W": "7",
                                "Pt": "F",
                                "Dp": "12.2",
                                "$": "120"
                            },
                            {
                                "D": "SSW",
                                "G": "17",
                                "H": "93.1",
                                "P": "986",
                                "S": "10",
                                "T": "13.2",
                                "V": "26000",
                                "W": "8",
                                "Pt": "F",
                                "Dp": "12.1",
                                "$": "180"
                            },
                            {
                                "D": "SSW",
                                "G": "15",
                                "H": "93.1",
                                "P": "986",
                                "S": "8",
                                "T": "13.2",
                                "V": "27000",
                                "W": "8",
                                "Pt": "F",
                                "Dp": "12.1",
                                "$": "240"
                            },
                            {
                                "D": "SW",
                                "G": "15",
                                "H": "91.9",
                                "P": "986",
                                "S": "9",
                                "T": "13.2",
                                "V": "30000",
                                "W": "8",
                                "Pt": "F",
                                "Dp": "11.9",
                                "$": "300"
                            },
                            {
                                "D": "SSW",
                                "G": "16",
                                "H": "91.2",
                                "P": "986",
                                "S": "9",
                                "T": "13.1",
                                "V": "30000",
                                "W": "8",
                                "Pt": "F",
                                "Dp": "11.7",
                                "$": "360"
                            },
                            {
                                "D": "SW",
                                "G": "15",
                                "H": "90.7",
                                "P": "986",
                                "S": "10",
                                "T": "12.9",
                                "V": "30000",
                                "W": "8",
                                "Pt": "F",
                                "Dp": "11.4",
                                "$": "420"
                            },
                            {
                                "D": "SSW",
                                "G": "15",
                                "H": "89.5",
                                "P": "986",
                                "S": "9",
                                "T": "13.2",
                                "V": "35000",
                                "W": "8",
                                "Pt": "F",
                                "Dp": "11.5",
                                "$": "480"
                            },
                            {
                                "D": "W",
                                "G": "14",
                                "H": "85.6",
                                "P": "986",
                                "S": "8",
                                "T": "14.0",
                                "V": "40000",
                                "W": "8",
                                "Pt": "F",
                                "Dp": "11.6",
                                "$": "540"
                            },
                            {
                                "D": "W",
                                "G": "14",
                                "H": "84.4",
                                "P": "986",
                                "S": "6",
                                "T": "13.9",
                                "V": "40000",
                                "W": "8",
                                "Pt": "F",
                                "Dp": "11.3",
                                "$": "600"
                            },
                            {
                                "D": "W",
                                "G": "10",
                                "H": "80.2",
                                "P": "986",
                                "S": "7",
                                "T": "14.7",
                                "V": "50000",
                                "W": "8",
                                "Pt": "F",
                                "Dp": "11.3",
                                "$": "660"
                            },
                            {
                                "D": "W",
                                "G": "9",
                                "H": "76.7",
                                "P": "986",
                                "S": "6",
                                "T": "15.4",
                                "V": "50000",
                                "W": "8",
                                "Pt": "F",
                                "Dp": "11.3",
                                "$": "720"
                            },
                            {
                                "D": "W",
                                "G": "10",
                                "H": "75.7",
                                "P": "985",
                                "S": "6",
                                "T": "15.3",
                                "V": "45000",
                                "W": "8",
                                "Pt": "F",
                                "Dp": "11.0",
                                "$": "780"
                            },
                            {
                                "D": "W",
                                "G": "9",
                                "H": "73.7",
                                "P": "985",
                                "S": "5",
                                "T": "15.6",
                                "V": "55000",
                                "W": "8",
                                "Pt": "F",
                                "Dp": "10.9",
                                "$": "840"
                            },
                            {
                                "D": "WNW",
                                "G": "10",
                                "H": "70.9",
                                "P": "985",
                                "S": "6",
                                "T": "15.6",
                                "V": "60000",
                                "W": "7",
                                "Pt": "S",
                                "Dp": "10.3",
                                "$": "900"
                            },
                            {
                                "D": "WNW",
                                "G": "10",
                                "H": "75.7",
                                "P": "985",
                                "S": "7",
                                "T": "15.6",
                                "V": "55000",
                                "W": "8",
                                "Pt": "S",
                                "Dp": "11.3",
                                "$": "960"
                            }
                        ]
                    }
                ]
            }
        }
    }
}